parcel_id,infra_type,nearest_infra_id,distance_km
P0000001,transmission_line,I00001,16.153810114053105
P0000001,substation,I00005,17.703622533190558
P0000001,fiber_node,I00007,26.37286969200766
P0000001,water_source,I00008,22.846340026518277
P0000001,highway_interchange,I00009,22.42981966032354
P0000001,data_center,I00011,16.972447049961215
P0000002,transmission_line,I00003,9.21997476981771
P0000002,substation,I00004,24.471898969286862
P0000002,fiber_node,I00006,22.38747265993721
P0000002,water_source,I00008,25.42758027173621
P0000002,highway_interchange,I00010,12.81358239697015
P0000002,data_center,I00012,17.642659739299457
P0000003,transmission_line,I00002,2.0191691423177245
P0000003,substation,I00004,3.3504674862791486
P0000003,fiber_node,I00007,4.0923309878516
P0000003,water_source,I00008,17.71429519157909
P0000003,highway_interchange,I00009,6.5035372136025575
P0000003,data_center,I00012,7.810140033538291
P0000004,transmission_line,I00003,4.058251215219386
P0000004,substation,I00004,15.451807708952721
P0000004,fiber_node,I00007,17.08196802963832
P0000004,water_source,I00008,20.63712096290701
P0000004,highway_interchange,I00010,3.8027616964204825
P0000004,data_center,I00012,8.62516354021496
P0000005,transmission_line,I00002,3.9622797193850845
P0000005,substation,I00004,6.022211685255028
P0000005,fiber_node,I00007,7.380606567363801
P0000005,water_source,I00008,14.871341862740318
P0000005,highway_interchange,I00010,9.862422422829354
P0000005,data_center,I00012,6.308437752918406
P0000006,transmission_line,I00003,14.171444969568968
P0000006,substation,I00005,11.476559993133597
P0000006,fiber_node,I00006,7.1780873647714625
P0000006,water_source,I00008,4.732936781803192
P0000006,highway_interchange,I00010,17.929910935524102
P0000006,data_center,I00011,10.680018475847747
P0000007,transmission_line,I00002,12.628387288106817
P0000007,substation,I00004,7.363395944322563
P0000007,fiber_node,I00007,7.6546533592026655
P0000007,water_source,I00008,26.705697586014697
P0000007,highway_interchange,I00010,11.412283440007705
P0000007,data_center,I00012,8.04283041044863
P0000008,transmission_line,I00001,15.238206574610619
P0000008,substation,I00005,24.14540446598713
P0000008,fiber_node,I00007,26.52161463600743
P0000008,water_source,I00008,31.027595218331122
P0000008,highway_interchange,I00009,21.510502041619674
P0000008,data_center,I00011,24.742103805049464
P0000009,transmission_line,I00002,11.638469578762543
P0000009,substation,I00005,5.612913334228506
P0000009,fiber_node,I00006,13.626244999878452
P0000009,water_source,I00008,5.002329274739773
P0000009,highway_interchange,I00010,15.381354072510954
P0000009,data_center,I00011,6.401686627105334
P0000010,transmission_line,I00001,14.232154181484086
P0000010,substation,I00005,13.225568422150722
P0000010,fiber_node,I00007,23.300827881957346
P0000010,water_source,I00008,18.34375687290974
P0000010,highway_interchange,I00009,19.932428581281627
P0000010,data_center,I00011,12.41527287233772
P0000011,transmission_line,I00002,8.75765964888503
P0000011,substation,I00005,6.218876121496952
P0000011,fiber_node,I00007,13.760555959389789
P0000011,water_source,I00008,8.424033799563874
P0000011,highway_interchange,I00010,12.539809700418012
P0000011,data_center,I00011,8.4323084435028
P0000012,transmission_line,I00003,6.390393424319388
P0000012,substation,I00004,10.288731503895155
P0000012,fiber_node,I00007,11.973949621444891
P0000012,water_source,I00008,16.604726562214918
P0000012,highway_interchange,I00010,3.4699633789053337
P0000012,data_center,I00012,4.283005589902606
P0000013,transmission_line,I00001,14.353088148724181
P0000013,substation,I00005,19.772078239315913
P0000013,fiber_node,I00007,25.433492913564052
P0000013,water_source,I00008,25.987555268466963
P0000013,highway_interchange,I00009,20.904748513270984
P0000013,data_center,I00011,19.800599629147413
P0000014,transmission_line,I00001,9.174703107995237
P0000014,substation,I00004,9.303171187146424
P0000014,fiber_node,I00007,7.61901023564471
P0000014,water_source,I00008,27.237035550619016
P0000014,highway_interchange,I00009,4.650527834926163
P0000014,data_center,I00012,15.990024199365358
P0000015,transmission_line,I00002,14.61283023024118
P0000015,substation,I00004,10.690408850868478
P0000015,fiber_node,I00007,9.258629201966295
P0000015,water_source,I00008,30.851261752509128
P0000015,highway_interchange,I00009,9.23166430671723
P0000015,data_center,I00012,16.149373047033478
P0000016,transmission_line,I00003,13.386542639003043
P0000016,substation,I00005,19.912463611226734
P0000016,fiber_node,I00006,5.6831533188459815
P0000016,water_source,I00008,13.468089840964005
P0000016,highway_interchange,I00010,19.207332314163626
P0000016,data_center,I00011,19.461404954667135
P0000017,transmission_line,I00002,5.762978515383747
P0000017,substation,I00005,6.764621409697029
P0000017,fiber_node,I00007,10.798904814067209
P0000017,water_source,I00008,14.693137482880832
P0000017,highway_interchange,I00009,8.921154767962689
P0000017,data_center,I00011,9.608280745128226
P0000018,transmission_line,I00002,16.70362821500493
P0000018,substation,I00004,11.691952014015026
P0000018,fiber_node,I00007,12.245402265541573
P0000018,water_source,I00008,29.287531572074233
P0000018,highway_interchange,I00010,11.282878185324204
P0000018,data_center,I00012,9.831328308455182
P0000019,transmission_line,I00002,4.658321276944536
P0000019,substation,I00005,5.851311008371602
P0000019,fiber_node,I00007,10.20832973659317
P0000019,water_source,I00008,11.625102694773968
P0000019,highway_interchange,I00009,11.331401766416858
P0000019,data_center,I00011,9.111495798718058
P0000020,transmission_line,I00002,2.2182124647832557
P0000020,substation,I00004,3.6840516230229774
P0000020,fiber_node,I00007,4.718619172663877
P0000020,water_source,I00008,17.10198027537293
P0000020,highway_interchange,I00009,7.444537832969253
P0000020,data_center,I00012,7.145510155527117
P0000021,transmission_line,I00002,9.308814544362757
P0000021,substation,I00004,5.158837964018076
P0000021,fiber_node,I00007,6.47971446691255
P0000021,water_source,I00008,21.888925566561657
P0000021,highway_interchange,I00010,7.443553372692764
P0000021,data_center,I00012,3.180781068363331
P0000022,transmission_line,I00002,20.04164107718327
P0000022,substation,I00005,10.431650100980718
P0000022,fiber_node,I00006,14.589847799857248
P0000022,water_source,I00008,6.701998910600047
P0000022,highway_interchange,I00009,25.43384285125392
P0000022,data_center,I00011,7.127728387392383
P0000023,transmission_line,I00002,19.92770668718763
P0000023,substation,I00004,14.667806966665987
P0000023,fiber_node,I00007,14.167905399391254
P0000023,water_source,I00008,35.00240991863443
P0000023,highway_interchange,I00009,17.010575635133314
P0000023,data_center,I00012,16.48878437631935
P0000024,transmission_line,I00003,10.917182103632479
P0000024,substation,I00004,8.11108061686463
P0000024,fiber_node,I00007,9.533617112695856
P0000024,water_source,I00008,21.961566237505835
P0000024,highway_interchange,I00010,4.741380945979066
P0000024,data_center,I00012,2.647432693776225
P0000025,transmission_line,I00001,10.275420488276653
P0000025,substation,I00005,15.077922113580273
P0000025,fiber_node,I00007,20.90031676132089
P0000025,water_source,I00008,21.778900320709543
P0000025,highway_interchange,I00009,16.674681666499563
P0000025,data_center,I00011,15.496127894346145
P0000026,transmission_line,I00002,3.1607817106425817
P0000026,substation,I00004,3.1194959090969467
P0000026,fiber_node,I00007,4.4118000148213605
P0000026,water_source,I00008,17.610268823286667
P0000026,highway_interchange,I00009,7.804970944589091
P0000026,data_center,I00012,6.285863920509033
P0000027,transmission_line,I00001,5.546073902156464
P0000027,substation,I00004,6.902310008231203
P0000027,fiber_node,I00007,5.788072434963646
P0000027,water_source,I00008,21.214422935822252
P0000027,highway_interchange,I00009,1.6092647460988712
P0000027,data_center,I00012,13.396923690851477
P0000028,transmission_line,I00002,7.4946183703536455
P0000028,substation,I00005,2.469753420386907
P0000028,fiber_node,I00007,13.296278951639335
P0000028,water_source,I00008,9.063760578921443
P0000028,highway_interchange,I00009,13.545501235319035
P0000028,data_center,I00011,5.718340930510235
P0000029,transmission_line,I00001,11.057507538780397
P0000029,substation,I00004,22.691686414600706
P0000029,fiber_node,I00007,21.35097880451559
P0000029,water_source,I00008,31.184585385901535
P0000029,highway_interchange,I00009,16.176417611085075
P0000029,data_center,I00011,25.039927732905813
P0000030,transmission_line,I00002,8.068393076621367
P0000030,substation,I00005,3.900894999309019
P0000030,fiber_node,I00007,13.647102567561161
P0000030,water_source,I00008,11.844602176414362
P0000030,highway_interchange,I00009,12.234748781250406
P0000030,data_center,I00011,6.348924811848925
P0000031,transmission_line,I00002,9.348042645343158
P0000031,substation,I00005,4.871395434254964
P0000031,fiber_node,I00007,14.687380532518475
P0000031,water_source,I00008,7.173084329051346
P0000031,highway_interchange,I00010,14.144072316838432
P0000031,data_center,I00011,6.848189928358627
P0000032,transmission_line,I00003,16.565312144470877
P0000032,substation,I00004,15.629902150980998
P0000032,fiber_node,I00007,16.458244543217408
P0000032,water_source,I00008,30.868657005691723
P0000032,highway_interchange,I00010,11.33351566206421
P0000032,data_center,I00012,11.90200848809302
P0000033,transmission_line,I00002,11.57636763834312
P0000033,substation,I00005,2.047892433692461
P0000033,fiber_node,I00006,16.854992235257075
P0000033,water_source,I00008,6.190136468418156
P0000033,highway_interchange,I00009,17.219976193854087
P0000033,data_center,I00011,1.693813393546085
P0000034,transmission_line,I00002,13.897081448352436
P0000034,substation,I00004,9.338437616911968
P0000034,fiber_node,I00007,10.287727327516782
P0000034,water_source,I00008,25.74654659382399
P0000034,highway_interchange,I00010,7.99187766232465
P0000034,data_center,I00012,6.288135940262972
P0000035,transmission_line,I00002,16.121389909110157
P0000035,substation,I00005,6.66274144830283
P0000035,fiber_node,I00006,14.072551428645433
P0000035,water_source,I00008,3.824758611036752
P0000035,highway_interchange,I00009,21.83244784425354
P0000035,data_center,I00011,3.6971047264845773
P0000036,transmission_line,I00002,6.056884227202132
P0000036,substation,I00004,1.7787257314150222
P0000036,fiber_node,I00007,0.21456137266305575
P0000036,water_source,I00008,21.998500405475514
P0000036,highway_interchange,I00009,5.239248961020063
P0000036,data_center,I00012,8.491157505882844
P0000037,transmission_line,I00001,15.680302168484648
P0000037,substation,I00004,27.316886191020757
P0000037,fiber_node,I00007,25.95052369405754
P0000037,water_source,I00008,35.11786284824957
P0000037,highway_interchange,I00009,20.78008758981079
P0000037,data_center,I00011,28.87870611884285
P0000038,transmission_line,I00003,19.78382231300225
P0000038,substation,I00005,23.832363709081406
P0000038,fiber_node,I00006,5.51615122320549
P0000038,water_source,I00008,16.272822073475435
P0000038,highway_interchange,I00010,25.609958721504476
P0000038,data_center,I00011,22.566813975592385
P0000039,transmission_line,I00002,2.640101149689766
P0000039,substation,I00004,6.6930609953324245
P0000039,fiber_node,I00007,7.6933015163602025
P0000039,water_source,I00008,14.102098257574085
P0000039,highway_interchange,I00009,9.469130931387218
P0000039,data_center,I00012,8.400546257577544
P0000040,transmission_line,I00002,3.878471344034385
P0000040,substation,I00005,7.638298155254603
P0000040,fiber_node,I00007,8.875621652592356
P0000040,water_source,I00008,12.949281834737357
P0000040,highway_interchange,I00009,10.719482063084797
P0000040,data_center,I00012,8.581239792255397
P0000041,transmission_line,I00002,8.80520973329517
P0000041,substation,I00004,4.204752558232513
P0000041,fiber_node,I00007,2.99357349853177
P0000041,water_source,I00008,24.7762059605516
P0000041,highway_interchange,I00009,6.1274472174707215
P0000041,data_center,I00012,9.952522436979573
P0000042,transmission_line,I00003,4.677210594287091
P0000042,substation,I00004,12.239973532816697
P0000042,fiber_node,I00007,13.920828789048786
P0000042,water_source,I00008,15.465974310946928
P0000042,highway_interchange,I00010,4.456796945284178
P0000042,data_center,I00012,6.431247675233678
P0000043,transmission_line,I00002,5.831349855491486
P0000043,substation,I00005,7.0364144196976754
P0000043,fiber_node,I00007,10.695587505365987
P0000043,water_source,I00008,11.296846537127916
P0000043,highway_interchange,I00010,11.434619047152813
P0000043,data_center,I00012,9.06635919170733
P0000044,transmission_line,I00003,25.304861232681514
P0000044,substation,I00004,27.760515286949676
P0000044,fiber_node,I00007,28.502300503580514
P0000044,water_source,I00008,41.6620550469748
P0000044,highway_interchange,I00010,21.858303646244742
P0000044,data_center,I00012,23.723743974102156
P0000045,transmission_line,I00001,5.6282082376127365
P0000045,substation,I00004,9.720734912241898
P0000045,fiber_node,I00007,8.19882387874297
P0000045,water_source,I00008,24.994967065266373
P0000045,highway_interchange,I00009,3.2771354363139045
P0000045,data_center,I00012,16.536164972449765
P0000046,transmission_line,I00003,13.32154485519764
P0000046,substation,I00004,12.632667923791386
P0000046,fiber_node,I00007,13.70259853079721
P0000046,water_source,I00008,27.04658439189087
P0000046,highway_interchange,I00010,7.678218822385905
P0000046,data_center,I00012,8.15168826499752
P0000047,transmission_line,I00002,9.657481067510547
P0000047,substation,I00005,3.084955931336475
P0000047,fiber_node,I00007,15.327272599161441
P0000047,water_source,I00008,10.641506707333207
P0000047,highway_interchange,I00009,13.996372944269677
P0000047,data_center,I00011,4.781607313668743
P0000048,transmission_line,I00002,19.111299490271392
P0000048,substation,I00004,13.782551858586423
P0000048,fiber_node,I00007,13.503509678195257
P0000048,water_source,I00008,33.741206841448594
P0000048,highway_interchange,I00009,16.8863798435771
P0000048,data_center,I00012,14.889643732787235
P0000049,transmission_line,I00001,14.311726274859048
P0000049,substation,I00005,6.432607677254944
P0000049,fiber_node,I00007,19.91927953194772
P0000049,water_source,I00008,11.112211760516843
P0000049,highway_interchange,I00009,18.054639235114912
P0000049,data_center,I00011,5.078539052440678
P0000050,transmission_line,I00001,2.0172070242962814
P0000050,substation,I00005,12.071866848044953
P0000050,fiber_node,I00007,11.828265988000847
P0000050,water_source,I00008,20.044898994333426
P0000050,highway_interchange,I00009,7.567427179576361
P0000050,data_center,I00011,14.39510127745646
P0000051,transmission_line,I00002,6.646992625224912
P0000051,substation,I00004,3.449457623752869
P0000051,fiber_node,I00007,5.096769421117952
P0000051,water_source,I00008,19.643101768824575
P0000051,highway_interchange,I00010,8.218051162267486
P0000051,data_center,I00012,3.393289282123647
P0000052,transmission_line,I00002,5.740488258705281
P0000052,substation,I00004,8.414946534419334
P0000052,fiber_node,I00007,9.787566508357948
P0000052,water_source,I00008,12.70211839670752
P0000052,highway_interchange,I00010,9.79280312862007
P0000052,data_center,I00012,7.3202404415094735
P0000053,transmission_line,I00002,17.074435918764046
P0000053,substation,I00005,7.864773355015003
P0000053,fiber_node,I00006,12.526838291004275
P0000053,water_source,I00008,2.7828730217551154
P0000053,highway_interchange,I00010,22.18818101227415
P0000053,data_center,I00011,5.168281814108758
P0000054,transmission_line,I00003,10.371855773174664
P0000054,substation,I00005,8.643757635032191
P0000054,fiber_node,I00006,13.315629834384266
P0000054,water_source,I00008,7.584675160922647
P0000054,highway_interchange,I00010,12.264678689634652
P0000054,data_center,I00011,9.949232050891265
P0000055,transmission_line,I00003,1.6353019484251963
P0000055,substation,I00004,15.704519151416017
P0000055,fiber_node,I00006,16.856014018859362
P0000055,water_source,I00008,15.847294517377296
P0000055,highway_interchange,I00010,6.194235405077851
P0000055,data_center,I00012,9.614285130894602
P0000056,transmission_line,I00002,12.616976745262454
P0000056,substation,I00005,4.87417575863747
P0000056,fiber_node,I00007,18.231191686830815
P0000056,water_source,I00008,10.599043974718949
P0000056,highway_interchange,I00009,16.55749513552874
P0000056,data_center,I00011,4.315233714447271
P0000057,transmission_line,I00002,32.97885012973606
P0000057,substation,I00005,23.383995687136405
P0000057,fiber_node,I00006,22.56866361498846
P0000057,water_source,I00008,19.490010160031154
P0000057,highway_interchange,I00009,37.66257558206129
P0000057,data_center,I00011,20.027439810219363
P0000058,transmission_line,I00002,7.915855057245633
P0000058,substation,I00005,3.874347096451543
P0000058,fiber_node,I00007,13.506832413374529
P0000058,water_source,I00008,11.83401947544324
P0000058,highway_interchange,I00009,12.137822240125862
P0000058,data_center,I00011,6.397113795002788
P0000059,transmission_line,I00002,14.22440587179798
P0000059,substation,I00004,9.007448489595008
P0000059,fiber_node,I00007,9.34923287024739
P0000059,water_source,I00008,27.898184631145725
P0000059,highway_interchange,I00010,11.563415489832071
P0000059,data_center,I00012,8.812140442672192
P0000060,transmission_line,I00002,25.764046333739714
P0000060,substation,I00004,20.425652743570097
P0000060,fiber_node,I00007,20.22687448292516
P0000060,water_source,I00008,39.87747831040499
P0000060,highway_interchange,I00010,22.106979909196475
P0000060,data_center,I00012,20.566005914775257
P0000061,transmission_line,I00001,3.3460013917793185
P0000061,substation,I00004,9.881938526965413
P0000061,fiber_node,I00007,9.188307871589709
P0000061,water_source,I00008,19.080191490806033
P0000061,highway_interchange,I00009,5.482288574688735
P0000061,data_center,I00011,13.95073408185189
P0000062,transmission_line,I00001,12.328637884279471
P0000062,substation,I00005,14.446524640156568
P0000062,fiber_node,I00007,22.34427076616543
P0000062,water_source,I00008,20.460576403190533
P0000062,highway_interchange,I00009,18.476462470676488
P0000062,data_center,I00011,14.287343186685945
P0000063,transmission_line,I00002,10.576187284765195
P0000063,substation,I00005,1.3430159652948235
P0000063,fiber_node,I00007,16.39699230261525
P0000063,water_source,I00008,6.638426596349729
P0000063,highway_interchange,I00009,16.35870535142421
P0000063,data_center,I00011,2.73359991253228
P0000064,transmission_line,I00001,2.6190704708697217
P0000064,substation,I00004,11.538923195726841
P0000064,fiber_node,I00007,10.25295137748382
P0000064,water_source,I00008,23.75766173731237
P0000064,highway_interchange,I00009,5.106774066613167
P0000064,data_center,I00012,18.115335241151357
P0000065,transmission_line,I00002,11.272827018048488
P0000065,substation,I00005,2.733080370921129
P0000065,fiber_node,I00006,15.701644108475897
P0000065,water_source,I00008,5.365031071287101
P0000065,highway_interchange,I00009,17.347233463590968
P0000065,data_center,I00011,3.2101661602099574
P0000066,transmission_line,I00002,5.829745669309631
P0000066,substation,I00004,3.4970306921727365
P0000066,fiber_node,I00007,5.181887995491686
P0000066,water_source,I00008,18.71328874908181
P0000066,highway_interchange,I00010,8.417993254445353
P0000066,data_center,I00012,3.708378014243868
P0000067,transmission_line,I00001,26.4809851007346
P0000067,substation,I00005,23.7142861709996
P0000067,fiber_node,I00006,34.20277952129861
P0000067,water_source,I00008,25.749696127228592
P0000067,highway_interchange,I00009,32.39393091497035
P0000067,data_center,I00011,21.55404405363884
P0000068,transmission_line,I00001,21.4821570076218
P0000068,substation,I00005,14.170279440203355
P0000068,fiber_node,I00006,23.866336729491877
P0000068,water_source,I00008,15.13154474875568
P0000068,highway_interchange,I00009,26.096322526066313
P0000068,data_center,I00011,11.4656004756328
P0000069,transmission_line,I00002,11.267523447166436
P0000069,substation,I00005,2.1364256573911824
P0000069,fiber_node,I00007,17.08260304927498
P0000069,water_source,I00008,8.2514322971715
P0000069,highway_interchange,I00009,16.247377730752962
P0000069,data_center,I00011,2.2404624683118017
P0000070,transmission_line,I00002,10.280763679617671
P0000070,substation,I00004,4.9605092724554
P0000070,fiber_node,I00007,4.786144275778034
P0000070,water_source,I00008,25.392773236127855
P0000070,highway_interchange,I00009,9.137119791785803
P0000070,data_center,I00012,8.317548956436339
P0000071,transmission_line,I00002,8.317495810819675
P0000071,substation,I00005,4.63760023018255
P0000071,fiber_node,I00007,13.708253848914621
P0000071,water_source,I00008,8.102564938210579
P0000071,highway_interchange,I00010,13.891652544269117
P0000071,data_center,I00011,7.071976830102374
P0000072,transmission_line,I00003,5.652132603519492
P0000072,substation,I00004,11.64608204197879
P0000072,fiber_node,I00007,13.297665984361657
P0000072,water_source,I00008,18.916488443593387
P0000072,highway_interchange,I00010,0.9453842129354557
P0000072,data_center,I00012,4.88137371322394
P0000073,transmission_line,I00003,6.382513145291019
P0000073,substation,I00004,18.811235633047744
P0000073,fiber_node,I00007,20.391944034526194
P0000073,water_source,I00008,23.6940622647046
P0000073,highway_interchange,I00010,7.230632662199506
P0000073,data_center,I00012,11.997418564279378
P0000074,transmission_line,I00002,11.228378512743348
P0000074,substation,I00005,5.500754448699111
P0000074,fiber_node,I00006,13.976518266254104
P0000074,water_source,I00008,5.426760164025066
P0000074,highway_interchange,I00010,15.057070406725957
P0000074,data_center,I00011,6.522059221575432
P0000075,transmission_line,I00001,18.57473583967081
P0000075,substation,I00005,23.00621148684551
P0000075,fiber_node,I00007,29.63343373618491
P0000075,water_source,I00008,28.537905741521996
P0000075,highway_interchange,I00009,25.126701527602215
P0000075,data_center,I00011,22.56675334236015
P0000076,transmission_line,I00002,11.308046979614407
P0000076,substation,I00004,6.2299853307688675
P0000076,fiber_node,I00007,6.874575610045926
P0000076,water_source,I00008,24.960614136776915
P0000076,highway_interchange,I00010,9.848513583538907
P0000076,data_center,I00012,6.251543769347671
P0000077,transmission_line,I00002,6.796627082742396
P0000077,substation,I00005,6.41769014044582
P0000077,fiber_node,I00007,11.789040758724298
P0000077,water_source,I00008,10.204907857268743
P0000077,highway_interchange,I00010,11.926950273081735
P0000077,data_center,I00011,9.205898947434928
P0000078,transmission_line,I00001,10.888947796693419
P0000078,substation,I00004,15.272084038323724
P0000078,fiber_node,I00007,13.592811254997311
P0000078,water_source,I00008,31.762409415332513
P0000078,highway_interchange,I00009,9.733400895243284
P0000078,data_center,I00012,21.985276279305598
P0000079,transmission_line,I00002,19.78360403136851
P0000079,substation,I00004,14.465000389750934
P0000079,fiber_node,I00007,14.47007010163147
P0000079,water_source,I00008,33.654796724083056
P0000079,highway_interchange,I00010,16.282214524987644
P0000079,data_center,I00012,14.380140255234615
P0000080,transmission_line,I00002,13.58645851178725
P0000080,substation,I00004,8.338560017995489
P0000080,fiber_node,I00007,7.85061102770491
P0000080,water_source,I00008,28.85279495556813
P0000080,highway_interchange,I00009,11.247085822776695
P0000080,data_center,I00012,11.224402493863053
P0000081,transmission_line,I00001,11.958480047782636
P0000081,substation,I00005,7.970283917542888
P0000081,fiber_node,I00007,19.071531213533053
P0000081,water_source,I00008,13.929268179873993
P0000081,highway_interchange,I00009,16.49019131598407
P0000081,data_center,I00011,7.686366189620663
P0000082,transmission_line,I00003,11.777901944929923
P0000082,substation,I00005,10.788255273357295
P0000082,fiber_node,I00006,9.102734913309655
P0000082,water_source,I00008,5.889160829584281
P0000082,highway_interchange,I00010,15.2916157858758
P0000082,data_center,I00011,10.796290466485376
P0000083,transmission_line,I00003,8.22546325952908
P0000083,substation,I00004,8.447293807108437
P0000083,fiber_node,I00007,10.131240388405162
P0000083,water_source,I00008,17.284933923394036
P0000083,highway_interchange,I00010,4.074024209467852
P0000083,data_center,I00012,2.5683184348521437
P0000084,transmission_line,I00002,9.141264661839529
P0000084,substation,I00004,6.044417766669908
P0000084,fiber_node,I00007,7.598885120357777
P0000084,water_source,I00008,20.33823079764007
P0000084,highway_interchange,I00010,5.762967408436988
P0000084,data_center,I00012,1.2008858217026426
P0000085,transmission_line,I00001,11.644476968192928
P0000085,substation,I00005,7.946238112302349
P0000085,fiber_node,I00007,18.80772695165984
P0000085,water_source,I00008,14.058243396303345
P0000085,highway_interchange,I00009,16.191910338029192
P0000085,data_center,I00011,7.795293652994164
P0000086,transmission_line,I00001,9.203053648102298
P0000086,substation,I00005,11.552324969423449
P0000086,fiber_node,I00007,18.683846058877418
P0000086,water_source,I00008,18.381129820517963
P0000086,highway_interchange,I00009,15.011262194231481
P0000086,data_center,I00011,12.086634126615365
P0000087,transmission_line,I00002,11.0774347062638
P0000087,substation,I00004,5.773248221860222
P0000087,fiber_node,I00007,6.015880763791616
P0000087,water_source,I00008,25.53422510040852
P0000087,highway_interchange,I00009,10.684536218983089
P0000087,data_center,I00012,7.493483878908454
P0000088,transmission_line,I00003,14.971879601345636
P0000088,substation,I00004,14.644650186368377
P0000088,fiber_node,I00007,15.596557955731551
P0000088,water_source,I00008,29.28182551724373
P0000088,highway_interchange,I00010,9.703156175424311
P0000088,data_center,I00012,10.462448794928926
P0000089,transmission_line,I00002,3.7491532509659846
P0000089,substation,I00004,7.257619808160515
P0000089,fiber_node,I00007,6.835891689748756
P0000089,water_source,I00008,18.05661397123408
P0000089,highway_interchange,I00009,4.690615689719115
P0000089,data_center,I00012,12.700158653035547
P0000090,transmission_line,I00001,7.724761109012587
P0000090,substation,I00004,9.413514900180026
P0000090,fiber_node,I00007,7.76430649650007
P0000090,water_source,I00008,26.35929611152587
P0000090,highway_interchange,I00009,3.843654405875896
P0000090,data_center,I00012,16.220522778958976
P0000091,transmission_line,I00001,5.9665700079966895
P0000091,substation,I00005,10.834566209568491
P0000091,fiber_node,I00007,15.41288758604313
P0000091,water_source,I00008,18.438170166307213
P0000091,highway_interchange,I00009,11.624702495108302
P0000091,data_center,I00011,12.296313397898988
P0000092,transmission_line,I00003,6.994773313643165
P0000092,substation,I00004,13.436079892856613
P0000092,fiber_node,I00007,14.97446119276685
P0000092,water_source,I00008,22.19446738022363
P0000092,highway_interchange,I00010,2.5830779279410394
P0000092,data_center,I00012,6.733872735449265
P0000093,transmission_line,I00003,6.984684507105337
P0000093,substation,I00004,10.922498960724164
P0000093,fiber_node,I00007,12.531929501879436
P0000093,water_source,I00008,20.001266941104927
P0000093,highway_interchange,I00010,0.8062040979138946
P0000093,data_center,I00012,4.090113399590898
P0000094,transmission_line,I00002,5.73900429334595
P0000094,substation,I00005,7.544399302542933
P0000094,fiber_node,I00007,10.399486888657098
P0000094,water_source,I00008,11.703222292842616
P0000094,highway_interchange,I00010,10.956673075284739
P0000094,data_center,I00012,8.55650438258976
P0000095,transmission_line,I00002,12.604855000180146
P0000095,substation,I00005,3.291076325179771
P0000095,fiber_node,I00007,18.420603295541156
P0000095,water_source,I00008,7.809886542863911
P0000095,highway_interchange,I00009,17.524687693455423
P0000095,data_center,I00011,1.5158639986823905
P0000096,transmission_line,I00002,3.12410492662175
P0000096,substation,I00005,7.609594241744266
P0000096,fiber_node,I00007,8.443851727514662
P0000096,water_source,I00008,15.069689141195937
P0000096,highway_interchange,I00009,7.586108083605161
P0000096,data_center,I00011,10.84259127457853
P0000097,transmission_line,I00002,10.120240785793314
P0000097,substation,I00005,0.48689432286701884
P0000097,fiber_node,I00007,15.962345213102104
P0000097,water_source,I00008,7.62207663430563
P0000097,highway_interchange,I00009,15.643300309678443
P0000097,data_center,I00011,2.8797854733262076
P0000098,transmission_line,I00001,6.970680422714926
P0000098,substation,I00005,9.006974987713471
P0000098,fiber_node,I00007,15.125309170091674
P0000098,water_source,I00008,16.590914578685585
P0000098,highway_interchange,I00009,11.858683325086687
P0000098,data_center,I00011,10.465071499514213
P0000099,transmission_line,I00001,4.454253167083173
P0000099,substation,I00004,12.633945149212856
P0000099,fiber_node,I00007,11.189030458052606
P0000099,water_source,I00008,25.859673825783695
P0000099,highway_interchange,I00009,6.064292532205286
P0000099,data_center,I00012,19.38139704994296
P0000100,transmission_line,I00001,1.9657380940342661
P0000100,substation,I00005,13.795954455958979
P0000100,fiber_node,I00007,13.179214152733175
P0000100,water_source,I00008,21.73566351112446
P0000100,highway_interchange,I00009,8.50727631800705
P0000100,data_center,I00011,15.922200417664202
P0000101,transmission_line,I00001,9.295761618537554
P0000101,substation,I00005,20.800628988245126
P0000101,fiber_node,I00007,20.268027646808434
P0000101,water_source,I00008,28.426220951527903
P0000101,highway_interchange,I00009,15.149156005240728
P0000101,data_center,I00011,22.23333856103286
P0000102,transmission_line,I00002,8.49697564672039
P0000102,substation,I00004,3.744446411113747
P0000102,fiber_node,I00007,2.6554742588590914
P0000102,water_source,I00008,24.382827167438744
P0000102,highway_interchange,I00009,6.269712193006166
P0000102,data_center,I00012,9.431231320755149
P0000103,transmission_line,I00002,12.719420192201312
P0000103,substation,I00004,7.747961902021239
P0000103,fiber_node,I00007,8.441606552150201
P0000103,water_source,I00008,25.827496015705343
P0000103,highway_interchange,I00010,9.525450238738246
P0000103,data_center,I00012,6.63621986128013
P0000104,transmission_line,I00003,8.377400207661584
P0000104,substation,I00004,13.807890125873408
P0000104,fiber_node,I00007,15.267636100161775
P0000104,water_source,I00008,23.668598781080522
P0000104,highway_interchange,I00010,3.903833913058989
P0000104,data_center,I00012,7.370553145309759
P0000105,transmission_line,I00002,7.784930904461966
P0000105,substation,I00005,2.0647578855115514
P0000105,fiber_node,I00007,13.612994343910099
P0000105,water_source,I00008,9.922865670045615
P0000105,highway_interchange,I00009,13.114725364846485
P0000105,data_center,I00011,5.289323791192055
P0000106,transmission_line,I00002,15.691531696732607
P0000106,substation,I00005,6.325083299901695
P0000106,fiber_node,I00006,18.352164672315848
P0000106,water_source,I00008,8.030879423601046
P0000106,highway_interchange,I00009,20.392583254850166
P0000106,data_center,I00011,3.308807184921396
P0000107,transmission_line,I00001,12.592251652280959
P0000107,substation,I00004,22.312774332602004
P0000107,fiber_node,I00007,20.767109200311964
P0000107,water_source,I00008,34.17737342522746
P0000107,highway_interchange,I00009,15.81301657525505
P0000107,data_center,I00011,28.29121111234641
P0000108,transmission_line,I00002,12.693089816589312
P0000108,substation,I00004,8.717842267719167
P0000108,fiber_node,I00007,7.281701405764662
P0000108,water_source,I00008,28.91567830737611
P0000108,highway_interchange,I00009,7.669975543160191
P0000108,data_center,I00012,14.330932416059706
P0000109,transmission_line,I00001,18.78995522665853
P0000109,substation,I00005,12.133247483293129
P0000109,fiber_node,I00006,23.907740956094642
P0000109,water_source,I00008,14.367808025679444
P0000109,highway_interchange,I00009,23.438162795598526
P0000109,data_center,I00011,9.794396681399
P0000110,transmission_line,I00001,9.692507127809755
P0000110,substation,I00004,16.244989044779942
P0000110,fiber_node,I00007,14.607327175002451
P0000110,water_source,I00008,31.23243768305256
P0000110,highway_interchange,I00009,10.132525575076185
P0000110,data_center,I00012,23.064132167483088
P0000111,transmission_line,I00002,8.85640926488691
P0000111,substation,I00005,6.747858651491178
P0000111,fiber_node,I00007,13.708382468765238
P0000111,water_source,I00008,8.692486488355769
P0000111,highway_interchange,I00010,12.05324533200751
P0000111,data_center,I00011,8.939525903543037
P0000112,transmission_line,I00002,6.778275992038844
P0000112,substation,I00005,4.9143356978829225
P0000112,fiber_node,I00007,12.21064559622729
P0000112,water_source,I00008,9.584444843747562
P0000112,highway_interchange,I00010,13.44697645348982
P0000112,data_center,I00011,7.835662220256259
P0000113,transmission_line,I00003,12.653187262075267
P0000113,substation,I00005,17.45488025651901
P0000113,fiber_node,I00006,5.071175499506222
P0000113,water_source,I00008,11.079576637785127
P0000113,highway_interchange,I00010,18.08567234459449
P0000113,data_center,I00011,17.013453348460434
P0000114,transmission_line,I00001,8.726878283444265
P0000114,substation,I00005,7.67422030339142
P0000114,fiber_node,I00007,15.983756945542689
P0000114,water_source,I00008,14.983786196294318
P0000114,highway_interchange,I00009,13.163780430367277
P0000114,data_center,I00011,8.77428665112027
P0000115,transmission_line,I00002,16.836197446065274
P0000115,substation,I00005,7.5545754710029716
P0000115,fiber_node,I00006,18.83487679503693
P0000115,water_source,I00008,8.815289963147826
P0000115,highway_interchange,I00009,21.35670491289156
P0000115,data_center,I00011,4.5534409544828405
P0000116,transmission_line,I00001,6.562925423583704
P0000116,substation,I00004,14.960349723552529
P0000116,fiber_node,I00007,13.436272959189813
P0000116,water_source,I00008,28.314223630037443
P0000116,highway_interchange,I00009,8.450292570314867
P0000116,data_center,I00012,21.767055738613074
P0000117,transmission_line,I00002,5.391167777597161
P0000117,substation,I00004,4.736640440452473
P0000117,fiber_node,I00007,3.48272352028216
P0000117,water_source,I00008,21.50868017699072
P0000117,highway_interchange,I00009,1.8944896932333828
P0000117,data_center,I00012,11.448602234540603
P0000118,transmission_line,I00002,2.1732427019766747
P0000118,substation,I00004,6.963473644736948
P0000118,fiber_node,I00007,7.766913632805371
P0000118,water_source,I00008,14.120511541539319
P0000118,highway_interchange,I00009,8.95884845199064
P0000118,data_center,I00012,9.325030653795066
P0000119,transmission_line,I00003,5.3188732949391415
P0000119,substation,I00004,19.34652685293472
P0000119,fiber_node,I00007,20.96924630357012
P0000119,water_source,I00008,22.614928573320082
P0000119,highway_interchange,I00010,7.6838170788107085
P0000119,data_center,I00012,12.514137875861149
P0000120,transmission_line,I00001,8.10122920708257
P0000120,substation,I00005,14.00174147567559
P0000120,fiber_node,I00007,18.74152521047418
P0000120,water_source,I00008,21.15289197867787
P0000120,highway_interchange,I00009,14.484198672266936
P0000120,data_center,I00011,14.867824308598117
P0000121,transmission_line,I00002,7.432141859661626
P0000121,substation,I00005,5.640191328565703
P0000121,fiber_node,I00007,12.669155783282976
P0000121,water_source,I00008,13.609001627106553
P0000121,highway_interchange,I00009,10.75144725432362
P0000121,data_center,I00011,8.105825918362322
P0000122,transmission_line,I00002,6.9652871602865725
P0000122,substation,I00005,4.0268771323204735
P0000122,fiber_node,I00007,12.575711614812546
P0000122,water_source,I00008,9.28316943818017
P0000122,highway_interchange,I00009,13.469661505414226
P0000122,data_center,I00011,7.038052124718069
P0000123,transmission_line,I00002,7.4959022304872285
P0000123,substation,I00004,4.046668627208178
P0000123,fiber_node,I00007,2.3784780630602693
P0000123,water_source,I00008,23.71115265840239
P0000123,highway_interchange,I00009,4.060887650023898
P0000123,data_center,I00012,10.663203814133063
P0000124,transmission_line,I00003,15.118299171415503
P0000124,substation,I00005,15.707096234551875
P0000124,fiber_node,I00006,3.151478826451787
P0000124,water_source,I00008,8.447982278544437
P0000124,highway_interchange,I00010,19.94944226512414
P0000124,data_center,I00011,14.683276657370444
P0000125,transmission_line,I00002,5.480915009127278
P0000125,substation,I00004,4.388602702585111
P0000125,fiber_node,I00007,6.041205792142277
P0000125,water_source,I00008,17.53387896278732
P0000125,highway_interchange,I00010,8.174350642731794
P0000125,data_center,I00012,3.803438965283571
P0000126,transmission_line,I00002,7.743639012141548
P0000126,substation,I00005,4.107758565925248
P0000126,fiber_node,I00007,13.303728257172843
P0000126,water_source,I00008,12.075379625668463
P0000126,highway_interchange,I00009,11.88700313488653
P0000126,data_center,I00011,6.6584006070055874
P0000127,transmission_line,I00003,5.906706754796682
P0000127,substation,I00004,11.244099954310501
P0000127,fiber_node,I00007,12.900486458123229
P0000127,water_source,I00008,18.689693755101803
P0000127,highway_interchange,I00010,1.1827673256981852
P0000127,data_center,I00012,4.509500976549538
P0000128,transmission_line,I00001,12.396606680431429
P0000128,substation,I00004,10.308214190638514
P0000128,fiber_node,I00007,8.702208616801975
P0000128,water_source,I00008,29.677273507573688
P0000128,highway_interchange,I00009,7.4217261521397235
P0000128,data_center,I00012,16.437055644488442
P0000129,transmission_line,I00001,4.301151908059057
P0000129,substation,I00004,9.155056047730257
P0000129,fiber_node,I00007,8.579337680909806
P0000129,water_source,I00008,18.420980802923506
P0000129,highway_interchange,I00009,5.364932452727797
P0000129,data_center,I00011,13.474410907594638
P0000130,transmission_line,I00003,7.63429704305969
P0000130,substation,I00004,9.069806588250923
P0000130,fiber_node,I00007,10.754403057688501
P0000130,water_source,I00008,16.52659695220339
P0000130,highway_interchange,I00010,4.219517128594563
P0000130,data_center,I00012,3.4555112959340795
P0000131,transmission_line,I00002,6.672891353477618
P0000131,substation,I00004,5.521948386381648
P0000131,fiber_node,I00007,4.0271941643626015
P0000131,water_source,I00008,22.747878857514625
P0000131,highway_interchange,I00009,1.2545370591726528
P0000131,data_center,I00012,12.342367445202425
P0000132,transmission_line,I00001,6.7617203746301655
P0000132,substation,I00005,8.631818028787256
P0000132,fiber_node,I00007,14.547207788026942
P0000132,water_source,I00008,16.319560211862658
P0000132,highway_interchange,I00009,11.38534011101928
P0000132,data_center,I00011,10.264714090216836
P0000133,transmission_line,I00003,4.369931828881089
P0000133,substation,I00005,14.220869387827126
P0000133,fiber_node,I00006,15.142604350819168
P0000133,water_source,I00008,13.120433018155785
P0000133,highway_interchange,I00010,7.691893940015888
P0000133,data_center,I00012,9.858937993698335
P0000134,transmission_line,I00002,2.9035218106517653
P0000134,substation,I00004,6.377556321712551
P0000134,fiber_node,I00007,7.4893638090761225
P0000134,water_source,I00008,14.351206191721156
P0000134,highway_interchange,I00009,9.632235123066899
P0000134,data_center,I00012,7.751792036051856
P0000135,transmission_line,I00002,13.353036043623595
P0000135,substation,I00005,4.1320828310252775
P0000135,fiber_node,I00006,18.795654766244535
P0000135,water_source,I00008,8.079560496903731
P0000135,highway_interchange,I00009,18.111364911671657
P0000135,data_center,I00011,1.9407318648493612
P0000136,transmission_line,I00003,17.6219757082754
P0000136,substation,I00004,13.4354626174296
P0000136,fiber_node,I00007,14.039131828649433
P0000136,water_source,I00008,30.438169935609245
P0000136,highway_interchange,I00010,11.77558298032289
P0000136,data_center,I00012,11.012279403434803
P0000137,transmission_line,I00002,15.048759907928691
P0000137,substation,I00004,11.075092259822009
P0000137,fiber_node,I00007,9.662975616233119
P0000137,water_source,I00008,31.283671625835577
P0000137,highway_interchange,I00009,9.682192057055278
P0000137,data_center,I00012,16.4415075251303
P0000138,transmission_line,I00003,16.903164839733627
P0000138,substation,I00004,18.826348037838855
P0000138,fiber_node,I00007,19.769014970483507
P0000138,water_source,I00008,32.49335744763418
P0000138,highway_interchange,I00010,12.645478588312391
P0000138,data_center,I00012,14.336164825164659
P0000139,transmission_line,I00001,25.53968332167812
P0000139,substation,I00005,18.254339405647038
P0000139,fiber_node,I00006,25.64618262480798
P0000139,water_source,I00008,18.132678232941178
P0000139,highway_interchange,I00009,30.32748131179117
P0000139,data_center,I00011,15.357323845394522
P0000140,transmission_line,I00001,16.559145046021573
P0000140,substation,I00005,8.649379541967662
P0000140,fiber_node,I00006,21.871651911979672
P0000140,water_source,I00008,11.698026535556876
P0000140,highway_interchange,I00009,20.61530931943843
P0000140,data_center,I00011,6.474189962203924
P0000141,transmission_line,I00001,8.474924716960325
P0000141,substation,I00005,12.98995161458431
P0000141,fiber_node,I00007,18.69226446566215
P0000141,water_source,I00008,20.021599653265163
P0000141,highway_interchange,I00009,14.660947485395143
P0000141,data_center,I00011,13.730006415950324
P0000142,transmission_line,I00003,1.6093585205182337
P0000142,substation,I00004,17.03658760396159
P0000142,fiber_node,I00006,16.048078130468305
P0000142,water_source,I00008,15.893228611878287
P0000142,highway_interchange,I00010,7.372906317623848
P0000142,data_center,I00012,10.952735556249916
P0000143,transmission_line,I00001,5.465418640270655
P0000143,substation,I00005,8.833239549717327
P0000143,fiber_node,I00007,12.812078642132745
P0000143,water_source,I00008,16.749890353874584
P0000143,highway_interchange,I00009,9.625893655120603
P0000143,data_center,I00011,10.962045727821295
P0000144,transmission_line,I00002,3.173065352447274
P0000144,substation,I00004,5.663592483273332
P0000144,fiber_node,I00007,5.198651069121347
P0000144,water_source,I00008,18.754800666450247
P0000144,highway_interchange,I00009,3.8670509947349037
P0000144,data_center,I00012,11.426943964282108
P0000145,transmission_line,I00001,12.531393631697803
P0000145,substation,I00005,11.796104519919428
P0000145,fiber_node,I00007,21.42956557006806
P0000145,water_source,I00008,17.48877831239935
P0000145,highway_interchange,I00009,18.10573717911775
P0000145,data_center,I00011,11.363267264559013
P0000146,transmission_line,I00001,11.444586787635778
P0000146,substation,I00005,21.4873919980913
P0000146,fiber_node,I00007,22.675607012410335
P0000146,water_source,I00008,28.79059035530782
P0000146,highway_interchange,I00009,17.636337182378984
P0000146,data_center,I00011,22.50983486146548
P0000147,transmission_line,I00002,5.524789889911956
P0000147,substation,I00004,8.038049740730735
P0000147,fiber_node,I00007,9.425156399232483
P0000147,water_source,I00008,13.093168820216968
P0000147,highway_interchange,I00010,9.62068198218592
P0000147,data_center,I00012,7.000163786755851
P0000148,transmission_line,I00003,15.10056228704165
P0000148,substation,I00004,14.537032073606676
P0000148,fiber_node,I00007,15.472653373612989
P0000148,water_source,I00008,29.32045317717219
P0000148,highway_interchange,I00010,9.78222382521119
P0000148,data_center,I00012,10.442956461490573
P0000149,transmission_line,I00001,10.866204423561385
P0000149,substation,I00005,13.931417694475906
P0000149,fiber_node,I00007,21.002876970635327
P0000149,water_source,I00008,20.36616103914279
P0000149,highway_interchange,I00009,17.05221565226922
P0000149,data_center,I00011,14.110144553560101
P0000150,transmission_line,I00002,9.118892956295799
P0000150,substation,I00005,0.9227199410178779
P0000150,fiber_node,I00007,14.953017827984999
P0000150,water_source,I00008,8.89429535436335
P0000150,highway_interchange,I00009,14.422352890465453
P0000150,data_center,I00011,3.9431624209234672
P0000151,transmission_line,I00002,2.1185548120652187
P0000151,substation,I00004,3.8946117210979088
P0000151,fiber_node,I00007,3.9478919753597883
P0000151,water_source,I00008,18.36622222002056
P0000151,highway_interchange,I00009,5.0220555183324915
P0000151,data_center,I00012,9.329480694658
P0000152,transmission_line,I00001,14.618026187865569
P0000152,substation,I00005,10.471220007903158
P0000152,fiber_node,I00007,22.30670852878214
P0000152,water_source,I00008,15.060943986030166
P0000152,highway_interchange,I00009,19.57582840561388
P0000152,data_center,I00011,9.253828339275053
P0000153,transmission_line,I00001,15.722274548427563
P0000153,substation,I00005,23.616484814707444
P0000153,fiber_node,I00007,27.052812480567745
P0000153,water_source,I00008,30.24188700815705
P0000153,highway_interchange,I00009,22.142425919520367
P0000153,data_center,I00011,23.986649254206768
P0000154,transmission_line,I00002,10.983086092595016
P0000154,substation,I00004,6.8552361945173645
P0000154,fiber_node,I00007,8.098584733397058
P0000154,water_source,I00008,22.858187976222304
P0000154,highway_interchange,I00010,6.685699800969479
P0000154,data_center,I00012,3.4801710049952828
P0000155,transmission_line,I00003,7.898536074501265
P0000155,substation,I00005,10.613461307804416
P0000155,fiber_node,I00006,14.825164859824243
P0000155,water_source,I00008,10.329997080099753
P0000155,highway_interchange,I00010,9.532314386643344
P0000155,data_center,I00012,9.952432498153364
P0000156,transmission_line,I00002,2.3053089140147844
P0000156,substation,I00004,7.154185397052041
P0000156,fiber_node,I00007,7.227285063026963
P0000156,water_source,I00008,16.1281997737451
P0000156,highway_interchange,I00009,6.4694553275073465
P0000156,data_center,I00012,11.586403697822966
P0000157,transmission_line,I00002,14.298016582559233
P0000157,substation,I00004,9.041257119330218
P0000157,fiber_node,I00007,9.303338018761668
P0000157,water_source,I00008,28.148354599565174
P0000157,highway_interchange,I00010,11.980770920469212
P0000157,data_center,I00012,9.145136737527666
P0000158,transmission_line,I00002,7.711310369514086
P0000158,substation,I00004,2.6531970102019504
P0000158,fiber_node,I00007,1.9939807709672488
P0000158,water_source,I00008,23.372299822066942
P0000158,highway_interchange,I00009,6.572173502677623
P0000158,data_center,I00012,8.268111561594512
P0000159,transmission_line,I00003,5.18285243505279
P0000159,substation,I00005,17.68158994691583
P0000159,fiber_node,I00006,12.601328420436012
P0000159,water_source,I00008,14.368793080673267
P0000159,highway_interchange,I00010,11.09023039300833
P0000159,data_center,I00012,14.335144364459355
P0000160,transmission_line,I00001,2.522783579705842
P0000160,substation,I00004,11.895216594001836
P0000160,fiber_node,I00007,10.611954717654921
P0000160,water_source,I00008,23.894221049577705
P0000160,highway_interchange,I00009,5.465534819219287
P0000160,data_center,I00012,18.462927479674338
P0000161,transmission_line,I00002,3.9585533513953193
P0000161,substation,I00004,7.036757497003536
P0000161,fiber_node,I00007,8.275840383411682
P0000161,water_source,I00008,13.730297954024874
P0000161,highway_interchange,I00010,10.664722491583309
P0000161,data_center,I00012,7.424560552012042
P0000162,transmission_line,I00002,7.825011429499407
P0000162,substation,I00004,4.613482180041887
P0000162,fiber_node,I00007,6.20501925079863
P0000162,water_source,I00008,20.006622445266647
P0000162,highway_interchange,I00010,7.085501760440953
P0000162,data_center,I00012,2.2710429752104635
P0000163,transmission_line,I00003,7.5537450786772
P0000163,substation,I00005,21.23512517707781
P0000163,fiber_node,I00006,12.747997522662642
P0000163,water_source,I00008,17.07666325075835
P0000163,highway_interchange,I00010,13.787427535551043
P0000163,data_center,I00012,17.588795919414228
P0000164,transmission_line,I00002,6.671057908183865
P0000164,substation,I00004,2.9876577995472573
P0000164,fiber_node,I00007,1.3112485142160228
P0000164,water_source,I00008,22.815997920843024
P0000164,highway_interchange,I00009,4.403202374670474
P0000164,data_center,I00012,9.677624198769
P0000165,transmission_line,I00002,3.6879137664662758
P0000165,substation,I00004,1.7874963807019077
P0000165,fiber_node,I00007,2.2426711910760053
P0000165,water_source,I00008,19.55580796956676
P0000165,highway_interchange,I00009,5.611726387156078
P0000165,data_center,I00012,7.814686640720446
P0000166,transmission_line,I00002,9.67936802570646
P0000166,substation,I00004,7.023651008307328
P0000166,fiber_node,I00007,8.61681073809616
P0000166,water_source,I00008,19.89791911838396
P0000166,highway_interchange,I00010,4.68874938762701
P0000166,data_center,I00012,0.47328598416050727
P0000167,transmission_line,I00002,7.03153601184149
P0000167,substation,I00004,7.9957449753931495
P0000167,fiber_node,I00007,9.585494154793928
P0000167,water_source,I00008,14.469959461066432
P0000167,highway_interchange,I00010,7.308304272317958
P0000167,data_center,I00012,5.052963517716694
P0000168,transmission_line,I00001,25.272448511127923
P0000168,substation,I00005,20.51276600792426
P0000168,fiber_node,I00006,29.99443711053073
P0000168,water_source,I00008,21.79919449495157
P0000168,highway_interchange,I00009,30.732886424523183
P0000168,data_center,I00011,18.049987723223577
P0000169,transmission_line,I00001,8.952534718797523
P0000169,substation,I00005,9.032408957444845
P0000169,fiber_node,I00007,17.12437282011495
P0000169,water_source,I00008,16.07188502309421
P0000169,highway_interchange,I00009,13.97844008295796
P0000169,data_center,I00011,9.794207383414584
P0000170,transmission_line,I00001,10.733375904460132
P0000170,substation,I00005,12.161959062521642
P0000170,fiber_node,I00007,20.198183414075995
P0000170,water_source,I00008,18.53293028879695
P0000170,highway_interchange,I00009,16.57242673674911
P0000170,data_center,I00011,12.27593712749549
P0000171,transmission_line,I00002,10.316059321873697
P0000171,substation,I00005,2.0373327584867305
P0000171,fiber_node,I00007,16.098154191166245
P0000171,water_source,I00008,9.215545238817661
P0000171,highway_interchange,I00009,15.124220695147466
P0000171,data_center,I00011,3.3819266970353605
P0000172,transmission_line,I00001,4.849861946757091
P0000172,substation,I00005,9.563011676942212
P0000172,fiber_node,I00007,12.864178505357993
P0000172,water_source,I00008,17.475474507169007
P0000172,highway_interchange,I00009,9.417342785357375
P0000172,data_center,I00011,11.662225544131871
P0000173,transmission_line,I00001,9.952464118333957
P0000173,substation,I00005,5.242581517362594
P0000173,fiber_node,I00007,15.336077725631228
P0000173,water_source,I00008,12.708954259874142
P0000173,highway_interchange,I00009,13.282735039093792
P0000173,data_center,I00011,6.6311054950402175
P0000174,transmission_line,I00001,5.080288845483029
P0000174,substation,I00005,9.35268559277344
P0000174,fiber_node,I00007,12.9491833319225
P0000174,water_source,I00008,17.257635771276128
P0000174,highway_interchange,I00009,9.572022846208105
P0000174,data_center,I00011,11.433717209519267
P0000175,transmission_line,I00002,15.093775143137574
P0000175,substation,I00004,10.67889349749187
P0000175,fiber_node,I00007,9.43904211374876
P0000175,water_source,I00008,31.226187587609164
P0000175,highway_interchange,I00009,10.358920482179443
P0000175,data_center,I00012,15.497736586220073
P0000176,transmission_line,I00003,7.791420730563066
P0000176,substation,I00005,10.67337034137268
P0000176,fiber_node,I00007,14.500078025036085
P0000176,water_source,I00008,10.893593661936345
P0000176,highway_interchange,I00010,8.95747590321658
P0000176,data_center,I00012,9.214202997991949
P0000177,transmission_line,I00002,13.365123284688147
P0000177,substation,I00005,4.212282139051016
P0000177,fiber_node,I00006,18.97200122471872
P0000177,water_source,I00008,8.258946092466791
P0000177,highway_interchange,I00009,18.065970622805416
P0000177,data_center,I00011,2.1189653362304375
P0000178,transmission_line,I00001,11.886379617731908
P0000178,substation,I00005,16.24990973892361
P0000178,fiber_node,I00007,22.56447800471855
P0000178,water_source,I00008,22.628471094716865
P0000178,highway_interchange,I00009,18.318583112973712
P0000178,data_center,I00011,16.392547920853502
P0000179,transmission_line,I00002,10.946625015807367
P0000179,substation,I00005,3.3902383223189188
P0000179,fiber_node,I00007,16.626209267351456
P0000179,water_source,I00008,10.186987757344985
P0000179,highway_interchange,I00009,15.232247297103402
P0000179,data_center,I00011,4.022971273514762
P0000180,transmission_line,I00001,13.802618546596017
P0000180,substation,I00004,22.48778374461745
P0000180,fiber_node,I00007,20.88007250858377
P0000180,water_source,I00008,35.60538255890072
P0000180,highway_interchange,I00009,16.14973553797893
P0000180,data_center,I00012,29.32220891868093
P0000181,transmission_line,I00003,3.2135713808925535
P0000181,substation,I00004,14.927272689501743
P0000181,fiber_node,I00006,16.186169095923063
P0000181,water_source,I00008,14.421231922783905
P0000181,highway_interchange,I00010,6.6019451465166785
P0000181,data_center,I00012,9.261960847663024
P0000182,transmission_line,I00002,7.066908096323257
P0000182,substation,I00005,5.502821145300818
P0000182,fiber_node,I00007,12.316374336403577
P0000182,water_source,I00008,9.532187729790344
P0000182,highway_interchange,I00010,12.84163869070338
P0000182,data_center,I00011,8.278926426187393
P0000183,transmission_line,I00002,4.0313790009275285
P0000183,substation,I00004,4.462055171855162
P0000183,fiber_node,I00007,3.6560294448643904
P0000183,water_source,I00008,20.138953841440586
P0000183,highway_interchange,I00009,2.9331099797530187
P0000183,data_center,I00012,10.830175328203048
P0000184,transmission_line,I00002,4.45576184858569
P0000184,substation,I00004,4.333596076320829
P0000184,fiber_node,I00007,5.881052752060545
P0000184,water_source,I00008,16.891805691755483
P0000184,highway_interchange,I00010,9.083293548830108
P0000184,data_center,I00012,4.856546439533405
P0000185,transmission_line,I00002,5.714349405877274
P0000185,substation,I00005,6.382609518467175
P0000185,fiber_node,I00007,10.845832697968245
P0000185,water_source,I00008,11.008911871189458
P0000185,highway_interchange,I00010,12.12975937942645
P0000185,data_center,I00011,9.40967153451549
P0000186,transmission_line,I00002,5.167706874099089
P0000186,substation,I00004,6.772718205028482
P0000186,fiber_node,I00007,8.24660818986508
P0000186,water_source,I00008,14.546017534501425
P0000186,highway_interchange,I00010,8.87092949532118
P0000186,data_center,I00012,5.735432888673748
P0000187,transmission_line,I00002,5.59579541156451
P0000187,substation,I00005,7.920578882340173
P0000187,fiber_node,I00007,10.099407935151364
P0000187,water_source,I00008,12.076929572045362
P0000187,highway_interchange,I00010,10.63500555552018
P0000187,data_center,I00012,8.163182494242049
P0000188,transmission_line,I00001,5.685743981809959
P0000188,substation,I00005,10.14368557040066
P0000188,fiber_node,I00007,14.62050558033567
P0000188,water_source,I00008,17.85521774914004
P0000188,highway_interchange,I00009,10.992350563766339
P0000188,data_center,I00011,11.790532925201244
P0000189,transmission_line,I00003,10.803289594107348
P0000189,substation,I00005,8.80996921786719
P0000189,fiber_node,I00006,12.323849759086201
P0000189,water_source,I00008,6.788416277931614
P0000189,highway_interchange,I00010,13.10383144189545
P0000189,data_center,I00011,9.760838110621416
P0000190,transmission_line,I00002,29.12339070152527
P0000190,substation,I00005,19.531582721201435
P0000190,fiber_node,I00006,16.45527390747236
P0000190,water_source,I00008,14.251199309244214
P0000190,highway_interchange,I00010,34.02375905548968
P0000190,data_center,I00011,16.22771445554539
P0000191,transmission_line,I00001,2.90878899807104
P0000191,substation,I00004,9.476860479458574
P0000191,fiber_node,I00007,8.535626517941907
P0000191,water_source,I00008,20.595690621566174
P0000191,highway_interchange,I00009,4.186052261151419
P0000191,data_center,I00011,15.568759414109238
P0000192,transmission_line,I00001,1.8188340478892027
P0000192,substation,I00004,14.094255839982546
P0000192,fiber_node,I00007,13.006879134556305
P0000192,water_source,I00008,23.0692979645642
P0000192,highway_interchange,I00009,8.070161111097004
P0000192,data_center,I00011,17.330228321678554
P0000193,transmission_line,I00002,14.29604054851145
P0000193,substation,I00004,9.027978056395115
P0000193,fiber_node,I00007,8.578855968712082
P0000193,water_source,I00008,29.47537440940867
P0000193,highway_interchange,I00009,11.969197414338874
P0000193,data_center,I00012,11.616264601679623
P0000194,transmission_line,I00002,8.70364446225361
P0000194,substation,I00005,2.3174490383712003
P0000194,fiber_node,I00007,14.441470589392464
P0000194,water_source,I00008,7.6925324430823485
P0000194,highway_interchange,I00009,14.903447951791186
P0000194,data_center,I00011,5.022900707770343
P0000195,transmission_line,I00001,9.194021949967162
P0000195,substation,I00004,10.292745903641046
P0000195,fiber_node,I00007,8.609636270866053
P0000195,water_source,I00008,27.93782278639969
P0000195,highway_interchange,I00009,5.354309602843376
P0000195,data_center,I00012,16.988289850935594
P0000196,transmission_line,I00002,9.0670656224445
P0000196,substation,I00004,6.162882289166785
P0000196,fiber_node,I00007,7.744231841451967
P0000196,water_source,I00008,20.042395921136222
P0000196,highway_interchange,I00010,5.569379594378847
P0000196,data_center,I00012,0.8944294014763977
P0000197,transmission_line,I00002,5.707682214176468
P0000197,substation,I00004,7.936081755586539
P0000197,fiber_node,I00007,9.365166772750465
P0000197,water_source,I00008,13.351095780208155
P0000197,highway_interchange,I00010,9.223769351571804
P0000197,data_center,I00012,6.625455135012068
P0000198,transmission_line,I00002,3.3397882357511275
P0000198,substation,I00004,5.165683550260042
P0000198,fiber_node,I00007,4.618088969580135
P0000198,water_source,I00008,19.19201953289629
P0000198,highway_interchange,I00009,3.5251190229255767
P0000198,data_center,I00012,11.130887926647045
P0000199,transmission_line,I00003,8.596914067885141
P0000199,substation,I00005,10.957916639464928
P0000199,fiber_node,I00006,12.28838855446069
P0000199,water_source,I00008,8.770908591457808
P0000199,highway_interchange,I00010,11.539456635450225
P0000199,data_center,I00011,12.066613822567462
P0000200,transmission_line,I00002,19.08634433727187
P0000200,substation,I00005,9.697028099763793
P0000200,fiber_node,I00006,18.65968086571177
P0000200,water_source,I00008,9.469828711658486
P0000200,highway_interchange,I00009,23.621716624913113
P0000200,data_center,I00011,6.51115075711807
P0000201,transmission_line,I00003,3.661417515396132
P0000201,substation,I00004,13.387581199672749
P0000201,fiber_node,I00007,15.05886307698037
P0000201,water_source,I00008,18.23074357281112
P0000201,highway_interchange,I00010,2.6247953490074845
P0000201,data_center,I00012,6.750901711932292
P0000202,transmission_line,I00002,18.36825757137265
P0000202,substation,I00004,13.474170433250217
P0000202,fiber_node,I00007,12.540757662149266
P0000202,water_source,I00008,34.19666182003201
P0000202,highway_interchange,I00009,14.255482171381468
P0000202,data_center,I00012,16.987174559653646
P0000203,transmission_line,I00003,7.56376189205479
P0000203,substation,I00005,16.011600291165255
P0000203,fiber_node,I00006,10.071205076896407
P0000203,water_source,I00008,11.841810046486165
P0000203,highway_interchange,I00010,12.91795627273582
P0000203,data_center,I00012,15.475995477083112
P0000204,transmission_line,I00002,23.03426788307231
P0000204,substation,I00004,17.73899468593805
P0000204,fiber_node,I00007,17.31406925973525
P0000204,water_source,I00008,37.85628831627421
P0000204,highway_interchange,I00009,20.2005612480389
P0000204,data_center,I00012,18.975839910285845
P0000205,transmission_line,I00002,8.733301048418072
P0000205,substation,I00005,4.6058622296783085
P0000205,fiber_node,I00007,14.16672912573058
P0000205,water_source,I00008,12.422731899153785
P0000205,highway_interchange,I00009,12.400555197634008
P0000205,data_center,I00011,6.64440099939105
P0000206,transmission_line,I00002,7.33629870416524
P0000206,substation,I00005,5.028709631913328
P0000206,fiber_node,I00007,12.73199858839844
P0000206,water_source,I00008,13.004833227263598
P0000206,highway_interchange,I00009,11.064352338280603
P0000206,data_center,I00011,7.590308419053598
P0000207,transmission_line,I00003,7.995270140764767
P0000207,substation,I00005,11.601864784395453
P0000207,fiber_node,I00006,12.304537814252305
P0000207,water_source,I00008,9.343991636612543
P0000207,highway_interchange,I00010,11.183078123511253
P0000207,data_center,I00012,12.323553764116902
P0000208,transmission_line,I00001,14.186927358593183
P0000208,substation,I00004,11.434965262217037
P0000208,fiber_node,I00007,9.914495038112934
P0000208,water_source,I00008,31.243815742312353
P0000208,highway_interchange,I00009,9.178361994989144
P0000208,data_center,I00012,17.17683534183091
P0000209,transmission_line,I00003,10.541963572946479
P0000209,substation,I00004,11.008821752107412
P0000209,fiber_node,I00007,12.348628260096469
P0000209,water_source,I00008,23.842014372730187
P0000209,highway_interchange,I00010,4.5683824346467805
P0000209,data_center,I00012,5.360908770841766
P0000210,transmission_line,I00001,7.438368953398271
P0000210,substation,I00005,12.873537515042301
P0000210,fiber_node,I00007,17.76652851790468
P0000210,water_source,I00008,20.133754179844978
P0000210,highway_interchange,I00009,13.66001549172748
P0000210,data_center,I00011,13.866302296198693
P0000211,transmission_line,I00001,4.195503306687211
P0000211,substation,I00004,16.48615221517624
P0000211,fiber_node,I00007,15.37536171239447
P0000211,water_source,I00008,24.420660073702145
P0000211,highway_interchange,I00009,10.372755362313377
P0000211,data_center,I00011,18.452776713288632
P0000212,transmission_line,I00002,6.661411111127004
P0000212,substation,I00005,3.0044257819279743
P0000212,fiber_node,I00007,12.4970769358103
P0000212,water_source,I00008,10.093472586968355
P0000212,highway_interchange,I00009,12.541605332960831
P0000212,data_center,I00011,6.3631663876649815
P0000213,transmission_line,I00003,8.184034134069432
P0000213,substation,I00005,10.57455257576811
P0000213,fiber_node,I00007,12.945958586194097
P0000213,water_source,I00008,11.87703994110553
P0000213,highway_interchange,I00010,8.181452314283932
P0000213,data_center,I00012,7.820214503084537
P0000214,transmission_line,I00001,10.95478204770263
P0000214,substation,I00004,17.803539275919423
P0000214,fiber_node,I00007,16.15941517491057
P0000214,water_source,I00008,32.64286520431133
P0000214,highway_interchange,I00009,11.711340047918807
P0000214,data_center,I00012,24.615752153210863
P0000215,transmission_line,I00001,3.033659616167496
P0000215,substation,I00005,14.01538095696222
P0000215,fiber_node,I00007,14.237501643628036
P0000215,water_source,I00008,21.891944223576996
P0000215,highway_interchange,I00009,9.581547427792396
P0000215,data_center,I00011,15.949512638240863
P0000216,transmission_line,I00003,11.466134032453125
P0000216,substation,I00004,10.74036370729227
P0000216,fiber_node,I00007,11.998214971871066
P0000216,water_source,I00008,24.466110651253075
P0000216,highway_interchange,I00010,5.441120504378468
P0000216,data_center,I00012,5.597565168121448
P0000217,transmission_line,I00002,19.769478213895887
P0000217,substation,I00004,14.568576003486566
P0000217,fiber_node,I00007,13.963643821891075
P0000217,water_source,I00008,35.05413669467015
P0000217,highway_interchange,I00009,16.54905272291241
P0000217,data_center,I00012,16.78838160677967
P0000218,transmission_line,I00001,10.315102626789235
P0000218,substation,I00004,7.767507585972161
P0000218,fiber_node,I00007,6.097539285109939
P0000218,water_source,I00008,26.75002481414027
P0000218,highway_interchange,I00009,4.634742686101
P0000218,data_center,I00012,14.27413680685647
P0000219,transmission_line,I00002,10.572240713171956
P0000219,substation,I00004,6.09842766997677
P0000219,fiber_node,I00007,4.839917327214317
P0000219,water_source,I00008,26.634531574410488
P0000219,highway_interchange,I00009,6.89330393855929
P0000219,data_center,I00012,11.545227177718207
P0000220,transmission_line,I00003,8.633519187945636
P0000220,substation,I00005,10.725150377694572
P0000220,fiber_node,I00006,12.587124241383016
P0000220,water_source,I00008,8.791058983480658
P0000220,highway_interchange,I00010,11.389069864746483
P0000220,data_center,I00011,11.910970490859667
P0000221,transmission_line,I00002,16.822535668915858
P0000221,substation,I00005,7.829403324733497
P0000221,fiber_node,I00006,19.9255592541716
P0000221,water_source,I00008,9.839503211098686
P0000221,highway_interchange,I00009,21.0418929343478
P0000221,data_center,I00011,5.11898173510615
P0000222,transmission_line,I00002,12.40876995870581
P0000222,substation,I00005,3.131828816498764
P0000222,fiber_node,I00006,15.683632083662216
P0000222,water_source,I00008,4.997681314764996
P0000222,highway_interchange,I00009,18.242031996555525
P0000222,data_center,I00011,1.9558735367599729
P0000223,transmission_line,I00003,4.2250455883220495
P0000223,substation,I00004,12.525529114480502
P0000223,fiber_node,I00007,14.210153988272864
P0000223,water_source,I00008,16.04276813424773
P0000223,highway_interchange,I00010,3.9888643553598127
P0000223,data_center,I00012,6.473118519838135
P0000224,transmission_line,I00003,16.86962363771867
P0000224,substation,I00005,11.088683906794826
P0000224,fiber_node,I00006,7.54688367542421
P0000224,water_source,I00008,3.2266185455962257
P0000224,highway_interchange,I00010,20.337468806881137
P0000224,data_center,I00011,9.512030168436047
P0000225,transmission_line,I00001,2.8093789152864463
P0000225,substation,I00004,10.503067410446741
P0000225,fiber_node,I00007,9.250147965284967
P0000225,water_source,I00008,23.052085052541674
P0000225,highway_interchange,I00009,4.1474565628258935
P0000225,data_center,I00012,17.05452583860957
P0000226,transmission_line,I00002,3.195464952277476
P0000226,substation,I00004,4.071215259161872
P0000226,fiber_node,I00007,3.6096438126782764
P0000226,water_source,I00008,19.3875221558882
P0000226,highway_interchange,I00009,3.8293475333103464
P0000226,data_center,I00012,10.141278871985245
P0000227,transmission_line,I00002,7.217298347329584
P0000227,substation,I00004,5.370781013154256
P0000227,fiber_node,I00007,7.0533534120595505
P0000227,water_source,I00008,18.270588579284272
P0000227,highway_interchange,I00010,6.55226626799176
P0000227,data_center,I00012,2.0704399439695793
P0000228,transmission_line,I00002,15.991722776133011
P0000228,substation,I00005,6.358285623183856
P0000228,fiber_node,I00006,16.13565708998556
P0000228,water_source,I00008,5.91076312793517
P0000228,highway_interchange,I00009,21.244815003575898
P0000228,data_center,I00011,2.9994838944850395
P0000229,transmission_line,I00002,11.290283185883245
P0000229,substation,I00005,1.9898233889717887
P0000229,fiber_node,I00007,17.116170051310768
P0000229,water_source,I00008,7.967704252106685
P0000229,highway_interchange,I00009,16.369335924591088
P0000229,data_center,I00011,2.03292952219971
P0000230,transmission_line,I00002,8.971114102862053
P0000230,substation,I00004,3.64989380053397
P0000230,fiber_node,I00007,3.568974344329137
P0000230,water_source,I00008,24.156126078771962
P0000230,highway_interchange,I00009,8.229315290771021
P0000230,data_center,I00012,7.669206679770335
P0000231,transmission_line,I00002,9.279493342190436
P0000231,substation,I00004,7.239614150505359
P0000231,fiber_node,I00007,8.890806119073872
P0000231,water_source,I00008,18.856711946297875
P0000231,highway_interchange,I00010,4.473576011141775
P0000231,data_center,I00012,0.7111102152747454
P0000232,transmission_line,I00003,4.684753593438476
P0000232,substation,I00005,14.465736455572573
P0000232,fiber_node,I00006,13.990701812068009
P0000232,water_source,I00008,12.650984117574172
P0000232,highway_interchange,I00010,8.800156261300053
P0000232,data_center,I00012,11.102288806930831
P0000233,transmission_line,I00002,12.724557360584809
P0000233,substation,I00005,5.579415190374088
P0000233,fiber_node,I00006,13.012555880223967
P0000233,water_source,I00008,3.640759587679644
P0000233,highway_interchange,I00010,16.777854171387073
P0000233,data_center,I00011,5.578778097169756
P0000234,transmission_line,I00002,5.261283027469773
P0000234,substation,I00005,7.444967522965287
P0000234,fiber_node,I00007,10.093437874486197
P0000234,water_source,I00008,15.328129514683292
P0000234,highway_interchange,I00009,8.13157087456969
P0000234,data_center,I00011,10.356788966990356
P0000235,transmission_line,I00002,27.937624623083014
P0000235,substation,I00005,18.396658563803
P0000235,fiber_node,I00006,20.522887238343852
P0000235,water_source,I00008,15.357893286849816
P0000235,highway_interchange,I00009,32.5103785899104
P0000235,data_center,I00011,15.062874409529353
P0000236,transmission_line,I00003,4.974690065622118
P0000236,substation,I00005,15.311891687031519
P0000236,fiber_node,I00006,12.950978690213175
P0000236,water_source,I00008,12.728551774441792
P0000236,highway_interchange,I00010,9.8949681487196
P0000236,data_center,I00012,12.486070736470033
P0000237,transmission_line,I00002,4.856179377552452
P0000237,substation,I00005,5.166497908392091
P0000237,fiber_node,I00007,10.578919703455691
P0000237,water_source,I00008,11.408753892737442
P0000237,highway_interchange,I00009,11.308971286982848
P0000237,data_center,I00011,8.481229270697987
P0000238,transmission_line,I00002,7.364016246167021
P0000238,substation,I00004,7.867981031615871
P0000238,fiber_node,I00007,9.495435363019759
P0000238,water_source,I00008,15.056294059449133
P0000238,highway_interchange,I00010,6.69780405608193
P0000238,data_center,I00012,4.425952249259185
P0000239,transmission_line,I00002,12.721704540877752
P0000239,substation,I00005,7.025346939955166
P0000239,fiber_node,I00006,12.33442835572659
P0000239,water_source,I00008,4.724656084093372
P0000239,highway_interchange,I00010,15.165530965869019
P0000239,data_center,I00011,7.507302397986554
P0000240,transmission_line,I00003,4.924062192341926
P0000240,substation,I00005,15.911627534917084
P0000240,fiber_node,I00006,12.79502450287069
P0000240,water_source,I00008,13.109781415852087
P0000240,highway_interchange,I00010,10.173497146125372
P0000240,data_center,I00012,12.954411005570307
P0000241,transmission_line,I00001,8.152604875503249
P0000241,substation,I00005,11.226604256110003
P0000241,fiber_node,I00007,17.635987076342325
P0000241,water_source,I00008,18.341238506850313
P0000241,highway_interchange,I00009,13.928951410793383
P0000241,data_center,I00011,12.060749604336763
P0000242,transmission_line,I00002,8.248444222523752
P0000242,substation,I00004,4.547059683836864
P0000242,fiber_node,I00007,2.939410902941564
P0000242,water_source,I00008,24.451538633786345
P0000242,highway_interchange,I00009,4.537402831057888
P0000242,data_center,I00012,10.97265378491711
P0000243,transmission_line,I00001,2.9584667528167263
P0000243,substation,I00005,11.177017935282551
P0000243,fiber_node,I00007,12.022857749869488
P0000243,water_source,I00008,19.141725285637385
P0000243,highway_interchange,I00009,8.049402544961723
P0000243,data_center,I00011,13.455608577738037
P0000244,transmission_line,I00002,12.392264224940376
P0000244,substation,I00004,8.320182476428947
P0000244,fiber_node,I00007,9.532495005382216
P0000244,water_source,I00008,23.65933033077553
P0000244,highway_interchange,I00010,6.234865438303837
P0000244,data_center,I00012,4.21575968847264
P0000245,transmission_line,I00002,8.315070958762728
P0000245,substation,I00005,9.002753825581763
P0000245,fiber_node,I00007,12.29940022552477
P0000245,water_source,I00008,11.111215663389368
P0000245,highway_interchange,I00010,9.48330291453371
P0000245,data_center,I00012,8.34897301067079
P0000246,transmission_line,I00002,3.603393912623171
P0000246,substation,I00004,1.9109142820736975
P0000246,fiber_node,I00007,3.100574228442358
P0000246,water_source,I00008,18.837078155643248
P0000246,highway_interchange,I00009,6.8205994854367145
P0000246,data_center,I00012,6.722376938868283
P0000247,transmission_line,I00003,1.6176269107505876
P0000247,substation,I00004,17.123278774085097
P0000247,fiber_node,I00006,16.0248986800939
P0000247,water_source,I00008,15.92959403432892
P0000247,highway_interchange,I00010,7.434865730667752
P0000247,data_center,I00012,11.033053728140743
P0000248,transmission_line,I00002,19.74619611001779
P0000248,substation,I00005,10.113163945921318
P0000248,fiber_node,I00006,15.362283756111713
P0000248,water_source,I00008,7.092363303044501
P0000248,highway_interchange,I00009,24.996350374308108
P0000248,data_center,I00011,6.766886242722088
P0000249,transmission_line,I00003,7.116986771918889
P0000249,substation,I00004,10.764076503205729
P0000249,fiber_node,I00007,12.396635442167307
P0000249,water_source,I00008,13.72688570470041
P0000249,highway_interchange,I00010,6.307049749436942
P0000249,data_center,I00012,6.259026100181316
P0000250,transmission_line,I00002,8.713369033886273
P0000250,substation,I00005,2.8974066707365327
P0000250,fiber_node,I00007,14.384304043429305
P0000250,water_source,I00008,7.565729274214057
P0000250,highway_interchange,I00009,15.054956631118461
P0000250,data_center,I00011,5.427836060487893
P0000251,transmission_line,I00001,3.8104959283486926
P0000251,substation,I00004,9.461012986068347
P0000251,fiber_node,I00007,8.813827753636444
P0000251,water_source,I00008,18.808264980586856
P0000251,highway_interchange,I00009,5.321506629889545
P0000251,data_center,I00011,13.778174500622328
P0000252,transmission_line,I00003,9.351212655425762
P0000252,substation,I00004,9.463535624016753
P0000252,fiber_node,I00007,10.967357342074203
P0000252,water_source,I00008,21.44907757320029
P0000252,highway_interchange,I00010,3.1267364666989654
P0000252,data_center,I00012,3.082114955303561
P0000253,transmission_line,I00001,3.62903354267219
P0000253,substation,I00005,12.535377503112244
P0000253,fiber_node,I00007,14.170248350873456
P0000253,water_source,I00008,20.374795141361965
P0000253,highway_interchange,I00009,9.85506729658867
P0000253,data_center,I00011,14.398405229149738
P0000254,transmission_line,I00003,10.584830694018363
P0000254,substation,I00005,8.1345258786905
P0000254,fiber_node,I00006,14.09281042936433
P0000254,water_source,I00008,7.871696339752077
P0000254,highway_interchange,I00010,12.043388639221853
P0000254,data_center,I00011,9.679740249786681
P0000255,transmission_line,I00002,13.139432620713583
P0000255,substation,I00005,4.8751181561005685
P0000255,fiber_node,I00007,18.812840259815665
P0000255,water_source,I00008,9.981814009372298
P0000255,highway_interchange,I00009,17.27600939212932
P0000255,data_center,I00011,3.755422269961384
P0000256,transmission_line,I00003,8.633007073228164
P0000256,substation,I00004,12.379566391765039
P0000256,fiber_node,I00007,13.839892289709864
P0000256,water_source,I00008,23.028884112512138
P0000256,highway_interchange,I00010,3.2013295686452063
P0000256,data_center,I00012,5.997015159255008
P0000257,transmission_line,I00001,18.596126463666003
P0000257,substation,I00004,17.933545594483828
P0000257,fiber_node,I00007,16.40455614050707
P0000257,water_source,I00008,37.466176888337515
P0000257,highway_interchange,I00009,14.976104381252412
P0000257,data_center,I00012,23.506932781782485
P0000258,transmission_line,I00002,3.3912729774908428
P0000258,substation,I00005,7.710214429397616
P0000258,fiber_node,I00007,8.55659206017764
P0000258,water_source,I00008,15.256441890187048
P0000258,highway_interchange,I00009,7.462854368317195
P0000258,data_center,I00011,10.904016206575252
P0000259,transmission_line,I00001,9.502661107820561
P0000259,substation,I00005,15.452565977916844
P0000259,fiber_node,I00007,20.356800255509857
P0000259,water_source,I00008,22.38232527943997
P0000259,highway_interchange,I00009,15.983660016415472
P0000259,data_center,I00011,16.088052384669478
P0000260,transmission_line,I00001,20.427076761786314
P0000260,substation,I00005,13.358463834243768
P0000260,fiber_node,I00006,23.86735762755732
P0000260,water_source,I00008,14.79884101917595
P0000260,highway_interchange,I00009,25.058033002014994
P0000260,data_center,I00011,10.778090757635324
P0000261,transmission_line,I00002,1.6152447655990536
P0000261,substation,I00004,6.409308717166081
P0000261,fiber_node,I00007,7.182865618451917
P0000261,water_source,I00008,14.709069191654027
P0000261,highway_interchange,I00009,8.440677406694343
P0000261,data_center,I00012,9.101364599626024
P0000262,transmission_line,I00002,17.418322258008782
P0000262,substation,I00004,12.34139420122425
P0000262,fiber_node,I00007,12.814081637567098
P0000262,water_source,I00008,30.14620066771534
P0000262,highway_interchange,I00010,12.111254523033594
P0000262,data_center,I00012,10.693000747293711
P0000263,transmission_line,I00003,3.345249625607554
P0000263,substation,I00004,18.75050648628516
P0000263,fiber_node,I00006,19.737762325515806
P0000263,water_source,I00008,20.52201165671996
P0000263,highway_interchange,I00010,7.3004208463356655
P0000263,data_center,I00012,12.00621410628773
P0000264,transmission_line,I00002,8.700230791435354
P0000264,substation,I00005,4.6715329470224365
P0000264,fiber_node,I00007,14.121158274387136
P0000264,water_source,I00008,12.4946439240665
P0000264,highway_interchange,I00009,12.336388615942957
P0000264,data_center,I00011,6.719713116015884
P0000265,transmission_line,I00002,9.669460870848624
P0000265,substation,I00004,4.331060743126037
P0000265,fiber_node,I00007,4.402306954246328
P0000265,water_source,I00008,24.602962540673524
P0000265,highway_interchange,I00009,9.071390835102324
P0000265,data_center,I00012,7.509392224581595
P0000266,transmission_line,I00002,1.2278855953395515
P0000266,substation,I00004,4.137167003441994
P0000266,fiber_node,I00007,4.623355682268626
P0000266,water_source,I00008,17.347574483724344
P0000266,highway_interchange,I00009,6.189159077723524
P0000266,data_center,I00012,8.67879671366369
P0000267,transmission_line,I00002,14.853845841054465
P0000267,substation,I00004,9.638600763488895
P0000267,fiber_node,I00007,9.07600727036184
P0000267,water_source,I00008,30.182917725223618
P0000267,highway_interchange,I00009,12.164960749749094
P0000267,data_center,I00012,12.452880392823072
P0000268,transmission_line,I00002,14.964015143325705
P0000268,substation,I00005,6.332913863089258
P0000268,fiber_node,I00006,20.47064953396882
P0000268,water_source,I00008,9.962905470531153
P0000268,highway_interchange,I00009,19.07145067672376
P0000268,data_center,I00011,4.260899706076831
P0000269,transmission_line,I00003,5.608552713411149
P0000269,substation,I00005,12.916093891820246
P0000269,fiber_node,I00006,15.062930649541004
P0000269,water_source,I00008,12.143043813974133
P0000269,highway_interchange,I00010,8.104938750512195
P0000269,data_center,I00012,9.603934930321339
P0000270,transmission_line,I00001,7.54492609838285
P0000270,substation,I00005,7.980431023115244
P0000270,fiber_node,I00007,14.902018437642928
P0000270,water_source,I00008,15.584984966049994
P0000270,highway_interchange,I00009,11.952293736423794
P0000270,data_center,I00011,9.490739255946366
P0000271,transmission_line,I00001,10.829937190103424
P0000271,substation,I00004,18.378513422382092
P0000271,fiber_node,I00007,16.753849160214983
P0000271,water_source,I00008,32.63275545888219
P0000271,highway_interchange,I00009,12.151259958004093
P0000271,data_center,I00012,25.20716402082617
P0000272,transmission_line,I00002,22.281057470370992
P0000272,substation,I00004,16.94316276787628
P0000272,fiber_node,I00007,16.737103456697053
P0000272,water_source,I00008,36.57263147555057
P0000272,highway_interchange,I00010,19.35473752243934
P0000272,data_center,I00012,17.399555929537627
P0000273,transmission_line,I00002,7.829803907554563
P0000273,substation,I00004,4.59367417907038
P0000273,fiber_node,I00007,6.182228076841884
P0000273,water_source,I00008,20.037001393303385
P0000273,highway_interchange,I00010,7.109842006095768
P0000273,data_center,I00012,2.29788927694331
P0000274,transmission_line,I00001,4.513115776098099
P0000274,substation,I00004,7.844865690449793
P0000274,fiber_node,I00007,6.841941560782392
P0000274,water_source,I00008,20.75712084191532
P0000274,highway_interchange,I00009,2.653972689968728
P0000274,data_center,I00012,14.155480972578808
P0000275,transmission_line,I00002,6.33924696105871
P0000275,substation,I00004,1.7798465703022681
P0000275,fiber_node,I00007,3.2995130682402833
P0000275,water_source,I00008,20.73454564329302
P0000275,highway_interchange,I00009,8.343279117044224
P0000275,data_center,I00012,5.171701793919338
P0000276,transmission_line,I00001,12.735914845509427
P0000276,substation,I00004,14.356346748340302
P0000276,fiber_node,I00007,12.684991062410933
P0000276,water_source,I00008,32.45664647246511
P0000276,highway_interchange,I00009,9.890875839280698
P0000276,data_center,I00012,20.770973280248324
P0000277,transmission_line,I00003,16.590340114881187
P0000277,substation,I00004,13.887011340230847
P0000277,fiber_node,I00007,14.637509004873461
P0000277,water_source,I00008,30.01319961397801
P0000277,highway_interchange,I00010,10.928670364296638
P0000277,data_center,I00012,10.732427095328879
P0000278,transmission_line,I00001,6.679348185420203
P0000278,substation,I00005,7.200831364866401
P0000278,fiber_node,I00007,11.556439308045599
P0000278,water_source,I00008,15.180010161635538
P0000278,highway_interchange,I00009,9.211501809413667
P0000278,data_center,I00011,9.78253253102582
P0000279,transmission_line,I00001,8.129493046292446
P0000279,substation,I00005,12.222990566906654
P0000279,fiber_node,I00007,18.08316647373738
P0000279,water_source,I00008,19.32734509773092
P0000279,highway_interchange,I00009,14.168930317737303
P0000279,data_center,I00011,13.042443607129282
P0000280,transmission_line,I00002,11.707121586109503
P0000280,substation,I00004,6.664347543626955
P0000280,fiber_node,I00007,7.328645150735062
P0000280,water_source,I00008,25.19320140879569
P0000280,highway_interchange,I00010,9.715995361188575
P0000280,data_center,I00012,6.311640219590753
P0000281,transmission_line,I00002,6.592043631235384
P0000281,substation,I00005,3.1030136054373947
P0000281,fiber_node,I00007,12.422299472580649
P0000281,water_source,I00008,10.085203674982733
P0000281,highway_interchange,I00009,12.532681939628677
P0000281,data_center,I00011,6.455634763140404
P0000282,transmission_line,I00002,6.709018197421036
P0000282,substation,I00005,2.925820972997615
P0000282,fiber_node,I00007,12.551517370200727
P0000282,water_source,I00008,10.260092268780047
P0000282,highway_interchange,I00009,12.431744720514457
P0000282,data_center,I00011,6.2844987244015105
P0000283,transmission_line,I00003,3.2589057503187475
P0000283,substation,I00004,13.42090460251049
P0000283,fiber_node,I00007,15.10467285301527
P0000283,water_source,I00008,17.006503223623476
P0000283,highway_interchange,I00010,3.5916358336091543
P0000283,data_center,I00012,7.046676667963947
P0000284,transmission_line,I00001,14.170958229000421
P0000284,substation,I00004,10.995469454007672
P0000284,fiber_node,I00007,9.495361655332653
P0000284,water_source,I00008,30.910350609809157
P0000284,highway_interchange,I00009,8.979604186621906
P0000284,data_center,I00012,16.681182703041735
P0000285,transmission_line,I00002,7.772488902937342
P0000285,substation,I00004,4.601612001392467
P0000285,fiber_node,I00007,6.1998695817163645
P0000285,water_source,I00008,19.941810240457762
P0000285,highway_interchange,I00010,7.087731962925643
P0000285,data_center,I00012,2.267412972157857
P0000286,transmission_line,I00002,4.884796226074537
P0000286,substation,I00004,3.2527094823244096
P0000286,fiber_node,I00007,4.888933731244393
P0000286,water_source,I00008,18.165178905924776
P0000286,highway_interchange,I00009,9.113200766588498
P0000286,data_center,I00012,4.549701280969944
P0000287,transmission_line,I00002,12.891387019375127
P0000287,substation,I00004,9.092996615629543
P0000287,fiber_node,I00007,7.607659576612164
P0000287,water_source,I00008,29.13323302991474
P0000287,highway_interchange,I00009,7.6005586478547675
P0000287,data_center,I00012,14.83607127518996
P0000288,transmission_line,I00002,5.244535904733784
P0000288,substation,I00004,7.003657516595008
P0000288,fiber_node,I00007,6.084467888663915
P0000288,water_source,I00008,20.296539365332155
P0000288,highway_interchange,I00009,2.5397385115491176
P0000288,data_center,I00012,13.255339510573544
P0000289,transmission_line,I00002,15.18050941157316
P0000289,substation,I00004,10.136523031647835
P0000289,fiber_node,I00007,10.687085830442141
P0000289,water_source,I00008,28.090079643455205
P0000289,highway_interchange,I00010,10.729739868620747
P0000289,data_center,I00012,8.698062420255619
P0000290,transmission_line,I00002,8.318331532420226
P0000290,substation,I00004,7.737165641072808
P0000290,fiber_node,I00007,9.418175671582082
P0000290,water_source,I00008,16.554833290696084
P0000290,highway_interchange,I00010,5.277331033726291
P0000290,data_center,I00012,2.9224957590402356
P0000291,transmission_line,I00001,4.579361007206566
P0000291,substation,I00005,9.30404746414466
P0000291,fiber_node,I00007,10.926642754817504
P0000291,water_source,I00008,17.28170592463753
P0000291,highway_interchange,I00009,7.766581826102872
P0000291,data_center,I00011,11.855308231324454
P0000292,transmission_line,I00001,19.80136636910524
P0000292,substation,I00005,16.69942183404266
P0000292,fiber_node,I00007,28.563602930898924
P0000292,water_source,I00008,19.810252639106714
P0000292,highway_interchange,I00009,25.424967107188532
P0000292,data_center,I00011,14.8680677199868
P0000293,transmission_line,I00002,6.594032091270118
P0000293,substation,I00005,5.952029590249978
P0000293,fiber_node,I00007,11.755508734486012
P0000293,water_source,I00008,10.120717029745538
P0000293,highway_interchange,I00010,12.405492610174111
P0000293,data_center,I00011,8.817014262648257
P0000294,transmission_line,I00002,10.564250353768
P0000294,substation,I00004,5.41565746367378
P0000294,fiber_node,I00007,6.01308436733961
P0000294,water_source,I00008,24.538653163654693
P0000294,highway_interchange,I00010,10.154394513837314
P0000294,data_center,I00012,6.230984608430684
P0000295,transmission_line,I00002,13.013074311110374
P0000295,substation,I00005,4.160211653726551
P0000295,fiber_node,I00007,18.77143887216661
P0000295,water_source,I00008,8.871943676940178
P0000295,highway_interchange,I00009,17.54165442856697
P0000295,data_center,I00011,2.6364745982175806
P0000296,transmission_line,I00003,6.008512731870661
P0000296,substation,I00004,10.663701710180245
P0000296,fiber_node,I00007,12.34867285228561
P0000296,water_source,I00008,16.719307506168715
P0000296,highway_interchange,I00010,3.2322018231381873
P0000296,data_center,I00012,4.544878266548428
P0000297,transmission_line,I00002,17.09307792554569
P0000297,substation,I00004,12.252869140952608
P0000297,fiber_node,I00007,11.275493426393384
P0000297,water_source,I00008,32.97541035306632
P0000297,highway_interchange,I00009,12.962633600142478
P0000297,data_center,I00012,16.041129826594467
P0000298,transmission_line,I00001,13.661266894045415
P0000298,substation,I00004,12.404830269678637
P0000298,fiber_node,I00007,10.809822130207023
P0000298,water_source,I00008,31.712590737953416
P0000298,highway_interchange,I00009,9.292500605695222
P0000298,data_center,I00012,18.421086899580327
P0000299,transmission_line,I00003,9.790572104327811
P0000299,substation,I00004,7.84044051780537
P0000299,fiber_node,I00007,9.415517352818833
P0000299,water_source,I00008,20.200962046073926
P0000299,highway_interchange,I00010,3.953045266816448
P0000299,data_center,I00012,1.2162022084381736
P0000300,transmission_line,I00002,17.639099010735617
P0000300,substation,I00005,8.265534895742967
P0000300,fiber_node,I00006,18.4999849234408
P0000300,water_source,I00008,8.767754757809156
P0000300,highway_interchange,I00009,22.22710518334828
P0000300,data_center,I00011,5.132053364214853
P0000301,transmission_line,I00002,26.957787339458772
P0000301,substation,I00005,17.53075512881479
P0000301,fiber_node,I00006,13.22262659633239
P0000301,water_source,I00008,11.435354521173622
P0000301,highway_interchange,I00010,31.01220170381373
P0000301,data_center,I00011,14.369577236152006
P0000302,transmission_line,I00001,8.29471178952819
P0000302,substation,I00004,15.48300022319462
P0000302,fiber_node,I00007,13.882042850116475
P0000302,water_source,I00008,29.898572982394402
P0000302,highway_interchange,I00009,9.17874788637628
P0000302,data_center,I00012,22.31780549501958
P0000303,transmission_line,I00002,5.810342988222846
P0000303,substation,I00004,4.840992185419055
P0000303,fiber_node,I00007,6.500447638413559
P0000303,water_source,I00008,17.34095815307911
P0000303,highway_interchange,I00010,7.76500030735582
P0000303,data_center,I00012,3.519752780382962
P0000304,transmission_line,I00002,2.865425943582858
P0000304,substation,I00004,2.6491163082795848
P0000304,fiber_node,I00007,3.6739049269800725
P0000304,water_source,I00008,18.16010012650173
P0000304,highway_interchange,I00009,6.839126036690639
P0000304,data_center,I00012,7.0454476238016
P0000305,transmission_line,I00002,9.611974618286093
P0000305,substation,I00004,7.06073446848582
P0000305,fiber_node,I00007,8.666167195477374
P0000305,water_source,I00008,19.71806815835902
P0000305,highway_interchange,I00010,4.624323027471634
P0000305,data_center,I00012,0.34136152474535536
P0000306,transmission_line,I00002,16.00459931162298
P0000306,substation,I00005,7.478316243233419
P0000306,fiber_node,I00006,11.435296022393816
P0000306,water_source,I00008,0.7201853700774941
P0000306,highway_interchange,I00010,20.124374420352876
P0000306,data_center,I00011,5.624681381184171
P0000307,transmission_line,I00002,10.747937490151141
P0000307,substation,I00005,7.748386294160014
P0000307,fiber_node,I00006,14.269573465530577
P0000307,water_source,I00008,7.7277377216590475
P0000307,highway_interchange,I00010,12.257260125874689
P0000307,data_center,I00011,9.333126225688126
P0000308,transmission_line,I00001,8.862551180560729
P0000308,substation,I00005,11.466064633418863
P0000308,fiber_node,I00007,18.35841774652449
P0000308,water_source,I00008,18.390083258951883
P0000308,highway_interchange,I00009,14.669094211546613
P0000308,data_center,I00011,12.096431330129992
P0000309,transmission_line,I00001,6.754354927558592
P0000309,substation,I00004,6.782443442224012
P0000309,fiber_node,I00007,5.30904931559339
P0000309,water_source,I00008,23.140559005732175
P0000309,highway_interchange,I00009,0.5465413033379912
P0000309,data_center,I00012,13.58577220526543
P0000310,transmission_line,I00001,5.140052675301796
P0000310,substation,I00005,12.586030111649825
P0000310,fiber_node,I00007,15.614192938583377
P0000310,water_source,I00008,20.245974960758243
P0000310,highway_interchange,I00009,11.38164945071424
P0000310,data_center,I00011,14.116812236810622
P0000311,transmission_line,I00001,4.849225392535077
P0000311,substation,I00005,9.513097267282625
P0000311,fiber_node,I00007,9.342460456523314
P0000311,water_source,I00008,17.40627596046104
P0000311,highway_interchange,I00009,6.477157606048567
P0000311,data_center,I00011,12.355910000101451
P0000312,transmission_line,I00002,16.825285611925846
P0000312,substation,I00004,11.547379777982245
P0000312,fiber_node,I00007,11.7130836650458
P0000312,water_source,I00008,30.55780760130823
P0000312,highway_interchange,I00010,13.577218374370537
P0000312,data_center,I00012,11.336586493134963
P0000313,transmission_line,I00002,4.299861629643809
P0000313,substation,I00004,5.885152511862759
P0000313,fiber_node,I00007,5.087008040546717
P0000313,water_source,I00008,19.86771207073987
P0000313,highway_interchange,I00009,2.729123477880355
P0000313,data_center,I00012,12.078466103049411
P0000314,transmission_line,I00002,22.313672722122863
P0000314,substation,I00005,12.860630861772862
P0000314,fiber_node,I00006,19.06051115595031
P0000314,water_source,I00008,11.295892054076518
P0000314,highway_interchange,I00009,26.827227809427434
P0000314,data_center,I00011,9.59088354180681
P0000315,transmission_line,I00002,14.841347057015613
P0000315,substation,I00004,9.502989269752034
P0000315,fiber_node,I00007,9.399537739521183
P0000315,water_source,I00008,29.393803012020857
P0000315,highway_interchange,I00009,13.356924974407075
P0000315,data_center,I00012,10.807724428190243
P0000316,transmission_line,I00002,7.907456831606996
P0000316,substation,I00005,2.8296023673225448
P0000316,fiber_node,I00007,13.62758068630001
P0000316,water_source,I00008,8.418899341807961
P0000316,highway_interchange,I00009,14.186309269948426
P0000316,data_center,I00011,5.778951213511637
P0000317,transmission_line,I00002,8.527098678811676
P0000317,substation,I00004,6.544630654971945
P0000317,fiber_node,I00007,8.209163013138863
P0000317,water_source,I00008,18.61602337263493
P0000317,highway_interchange,I00010,5.224635252755864
P0000317,data_center,I00012,0.9204304713986187
P0000318,transmission_line,I00001,7.50286361651501
P0000318,substation,I00005,7.301002061606246
P0000318,fiber_node,I00007,14.128666322201196
P0000318,water_source,I00008,15.055638287585282
P0000318,highway_interchange,I00009,11.41293609009066
P0000318,data_center,I00011,9.088825544158178
P0000319,transmission_line,I00001,17.952719758843582
P0000319,substation,I00005,25.345283759576535
P0000319,fiber_node,I00007,29.283637738084696
P0000319,water_source,I00008,31.705975005112617
P0000319,highway_interchange,I00009,24.38458558288477
P0000319,data_center,I00011,25.50481071643235
P0000320,transmission_line,I00002,17.054036119002998
P0000320,substation,I00004,11.715912992269004
P0000320,fiber_node,I00007,11.595549464278285
P0000320,water_source,I00008,31.456124102536574
P0000320,highway_interchange,I00010,15.231969345865497
P0000320,data_center,I00012,12.568890431239815
P0000321,transmission_line,I00002,4.673695826697118
P0000321,substation,I00004,7.906341272915978
P0000321,fiber_node,I00007,9.156187704547543
P0000321,water_source,I00008,12.892703707836272
P0000321,highway_interchange,I00010,10.714438861496165
P0000321,data_center,I00012,7.82552057085169
P0000322,transmission_line,I00002,6.668335276244448
P0000322,substation,I00004,4.184291669044643
P0000322,fiber_node,I00007,2.5496396097323744
P0000322,water_source,I00008,22.915300667991854
P0000322,highway_interchange,I00009,2.9362415431583253
P0000322,data_center,I00012,11.001749330278898
P0000323,transmission_line,I00003,18.948892071979216
P0000323,substation,I00004,14.874492047046164
P0000323,fiber_node,I00007,15.391528285970514
P0000323,water_source,I00008,32.032201046192974
P0000323,highway_interchange,I00010,13.224590743583487
P0000323,data_center,I00012,12.614171619557858
P0000324,transmission_line,I00002,2.1571926551889185
P0000324,substation,I00004,5.637982195241049
P0000324,fiber_node,I00007,5.4942982544954795
P0000324,water_source,I00008,17.744086004055507
P0000324,highway_interchange,I00009,4.923197800029475
P0000324,data_center,I00012,10.875772426045685
P0000325,transmission_line,I00002,1.5056854862619937
P0000325,substation,I00004,6.231462805463388
P0000325,fiber_node,I00007,6.366124121438563
P0000325,water_source,I00008,16.517746204069454
P0000325,highway_interchange,I00009,6.134044869101268
P0000325,data_center,I00012,10.75341314746147
P0000326,transmission_line,I00002,6.860476806030017
P0000326,substation,I00005,2.954891264845712
P0000326,fiber_node,I00007,12.673040755757977
P0000326,water_source,I00008,9.704310888425974
P0000326,highway_interchange,I00009,12.899249128648046
P0000326,data_center,I00011,6.2718887972614334
P0000327,transmission_line,I00001,16.189702922388385
P0000327,substation,I00005,12.201413043905905
P0000327,fiber_node,I00007,24.19500732674552
P0000327,water_source,I00008,16.163622267956825
P0000327,highway_interchange,I00009,21.36018386676149
P0000327,data_center,I00011,10.674838702636592
P0000328,transmission_line,I00003,8.856845058243335
P0000328,substation,I00005,13.837570682542454
P0000328,fiber_node,I00006,9.399371125735668
P0000328,water_source,I00008,9.536559468661135
P0000328,highway_interchange,I00010,13.439843994304448
P0000328,data_center,I00011,14.282496693111257
P0000329,transmission_line,I00003,9.220834059464115
P0000329,substation,I00004,13.787683386099197
P0000329,fiber_node,I00007,15.196057221980766
P0000329,water_source,I00008,24.38370036080339
P0000329,highway_interchange,I00010,4.552909607317889
P0000329,data_center,I00012,7.5621196858765884
P0000330,transmission_line,I00002,7.372912290810852
P0000330,substation,I00005,2.3787982855723873
P0000330,fiber_node,I00007,13.199134035361043
P0000330,water_source,I00008,9.355601090091417
P0000330,highway_interchange,I00009,13.290038506818066
P0000330,data_center,I00011,5.70733488169822
P0000331,transmission_line,I00003,13.736357496796444
P0000331,substation,I00004,20.032763213031608
P0000331,fiber_node,I00007,21.270507063813994
P0000331,water_source,I00008,30.446806013473946
P0000331,highway_interchange,I00010,11.072312984632555
P0000331,data_center,I00012,14.267680519962708
P0000332,transmission_line,I00001,3.4820004123667387
P0000332,substation,I00004,15.699114129660542
P0000332,fiber_node,I00007,14.566788176848862
P0000332,water_source,I00008,24.247986222624192
P0000332,highway_interchange,I00009,9.544161997715717
P0000332,data_center,I00011,18.363299251842303
P0000333,transmission_line,I00002,16.483593565165982
P0000333,substation,I00005,7.629995406593446
P0000333,fiber_node,I00006,20.28065030821641
P0000333,water_source,I00008,10.088478352365883
P0000333,highway_interchange,I00009,20.605810472494362
P0000333,data_center,I00011,5.086719724807874
P0000334,transmission_line,I00003,17.802785871924016
P0000334,substation,I00005,9.747291523644623
P0000334,fiber_node,I00006,9.249581480520229
P0000334,water_source,I00008,1.7806506095558614
P0000334,highway_interchange,I00010,20.80171385570533
P0000334,data_center,I00011,7.869555982507476
P0000335,transmission_line,I00003,10.811408432035476
P0000335,substation,I00005,12.377038739207082
P0000335,fiber_node,I00006,8.486720805638123
P0000335,water_source,I00008,7.40903993148181
P0000335,highway_interchange,I00010,14.899145438961837
P0000335,data_center,I00011,12.464179737843676
P0000336,transmission_line,I00003,6.718249807980389
P0000336,substation,I00005,14.69415168357514
P0000336,fiber_node,I00006,11.258006054128511
P0000336,water_source,I00008,11.331794821043951
P0000336,highway_interchange,I00010,11.535439233355817
P0000336,data_center,I00012,13.804766937328314
P0000337,transmission_line,I00002,10.010096992174994
P0000337,substation,I00005,2.1719758758987506
P0000337,fiber_node,I00007,15.774823204134261
P0000337,water_source,I00008,9.570339165562713
P0000337,highway_interchange,I00009,14.741847821472039
P0000337,data_center,I00011,3.7813863606950373
P0000338,transmission_line,I00001,4.552038703149399
P0000338,substation,I00005,16.34758200393052
P0000338,fiber_node,I00007,15.831494199824562
P0000338,water_source,I00008,24.175087238283574
P0000338,highway_interchange,I00009,10.883788542814646
P0000338,data_center,I00011,18.14939022758769
P0000339,transmission_line,I00002,4.757966660903327
P0000339,substation,I00004,1.8039076711045121
P0000339,fiber_node,I00007,1.1182170951404051
P0000339,water_source,I00008,20.818023795068108
P0000339,highway_interchange,I00009,4.788098108330972
P0000339,data_center,I00012,8.555508049730012
P0000340,transmission_line,I00002,7.020342147689774
P0000340,substation,I00004,5.195644615382499
P0000340,fiber_node,I00007,3.598511357828326
P0000340,water_source,I00008,23.200687237126647
P0000340,highway_interchange,I00009,2.0035356119979615
P0000340,data_center,I00012,12.028382841295688
P0000341,transmission_line,I00003,11.284640105864035
P0000341,substation,I00004,15.872092348787202
P0000341,fiber_node,I00007,17.159858030530007
P0000341,water_source,I00008,27.05274977061844
P0000341,highway_interchange,I00010,7.272627622445067
P0000341,data_center,I00012,10.062407177825913
P0000342,transmission_line,I00003,5.631735260554768
P0000342,substation,I00004,11.128160249717682
P0000342,fiber_node,I00007,12.811893861503648
P0000342,water_source,I00008,15.971845375916526
P0000342,highway_interchange,I00010,3.89593060531
P0000342,data_center,I00012,5.267251289858674
P0000343,transmission_line,I00002,9.405738219484117
P0000343,substation,I00005,4.561877798276198
P0000343,fiber_node,I00007,14.851409220272945
P0000343,water_source,I00008,12.204147958416959
P0000343,highway_interchange,I00009,13.042235964974449
P0000343,data_center,I00011,6.267354394720865
P0000344,transmission_line,I00001,9.118564200844407
P0000344,substation,I00005,9.738366000464596
P0000344,fiber_node,I00007,17.686247571184968
P0000344,water_source,I00008,16.66189527567104
P0000344,highway_interchange,I00009,14.39306463081327
P0000344,data_center,I00011,10.371411401283183
P0000345,transmission_line,I00001,18.07102427671523
P0000345,substation,I00005,19.493972825169298
P0000345,fiber_node,I00007,28.381379362456514
P0000345,water_source,I00008,24.282400106782323
P0000345,highway_interchange,I00009,24.39607688037796
P0000345,data_center,I00011,18.567800507394825
P0000346,transmission_line,I00002,7.820813498329855
P0000346,substation,I00004,7.662534570412699
P0000346,fiber_node,I00007,9.32830639484106
P0000346,water_source,I00008,15.96009636575531
P0000346,highway_interchange,I00010,5.902833195420591
P0000346,data_center,I00012,3.500873974556125
P0000347,transmission_line,I00002,2.3771831638174676
P0000347,substation,I00004,3.222024223063526
P0000347,fiber_node,I00007,4.198611427582953
P0000347,water_source,I00008,17.61080367901089
P0000347,highway_interchange,I00009,7.022299491890046
P0000347,data_center,I00012,7.225272426889673
P0000348,transmission_line,I00002,14.381902840561285
P0000348,substation,I00005,7.491796667156076
P0000348,fiber_node,I00006,11.079247942988674
P0000348,water_source,I00008,2.8220070911605712
P0000348,highway_interchange,I00010,17.030079333124696
P0000348,data_center,I00011,7.055443135639985
P0000349,transmission_line,I00002,6.406751175939707
P0000349,substation,I00004,2.202352681788362
P0000349,fiber_node,I00007,0.6196177093929934
P0000349,water_source,I00008,22.405604098055008
P0000349,highway_interchange,I00009,5.080264895448236
P0000349,data_center,I00012,8.843911663463327
P0000350,transmission_line,I00003,3.985609386651561
P0000350,substation,I00005,16.031841264272533
P0000350,fiber_node,I00006,13.795684034714247
P0000350,water_source,I00008,13.71201376953025
P0000350,highway_interchange,I00010,9.180669886568413
P0000350,data_center,I00012,12.079917437250817
P0000351,transmission_line,I00002,29.29343880273203
P0000351,substation,I00004,23.972245110771798
P0000351,fiber_node,I00007,23.918158770471354
P0000351,water_source,I00008,42.771617958502105
P0000351,highway_interchange,I00010,24.173610378505174
P0000351,data_center,I00012,23.317760595006582
P0000352,transmission_line,I00002,2.698455184113524
P0000352,substation,I00004,3.271798372258075
P0000352,fiber_node,I00007,3.2691010052098552
P0000352,water_source,I00008,18.92162383695423
P0000352,highway_interchange,I00009,4.8610113474011944
P0000352,data_center,I00012,9.028039715811117
P0000353,transmission_line,I00001,7.93333844649124
P0000353,substation,I00005,10.102348612966244
P0000353,fiber_node,I00007,16.832453145615002
P0000353,water_source,I00008,17.3329716472906
P0000353,highway_interchange,I00009,13.353488530935332
P0000353,data_center,I00011,11.076015064494102
P0000354,transmission_line,I00002,9.346424421419385
P0000354,substation,I00005,3.8165792904172378
P0000354,fiber_node,I00007,14.915105084593375
P0000354,water_source,I00008,11.478311280295282
P0000354,highway_interchange,I00009,13.358147786530248
P0000354,data_center,I00011,5.612792887155201
P0000355,transmission_line,I00001,12.340388579692847
P0000355,substation,I00005,6.8616885985909235
P0000355,fiber_node,I00007,18.737187527801005
P0000355,water_source,I00008,12.751543402063353
P0000355,highway_interchange,I00009,16.461263995851457
P0000355,data_center,I00011,6.496953706235599
P0000356,transmission_line,I00001,4.793339637916865
P0000356,substation,I00004,8.363159286042086
P0000356,fiber_node,I00007,7.038069549323509
P0000356,water_source,I00008,22.784179770029688
P0000356,highway_interchange,I00009,1.8943611986137605
P0000356,data_center,I00012,15.035289206434824
P0000357,transmission_line,I00002,1.1284277064903983
P0000357,substation,I00004,5.07938635100903
P0000357,fiber_node,I00007,5.898257939805569
P0000357,water_source,I00008,15.923803589141727
P0000357,highway_interchange,I00009,7.677464149488472
P0000357,data_center,I00012,8.263956198854899
P0000358,transmission_line,I00001,15.860215997208252
P0000358,substation,I00005,9.855099658683402
P0000358,fiber_node,I00007,22.805653437509687
P0000358,water_source,I00008,13.612186433298874
P0000358,highway_interchange,I00009,20.43404105923911
P0000358,data_center,I00011,8.12339702951803
P0000359,transmission_line,I00001,9.493455580161866
P0000359,substation,I00005,17.681468750180485
P0000359,fiber_node,I00007,20.76738377995396
P0000359,water_source,I00008,24.847346023535312
P0000359,highway_interchange,I00009,16.037060009335374
P0000359,data_center,I00011,18.557788281147978
P0000360,transmission_line,I00001,25.205691772295502
P0000360,substation,I00005,21.94995174904658
P0000360,fiber_node,I00006,32.49324700309923
P0000360,water_source,I00008,23.950204954475268
P0000360,highway_interchange,I00009,30.992925610486168
P0000360,data_center,I00011,19.754885951770504
P0000361,transmission_line,I00003,3.050093783897904
P0000361,substation,I00004,14.8743993317108
P0000361,fiber_node,I00007,16.53384641095052
P0000361,water_source,I00008,19.229907616600396
P0000361,highway_interchange,I00010,3.5239685736763944
P0000361,data_center,I00012,8.132636404048299
P0000362,transmission_line,I00001,17.401042266559177
P0000362,substation,I00005,14.711350116572289
P0000362,fiber_node,I00007,26.135369141313635
P0000362,water_source,I00008,18.57027412780098
P0000362,highway_interchange,I00009,22.979177716783926
P0000362,data_center,I00011,13.197910213370225
P0000363,transmission_line,I00002,4.4926365081619
P0000363,substation,I00005,5.532127464030271
P0000363,fiber_node,I00007,10.222105218796896
P0000363,water_source,I00008,13.029569211883286
P0000363,highway_interchange,I00009,9.669878169803075
P0000363,data_center,I00011,8.796492181038603
P0000364,transmission_line,I00003,6.781465404889841
P0000364,substation,I00005,11.747634970879039
P0000364,fiber_node,I00006,14.824004801077168
P0000364,water_source,I00008,11.152090568381709
P0000364,highway_interchange,I00010,8.843092927228714
P0000364,data_center,I00012,9.788151589637511
P0000365,transmission_line,I00001,4.304261209421016
P0000365,substation,I00004,8.225063225668892
P0000365,fiber_node,I00007,7.075497342948509
P0000365,water_source,I00008,21.642212862094162
P0000365,highway_interchange,I00009,2.331885811713721
P0000365,data_center,I00012,14.706997431691294
P0000366,transmission_line,I00001,11.735489741531989
P0000366,substation,I00005,9.028549738774512
P0000366,fiber_node,I00007,19.47367190638562
P0000366,water_source,I00008,15.01926438184846
P0000366,highway_interchange,I00009,16.62741303317008
P0000366,data_center,I00011,8.78859550795422
P0000367,transmission_line,I00002,25.399037901171116
P0000367,substation,I00005,15.7786952595732
P0000367,fiber_node,I00006,15.689840027540567
P0000367,water_source,I00008,11.163745782889997
P0000367,highway_interchange,I00009,30.680000131286963
P0000367,data_center,I00011,12.44908489382431
P0000368,transmission_line,I00003,8.597706895115861
P0000368,substation,I00004,10.515311224343318
P0000368,fiber_node,I00007,12.068036810000194
P0000368,water_source,I00008,12.417706161615257
P0000368,highway_interchange,I00010,7.93254885007747
P0000368,data_center,I00012,7.122749088298457
P0000369,transmission_line,I00002,2.087883579933106
P0000369,substation,I00004,3.4603331135781046
P0000369,fiber_node,I00007,4.360908908655408
P0000369,water_source,I00008,17.435061147668236
P0000369,highway_interchange,I00009,6.955186001676445
P0000369,data_center,I00012,7.466607948971636
P0000370,transmission_line,I00002,9.410453195118233
P0000370,substation,I00005,8.415569471105979
P0000370,fiber_node,I00007,13.73407621686215
P0000370,water_source,I00008,9.635794719377262
P0000370,highway_interchange,I00010,10.575200409528081
P0000370,data_center,I00012,9.845323595905896
P0000371,transmission_line,I00001,9.304523037040479
P0000371,substation,I00004,13.653821098061776
P0000371,fiber_node,I00007,11.986801670308834
P0000371,water_source,I00008,29.952374961684548
P0000371,highway_interchange,I00009,7.937310409527475
P0000371,data_center,I00012,20.423917994738208
P0000372,transmission_line,I00002,2.664137123480541
P0000372,substation,I00004,2.682363900126584
P0000372,fiber_node,I00007,3.4536567683318413
P0000372,water_source,I00008,18.3416312925018
P0000372,highway_interchange,I00009,6.301265854405909
P0000372,data_center,I00012,7.577086213856879
P0000373,transmission_line,I00001,20.059102970167842
P0000373,substation,I00005,30.52201092667381
P0000373,fiber_node,I00007,30.85024307703755
P0000373,water_source,I00008,37.60778500943613
P0000373,highway_interchange,I00009,25.68273419605579
P0000373,data_center,I00011,31.31383345936101
P0000374,transmission_line,I00002,16.280702760108127
P0000374,substation,I00005,7.048533399106333
P0000374,fiber_node,I00006,18.963351753952384
P0000374,water_source,I00008,8.77918797023472
P0000374,highway_interchange,I00009,20.784860626750365
P0000374,data_center,I00011,4.143295972678102
P0000375,transmission_line,I00002,5.431213374126476
P0000375,substation,I00004,5.105172669206839
P0000375,fiber_node,I00007,6.7250880761850516
P0000375,water_source,I00008,16.72890862289863
P0000375,highway_interchange,I00010,8.060584469740615
P0000375,data_center,I00012,4.039410100314815
P0000376,transmission_line,I00003,2.743722308648624
P0000376,substation,I00004,15.590771807093919
P0000376,fiber_node,I00007,17.25012229683264
P0000376,water_source,I00008,19.44311330413751
P0000376,highway_interchange,I00010,4.1995220773616975
P0000376,data_center,I00012,8.845691486296516
P0000377,transmission_line,I00002,7.6103905692678415
P0000377,substation,I00005,3.1413953248309623
P0000377,fiber_node,I00007,13.333788741382246
P0000377,water_source,I00008,11.117294031605763
P0000377,highway_interchange,I00009,12.34631770550696
P0000377,data_center,I00011,5.999825082199377
P0000378,transmission_line,I00002,3.873092326902395
P0000378,substation,I00004,1.7547768969739905
P0000378,fiber_node,I00007,2.002572620175559
P0000378,water_source,I00008,19.810028023401884
P0000378,highway_interchange,I00009,5.3830254322674875
P0000378,data_center,I00012,8.00172322065705
P0000379,transmission_line,I00002,15.998187112129758
P0000379,substation,I00004,11.820390235198897
P0000379,fiber_node,I00007,10.48629684214445
P0000379,water_source,I00008,32.20516971301235
P0000379,highway_interchange,I00009,10.803639530173562
P0000379,data_center,I00012,16.865912367719698
P0000380,transmission_line,I00002,2.840588864121345
P0000380,substation,I00004,2.7714525359419855
P0000380,fiber_node,I00007,3.0031782355249987
P0000380,water_source,I00008,18.940345068718543
P0000380,highway_interchange,I00009,5.287928575847921
P0000380,data_center,I00012,8.455042892704874
P0000381,transmission_line,I00002,19.075775449878268
P0000381,substation,I00004,13.92191428325343
P0000381,fiber_node,I00007,13.250728605876652
P0000381,water_source,I00008,34.49231467728849
P0000381,highway_interchange,I00009,15.702780307992752
P0000381,data_center,I00012,16.453843168247303
P0000382,transmission_line,I00003,7.06409448082419
P0000382,substation,I00005,11.590680030762488
P0000382,fiber_node,I00007,13.631894249174808
P0000382,water_source,I00008,12.34033961023906
P0000382,highway_interchange,I00010,7.528671634496244
P0000382,data_center,I00012,7.8311085460368295
P0000383,transmission_line,I00002,12.223047202682311
P0000383,substation,I00004,7.032135860665992
P0000383,fiber_node,I00007,7.481583887287206
P0000383,water_source,I00008,26.058825446117087
P0000383,highway_interchange,I00010,10.675791896252283
P0000383,data_center,I00012,7.298595883596237
P0000384,transmission_line,I00002,10.639118815088146
P0000384,substation,I00005,2.104326297636135
P0000384,fiber_node,I00006,16.35833899164934
P0000384,water_source,I00008,6.065851067539423
P0000384,highway_interchange,I00009,16.661042221856032
P0000384,data_center,I00011,3.2998049736413098
P0000385,transmission_line,I00002,5.064123676082657
P0000385,substation,I00004,5.240247414270957
P0000385,fiber_node,I00007,4.138032723793375
P0000385,water_source,I00008,21.01365254732293
P0000385,highway_interchange,I00009,1.8136136264599108
P0000385,data_center,I00012,11.811904758977127
P0000386,transmission_line,I00001,14.897401067113522
P0000386,substation,I00005,20.207744548402832
P0000386,fiber_node,I00007,25.98146323418614
P0000386,water_source,I00008,26.339542795271278
P0000386,highway_interchange,I00009,21.449927879832288
P0000386,data_center,I00011,20.174390551871998
P0000387,transmission_line,I00001,12.384442890409384
P0000387,substation,I00004,9.036249154807347
P0000387,fiber_node,I00007,7.466666401153638
P0000387,water_source,I00008,28.727268318837233
P0000387,highway_interchange,I00009,6.850585372335262
P0000387,data_center,I00012,15.07257366449365
P0000388,transmission_line,I00002,10.728653012045418
P0000388,substation,I00005,2.0276729439492436
P0000388,fiber_node,I00006,16.41263696914325
P0000388,water_source,I00008,6.064860116233856
P0000388,highway_interchange,I00009,16.709296671370623
P0000388,data_center,I00011,3.1214850251945805
P0000389,transmission_line,I00001,6.474382498549895
P0000389,substation,I00004,6.6104306331092
P0000389,fiber_node,I00007,5.227168821655046
P0000389,water_source,I00008,22.536650210578376
P0000389,highway_interchange,I00009,0.09158774152696672
P0000389,data_center,I00012,13.360925224074874
P0000390,transmission_line,I00003,3.3848729178950836
P0000390,substation,I00005,15.245688531289243
P0000390,fiber_node,I00006,15.422656517121256
P0000390,water_source,I00008,14.000995761080278
P0000390,highway_interchange,I00010,7.37336619916577
P0000390,data_center,I00012,10.034430123333216
P0000391,transmission_line,I00003,2.6308807556682363
P0000391,substation,I00004,18.71832381598437
P0000391,fiber_node,I00006,18.72119805186847
P0000391,water_source,I00008,19.58200265222167
P0000391,highway_interchange,I00010,7.504623344434018
P0000391,data_center,I00012,12.06558144490014
P0000392,transmission_line,I00002,1.7356946227562948
P0000392,substation,I00004,4.268320784101039
P0000392,fiber_node,I00007,5.218233504093665
P0000392,water_source,I00008,16.57822686536413
P0000392,highway_interchange,I00009,7.562850867493983
P0000392,data_center,I00012,7.548250774581202
P0000393,transmission_line,I00001,6.192909459104869
P0000393,substation,I00005,13.438270268565224
P0000393,fiber_node,I00007,16.901549777472788
P0000393,water_source,I00008,20.935504209448073
P0000393,highway_interchange,I00009,12.579502484941703
P0000393,data_center,I00011,14.72432245240172
P0000394,transmission_line,I00001,3.6853457278559647
P0000394,substation,I00005,12.701319610100018
P0000394,fiber_node,I00007,14.315847365929832
P0000394,water_source,I00008,20.531078531132287
P0000394,highway_interchange,I00009,9.967271312643172
P0000394,data_center,I00011,14.541205935248081
P0000395,transmission_line,I00003,7.764937042231053
P0000395,substation,I00005,10.700263950384322
P0000395,fiber_node,I00007,14.692709014661109
P0000395,water_source,I00008,10.780308676213988
P0000395,highway_interchange,I00010,9.069110408938478
P0000395,data_center,I00012,9.391405955189871
P0000396,transmission_line,I00002,5.267645512659018
P0000396,substation,I00004,5.877841576395107
P0000396,fiber_node,I00007,4.789635257349056
P0000396,water_source,I00008,20.99455749646008
P0000396,highway_interchange,I00009,1.6146689936976866
P0000396,data_center,I00012,12.39845177519029
P0000397,transmission_line,I00002,7.908459830234719
P0000397,substation,I00004,9.226033362175206
P0000397,fiber_node,I00007,10.804275080242448
P0000397,water_source,I00008,13.545810213827286
P0000397,highway_interchange,I00010,7.374638602887837
P0000397,data_center,I00012,5.917263883282508
P0000398,transmission_line,I00003,14.06334700725381
P0000398,substation,I00004,17.28036107063412
P0000398,fiber_node,I00007,18.398146568949915
P0000398,water_source,I00008,29.78134269077874
P0000398,highway_interchange,I00010,9.943590347027609
P0000398,data_center,I00012,12.128107424159158
P0000399,transmission_line,I00002,14.047308545561382
P0000399,substation,I00005,5.589444305917312
P0000399,fiber_node,I00006,12.983509044022357
P0000399,water_source,I00008,2.3966207591195854
P0000399,highway_interchange,I00010,18.92300254247091
P0000399,data_center,I00011,4.303759268530967
P0000400,transmission_line,I00002,6.274431712432245
P0000400,substation,I00004,1.0480094580628945
P0000400,fiber_node,I00007,2.2713070970979157
P0000400,water_source,I00008,21.299081698367456
P0000400,highway_interchange,I00009,7.403396437351563
P0000400,data_center,I00012,6.248039265532251
P0000401,transmission_line,I00015,4.058530704020541
P0000401,substation,I00017,11.480215603529988
P0000401,fiber_node,I00018,26.452581092131243
P0000401,water_source,I00020,5.363451264134569
P0000401,highway_interchange,I00022,9.313619972522655
P0000401,data_center,I00023,15.701560364696086
P0000402,transmission_line,I00015,2.0459931316118345
P0000402,substation,I00017,13.948651793837
P0000402,fiber_node,I00018,23.01740939448186
P0000402,water_source,I00020,1.2871263727894013
P0000402,highway_interchange,I00021,8.572291970563686
P0000402,data_center,I00023,12.048247136909671
P0000403,transmission_line,I00013,6.991979679192382
P0000403,substation,I00017,13.954206831638714
P0000403,fiber_node,I00018,14.643013128152154
P0000403,water_source,I00020,9.52771234405519
P0000403,highway_interchange,I00021,10.678349264471857
P0000403,data_center,I00023,4.49494709823794
P0000404,transmission_line,I00014,3.635040868080935
P0000404,substation,I00017,19.892152499213562
P0000404,fiber_node,I00018,25.35420791530167
P0000404,water_source,I00020,4.778672370233282
P0000404,highway_interchange,I00021,6.217891042839314
P0000404,data_center,I00023,14.72043498074436
P0000405,transmission_line,I00015,15.821848237581257
P0000405,substation,I00016,5.695886266348219
P0000405,fiber_node,I00019,32.31586529133852
P0000405,water_source,I00020,17.928769636237494
P0000405,highway_interchange,I00022,10.833850903696119
P0000405,data_center,I00023,26.05141641687871
P0000406,transmission_line,I00013,15.140796709589873
P0000406,substation,I00017,10.43855420343268
P0000406,fiber_node,I00019,11.755440517543475
P0000406,water_source,I00020,18.931020582386108
P0000406,highway_interchange,I00022,10.522396473427975
P0000406,data_center,I00023,14.36990831152399
P0000407,transmission_line,I00013,1.6699653636027068
P0000407,substation,I00017,10.208780667522312
P0000407,fiber_node,I00018,22.224520942262703
P0000407,water_source,I00020,5.172520876293977
P0000407,highway_interchange,I00022,7.767513229518723
P0000407,data_center,I00023,11.699597267255172
P0000408,transmission_line,I00013,6.9151797347564825
P0000408,substation,I00017,11.454081971488478
P0000408,fiber_node,I00019,15.783081572506394
P0000408,water_source,I00020,10.239312616188988
P0000408,highway_interchange,I00022,9.536802226453961
P0000408,data_center,I00023,6.866034831845345
P0000409,transmission_line,I00013,5.874069046362025
P0000409,substation,I00017,15.844555548844085
P0000409,fiber_node,I00018,16.301575004019654
P0000409,water_source,I00020,6.956129048380972
P0000409,highway_interchange,I00021,7.079347251101498
P0000409,data_center,I00023,5.316121659942513
P0000410,transmission_line,I00013,1.3450130115342134
P0000410,substation,I00017,12.34852267308658
P0000410,fiber_node,I00018,20.20603591344787
P0000410,water_source,I00020,4.346791076189148
P0000410,highway_interchange,I00021,9.28132618909864
P0000410,data_center,I00023,9.415468107455768
P0000411,transmission_line,I00014,6.464736287534667
P0000411,substation,I00017,20.358285435255493
P0000411,fiber_node,I00018,18.567179319876775
P0000411,water_source,I00020,7.250038193335857
P0000411,highway_interchange,I00021,1.8352369458306166
P0000411,data_center,I00023,8.578441012002994
P0000412,transmission_line,I00015,6.259638301670106
P0000412,substation,I00017,6.256261842781516
P0000412,fiber_node,I00019,23.83688983702822
P0000412,water_source,I00020,9.26774714012652
P0000412,highway_interchange,I00022,4.083341077806858
P0000412,data_center,I00023,15.627988131209419
P0000413,transmission_line,I00014,3.310357405351483
P0000413,substation,I00017,19.72777888260691
P0000413,fiber_node,I00018,24.661494759061185
P0000413,water_source,I00020,4.521214183908532
P0000413,highway_interchange,I00021,5.580874388205418
P0000413,data_center,I00023,14.044941064774614
P0000414,transmission_line,I00013,12.597671936676825
P0000414,substation,I00017,1.9891032026975346
P0000414,fiber_node,I00019,20.33027701459015
P0000414,water_source,I00020,16.19824893831954
P0000414,highway_interchange,I00022,3.597311570489796
P0000414,data_center,I00023,17.883113784370735
P0000415,transmission_line,I00014,17.970390213617826
P0000415,substation,I00017,29.01563442576036
P0000415,fiber_node,I00018,13.005400733498755
P0000415,water_source,I00020,18.64523000538877
P0000415,highway_interchange,I00021,11.956002714801434
P0000415,data_center,I00023,11.051674797432748
P0000416,transmission_line,I00013,7.237286426934481
P0000416,substation,I00017,12.731323489867572
P0000416,fiber_node,I00018,14.957385598862176
P0000416,water_source,I00020,10.235392873274957
P0000416,highway_interchange,I00022,10.788681259126179
P0000416,data_center,I00023,5.587239230790275
P0000417,transmission_line,I00015,8.133644476158851
P0000417,substation,I00017,5.589481556939411
P0000417,fiber_node,I00019,25.15130766285671
P0000417,water_source,I00020,10.94695006269651
P0000417,highway_interchange,I00022,4.0569630372617045
P0000417,data_center,I00023,17.647444632121093
P0000418,transmission_line,I00013,24.760133558388763
P0000418,substation,I00017,15.786988040684042
P0000418,fiber_node,I00019,16.66765977644772
P0000418,water_source,I00020,28.607712961410932
P0000418,highway_interchange,I00022,17.356544165115956
P0000418,data_center,I00023,24.778237464896815
P0000419,transmission_line,I00013,20.541654392514136
P0000419,substation,I00017,25.239361069515105
P0000419,fiber_node,I00018,1.0899974222485782
P0000419,water_source,I00020,22.347322334479312
P0000419,highway_interchange,I00021,19.402357317100417
P0000419,data_center,I00023,10.078684918097073
P0000420,transmission_line,I00013,1.0641293614791667
P0000420,substation,I00017,10.830394485663634
P0000420,fiber_node,I00018,22.062869726748964
P0000420,water_source,I00020,4.595712636561104
P0000420,highway_interchange,I00022,8.388663484483475
P0000420,data_center,I00023,11.430073917174507
P0000421,transmission_line,I00014,4.988255337529386
P0000421,substation,I00017,18.26229182324981
P0000421,fiber_node,I00018,18.756031749144046
P0000421,water_source,I00020,5.529695858645489
P0000421,highway_interchange,I00021,3.50568463079276
P0000421,data_center,I00023,8.139934846017004
P0000422,transmission_line,I00013,14.355899972683051
P0000422,substation,I00017,10.141765426304005
P0000422,fiber_node,I00019,11.911723459038937
P0000422,water_source,I00020,18.137503504008244
P0000422,highway_interchange,I00022,10.054767757290003
P0000422,data_center,I00023,13.649976231504127
P0000423,transmission_line,I00014,29.711051518903496
P0000423,substation,I00017,37.70042460563943
P0000423,fiber_node,I00018,13.0203013705758
P0000423,water_source,I00020,30.203129206896417
P0000423,highway_interchange,I00021,24.113977127492323
P0000423,data_center,I00023,19.73943699083721
P0000424,transmission_line,I00013,0.8253792231084267
P0000424,substation,I00017,11.945948797247144
P0000424,fiber_node,I00018,20.70875315760968
P0000424,water_source,I00020,4.279663518024867
P0000424,highway_interchange,I00022,9.509109827886673
P0000424,data_center,I00023,9.955560544923935
P0000425,transmission_line,I00015,12.412218686756475
P0000425,substation,I00017,4.431883189431862
P0000425,fiber_node,I00019,26.36525897309016
P0000425,water_source,I00020,15.251168027767292
P0000425,highway_interchange,I00022,5.054158413234972
P0000425,data_center,I00023,21.09512867426356
P0000426,transmission_line,I00015,1.4852981669049614
P0000426,substation,I00017,11.19026921902061
P0000426,fiber_node,I00018,23.761008496529552
P0000426,water_source,I00020,4.100670063186696
P0000426,highway_interchange,I00022,8.804137661946944
P0000426,data_center,I00023,13.028382362544045
P0000427,transmission_line,I00013,12.364839201632234
P0000427,substation,I00017,13.524443594588172
P0000427,fiber_node,I00019,10.38259020154137
P0000427,water_source,I00020,15.652131541902847
P0000427,highway_interchange,I00022,12.394285350641896
P0000427,data_center,I00023,8.113245254944433
P0000428,transmission_line,I00013,23.95952627519881
P0000428,substation,I00017,12.128838781247149
P0000428,fiber_node,I00019,26.988718104020894
P0000428,water_source,I00020,27.321178480625427
P0000428,highway_interchange,I00022,14.571224577904381
P0000428,data_center,I00023,29.04392660654921
P0000429,transmission_line,I00013,13.31732735388566
P0000429,substation,I00017,2.0501951273243413
P0000429,fiber_node,I00019,23.804454508721392
P0000429,water_source,I00020,16.498337151153006
P0000429,highway_interchange,I00022,4.1269007203672885
P0000429,data_center,I00023,20.32093652850785
P0000430,transmission_line,I00013,16.244519913342263
P0000430,substation,I00017,22.99356483924655
P0000430,fiber_node,I00018,6.018792326600687
P0000430,water_source,I00020,17.532991072685757
P0000430,highway_interchange,I00021,14.055650447847363
P0000430,data_center,I00023,5.486727760731658
P0000431,transmission_line,I00013,9.48665030289082
P0000431,substation,I00017,2.3744699036745316
P0000431,fiber_node,I00019,21.326452628022928
P0000431,water_source,I00020,12.956875217107756
P0000431,highway_interchange,I00022,0.3290320376194563
P0000431,data_center,I00023,16.219763385239983
P0000432,transmission_line,I00013,3.0838418282406566
P0000432,substation,I00017,14.71215611373389
P0000432,fiber_node,I00018,19.987113161872163
P0000432,water_source,I00020,3.3121188739934517
P0000432,highway_interchange,I00021,6.918756283149729
P0000432,data_center,I00023,9.002679114768537
P0000433,transmission_line,I00013,3.644229092421105
P0000433,substation,I00017,8.220491711853343
P0000433,fiber_node,I00019,22.209100723191728
P0000433,water_source,I00020,7.075433154881229
P0000433,highway_interchange,I00022,5.781426482494522
P0000433,data_center,I00023,12.71088545632002
P0000434,transmission_line,I00015,6.5162992504278625
P0000434,substation,I00017,6.4275573655860985
P0000434,fiber_node,I00019,24.467265228464278
P0000434,water_source,I00020,9.402963411491177
P0000434,highway_interchange,I00022,4.397035353087472
P0000434,data_center,I00023,16.198163276343976
P0000435,transmission_line,I00013,6.2563345521017
P0000435,substation,I00017,6.210149403717737
P0000435,fiber_node,I00019,19.604160004352522
P0000435,water_source,I00020,10.034568125652067
P0000435,highway_interchange,I00022,3.964150774621062
P0000435,data_center,I00023,12.445400189812364
P0000436,transmission_line,I00015,20.196863133842793
P0000436,substation,I00016,1.8126441403221363
P0000436,fiber_node,I00019,35.38886994270795
P0000436,water_source,I00020,22.30165352645707
P0000436,highway_interchange,I00022,14.45337836090271
P0000436,data_center,I00023,30.208508793172243
P0000437,transmission_line,I00014,4.10770899076494
P0000437,substation,I00017,20.577829884115573
P0000437,fiber_node,I00018,24.515688674643034
P0000437,water_source,I00020,5.349513933711291
P0000437,highway_interchange,I00021,5.011701468436854
P0000437,data_center,I00023,14.058281184373403
P0000438,transmission_line,I00015,13.060092668861605
P0000438,substation,I00017,3.906907607270515
P0000438,fiber_node,I00019,25.9279906380874
P0000438,water_source,I00020,15.987339383392493
P0000438,highway_interchange,I00022,5.018785938244094
P0000438,data_center,I00023,21.29040436816562
P0000439,transmission_line,I00015,4.394476340793009
P0000439,substation,I00017,11.615567929701147
P0000439,fiber_node,I00018,26.802169300569847
P0000439,water_source,I00020,5.563293958456226
P0000439,highway_interchange,I00022,9.48452030621187
P0000439,data_center,I00023,16.043401392948496
P0000440,transmission_line,I00013,13.263380191215543
P0000440,substation,I00017,19.532389681791877
P0000440,fiber_node,I00018,8.288046665290413
P0000440,water_source,I00020,15.0303454486886
P0000440,highway_interchange,I00021,12.955135606349751
P0000440,data_center,I00023,2.816589768900525
P0000441,transmission_line,I00013,15.55086114543023
P0000441,substation,I00017,3.801244199422765
P0000441,fiber_node,I00019,22.23684623533027
P0000441,water_source,I00020,19.012677477994227
P0000441,highway_interchange,I00022,6.200385098525568
P0000441,data_center,I00023,21.062381660783828
P0000442,transmission_line,I00013,10.886551603701584
P0000442,substation,I00017,5.103392602155745
P0000442,fiber_node,I00019,17.039557721728674
P0000442,water_source,I00020,14.715929208770973
P0000442,highway_interchange,I00022,4.704654116041452
P0000442,data_center,I00023,14.30493707930936
P0000443,transmission_line,I00015,20.158444919895928
P0000443,substation,I00016,8.433931755878692
P0000443,fiber_node,I00019,28.320882343284598
P0000443,water_source,I00020,23.168409566888062
P0000443,highway_interchange,I00022,11.129762541143227
P0000443,data_center,I00023,27.124249666153123
P0000444,transmission_line,I00015,2.222684736748344
P0000444,substation,I00017,12.801376210627161
P0000444,fiber_node,I00018,24.55441533872292
P0000444,water_source,I00020,2.8965979273595783
P0000444,highway_interchange,I00022,10.452054366859869
P0000444,data_center,I00023,13.655050002656537
P0000445,transmission_line,I00013,5.60438350837642
P0000445,substation,I00017,6.2320197047683825
P0000445,fiber_node,I00019,21.455510817346525
P0000445,water_source,I00020,9.12350659393262
P0000445,highway_interchange,I00022,3.7891137153488925
P0000445,data_center,I00023,13.50282849223575
P0000446,transmission_line,I00014,14.057354335310471
P0000446,substation,I00016,18.381632791907222
P0000446,fiber_node,I00018,36.78155426958079
P0000446,water_source,I00020,13.729728238495444
P0000446,highway_interchange,I00022,18.034186814025045
P0000446,data_center,I00023,25.829272242850077
P0000447,transmission_line,I00013,27.33992807019959
P0000447,substation,I00017,17.120581565871433
P0000447,fiber_node,I00019,20.888809422843668
P0000447,water_source,I00020,31.147695267495635
P0000447,highway_interchange,I00022,19.074873023378988
P0000447,data_center,I00023,28.490308620136386
P0000448,transmission_line,I00014,21.117229021568004
P0000448,substation,I00017,31.207979213458184
P0000448,fiber_node,I00018,11.923693092647477
P0000448,water_source,I00020,21.73056192586388
P0000448,highway_interchange,I00021,15.238294259683846
P0000448,data_center,I00023,12.92118922405778
P0000449,transmission_line,I00014,5.464677124799735
P0000449,substation,I00017,21.83353656771117
P0000449,fiber_node,I00018,23.53109549056492
P0000449,water_source,I00020,6.7128094511986065
P0000449,highway_interchange,I00021,3.54626970656027
P0000449,data_center,I00023,13.449685976071788
P0000450,transmission_line,I00015,10.662960661020714
P0000450,substation,I00017,14.362178846448861
P0000450,fiber_node,I00019,33.02344989503711
P0000450,water_source,I00020,11.015583217002572
P0000450,highway_interchange,I00022,12.981970013295987
P0000450,data_center,I00023,22.31917177351995
P0000451,transmission_line,I00013,20.779978822229857
P0000451,substation,I00017,8.969545150669072
P0000451,fiber_node,I00019,26.174740588715103
P0000451,water_source,I00020,24.048608538973532
P0000451,highway_interchange,I00022,11.404853932501531
P0000451,data_center,I00023,26.551159230207524
P0000452,transmission_line,I00014,6.823800055131321
P0000452,substation,I00017,22.35285100583723
P0000452,fiber_node,I00018,21.069190750640466
P0000452,water_source,I00020,7.936137822696028
P0000452,highway_interchange,I00021,1.123437524913142
P0000452,data_center,I00023,11.470850536673717
P0000453,transmission_line,I00014,13.009595253700493
P0000453,substation,I00017,29.109466405330604
P0000453,fiber_node,I00018,31.482683217184317
P0000453,water_source,I00020,14.16106697504686
P0000453,highway_interchange,I00021,11.732144479592389
P0000453,data_center,I00023,22.074068419235825
P0000454,transmission_line,I00015,11.85759175424474
P0000454,substation,I00017,2.7055648328297326
P0000454,fiber_node,I00019,24.624501878997233
P0000454,water_source,I00020,14.889303089436666
P0000454,highway_interchange,I00022,3.503856052594936
P0000454,data_center,I00023,19.785902758496967
P0000455,transmission_line,I00015,1.17703110818987
P0000455,substation,I00017,11.121481645739909
P0000455,fiber_node,I00018,23.326453514183253
P0000455,water_source,I00020,4.112143455218284
P0000455,highway_interchange,I00022,8.714498320003138
P0000455,data_center,I00023,12.608941247177327
P0000456,transmission_line,I00013,5.793682744688625
P0000456,substation,I00017,12.184878111291289
P0000456,fiber_node,I00018,16.24077885537787
P0000456,water_source,I00020,8.869323006949749
P0000456,highway_interchange,I00022,10.08591956200456
P0000456,data_center,I00023,6.332351723364131
P0000457,transmission_line,I00013,6.001667146200369
P0000457,substation,I00017,6.297537311406677
P0000457,fiber_node,I00019,19.900830849514364
P0000457,water_source,I00020,9.759120503724999
P0000457,highway_interchange,I00022,3.9926045718067917
P0000457,data_center,I00023,12.505869190176032
P0000458,transmission_line,I00013,18.32878163374618
P0000458,substation,I00017,12.672605198474066
P0000458,fiber_node,I00019,10.845494023981743
P0000458,water_source,I00020,22.11741339641577
P0000458,highway_interchange,I00022,13.179357989024716
P0000458,data_center,I00023,16.86226489492041
P0000459,transmission_line,I00015,17.538627318114337
P0000459,substation,I00016,10.25159133439959
P0000459,fiber_node,I00019,37.70471409438947
P0000459,water_source,I00020,18.47101714911469
P0000459,highway_interchange,I00022,16.172085100659856
P0000459,data_center,I00023,28.990474050179493
P0000460,transmission_line,I00014,7.1257344319899385
P0000460,substation,I00017,22.767767786166477
P0000460,fiber_node,I00018,28.57749436116108
P0000460,water_source,I00020,8.1340993167448
P0000460,highway_interchange,I00021,8.74149316687236
P0000460,data_center,I00023,18.155993720979456
P0000461,transmission_line,I00013,7.713342414196376
P0000461,substation,I00017,7.652183573982872
P0000461,fiber_node,I00019,16.670212527908383
P0000461,water_source,I00020,11.541634095928817
P0000461,highway_interchange,I00022,5.978428409400237
P0000461,data_center,I00023,10.736063371824372
P0000462,transmission_line,I00015,16.32020202939383
P0000462,substation,I00016,6.463908595025742
P0000462,fiber_node,I00019,34.134140260438684
P0000462,water_source,I00020,18.074019148935374
P0000462,highway_interchange,I00022,12.526149676639232
P0000462,data_center,I00023,27.066918623453216
P0000463,transmission_line,I00014,8.217462429469494
P0000463,substation,I00017,17.18147415734241
P0000463,fiber_node,I00018,31.191458407348144
P0000463,water_source,I00020,7.975549095869721
P0000463,highway_interchange,I00021,14.147540579341486
P0000463,data_center,I00023,20.20742326742291
P0000464,transmission_line,I00013,17.2650350520003
P0000464,substation,I00017,10.06504425748825
P0000464,fiber_node,I00019,13.699744000919898
P0000464,water_source,I00020,21.111297852087155
P0000464,highway_interchange,I00022,10.902590371545957
P0000464,data_center,I00023,17.60643603255239
P0000465,transmission_line,I00014,12.726949608750074
P0000465,substation,I00016,18.41539269263166
P0000465,fiber_node,I00018,35.43628296482347
P0000465,water_source,I00020,12.384763426246694
P0000465,highway_interchange,I00022,17.04217010563026
P0000465,data_center,I00023,24.48192559932866
P0000466,transmission_line,I00014,3.9496481761590867
P0000466,substation,I00017,20.15504029679565
P0000466,fiber_node,I00018,22.606276593446673
P0000466,water_source,I00020,5.160596862332982
P0000466,highway_interchange,I00021,3.2920425122218484
P0000466,data_center,I00023,12.211780483143222
P0000467,transmission_line,I00015,20.463630960914234
P0000467,substation,I00016,3.6195563249283498
P0000467,fiber_node,I00019,36.84200117350224
P0000467,water_source,I00020,22.313351959773186
P0000467,highway_interchange,I00022,15.587049332232846
P0000467,data_center,I00023,30.91739426486097
P0000468,transmission_line,I00013,13.479022880888007
P0000468,substation,I00017,12.357604704301142
P0000468,fiber_node,I00019,10.093452048473708
P0000468,water_source,I00020,17.026797904382757
P0000468,highway_interchange,I00022,11.644760721076109
P0000468,data_center,I00023,10.580542869332453
P0000469,transmission_line,I00014,16.143388793175426
P0000469,substation,I00017,27.724252863299647
P0000469,fiber_node,I00018,13.791530755212344
P0000469,water_source,I00020,16.85196500445435
P0000469,highway_interchange,I00021,10.065710630501226
P0000469,data_center,I00023,10.149559282770493
P0000470,transmission_line,I00015,13.64452882443777
P0000470,substation,I00016,17.005481580753234
P0000470,fiber_node,I00018,36.09892928485956
P0000470,water_source,I00020,13.286405640455678
P0000470,highway_interchange,I00022,16.674870526294928
P0000470,data_center,I00023,25.195719234260345
P0000471,transmission_line,I00015,5.920724996156221
P0000471,substation,I00017,11.688392791898428
P0000471,fiber_node,I00018,28.28092656288234
P0000471,water_source,I00020,6.938498765265195
P0000471,highway_interchange,I00022,9.751301837847846
P0000471,data_center,I00023,17.557626067485792
P0000472,transmission_line,I00014,5.841472472678379
P0000472,substation,I00017,22.06359367387498
P0000472,fiber_node,I00018,26.59258285846191
P0000472,water_source,I00020,6.993000217624298
P0000472,highway_interchange,I00021,6.750156780421486
P0000472,data_center,I00023,16.236504088647777
P0000473,transmission_line,I00015,9.233659562931871
P0000473,substation,I00017,8.511564325319092
P0000473,fiber_node,I00019,28.479047708048654
P0000473,water_source,I00020,11.298103627824228
P0000473,highway_interchange,I00022,7.3831791734202525
P0000473,data_center,I00023,20.02013017659783
P0000474,transmission_line,I00013,12.059964608711859
P0000474,substation,I00017,19.262919317801337
P0000474,fiber_node,I00018,9.693120158555285
P0000474,water_source,I00020,13.561458926581764
P0000474,highway_interchange,I00021,11.26440096727525
P0000474,data_center,I00023,1.3096177064025507
P0000475,transmission_line,I00013,16.90090008169254
P0000475,substation,I00017,23.876536578993097
P0000475,fiber_node,I00018,5.909576084984085
P0000475,water_source,I00020,18.038424663733068
P0000475,highway_interchange,I00021,14.199437896168174
P0000475,data_center,I00023,6.178964148324072
P0000476,transmission_line,I00015,7.162865585070591
P0000476,substation,I00017,6.713340548072668
P0000476,fiber_node,I00019,25.484846036205834
P0000476,water_source,I00020,9.844087769019527
P0000476,highway_interchange,I00022,4.955137432286749
P0000476,data_center,I00023,17.210475782856566
P0000477,transmission_line,I00015,3.464228928025643
P0000477,substation,I00017,9.476206493550242
P0000477,fiber_node,I00019,24.770466612788194
P0000477,water_source,I00020,6.106249234094646
P0000477,highway_interchange,I00022,7.186382724669415
P0000477,data_center,I00023,14.45353417771121
P0000478,transmission_line,I00013,9.666852390975459
P0000478,substation,I00017,9.489036835170252
P0000478,fiber_node,I00019,14.03957985901239
P0000478,water_source,I00020,13.365387784028643
P0000478,highway_interchange,I00022,8.228172480313939
P0000478,data_center,I00023,9.80604224020725
P0000479,transmission_line,I00013,2.60715139863322
P0000479,substation,I00017,11.03454731863064
P0000479,fiber_node,I00018,19.42772696685094
P0000479,water_source,I00020,6.187386558595116
P0000479,highway_interchange,I00022,8.66292641720232
P0000479,data_center,I00023,9.001568590696145
P0000480,transmission_line,I00014,6.857276654019393
P0000480,substation,I00017,19.861100128897096
P0000480,fiber_node,I00018,30.05063200110015
P0000480,water_source,I00020,7.254205696337396
P0000480,highway_interchange,I00021,11.419388673827871
P0000480,data_center,I00023,19.17116508994237
P0000481,transmission_line,I00015,14.100510285998306
P0000481,substation,I00016,12.022289185096012
P0000481,fiber_node,I00019,35.145089320080864
P0000481,water_source,I00020,14.900431881255875
P0000481,highway_interchange,I00022,13.990478848109957
P0000481,data_center,I00023,25.656473861388513
P0000482,transmission_line,I00014,6.441477987186541
P0000482,substation,I00017,14.968213303978873
P0000482,fiber_node,I00018,28.86020932909364
P0000482,water_source,I00020,5.895937654593137
P0000482,highway_interchange,I00021,12.862850517299508
P0000482,data_center,I00023,17.901818600392183
P0000483,transmission_line,I00015,9.792060305172868
P0000483,substation,I00017,5.343250965593124
P0000483,fiber_node,I00019,26.124224601799273
P0000483,water_source,I00020,12.513780981008427
P0000483,highway_interchange,I00022,4.557780917404188
P0000483,data_center,I00023,19.258923434522742
P0000484,transmission_line,I00014,19.48449281749599
P0000484,substation,I00017,32.68193110034281
P0000484,fiber_node,I00018,18.24423003350395
P0000484,water_source,I00020,20.415548546102766
P0000484,highway_interchange,I00021,12.894947158455148
P0000484,data_center,I00023,15.582611432779613
P0000485,transmission_line,I00013,16.083429000311984
P0000485,substation,I00017,4.265801120061182
P0000485,fiber_node,I00019,22.892263769123616
P0000485,water_source,I00020,19.49262287181543
P0000485,highway_interchange,I00022,6.701014305576212
P0000485,data_center,I00023,21.772056722314236
P0000486,transmission_line,I00013,11.223599261349282
P0000486,substation,I00017,20.32160995790745
P0000486,fiber_node,I00018,12.093293609875898
P0000486,water_source,I00020,11.777241908163083
P0000486,highway_interchange,I00021,8.11352855791676
P0000486,data_center,I00023,2.9699873460421844
P0000487,transmission_line,I00013,1.251423003402039
P0000487,substation,I00017,10.736984763956924
P0000487,fiber_node,I00018,22.31441269190844
P0000487,water_source,I00020,4.611428455704349
P0000487,highway_interchange,I00022,8.298412955025682
P0000487,data_center,I00023,11.68642510243336
P0000488,transmission_line,I00013,2.0891649277821505
P0000488,substation,I00017,9.755198630097835
P0000488,fiber_node,I00018,22.17813540719006
P0000488,water_source,I00020,5.651290487845799
P0000488,highway_interchange,I00022,7.312458984461724
P0000488,data_center,I00023,11.751275915424054
P0000489,transmission_line,I00013,7.23651071598201
P0000489,substation,I00017,7.572503055703958
P0000489,fiber_node,I00019,17.139403805573014
P0000489,water_source,I00020,11.072668919226132
P0000489,highway_interchange,I00022,5.771726475735452
P0000489,data_center,I00023,10.75450852719637
P0000490,transmission_line,I00013,5.0325289991884015
P0000490,substation,I00017,9.851132388331997
P0000490,fiber_node,I00019,17.9263474431145
P0000490,water_source,I00020,8.709379540831815
P0000490,highway_interchange,I00022,7.69657254704607
P0000490,data_center,I00023,8.735395772174714
P0000491,transmission_line,I00015,14.824878271580861
P0000491,substation,I00017,4.496108172588631
P0000491,fiber_node,I00019,26.19997374384555
P0000491,water_source,I00020,17.797562482250637
P0000491,highway_interchange,I00022,6.254397647410304
P0000491,data_center,I00023,22.591615098888557
P0000492,transmission_line,I00014,10.833732196578497
P0000492,substation,I00017,23.14837461544596
P0000492,fiber_node,I00018,15.429267529002296
P0000492,water_source,I00020,11.521000660964054
P0000492,highway_interchange,I00021,5.153751258478788
P0000492,data_center,I00023,7.467933777889509
P0000493,transmission_line,I00015,7.902969080452438
P0000493,substation,I00017,6.099627022622046
P0000493,fiber_node,I00019,25.493177601223547
P0000493,water_source,I00020,10.631387549379713
P0000493,highway_interchange,I00022,4.5373392250850415
P0000493,data_center,I00023,17.69185315082182
P0000494,transmission_line,I00013,13.5642659792571
P0000494,substation,I00017,21.420786685196607
P0000494,fiber_node,I00018,9.090379877742423
P0000494,water_source,I00020,14.567496718248345
P0000494,highway_interchange,I00021,11.036679210739086
P0000494,data_center,I00023,3.1285743348959114
P0000495,transmission_line,I00013,8.715405560457844
P0000495,substation,I00017,9.067565785006
P0000495,fiber_node,I00019,14.970118880445574
P0000495,water_source,I00020,12.441987406478356
P0000495,highway_interchange,I00022,7.6089974046855104
P0000495,data_center,I00023,9.708043913394071
P0000496,transmission_line,I00013,11.99058017862042
P0000496,substation,I00017,8.42616283011923
P0000496,fiber_node,I00019,13.712167633073285
P0000496,water_source,I00020,15.801745455950496
P0000496,highway_interchange,I00022,7.935986281209853
P0000496,data_center,I00023,12.571100652041654
P0000497,transmission_line,I00013,4.899965829484817
P0000497,substation,I00017,6.972043545991055
P0000497,fiber_node,I00019,21.18193145997282
P0000497,water_source,I00020,8.515539624411137
P0000497,highway_interchange,I00022,4.536371525344719
P0000497,data_center,I00023,12.769565677004431
P0000498,transmission_line,I00015,12.714939251376421
P0000498,substation,I00017,5.870432487048275
P0000498,fiber_node,I00019,27.7488427126261
P0000498,water_source,I00020,15.36053229254891
P0000498,highway_interchange,I00022,6.283236270186228
P0000498,data_center,I00023,21.989147479720266
P0000499,transmission_line,I00013,7.9863414570737845
P0000499,substation,I00017,12.88881383809686
P0000499,fiber_node,I00018,14.411152942809679
P0000499,water_source,I00020,11.003574232166606
P0000499,highway_interchange,I00022,11.042780420565373
P0000499,data_center,I00023,5.509249682670398
P0000500,transmission_line,I00014,7.70909890884883
P0000500,substation,I00017,21.118693009752874
P0000500,fiber_node,I00018,17.635867210939633
P0000500,water_source,I00020,8.459985453991644
P0000500,highway_interchange,I00021,2.4332550750660897
P0000500,data_center,I00023,8.05959282321557
P0000501,transmission_line,I00013,3.9182095090042264
P0000501,substation,I00017,12.937708943968186
P0000501,fiber_node,I00018,17.618800949696475
P0000501,water_source,I00020,6.542623988333524
P0000501,highway_interchange,I00021,9.379460214615762
P0000501,data_center,I00023,6.950512164045602
P0000502,transmission_line,I00013,13.046901015110324
P0000502,substation,I00017,20.112106367468154
P0000502,fiber_node,I00018,8.77457913713766
P0000502,water_source,I00020,14.494201664641885
P0000502,highway_interchange,I00021,11.867830935822957
P0000502,data_center,I00023,2.2889597253912206
P0000503,transmission_line,I00015,26.518022265957367
P0000503,substation,I00016,11.626628355612452
P0000503,fiber_node,I00019,31.69505078884683
P0000503,water_source,I00020,29.562736704702857
P0000503,highway_interchange,I00022,17.28758388948468
P0000503,data_center,I00023,32.77108329579673
P0000504,transmission_line,I00014,14.020915393368735
P0000504,substation,I00017,27.78393055302882
P0000504,fiber_node,I00018,17.89937882559178
P0000504,water_source,I00020,14.967407233598408
P0000504,highway_interchange,I00021,7.428633722030439
P0000504,data_center,I00023,11.996395185416214
P0000505,transmission_line,I00014,2.9713962690192863
P0000505,substation,I00017,14.840832701690461
P0000505,fiber_node,I00018,20.729850631121217
P0000505,water_source,I00020,2.546337202031549
P0000505,highway_interchange,I00021,6.876067873110645
P0000505,data_center,I00023,9.744144219032293
P0000506,transmission_line,I00015,13.587103618774949
P0000506,substation,I00016,8.49615738997254
P0000506,fiber_node,I00019,31.935331934514988
P0000506,water_source,I00020,15.414540938950218
P0000506,highway_interchange,I00022,10.319195788161988
P0000506,data_center,I00023,24.366144194414154
P0000507,transmission_line,I00015,8.286077817948375
P0000507,substation,I00017,13.529762725772546
P0000507,fiber_node,I00018,30.74491697338778
P0000507,water_source,I00020,8.609988227410474
P0000507,highway_interchange,I00022,11.83038675432876
P0000507,data_center,I00023,19.935212176671392
P0000508,transmission_line,I00014,17.257071974090906
P0000508,substation,I00016,17.66795825769932
P0000508,fiber_node,I00018,39.79466233944179
P0000508,water_source,I00020,16.88212688647128
P0000508,highway_interchange,I00022,19.870675850908572
P0000508,data_center,I00023,28.87898948302154
P0000509,transmission_line,I00013,13.951887488490032
P0000509,substation,I00017,10.470870248043774
P0000509,fiber_node,I00019,11.551554424683783
P0000509,water_source,I00020,17.699960965383344
P0000509,highway_interchange,I00022,10.203787428167457
P0000509,data_center,I00023,12.878700075078653
P0000510,transmission_line,I00015,14.997444171240074
P0000510,substation,I00016,11.029571294245605
P0000510,fiber_node,I00019,35.576354286950725
P0000510,water_source,I00020,15.934703825902773
P0000510,highway_interchange,I00022,14.222704517634396
P0000510,data_center,I00023,26.482938651922975
P0000511,transmission_line,I00015,22.05840940910873
P0000511,substation,I00016,10.151758616566202
P0000511,fiber_node,I00019,41.4990334644538
P0000511,water_source,I00020,23.01859938059633
P0000511,highway_interchange,I00022,19.867712771727085
P0000511,data_center,I00023,33.439312042781644
P0000512,transmission_line,I00013,6.609833025896183
P0000512,substation,I00017,6.722335495234082
P0000512,fiber_node,I00019,18.50304954782309
P0000512,water_source,I00020,10.450957512774247
P0000512,highway_interchange,I00022,4.679249759523747
P0000512,data_center,I00023,11.669080501837172
P0000513,transmission_line,I00013,18.855201167391293
P0000513,substation,I00017,23.987168146977783
P0000513,fiber_node,I00018,2.6773379365068317
P0000513,water_source,I00020,20.60298456075317
P0000513,highway_interchange,I00021,17.695798566608914
P0000513,data_center,I00023,8.332208509156086
P0000514,transmission_line,I00015,15.928718665448418
P0000514,substation,I00016,5.370895215244216
P0000514,fiber_node,I00019,31.369382179336636
P0000514,water_source,I00020,18.242942967556907
P0000514,highway_interchange,I00022,10.090727332305717
P0000514,data_center,I00023,25.73954098485524
P0000515,transmission_line,I00013,1.015800865809955
P0000515,substation,I00017,10.889751185492972
P0000515,fiber_node,I00018,22.070400816938697
P0000515,water_source,I00020,4.533510987686495
P0000515,highway_interchange,I00022,8.448207225177487
P0000515,data_center,I00023,11.426864121358536
P0000516,transmission_line,I00013,14.46489630371411
P0000516,substation,I00017,23.112045715577437
P0000516,fiber_node,I00018,9.88173131398885
P0000516,water_source,I00020,14.93712692159173
P0000516,highway_interchange,I00021,10.322769087851531
P0000516,data_center,I00023,4.8537689543831055
P0000517,transmission_line,I00013,15.445928810582592
P0000517,substation,I00017,23.27660938633987
P0000517,fiber_node,I00018,8.004844066811115
P0000517,water_source,I00020,16.284854008665555
P0000517,highway_interchange,I00021,12.125386458215644
P0000517,data_center,I00023,5.040601968485206
P0000518,transmission_line,I00014,24.362490555980617
P0000518,substation,I00017,38.060454497526884
P0000518,fiber_node,I00018,22.2635964958637
P0000518,water_source,I00020,25.3735835198883
P0000518,highway_interchange,I00021,17.755924969591277
P0000518,data_center,I00023,20.920928900629555
P0000519,transmission_line,I00013,9.13664651139692
P0000519,substation,I00017,10.942358139108764
P0000519,fiber_node,I00019,13.797149285513113
P0000519,water_source,I00020,12.638766967834046
P0000519,highway_interchange,I00022,9.444566053234125
P0000519,data_center,I00023,8.061502494068046
P0000520,transmission_line,I00014,7.266541487202626
P0000520,substation,I00017,21.887290080125005
P0000520,fiber_node,I00018,19.34595006108152
P0000520,water_source,I00020,8.221607781154608
P0000520,highway_interchange,I00021,0.8256777808573121
P0000520,data_center,I00023,9.838539472482982
P0000521,transmission_line,I00014,10.996796406297447
P0000521,substation,I00017,22.982052666804496
P0000521,fiber_node,I00018,34.089751949353
P0000521,water_source,I00020,11.404408897378874
P0000521,highway_interchange,I00021,14.926537392344077
P0000521,data_center,I00023,23.265310081954436
P0000522,transmission_line,I00014,6.541023537787241
P0000522,substation,I00017,19.9971665740567
P0000522,fiber_node,I00018,29.66483765806568
P0000522,water_source,I00020,7.017153824274497
P0000522,highway_interchange,I00021,10.915581965883337
P0000522,data_center,I00023,18.812003406715693
P0000523,transmission_line,I00013,33.95432985902736
P0000523,substation,I00017,22.578069420487015
P0000523,fiber_node,I00019,29.404684236807373
P0000523,water_source,I00020,37.60906638810657
P0000523,highway_interchange,I00022,24.890288021007397
P0000523,data_center,I00023,36.55351942953687
P0000524,transmission_line,I00013,12.358810224662617
P0000524,substation,I00017,13.537897171765222
P0000524,fiber_node,I00019,10.38571206434357
P0000524,water_source,I00020,15.643154274185475
P0000524,highway_interchange,I00022,12.40469287365068
P0000524,data_center,I00023,8.092166636331159
P0000525,transmission_line,I00013,3.844270950373826
P0000525,substation,I00017,8.913923863450801
P0000525,fiber_node,I00019,19.78029017975751
P0000525,water_source,I00020,7.691984362826242
P0000525,highway_interchange,I00022,6.5672949213178
P0000525,data_center,I00023,10.39169507692026
P0000526,transmission_line,I00014,7.651682925256328
P0000526,substation,I00017,16.5134321863744
P0000526,fiber_node,I00018,30.506805478213572
P0000526,water_source,I00020,7.333620264979837
P0000526,highway_interchange,I00021,13.739100557853924
P0000526,data_center,I00023,19.526836088401886
P0000527,transmission_line,I00013,14.205585379827436
P0000527,substation,I00017,2.553722022597965
P0000527,fiber_node,I00019,23.616615423332117
P0000527,water_source,I00020,17.45365777404174
P0000527,highway_interchange,I00022,4.890095813427275
P0000527,data_center,I00023,20.838305867848128
P0000528,transmission_line,I00015,12.692192640173644
P0000528,substation,I00016,9.460436120048236
P0000528,fiber_node,I00019,31.528482810460282
P0000528,water_source,I00020,14.460621459015996
P0000528,highway_interchange,I00022,9.980282921909662
P0000528,data_center,I00023,23.590103286605157
P0000529,transmission_line,I00015,18.595114202243288
P0000529,substation,I00016,14.887544344986923
P0000529,fiber_node,I00019,40.486018626725
P0000529,water_source,I00020,18.691719910104137
P0000529,highway_interchange,I00022,19.437033364656113
P0000529,data_center,I00023,30.250724616781444
P0000530,transmission_line,I00015,25.502732373148778
P0000530,substation,I00016,8.982989664255657
P0000530,fiber_node,I00019,43.20589998886
P0000530,water_source,I00020,26.826970428616715
P0000530,highway_interchange,I00022,21.79931773033846
P0000530,data_center,I00023,36.528101872449845
P0000531,transmission_line,I00013,13.962400882220086
P0000531,substation,I00017,19.91633360312124
P0000531,fiber_node,I00018,7.571799940803385
P0000531,water_source,I00020,15.782064184751137
P0000531,highway_interchange,I00021,13.67588035378696
P0000531,data_center,I00023,3.5806123650766932
P0000532,transmission_line,I00013,12.237208188614408
P0000532,substation,I00017,6.4538093815449225
P0000532,fiber_node,I00019,15.567365683473229
P0000532,water_source,I00020,16.08534000891619
P0000532,highway_interchange,I00022,6.398933587726421
P0000532,data_center,I00023,14.39450917685814
P0000533,transmission_line,I00014,13.912458612106654
P0000533,substation,I00017,23.382125557919718
P0000533,fiber_node,I00018,11.1451161804389
P0000533,water_source,I00020,14.317629382151354
P0000533,highway_interchange,I00021,9.222449416569082
P0000533,data_center,I00023,5.414171581775417
P0000534,transmission_line,I00015,11.39272081755027
P0000534,substation,I00017,10.791556663166613
P0000534,fiber_node,I00019,31.258019494608916
P0000534,water_source,I00020,12.951636817737388
P0000534,highway_interchange,I00022,9.98858674575538
P0000534,data_center,I00023,22.565194054448092
P0000535,transmission_line,I00013,23.554338271920535
P0000535,substation,I00017,19.374821616758624
P0000535,fiber_node,I00019,6.690770592899198
P0000535,water_source,I00020,27.142811755248342
P0000535,highway_interchange,I00022,19.72913235386897
P0000535,data_center,I00023,19.158360689380242
P0000536,transmission_line,I00015,12.511670339984795
P0000536,substation,I00017,4.660904299571279
P0000536,fiber_node,I00019,26.596976328650506
P0000536,water_source,I00020,15.323324922959046
P0000536,highway_interchange,I00022,5.272776210680504
P0000536,data_center,I00023,21.280051117939138
P0000537,transmission_line,I00015,14.05105045419231
P0000537,substation,I00017,5.876330455388848
P0000537,fiber_node,I00019,27.897412750261477
P0000537,water_source,I00020,16.772435472801746
P0000537,highway_interchange,I00022,6.840749326391273
P0000537,data_center,I00023,22.9356233259182
P0000538,transmission_line,I00013,5.807221905342148
P0000538,substation,I00017,6.035689856339636
P0000538,fiber_node,I00019,21.335694475018826
P0000538,water_source,I00020,9.342841534835372
P0000538,highway_interchange,I00022,3.594829708476967
P0000538,data_center,I00023,13.557839013291202
P0000539,transmission_line,I00013,3.937727131085646
P0000539,substation,I00017,12.16312483459947
P0000539,fiber_node,I00018,17.753111346195197
P0000539,water_source,I00020,6.965129494952422
P0000539,highway_interchange,I00022,9.87921652600778
P0000539,data_center,I00023,7.296516590440072
P0000540,transmission_line,I00013,24.193686662010297
P0000540,substation,I00017,12.363544559866744
P0000540,fiber_node,I00019,27.760554016690566
P0000540,water_source,I00020,27.494915782117452
P0000540,highway_interchange,I00022,14.806103352364095
P0000540,data_center,I00023,29.541512040782944
P0000541,transmission_line,I00013,6.679526879812286
P0000541,substation,I00017,5.356843068283836
P0000541,fiber_node,I00019,22.62629801746056
P0000541,water_source,I00020,9.892350223853443
P0000541,highway_interchange,I00022,3.008705070587109
P0000541,data_center,I00023,15.07135836121707
P0000542,transmission_line,I00013,9.491712964685778
P0000542,substation,I00017,19.270066078455194
P0000542,fiber_node,I00018,13.986118667653082
P0000542,water_source,I00020,9.815217442023638
P0000542,highway_interchange,I00021,6.529797257349729
P0000542,data_center,I00023,3.845776873600626
P0000543,transmission_line,I00015,6.004228038952436
P0000543,substation,I00017,11.870207731072236
P0000543,fiber_node,I00018,28.390304048500827
P0000543,water_source,I00020,6.931519984962772
P0000543,highway_interchange,I00022,9.937583537146004
P0000543,data_center,I00023,17.650431831197974
P0000544,transmission_line,I00013,13.671984362980185
P0000544,substation,I00017,18.90586370617352
P0000544,fiber_node,I00018,7.985562279714438
P0000544,water_source,I00020,15.786076177154253
P0000544,highway_interchange,I00021,14.318175949087092
P0000544,data_center,I00023,3.9804021302799004
P0000545,transmission_line,I00013,6.969303965759855
P0000545,substation,I00017,15.77588516053045
P0000545,fiber_node,I00018,14.761301545329479
P0000545,water_source,I00020,8.568395877767895
P0000545,highway_interchange,I00021,8.431097004472072
P0000545,data_center,I00023,3.8211826508451123
P0000546,transmission_line,I00013,4.370402432675309
P0000546,substation,I00017,7.638785598707114
P0000546,fiber_node,I00019,22.698252090666912
P0000546,water_source,I00020,7.590259675964349
P0000546,highway_interchange,I00022,5.226261581477118
P0000546,data_center,I00023,13.552644968085314
P0000547,transmission_line,I00014,5.671672625898886
P0000547,substation,I00017,15.248380081197103
P0000547,fiber_node,I00018,28.279798801827454
P0000547,water_source,I00020,5.1910976802537245
P0000547,highway_interchange,I00021,12.059157697549235
P0000547,data_center,I00023,17.305558697602258
P0000548,transmission_line,I00015,12.614848466726906
P0000548,substation,I00017,2.534280099476566
P0000548,fiber_node,I00019,24.55505957461515
P0000548,water_source,I00020,15.6752844752636
P0000548,highway_interchange,I00022,3.906299835357006
P0000548,data_center,I00023,20.249477661967227
P0000549,transmission_line,I00013,6.620964350133208
P0000549,substation,I00017,5.600220309573396
P0000549,fiber_node,I00019,20.018123285598623
P0000549,water_source,I00020,10.337201525263414
P0000549,highway_interchange,I00022,3.3126609113072276
P0000549,data_center,I00023,13.113355140468068
P0000550,transmission_line,I00014,7.742061746473295
P0000550,substation,I00017,20.96471299485894
P0000550,fiber_node,I00018,17.42234878798931
P0000550,water_source,I00020,8.461003938637397
P0000550,highway_interchange,I00021,2.6590953611502735
P0000550,data_center,I00023,7.807098101769271
P0000551,transmission_line,I00015,8.823099934557513
P0000551,substation,I00017,10.818945997008687
P0000551,fiber_node,I00019,29.88251359541316
P0000551,water_source,I00020,10.216889534873685
P0000551,highway_interchange,I00022,9.434740946621979
P0000551,data_center,I00023,20.231323880128063
P0000552,transmission_line,I00013,16.329473396220784
P0000552,substation,I00017,24.283941023112686
P0000552,fiber_node,I00018,7.876440470988126
P0000552,water_source,I00020,17.032747672965336
P0000552,highway_interchange,I00021,12.512820938231522
P0000552,data_center,I00023,6.031075937319116
P0000553,transmission_line,I00013,27.183180008721607
P0000553,substation,I00017,23.707590892643882
P0000553,fiber_node,I00019,6.559205223261317
P0000553,water_source,I00020,30.626978974079286
P0000553,highway_interchange,I00022,23.985881066703787
P0000553,data_center,I00023,21.48175741569128
P0000554,transmission_line,I00015,7.330767692309692
P0000554,substation,I00017,10.966577313223024
P0000554,fiber_node,I00019,29.021145148321803
P0000554,water_source,I00020,8.64375955439311
P0000554,highway_interchange,I00022,9.28629381071756
P0000554,data_center,I00023,18.843761752383546
P0000555,transmission_line,I00013,12.501596018357045
P0000555,substation,I00017,21.01717559304149
P0000555,fiber_node,I00018,10.575437516309936
P0000555,water_source,I00020,13.257783928193167
P0000555,highway_interchange,I00021,9.550021230354623
P0000555,data_center,I00023,2.853233334802442
P0000556,transmission_line,I00014,1.8919349179379261
P0000556,substation,I00017,16.93313253021255
P0000556,fiber_node,I00018,21.513722764587655
P0000556,water_source,I00020,2.557134057261974
P0000556,highway_interchange,I00021,5.146254813615766
P0000556,data_center,I00023,10.636867924301356
P0000557,transmission_line,I00013,26.283568983533385
P0000557,substation,I00017,33.11367303329017
P0000557,fiber_node,I00018,7.872336548886706
P0000557,water_source,I00020,27.01953507842411
P0000557,highway_interchange,I00021,21.79465195709454
P0000557,data_center,I00023,15.659856766396816
P0000558,transmission_line,I00015,20.07680360740526
P0000558,substation,I00016,10.610757123400635
P0000558,fiber_node,I00019,40.11428679454671
P0000558,water_source,I00020,20.921523019664413
P0000558,highway_interchange,I00022,18.521261473683186
P0000558,data_center,I00023,31.546642831273473
P0000559,transmission_line,I00013,17.87529633864152
P0000559,substation,I00017,20.41263417815632
P0000559,fiber_node,I00019,6.549241608018589
P0000559,water_source,I00020,20.472142197538343
P0000559,highway_interchange,I00022,19.324601544834263
P0000559,data_center,I00023,9.168994109407148
P0000560,transmission_line,I00015,22.340369437713285
P0000560,substation,I00016,11.201224404021595
P0000560,fiber_node,I00019,42.18209520497867
P0000560,water_source,I00020,23.15482679141875
P0000560,highway_interchange,I00022,20.557961514804642
P0000560,data_center,I00023,33.805802000577806
P0000561,transmission_line,I00015,35.49209579870489
P0000561,substation,I00016,14.926444772966589
P0000561,fiber_node,I00019,49.75641233970773
P0000561,water_source,I00020,37.2685000313236
P0000561,highway_interchange,I00022,29.78991293901996
P0000561,data_center,I00023,45.729784079333506
P0000562,transmission_line,I00013,5.014132465987264
P0000562,substation,I00017,6.865680245136497
P0000562,fiber_node,I00019,21.12323358582947
P0000562,water_source,I00020,8.634615812032136
P0000562,highway_interchange,I00022,4.432140555718242
P0000562,data_center,I00023,12.805060807102914
P0000563,transmission_line,I00015,2.134969026843939
P0000563,substation,I00017,13.317467647304303
P0000563,fiber_node,I00018,24.15836950691399
P0000563,water_source,I00020,2.212806244697266
P0000563,highway_interchange,I00021,9.800414668617227
P0000563,data_center,I00023,13.222254598742632
P0000564,transmission_line,I00013,5.660541017868461
P0000564,substation,I00017,14.515498067178656
P0000564,fiber_node,I00018,15.922574534820106
P0000564,water_source,I00020,7.646343225645568
P0000564,highway_interchange,I00021,8.753393362760708
P0000564,data_center,I00023,5.103615107763784
P0000565,transmission_line,I00013,7.014751782400294
P0000565,substation,I00017,5.0618001715195575
P0000565,fiber_node,I00019,20.338615542495507
P0000565,water_source,I00020,10.673353172308873
P0000565,highway_interchange,I00022,2.744365866159453
P0000565,data_center,I00023,13.685314244060534
P0000566,transmission_line,I00013,5.492392566269934
P0000566,substation,I00017,10.872615343615433
P0000566,fiber_node,I00019,17.229794135406042
P0000566,water_source,I00020,8.940946390712613
P0000566,highway_interchange,I00022,8.776252581013066
P0000566,data_center,I00023,7.606988046479162
P0000567,transmission_line,I00014,11.742748583311048
P0000567,substation,I00017,22.85100742423929
P0000567,fiber_node,I00018,13.727706184381587
P0000567,water_source,I00020,12.289375835119708
P0000567,highway_interchange,I00021,6.621985831154003
P0000567,data_center,I00023,6.159622588841001
P0000568,transmission_line,I00013,16.15277630631033
P0000568,substation,I00017,13.42576936262614
P0000568,fiber_node,I00019,8.605830814598102
P0000568,water_source,I00020,19.762940425793033
P0000568,highway_interchange,I00022,13.183005283786445
P0000568,data_center,I00023,13.037584547210228
P0000569,transmission_line,I00014,2.2611499374692907
P0000569,substation,I00017,18.284266015487344
P0000569,fiber_node,I00018,25.01669228503821
P0000569,water_source,I00020,3.268052844499472
P0000569,highway_interchange,I00021,6.792179428432135
P0000569,data_center,I00023,14.193203918895955
P0000570,transmission_line,I00014,12.32621054139485
P0000570,substation,I00017,22.47229061439147
P0000570,fiber_node,I00018,35.60225869194922
P0000570,water_source,I00020,12.50827873900544
P0000570,highway_interchange,I00021,16.934499355783323
P0000570,data_center,I00023,24.673035427101915
P0000571,transmission_line,I00013,2.693194181546451
P0000571,substation,I00017,10.358850362762263
P0000571,fiber_node,I00018,19.867878929222233
P0000571,water_source,I00020,6.455587040868977
P0000571,highway_interchange,I00022,7.97957567707903
P0000571,data_center,I00023,9.568208202085192
P0000572,transmission_line,I00014,6.127006632635953
P0000572,substation,I00017,21.58828224234917
P0000572,fiber_node,I00018,20.913829139382884
P0000572,water_source,I00020,7.214554591497974
P0000572,highway_interchange,I00021,0.8808417545399503
P0000572,data_center,I00023,11.07811062750935
P0000573,transmission_line,I00014,9.368238536134106
P0000573,substation,I00017,24.936457432576255
P0000573,fiber_node,I00018,21.484154004910774
P0000573,water_source,I00020,10.514772715057283
P0000573,highway_interchange,I00021,3.3442546371545303
P0000573,data_center,I00023,12.814352312138498
P0000574,transmission_line,I00013,7.289646329918132
P0000574,substation,I00017,17.70174855376975
P0000574,fiber_node,I00018,16.018985265573136
P0000574,water_source,I00020,7.506130669704666
P0000574,highway_interchange,I00021,5.624757637612659
P0000574,data_center,I00023,5.27300244975178
P0000575,transmission_line,I00013,17.156098538562848
P0000575,substation,I00017,17.37230039981478
P0000575,fiber_node,I00019,5.541068985733284
P0000575,water_source,I00020,20.301775845541997
P0000575,highway_interchange,I00022,16.646343409637346
P0000575,data_center,I00023,10.791030882215486
P0000576,transmission_line,I00015,14.64103308227383
P0000576,substation,I00016,6.673931241991767
P0000576,fiber_node,I00019,30.271511123325578
P0000576,water_source,I00020,17.015436787478304
P0000576,highway_interchange,I00022,8.863464961346525
P0000576,data_center,I00023,24.41467763917761
P0000577,transmission_line,I00015,22.424614819567253
P0000577,substation,I00016,5.9368727703843005
P0000577,fiber_node,I00019,32.034968680985806
P0000577,water_source,I00020,25.220396267935044
P0000577,highway_interchange,I00022,14.022398163613014
P0000577,data_center,I00023,30.29371921895448
P0000578,transmission_line,I00015,14.36664184091158
P0000578,substation,I00016,7.086847986770526
P0000578,fiber_node,I00019,31.275464839614074
P0000578,water_source,I00020,16.49442525330001
P0000578,highway_interchange,I00022,9.688973657761942
P0000578,data_center,I00023,24.65028586052249
P0000579,transmission_line,I00014,13.35287193078837
P0000579,substation,I00017,28.086333179781022
P0000579,fiber_node,I00018,34.45404793908096
P0000579,water_source,I00020,14.257913243220369
P0000579,highway_interchange,I00021,14.392011880768619
P0000579,data_center,I00023,24.31293650779409
P0000580,transmission_line,I00013,17.553464105602497
P0000580,substation,I00017,10.151972139525006
P0000580,fiber_node,I00019,13.88488588115523
P0000580,water_source,I00020,21.40094124079721
P0000580,highway_interchange,I00022,11.060504698211567
P0000580,data_center,I00023,17.956454877101844
P0000581,transmission_line,I00013,18.751443977269385
P0000581,substation,I00017,13.694269576846647
P0000581,fiber_node,I00019,9.694638531236345
P0000581,water_source,I00020,22.497806202950088
P0000581,highway_interchange,I00022,14.08167062934432
P0000581,data_center,I00023,16.579801935503898
P0000582,transmission_line,I00013,10.76432429055144
P0000582,substation,I00017,2.2196308688051367
P0000582,fiber_node,I00019,19.971668898749208
P0000582,water_source,I00020,14.398970261096572
P0000582,highway_interchange,I00022,2.2061014131352352
P0000582,data_center,I00023,16.289434744536898
P0000583,transmission_line,I00013,0.258120022439916
P0000583,substation,I00017,11.591489262585402
P0000583,fiber_node,I00018,21.662660559302292
P0000583,water_source,I00020,4.011878851862975
P0000583,highway_interchange,I00022,9.148099293598788
P0000583,data_center,I00023,10.921991320181714
P0000584,transmission_line,I00014,9.380893327123172
P0000584,substation,I00017,24.985076209495976
P0000584,fiber_node,I00018,21.591232101427472
P0000584,water_source,I00020,10.532852560716842
P0000584,highway_interchange,I00021,3.406550478895866
P0000584,data_center,I00023,12.916654464567758
P0000585,transmission_line,I00013,11.057774814746342
P0000585,substation,I00017,1.306826574738938
P0000585,fiber_node,I00019,20.863315935203968
P0000585,water_source,I00020,14.593319160739108
P0000585,highway_interchange,I00022,1.9093682077843506
P0000585,data_center,I00023,17.073640724529934
P0000586,transmission_line,I00013,5.825827256702474
P0000586,substation,I00017,6.99349105221663
P0000586,fiber_node,I00019,19.16722423415278
P0000586,water_source,I00020,9.65568894881015
P0000586,highway_interchange,I00022,4.7792568542856255
P0000586,data_center,I00023,11.627782575575878
P0000587,transmission_line,I00014,9.134169141661259
P0000587,substation,I00017,21.05595699704303
P0000587,fiber_node,I00018,32.35344611854554
P0000587,water_source,I00020,9.453599708571172
P0000587,highway_interchange,I00021,13.593003601159984
P0000587,data_center,I00023,21.465373926448436
P0000588,transmission_line,I00013,5.509967336270462
P0000588,substation,I00017,6.8514553162210285
P0000588,fiber_node,I00019,19.84813193590024
P0000588,water_source,I00020,9.296654218375625
P0000588,highway_interchange,I00022,4.5332426619227135
P0000588,data_center,I00023,12.042066968553026
P0000589,transmission_line,I00015,7.678280489660246
P0000589,substation,I00017,4.996046966007605
P0000589,fiber_node,I00019,23.899453865567633
P0000589,water_source,I00020,10.698145910219436
P0000589,highway_interchange,I00022,3.078226984457814
P0000589,data_center,I00023,16.593242664151926
P0000590,transmission_line,I00013,17.413615974922884
P0000590,substation,I00017,5.838093478972905
P0000590,fiber_node,I00019,21.914056618987424
P0000590,water_source,I00020,20.95647801227353
P0000590,highway_interchange,I00022,8.16632714234165
P0000590,data_center,I00023,22.204731377494046
P0000591,transmission_line,I00013,20.203139507225053
P0000591,substation,I00017,26.108920843977838
P0000591,fiber_node,I00018,2.5833685325777886
P0000591,water_source,I00020,21.58363937739896
P0000591,highway_interchange,I00021,17.843192998507856
P0000591,data_center,I00023,9.457638121008019
P0000592,transmission_line,I00013,10.540912336630267
P0000592,substation,I00017,17.897138137252572
P0000592,fiber_node,I00018,11.102451029302681
P0000592,water_source,I00020,12.183936344032105
P0000592,highway_interchange,I00021,10.56375682694676
P0000592,data_center,I00023,0.4566460908530788
P0000593,transmission_line,I00013,5.282394311741745
P0000593,substation,I00017,12.765633776135749
P0000593,fiber_node,I00018,16.411864718577085
P0000593,water_source,I00020,8.108246897314732
P0000593,highway_interchange,I00021,10.430635417505489
P0000593,data_center,I00023,6.101339717889612
P0000594,transmission_line,I00013,14.010475058433162
P0000594,substation,I00017,21.082229240268088
P0000594,fiber_node,I00018,7.990867198035361
P0000594,water_source,I00020,15.352403882549194
P0000594,highway_interchange,I00021,12.337277702486851
P0000594,data_center,I00023,3.2546957571204347
P0000595,transmission_line,I00015,17.118257632362077
P0000595,substation,I00016,4.223475442606465
P0000595,fiber_node,I00019,32.6271333569688
P0000595,water_source,I00020,19.33890507374294
P0000595,highway_interchange,I00022,11.413282462755337
P0000595,data_center,I00023,27.052122115928423
P0000596,transmission_line,I00014,10.94102149649836
P0000596,substation,I00017,27.149065926137883
P0000596,fiber_node,I00018,24.42383093221724
P0000596,water_source,I00020,12.178767101316485
P0000596,highway_interchange,I00021,6.088968478308936
P0000596,data_center,I00023,15.937936585168751
P0000597,transmission_line,I00013,5.482879068444144
P0000597,substation,I00017,16.055350258679915
P0000597,fiber_node,I00018,17.154920462622066
P0000597,water_source,I00020,6.110089777965058
P0000597,highway_interchange,I00021,6.325638092396629
P0000597,data_center,I00023,6.185893523525878
P0000598,transmission_line,I00013,9.496892636602801
P0000598,substation,I00017,12.472092162935787
P0000598,fiber_node,I00019,13.198710499726007
P0000598,water_source,I00020,12.739952819562244
P0000598,highway_interchange,I00022,10.908507886135643
P0000598,data_center,I00023,6.645644131698965
P0000599,transmission_line,I00013,7.10574517956476
P0000599,substation,I00017,9.83441814454028
P0000599,fiber_node,I00019,15.956733710845933
P0000599,water_source,I00020,10.73860141146221
P0000599,highway_interchange,I00022,8.009345925457785
P0000599,data_center,I00023,8.511970272118232
P0000600,transmission_line,I00014,5.094656826986639
P0000600,substation,I00017,21.417127005296273
P0000600,fiber_node,I00018,23.20893529611535
P0000600,water_source,I00020,6.335037091993814
P0000600,highway_interchange,I00021,3.3142990181693186
P0000600,data_center,I00023,13.05704332994952
P0000601,transmission_line,I00013,8.03779964822276
P0000601,substation,I00017,15.562549870783684
P0000601,fiber_node,I00018,13.49707250166726
P0000601,water_source,I00020,10.070626275117611
P0000601,highway_interchange,I00021,10.005192003583415
P0000601,data_center,I00023,2.941285822323424
P0000602,transmission_line,I00014,9.095019718710606
P0000602,substation,I00017,20.762701664479238
P0000602,fiber_node,I00018,15.415285077592115
P0000602,water_source,I00020,9.616658722802459
P0000602,highway_interchange,I00021,4.672396216976133
P0000602,data_center,I00023,5.982832314843004
P0000603,transmission_line,I00014,9.049715582171466
P0000603,substation,I00017,19.258840491157535
P0000603,fiber_node,I00018,14.575528536329193
P0000603,water_source,I00020,9.339414014533478
P0000603,highway_interchange,I00021,5.949166108665718
P0000603,data_center,I00023,4.409221356760137
P0000604,transmission_line,I00015,6.36249239250662
P0000604,substation,I00017,5.767559947700155
P0000604,fiber_node,I00019,22.93551180141057
P0000604,water_source,I00020,9.515491584215997
P0000604,highway_interchange,I00022,3.4494190583796605
P0000604,data_center,I00023,15.06817429052342
P0000605,transmission_line,I00013,19.03430307447436
P0000605,substation,I00017,7.466132032338827
P0000605,fiber_node,I00019,22.32860513072772
P0000605,water_source,I00020,22.588840094120073
P0000605,highway_interchange,I00022,9.801445209666543
P0000605,data_center,I00023,23.54196926710594
P0000606,transmission_line,I00013,12.336354850810551
P0000606,substation,I00017,18.994122908587027
P0000606,fiber_node,I00018,9.247904988518176
P0000606,water_source,I00020,14.047669438074015
P0000606,highway_interchange,I00021,12.067157743989709
P0000606,data_center,I00023,1.8346562834909506
P0000607,transmission_line,I00015,13.389125662295065
P0000607,substation,I00016,14.772630685575269
P0000607,fiber_node,I00019,35.613805680270254
P0000607,water_source,I00020,13.588594470925054
P0000607,highway_interchange,I00022,15.124162556041647
P0000607,data_center,I00023,25.044500415825418
P0000608,transmission_line,I00015,9.739484702079634
P0000608,substation,I00017,13.74061537290424
P0000608,fiber_node,I00019,32.12584113990487
P0000608,water_source,I00020,10.181374359131269
P0000608,highway_interchange,I00022,12.263897529556425
P0000608,data_center,I00023,21.395273546951252
P0000609,transmission_line,I00015,2.046786214837223
P0000609,substation,I00017,13.844306167565675
P0000609,fiber_node,I00018,23.315688310809204
P0000609,water_source,I00020,1.3967232594853003
P0000609,highway_interchange,I00021,8.83126669957735
P0000609,data_center,I00023,12.350937658072558
P0000610,transmission_line,I00013,3.9977865571028364
P0000610,substation,I00017,10.968331486507287
P0000610,fiber_node,I00018,18.27764013920193
P0000610,water_source,I00020,7.470795298720035
P0000610,highway_interchange,I00022,8.704583931308372
P0000610,data_center,I00023,8.140615757376727
P0000611,transmission_line,I00015,4.685789021438925
P0000611,substation,I00017,11.29850822394539
P0000611,fiber_node,I00018,27.024881497772046
P0000611,water_source,I00020,5.99773799743715
P0000611,highway_interchange,I00022,9.20737227206084
P0000611,data_center,I00023,16.30794868624556
P0000612,transmission_line,I00013,15.280785354593077
P0000612,substation,I00017,13.016418698702266
P0000612,fiber_node,I00019,9.025950104167746
P0000612,water_source,I00020,18.874364571223683
P0000612,highway_interchange,I00022,12.63131525020755
P0000612,data_center,I00023,12.230817477906383
P0000613,transmission_line,I00015,8.226751029085618
P0000613,substation,I00017,7.19615615024344
P0000613,fiber_node,I00019,26.778491144225427
P0000613,water_source,I00020,10.66182886707774
P0000613,highway_interchange,I00022,5.81209792133502
P0000613,data_center,I00023,18.576690901450565
P0000614,transmission_line,I00015,7.92874319265134
P0000614,substation,I00017,6.813361502828156
P0000614,fiber_node,I00019,26.216681562380074
P0000614,water_source,I00020,10.484705614694446
P0000614,highway_interchange,I00022,5.319666336979567
P0000614,data_center,I00023,18.098303685024447
P0000615,transmission_line,I00014,20.328391340480096
P0000615,substation,I00017,29.133126800374292
P0000615,fiber_node,I00018,9.236038477131338
P0000615,water_source,I00020,20.797467991394655
P0000615,highway_interchange,I00021,14.991849467524197
P0000615,data_center,I00023,10.829985224673413
P0000616,transmission_line,I00014,10.327259765530114
P0000616,substation,I00017,26.796217105294474
P0000616,fiber_node,I00018,27.345794414482114
P0000616,water_source,I00020,11.569340735536947
P0000616,highway_interchange,I00021,7.727668660734637
P0000616,data_center,I00023,18.07800854825565
P0000617,transmission_line,I00015,1.7572918856040436
P0000617,substation,I00017,13.731032674844432
P0000617,fiber_node,I00018,22.61477459361711
P0000617,water_source,I00020,1.5945726869252412
P0000617,highway_interchange,I00021,8.554486440145256
P0000617,data_center,I00023,11.654381507028079
P0000618,transmission_line,I00014,13.7129546829583
P0000618,substation,I00017,27.04279698914153
P0000618,fiber_node,I00018,35.976865690245084
P0000618,water_source,I00020,14.39723365807016
P0000618,highway_interchange,I00021,16.089350713564173
P0000618,data_center,I00023,25.472402523988823
P0000619,transmission_line,I00013,7.667442775962915
P0000619,substation,I00017,13.992118372845187
P0000619,fiber_node,I00018,14.08457777486415
P0000619,water_source,I00020,10.290635947646198
P0000619,highway_interchange,I00021,11.332633872338086
P0000619,data_center,I00023,4.330573324904416
P0000620,transmission_line,I00014,1.2791996799540342
P0000620,substation,I00017,17.73530176300407
P0000620,fiber_node,I00018,23.281680495792894
P0000620,water_source,I00020,2.532975778852395
P0000620,highway_interchange,I00021,5.611232927518136
P0000620,data_center,I00023,12.454415948390784
P0000621,transmission_line,I00015,19.89571848870808
P0000621,substation,I00016,12.215021466214464
P0000621,fiber_node,I00019,40.63248139190585
P0000621,water_source,I00020,20.479101744206588
P0000621,highway_interchange,I00022,19.147339327923593
P0000621,data_center,I00023,31.477849267828674
P0000622,transmission_line,I00013,7.159295936201531
P0000622,substation,I00017,6.819919129373904
P0000622,fiber_node,I00019,17.837922946711277
P0000622,water_source,I00020,11.007717174737621
P0000622,highway_interchange,I00022,4.949530405941962
P0000622,data_center,I00023,11.49977344249361
P0000623,transmission_line,I00015,14.082527103440166
P0000623,substation,I00016,14.609507399245889
P0000623,fiber_node,I00019,36.231273091550904
P0000623,water_source,I00020,14.280890385386115
P0000623,highway_interchange,I00022,15.623574487452334
P0000623,data_center,I00023,25.738378956722833
P0000624,transmission_line,I00015,7.582098782213006
P0000624,substation,I00017,13.43796695680351
P0000624,fiber_node,I00018,30.05109183268257
P0000624,water_source,I00020,7.855583875468405
P0000624,highway_interchange,I00022,11.638073113786554
P0000624,data_center,I00023,19.220314935832754
P0000625,transmission_line,I00013,14.183282093085023
P0000625,substation,I00017,5.708125574455239
P0000625,fiber_node,I00019,16.98632623754165
P0000625,water_source,I00020,17.994307772837956
P0000625,highway_interchange,I00022,6.661573069113203
P0000625,data_center,I00023,17.052891908371286
P0000626,transmission_line,I00013,15.461438250439894
P0000626,substation,I00017,4.731883603928293
P0000626,fiber_node,I00019,19.71952894631936
P0000626,water_source,I00020,19.135904642898137
P0000626,highway_interchange,I00022,6.643850803023411
P0000626,data_center,I00023,19.64399587512856
P0000627,transmission_line,I00015,21.791312745304218
P0000627,substation,I00016,2.575225692207505
P0000627,fiber_node,I00019,33.966744659071495
P0000627,water_source,I00020,24.307748501323232
P0000627,highway_interchange,I00022,14.402554827359294
P0000627,data_center,I00023,30.708883197180636
P0000628,transmission_line,I00013,11.295659677229917
P0000628,substation,I00017,14.165883412128169
P0000628,fiber_node,I00019,11.451287203681838
P0000628,water_source,I00020,14.342261713263762
P0000628,highway_interchange,I00022,12.747368366918378
P0000628,data_center,I00023,6.240038761142113
P0000629,transmission_line,I00013,5.307699033133164
P0000629,substation,I00017,10.0656096006947
P0000629,fiber_node,I00019,17.581996678017425
P0000629,water_source,I00020,8.934499395132244
P0000629,highway_interchange,I00022,7.9504463732808155
P0000629,data_center,I00023,8.436795611729721
P0000630,transmission_line,I00014,10.360122611646588
P0000630,substation,I00017,26.441567743914938
P0000630,fiber_node,I00018,29.754108695721637
P0000630,water_source,I00020,11.498871880312532
P0000630,highway_interchange,I00021,9.740732589469571
P0000630,data_center,I00023,19.957585130370642
P0000631,transmission_line,I00014,16.170819903020938
P0000631,substation,I00017,25.01018680157574
P0000631,fiber_node,I00018,9.578863839644413
P0000631,water_source,I00020,16.56365939749612
P0000631,highway_interchange,I00021,11.35053795364209
P0000631,data_center,I00023,6.718178642603132
P0000632,transmission_line,I00014,10.325673259826578
P0000632,substation,I00017,26.377301990726902
P0000632,fiber_node,I00018,23.43090937853471
P0000632,water_source,I00020,11.543890357585012
P0000632,highway_interchange,I00021,5.112325842775524
P0000632,data_center,I00023,14.885314018696086
P0000633,transmission_line,I00013,10.824551286634867
P0000633,substation,I00017,9.586200095822251
P0000633,fiber_node,I00019,13.25740101817061
P0000633,water_source,I00020,14.539758403060233
P0000633,highway_interchange,I00022,8.6059605904799
P0000633,data_center,I00023,10.536416893156664
P0000634,transmission_line,I00015,12.779614465769225
P0000634,substation,I00017,4.386168077446486
P0000634,fiber_node,I00019,26.37769775117331
P0000634,water_source,I00020,15.636383217645314
P0000634,highway_interchange,I00022,5.2049678077518235
P0000634,data_center,I00023,21.34202773116838
P0000635,transmission_line,I00014,15.891475440894384
P0000635,substation,I00016,22.184702917650032
P0000635,fiber_node,I00018,39.12205895104598
P0000635,water_source,I00020,15.871062801256205
P0000635,highway_interchange,I00021,20.943319504912765
P0000635,data_center,I00023,28.141431200086082
P0000636,transmission_line,I00013,11.486313752140159
P0000636,substation,I00017,6.78846795921135
P0000636,fiber_node,I00019,15.317021474995117
P0000636,water_source,I00020,15.333937095835893
P0000636,highway_interchange,I00022,6.386191895821134
P0000636,data_center,I00023,13.46944327143072
P0000637,transmission_line,I00014,1.5938580805720053
P0000637,substation,I00017,15.285006232241848
P0000637,fiber_node,I00018,24.136720553665647
P0000637,water_source,I00020,0.8849659647725602
P0000637,highway_interchange,I00021,8.200399639858144
P0000637,data_center,I00023,13.152500414672978
P0000638,transmission_line,I00014,14.827482588522857
P0000638,substation,I00017,25.18467430106113
P0000638,fiber_node,I00018,11.899742707984585
P0000638,water_source,I00020,15.3643967325617
P0000638,highway_interchange,I00021,9.461598419489777
P0000638,data_center,I00023,7.334241486293452
P0000639,transmission_line,I00013,8.214867222488637
P0000639,substation,I00017,3.8000963976588116
P0000639,fiber_node,I00019,22.51103593808805
P0000639,water_source,I00020,11.465970512626681
P0000639,highway_interchange,I00022,1.568824932658842
P0000639,data_center,I00023,16.061201917162755
P0000640,transmission_line,I00014,4.337566754212397
P0000640,substation,I00017,14.270681693911252
P0000640,fiber_node,I00018,26.46508454960687
P0000640,water_source,I00020,3.591695951608678
P0000640,highway_interchange,I00021,10.930517679042127
P0000640,data_center,I00023,15.502745337978325
P0000641,transmission_line,I00015,0.49874763445322495
P0000641,substation,I00017,12.122780493192307
P0000641,fiber_node,I00018,22.942263611354143
P0000641,water_source,I00020,3.1118613556990287
P0000641,highway_interchange,I00022,9.70258601016078
P0000641,data_center,I00023,12.105092142678766
P0000642,transmission_line,I00015,2.7398377584445903
P0000642,substation,I00017,11.262808452610923
P0000642,fiber_node,I00018,25.10475136505019
P0000642,water_source,I00020,4.573186089740357
P0000642,highway_interchange,I00022,8.968522002695872
P0000642,data_center,I00023,14.361228681631923
P0000643,transmission_line,I00014,14.295845848891885
P0000643,substation,I00017,25.723207005764742
P0000643,fiber_node,I00018,37.30824550879559
P0000643,water_source,I00020,14.714203312862283
P0000643,highway_interchange,I00021,17.887014546811624
P0000643,data_center,I00023,26.528374642967577
P0000644,transmission_line,I00015,19.794498810795023
P0000644,substation,I00016,4.3166133804653875
P0000644,fiber_node,I00019,31.386454640725944
P0000644,water_source,I00020,22.475521090633826
P0000644,highway_interchange,I00022,11.956740512245519
P0000644,data_center,I00023,28.296605876584056
P0000645,transmission_line,I00013,14.726603782555262
P0000645,substation,I00017,3.345717591683902
P0000645,fiber_node,I00019,21.008422010397215
P0000645,water_source,I00020,18.289198582016173
P0000645,highway_interchange,I00022,5.54036917181244
P0000645,data_center,I00023,19.820676817910257
P0000646,transmission_line,I00014,5.681825708323627
P0000646,substation,I00017,21.05429725990463
P0000646,fiber_node,I00018,20.76301887069573
P0000646,water_source,I00020,6.741579505578686
P0000646,highway_interchange,I00021,1.0133180447738999
P0000646,data_center,I00023,10.775615346986392
P0000647,transmission_line,I00013,2.5313229264790573
P0000647,substation,I00017,14.345638405629584
P0000647,fiber_node,I00018,20.892267089949488
P0000647,water_source,I00020,2.5092746467137568
P0000647,highway_interchange,I00021,7.386089833364043
P0000647,data_center,I00023,9.912915173484619
P0000648,transmission_line,I00013,4.878654550447935
P0000648,substation,I00017,8.070701289513522
P0000648,fiber_node,I00019,19.231603358568236
P0000648,water_source,I00020,8.72709638241942
P0000648,highway_interchange,I00022,5.798547213914202
P0000648,data_center,I00023,10.767694168768209
P0000649,transmission_line,I00013,13.74672589404821
P0000649,substation,I00017,20.009003839678442
P0000649,fiber_node,I00018,7.822539921288866
P0000649,water_source,I00020,15.46555231571596
P0000649,highway_interchange,I00021,13.204440835367661
P0000649,data_center,I00023,3.2128817066552857
P0000650,transmission_line,I00014,15.852005468358875
P0000650,substation,I00017,28.479000742708983
P0000650,fiber_node,I00018,15.792428354390577
P0000650,water_source,I00020,16.680955712100435
P0000650,highway_interchange,I00021,9.442890692616256
P0000650,data_center,I00023,11.489574189608316
P0000651,transmission_line,I00014,10.761209349153278
P0000651,substation,I00017,17.899964865037443
P0000651,fiber_node,I00018,33.602866856240155
P0000651,water_source,I00020,10.463202841651164
P0000651,highway_interchange,I00022,16.2173772597309
P0000651,data_center,I00023,22.630392889757918
P0000652,transmission_line,I00015,8.082070555542675
P0000652,substation,I00017,8.168087514782892
P0000652,fiber_node,I00019,27.500912585161824
P0000652,water_source,I00020,10.276191609841506
P0000652,highway_interchange,I00022,6.74294101470645
P0000652,data_center,I00023,18.82119174710659
P0000653,transmission_line,I00015,19.33854919186066
P0000653,substation,I00016,11.113357528884995
P0000653,fiber_node,I00019,39.70304235962364
P0000653,water_source,I00020,20.09710073979272
P0000653,highway_interchange,I00022,18.16246012690712
P0000653,data_center,I00023,30.857176026580674
P0000654,transmission_line,I00013,6.013270423508927
P0000654,substation,I00017,13.150773627576802
P0000654,fiber_node,I00018,15.68304588541647
P0000654,water_source,I00020,8.748384095005083
P0000654,highway_interchange,I00021,10.614551723472994
P0000654,data_center,I00023,5.477204124987524
P0000655,transmission_line,I00013,7.010895408112467
P0000655,substation,I00017,5.87378524520519
P0000655,fiber_node,I00019,18.99970924495601
P0000655,water_source,I00020,10.813886853716273
P0000655,highway_interchange,I00022,3.8143056531055977
P0000655,data_center,I00023,12.535360240266737
P0000656,transmission_line,I00015,19.637526677071442
P0000656,substation,I00016,6.371423733318657
P0000656,fiber_node,I00019,29.691650886391358
P0000656,water_source,I00020,22.498067560585753
P0000656,highway_interchange,I00022,11.144179415689836
P0000656,data_center,I00023,27.42901330447594
P0000657,transmission_line,I00013,10.927510890760129
P0000657,substation,I00017,19.111948742439377
P0000657,fiber_node,I00018,11.246911245720012
P0000657,water_source,I00020,12.083732217402721
P0000657,highway_interchange,I00021,9.511995817959654
P0000657,data_center,I00023,1.1290425907653998
P0000658,transmission_line,I00014,6.781573935997347
P0000658,substation,I00017,21.598178014410635
P0000658,fiber_node,I00018,29.216972603183407
P0000658,water_source,I00020,7.583097230990114
P0000658,highway_interchange,I00021,9.776563124185019
P0000658,data_center,I00023,18.561865756402977
P0000659,transmission_line,I00014,11.22295969478322
P0000659,substation,I00017,22.959786810143793
P0000659,fiber_node,I00018,14.61192263508769
P0000659,water_source,I00020,11.839757994075017
P0000659,highway_interchange,I00021,5.829624668954224
P0000659,data_center,I00023,6.795711960757579
P0000660,transmission_line,I00013,15.030227626000777
P0000660,substation,I00017,3.2398950687173724
P0000660,fiber_node,I00019,23.465479922429143
P0000660,water_source,I00020,18.332763063314626
P0000660,highway_interchange,I00022,5.660405908019653
P0000660,data_center,I00023,21.33210643786345
P0000661,transmission_line,I00015,26.743928811364984
P0000661,substation,I00016,7.014227387399191
P0000661,fiber_node,I00019,36.54262337085673
P0000661,water_source,I00020,29.379239152760444
P0000661,highway_interchange,I00022,18.698869834671118
P0000661,data_center,I00023,35.012639717123335
P0000662,transmission_line,I00013,14.509867147306695
P0000662,substation,I00017,12.401659028038397
P0000662,fiber_node,I00019,9.699288113070889
P0000662,water_source,I00020,18.118770997570433
P0000662,highway_interchange,I00022,11.93389187175993
P0000662,data_center,I00023,11.802913308919958
P0000663,transmission_line,I00013,4.926934522610326
P0000663,substation,I00017,13.007299163674082
P0000663,fiber_node,I00018,16.662636199721543
P0000663,water_source,I00020,7.612034011941072
P0000663,highway_interchange,I00021,9.92618260188576
P0000663,data_center,I00023,6.1690978007713415
P0000664,transmission_line,I00014,4.380685054831206
P0000664,substation,I00017,20.784169968224745
P0000664,fiber_node,I00018,25.17730895979222
P0000664,water_source,I00020,5.588868419872085
P0000664,highway_interchange,I00021,5.62843089800194
P0000664,data_center,I00023,14.705774355145273
P0000665,transmission_line,I00014,18.984123221885895
P0000665,substation,I00017,28.21116903872239
P0000665,fiber_node,I00018,9.815988918756679
P0000665,water_source,I00020,19.47598076414014
P0000665,highway_interchange,I00021,13.602819163420856
P0000665,data_center,I00023,9.89603249469528
P0000666,transmission_line,I00013,16.19891355531635
P0000666,substation,I00017,4.838294507612896
P0000666,fiber_node,I00019,21.03345767298666
P0000666,water_source,I00020,19.78649846741631
P0000666,highway_interchange,I00022,7.0557283275155145
P0000666,data_center,I00023,20.889432715650457
P0000667,transmission_line,I00013,11.299109251875414
P0000667,substation,I00017,11.43886371484907
P0000667,fiber_node,I00019,11.901142424929661
P0000667,water_source,I00020,14.831511672437818
P0000667,highway_interchange,I00022,10.34992491828012
P0000667,data_center,I00023,9.16657110277534
P0000668,transmission_line,I00014,31.304345820256607
P0000668,substation,I00017,47.59751755840701
P0000668,fiber_node,I00018,44.846521938189696
P0000668,water_source,I00020,32.50917432418716
P0000668,highway_interchange,I00021,28.159800638321652
P0000668,data_center,I00023,37.89401885087558
P0000669,transmission_line,I00015,18.084568195257358
P0000669,substation,I00016,3.9570235529624496
P0000669,fiber_node,I00019,31.3909919633478
P0000669,water_source,I00020,20.6209816322117
P0000669,highway_interchange,I00022,10.981415737623527
P0000669,data_center,I00023,27.177495529162993
P0000670,transmission_line,I00013,3.1197523071637545
P0000670,substation,I00017,9.242068984061152
P0000670,fiber_node,I00019,20.48873781645209
P0000670,water_source,I00020,6.966356708590807
P0000670,highway_interchange,I00022,6.842742989872428
P0000670,data_center,I00023,10.610124191281878
P0000671,transmission_line,I00015,21.601732802860873
P0000671,substation,I00016,9.551110027007393
P0000671,fiber_node,I00019,40.871596717674755
P0000671,water_source,I00020,22.636368264070764
P0000671,highway_interchange,I00022,19.241348074951063
P0000671,data_center,I00023,32.9369064510561
P0000672,transmission_line,I00013,1.201960579548354
P0000672,substation,I00017,10.736537098481868
P0000672,fiber_node,I00018,22.20954284608501
P0000672,water_source,I00020,4.642187271427684
P0000672,highway_interchange,I00022,8.296360395423614
P0000672,data_center,I00023,11.586374918405935
P0000673,transmission_line,I00013,14.506220075634213
P0000673,substation,I00017,22.58820576726235
P0000673,fiber_node,I00018,8.867897601586439
P0000673,water_source,I00020,15.295934389584948
P0000673,highway_interchange,I00021,11.209967194002402
P0000673,data_center,I00023,4.277677303506132
P0000674,transmission_line,I00014,13.202788974206626
P0000674,substation,I00017,25.47072303015756
P0000674,fiber_node,I00018,14.979604268318228
P0000674,water_source,I00020,13.942835513637702
P0000674,highway_interchange,I00021,7.122369490149768
P0000674,data_center,I00023,8.848928819394754
P0000675,transmission_line,I00015,8.480633569713687
P0000675,substation,I00017,11.532523795899142
P0000675,fiber_node,I00019,30.116973565747994
P0000675,water_source,I00020,9.615269242004118
P0000675,highway_interchange,I00022,10.027536953511122
P0000675,data_center,I00023,20.02204949125398
P0000676,transmission_line,I00013,24.413376008104038
P0000676,substation,I00017,16.899614035485794
P0000676,fiber_node,I00019,13.386813234868889
P0000676,water_source,I00020,28.24031586790764
P0000676,highway_interchange,I00022,18.070769983421023
P0000676,data_center,I00023,22.969111461948067
P0000677,transmission_line,I00013,18.100947197189793
P0000677,substation,I00017,13.64160785996628
P0000677,fiber_node,I00019,9.18405390790027
P0000677,water_source,I00020,21.815513764039963
P0000677,highway_interchange,I00022,13.863666372568508
P0000677,data_center,I00023,15.646367841870726
P0000678,transmission_line,I00013,12.979011451396431
P0000678,substation,I00017,17.066290320557208
P0000678,fiber_node,I00018,9.392579608711577
P0000678,water_source,I00020,15.530006963544624
P0000678,highway_interchange,I00021,15.109230901461805
P0000678,data_center,I00023,4.929315180934074
P0000679,transmission_line,I00015,3.4808557635645254
P0000679,substation,I00017,8.540576081251999
P0000679,fiber_node,I00019,22.956048909488853
P0000679,water_source,I00020,6.688406635848146
P0000679,highway_interchange,I00022,6.127191943327596
P0000679,data_center,I00023,13.180149506731821
P0000680,transmission_line,I00015,16.069544324960294
P0000680,substation,I00016,11.070998313427397
P0000680,fiber_node,I00019,36.679552883685396
P0000680,water_source,I00020,16.91802475371209
P0000680,highway_interchange,I00022,15.28376307094803
P0000680,data_center,I00023,27.581730757557924
P0000681,transmission_line,I00015,5.215960000915357
P0000681,substation,I00017,9.60277083556817
P0000681,fiber_node,I00019,26.532624404122622
P0000681,water_source,I00020,7.262254362199947
P0000681,highway_interchange,I00022,7.579835846996511
P0000681,data_center,I00023,16.462669656685176
P0000682,transmission_line,I00014,0.7722296143377967
P0000682,substation,I00017,17.087765619931083
P0000682,fiber_node,I00018,22.91380862428587
P0000682,water_source,I00020,1.9522225861445999
P0000682,highway_interchange,I00021,5.847556331340686
P0000682,data_center,I00023,12.029538261559361
P0000683,transmission_line,I00013,13.40665051181355
P0000683,substation,I00017,3.309948814822932
P0000683,fiber_node,I00019,19.3551618671749
P0000683,water_source,I00020,17.092802739660115
P0000683,highway_interchange,I00022,4.777360957541653
P0000683,data_center,I00023,17.903329546354758
P0000684,transmission_line,I00014,1.3806454461155242
P0000684,substation,I00017,16.415667231826752
P0000684,fiber_node,I00018,24.6261334077337
P0000684,water_source,I00020,1.6785540976290336
P0000684,highway_interchange,I00021,7.72859828855983
P0000684,data_center,I00023,13.670842893605826
P0000685,transmission_line,I00013,4.117786650796357
P0000685,substation,I00017,8.32866111019439
P0000685,fiber_node,I00019,20.028300233502726
P0000685,water_source,I00020,7.954678147725666
P0000685,highway_interchange,I00022,5.964558374266946
P0000685,data_center,I00023,10.993156339668214
P0000686,transmission_line,I00015,6.909093725011899
P0000686,substation,I00017,7.2452965632148
P0000686,fiber_node,I00019,25.807417494385835
P0000686,water_source,I00020,9.483572562337152
P0000686,highway_interchange,I00022,5.463990046300016
P0000686,data_center,I00023,17.223209423393534
P0000687,transmission_line,I00015,4.850312924457242
P0000687,substation,I00017,9.037818533686947
P0000687,fiber_node,I00019,25.72097140131782
P0000687,water_source,I00020,7.222155521017982
P0000687,highway_interchange,I00022,6.928201265044031
P0000687,data_center,I00023,15.847301791065188
P0000688,transmission_line,I00015,12.057610229105597
P0000688,substation,I00016,12.650051383544007
P0000688,fiber_node,I00019,33.25218909855172
P0000688,water_source,I00020,12.96891397300834
P0000688,highway_interchange,I00022,12.339195218465598
P0000688,data_center,I00023,23.601734106990012
P0000689,transmission_line,I00013,15.768600094090422
P0000689,substation,I00017,24.36008395010257
P0000689,fiber_node,I00018,9.374989185205688
P0000689,water_source,I00020,16.16236122821786
P0000689,highway_interchange,I00021,11.208352283935833
P0000689,data_center,I00023,6.056211534323363
P0000690,transmission_line,I00013,10.590704178569986
P0000690,substation,I00017,2.393671778424185
P0000690,fiber_node,I00019,19.862033929691194
P0000690,water_source,I00020,14.23746606358524
P0000690,highway_interchange,I00022,2.1765502151157246
P0000690,data_center,I00023,16.08539740607965
P0000691,transmission_line,I00014,9.440164999765983
P0000691,substation,I00017,25.688132907564633
P0000691,fiber_node,I00018,24.065791426959265
P0000691,water_source,I00020,10.680082812378572
P0000691,highway_interchange,I00021,4.941746678849788
P0000691,data_center,I00023,15.106098691850782
P0000692,transmission_line,I00013,12.890744848882022
P0000692,substation,I00017,15.654748154125077
P0000692,fiber_node,I00019,10.01669407372704
P0000692,water_source,I00020,15.799613373475852
P0000692,highway_interchange,I00022,14.341224438906385
P0000692,data_center,I00023,6.4223514085221165
P0000693,transmission_line,I00015,14.14224228386258
P0000693,substation,I00016,7.1580661795722795
P0000693,fiber_node,I00019,30.324781320237697
P0000693,water_source,I00020,16.44731935925199
P0000693,highway_interchange,I00022,8.80333384289822
P0000693,data_center,I00023,24.10541553567178
P0000694,transmission_line,I00014,7.059320356785862
P0000694,substation,I00017,20.903809054127894
P0000694,fiber_node,I00018,18.32849089255597
P0000694,water_source,I00020,7.862417142776871
P0000694,highway_interchange,I00021,1.7958450618196529
P0000694,data_center,I00023,8.571651596070538
P0000695,transmission_line,I00014,2.9380037174012044
P0000695,substation,I00017,19.17830230194372
P0000695,fiber_node,I00018,22.648574990131806
P0000695,water_source,I00020,4.14585300581144
P0000695,highway_interchange,I00021,3.995487088972758
P0000695,data_center,I00023,12.056212684335138
P0000696,transmission_line,I00013,19.024661531095614
P0000696,substation,I00017,19.939734479230516
P0000696,fiber_node,I00019,4.101620110509241
P0000696,water_source,I00020,21.9410405110553
P0000696,highway_interchange,I00022,19.15845252815397
P0000696,data_center,I00023,11.367178868654682
P0000697,transmission_line,I00013,8.632020561876748
P0000697,substation,I00017,14.765616310774284
P0000697,fiber_node,I00018,13.081578393940815
P0000697,water_source,I00020,11.125726556084707
P0000697,highway_interchange,I00021,11.614595503824493
P0000697,data_center,I00023,3.592847791684368
P0000698,transmission_line,I00013,2.014008990410443
P0000698,substation,I00017,10.665445393177766
P0000698,fiber_node,I00018,20.28593429057385
P0000698,water_source,I00020,5.795810242062463
P0000698,highway_interchange,I00022,8.254417179663463
P0000698,data_center,I00023,9.835032712544974
P0000699,transmission_line,I00013,2.9504043655091734
P0000699,substation,I00017,13.691990747380611
P0000699,fiber_node,I00018,18.864363169719887
P0000699,water_source,I00020,4.788837534702773
P0000699,highway_interchange,I00021,8.075009452895163
P0000699,data_center,I00023,7.955000421009434
P0000700,transmission_line,I00013,6.409460812534073
P0000700,substation,I00017,13.637415933060774
P0000700,fiber_node,I00018,15.217182245431738
P0000700,water_source,I00020,8.99119883437688
P0000700,highway_interchange,I00021,10.45664545310832
P0000700,data_center,I00023,4.954685737679985
P0000701,transmission_line,I00015,22.977911188663608
P0000701,substation,I00016,14.353130937316388
P0000701,fiber_node,I00019,43.95232774904293
P0000701,water_source,I00020,23.338423364262226
P0000701,highway_interchange,I00022,22.45770339850088
P0000701,data_center,I00023,34.606646932662954
P0000702,transmission_line,I00013,18.547079431251383
P0000702,substation,I00017,17.904609284911732
P0000702,fiber_node,I00019,4.32115909165701
P0000702,water_source,I00020,21.781081240812057
P0000702,highway_interchange,I00022,17.385149344565466
P0000702,data_center,I00023,12.430600552884174
P0000703,transmission_line,I00015,12.327449682225707
P0000703,substation,I00016,11.062234544629984
P0000703,fiber_node,I00019,32.52127361157202
P0000703,water_source,I00020,13.657164547431652
P0000703,highway_interchange,I00022,11.24526380958023
P0000703,data_center,I00023,23.64175849597439
P0000704,transmission_line,I00014,7.343951384893286
P0000704,substation,I00017,17.99405904028187
P0000704,fiber_node,I00018,30.552682599693487
P0000704,water_source,I00020,7.308742163418502
P0000704,highway_interchange,I00021,12.941382178294486
P0000704,data_center,I00023,19.57449587501485
P0000705,transmission_line,I00013,10.377172007598643
P0000705,substation,I00017,19.71626170060872
P0000705,fiber_node,I00018,12.885276624886487
P0000705,water_source,I00020,10.888434812807139
P0000705,highway_interchange,I00021,7.4753309574333695
P0000705,data_center,I00023,3.1090926310759186
P0000706,transmission_line,I00015,1.6362506634943614
P0000706,substation,I00017,13.398901451564011
P0000706,fiber_node,I00018,23.27115042239595
P0000706,water_source,I00020,1.8368997797658895
P0000706,highway_interchange,I00021,9.18479755412937
P0000706,data_center,I00023,12.32795364426939
P0000707,transmission_line,I00013,7.374328303244727
P0000707,substation,I00017,5.794787304976571
P0000707,fiber_node,I00019,18.666014611974123
P0000707,water_source,I00020,11.189315178339445
P0000707,highway_interchange,I00022,3.8591200973676987
P0000707,data_center,I00023,12.54746434759214
P0000708,transmission_line,I00015,22.765398070220073
P0000708,substation,I00016,14.342039186435963
P0000708,fiber_node,I00019,43.78151242593885
P0000708,water_source,I00020,23.11579769539655
P0000708,highway_interchange,I00022,22.299531767173775
P0000708,data_center,I00023,34.39660794930583
P0000709,transmission_line,I00013,20.57099068605154
P0000709,substation,I00017,26.8426238151513
P0000709,fiber_node,I00018,3.3456805183213696
P0000709,water_source,I00020,21.78451254951996
P0000709,highway_interchange,I00021,17.707464656543152
P0000709,data_center,I00023,9.812142751187233
P0000710,transmission_line,I00015,14.590146888889997
P0000710,substation,I00016,7.614135561844888
P0000710,fiber_node,I00019,32.636670397224734
P0000710,water_source,I00020,16.41421725316594
P0000710,highway_interchange,I00022,11.005357502715563
P0000710,data_center,I00023,25.322303643354775
P0000711,transmission_line,I00014,4.770920460940632
P0000711,substation,I00017,17.66613415530974
P0000711,fiber_node,I00018,18.7314485642135
P0000711,water_source,I00020,5.192509743657893
P0000711,highway_interchange,I00021,4.088644016203509
P0000711,data_center,I00023,7.991780950240457
P0000712,transmission_line,I00013,17.272476481768933
P0000712,substation,I00017,5.732765804579234
P0000712,fiber_node,I00019,21.748494684767966
P0000712,water_source,I00020,20.82550940045868
P0000712,highway_interchange,I00022,8.044225084959454
P0000712,data_center,I00023,22.021346279261405
P0000713,transmission_line,I00014,3.0175875049541356
P0000713,substation,I00017,15.196468890963258
P0000713,fiber_node,I00018,20.49391080006338
P0000713,water_source,I00020,2.7605807348417297
P0000713,highway_interchange,I00021,6.488827456757378
P0000713,data_center,I00023,9.511363105199885
P0000714,transmission_line,I00015,12.21852892087275
P0000714,substation,I00016,14.396564063265263
P0000714,fiber_node,I00019,34.28927353522379
P0000714,water_source,I00020,12.617177405290297
P0000714,highway_interchange,I00022,13.822006876298907
P0000714,data_center,I00023,23.871455389959632
P0000715,transmission_line,I00013,10.961100872606066
P0000715,substation,I00017,14.222735934080395
P0000715,fiber_node,I00019,11.831912431969016
P0000715,water_source,I00020,13.95461248005936
P0000715,highway_interchange,I00022,12.737415705814982
P0000715,data_center,I00023,5.834539487275187
P0000716,transmission_line,I00015,9.731122150264838
P0000716,substation,I00017,5.234618898731574
P0000716,fiber_node,I00019,25.98690134398846
P0000716,water_source,I00020,12.47474618393239
P0000716,highway_interchange,I00022,4.42264125288652
P0000716,data_center,I00023,19.14605850716505
P0000717,transmission_line,I00013,11.392722234194324
P0000717,substation,I00017,8.549091109529774
P0000717,fiber_node,I00019,13.780946861344502
P0000717,water_source,I00020,15.189189049585755
P0000717,highway_interchange,I00022,7.8581691590018385
P0000717,data_center,I00023,11.932294589670056
P0000718,transmission_line,I00015,16.61301402742675
P0000718,substation,I00016,8.400361609498235
P0000718,fiber_node,I00019,35.822855833701944
P0000718,water_source,I00020,17.93888415242546
P0000718,highway_interchange,I00022,14.208258316787862
P0000718,data_center,I00023,27.807925508134982
P0000719,transmission_line,I00013,6.099417470750525
P0000719,substation,I00017,14.734248683869755
P0000719,fiber_node,I00018,15.477482104130317
P0000719,water_source,I00020,8.068534999359885
P0000719,highway_interchange,I00021,8.88698387179113
P0000719,data_center,I00023,4.671247786155982
P0000720,transmission_line,I00013,4.165569339926244
P0000720,substation,I00017,10.834927801345833
P0000720,fiber_node,I00018,18.230240531960717
P0000720,water_source,I00020,7.667606636469583
P0000720,highway_interchange,I00022,8.58738723651036
P0000720,data_center,I00023,8.167227589070967
P0000721,transmission_line,I00015,8.477442634684623
P0000721,substation,I00017,10.949227179386519
P0000721,fiber_node,I00019,29.753876282454836
P0000721,water_source,I00020,9.815833061030908
P0000721,highway_interchange,I00022,9.485812105274594
P0000721,data_center,I00023,19.930386083534614
P0000722,transmission_line,I00015,18.047590009620507
P0000722,substation,I00016,3.2517133310448174
P0000722,fiber_node,I00019,32.93790816185177
P0000722,water_source,I00020,20.32643749809212
P0000722,highway_interchange,I00022,11.958701276603982
P0000722,data_center,I00023,27.80151856968156
P0000723,transmission_line,I00015,5.597834744477087
P0000723,substation,I00017,6.484356236368008
P0000723,fiber_node,I00019,22.86917518878434
P0000723,water_source,I00020,8.767170586379802
P0000723,highway_interchange,I00022,4.119237503627888
P0000723,data_center,I00023,14.507958301795686
P0000724,transmission_line,I00013,8.432473091858522
P0000724,substation,I00017,17.13973957473577
P0000724,fiber_node,I00018,13.52413587828061
P0000724,water_source,I00020,9.73021874751154
P0000724,highway_interchange,I00021,8.395229768285947
P0000724,data_center,I00023,2.5459686786752505
P0000725,transmission_line,I00013,8.556119214624937
P0000725,substation,I00017,11.05721548499919
P0000725,fiber_node,I00019,14.278181963752179
P0000725,water_source,I00020,12.017498278372504
P0000725,highway_interchange,I00022,9.438684898873374
P0000725,data_center,I00023,7.659626653168622
P0000726,transmission_line,I00014,6.765562816326482
P0000726,substation,I00017,22.931573966168653
P0000726,fiber_node,I00018,27.27671307423983
P0000726,water_source,I00020,7.906791206528646
P0000726,highway_interchange,I00021,7.310313355323501
P0000726,data_center,I00023,17.0223122264827
P0000727,transmission_line,I00013,20.984594171106952
P0000727,substation,I00017,12.6620010565006
P0000727,fiber_node,I00019,14.773499201845526
P0000727,water_source,I00020,24.83333182556682
P0000727,highway_interchange,I00022,13.9663830562568
P0000727,data_center,I00023,21.140966278489106
P0000728,transmission_line,I00013,1.4495142408061188
P0000728,substation,I00017,11.082912343630605
P0000728,fiber_node,I00018,20.520515098387254
P0000728,water_source,I00020,5.209863861768785
P0000728,highway_interchange,I00022,8.656830127802204
P0000728,data_center,I00023,9.944279719087659
P0000729,transmission_line,I00014,5.478993221676054
P0000729,substation,I00017,21.955056352271928
P0000729,fiber_node,I00018,24.64634652621936
P0000729,water_source,I00020,6.730837128633137
P0000729,highway_interchange,I00021,4.695411838539579
P0000729,data_center,I00023,14.469656935598168
P0000730,transmission_line,I00013,8.707692944926265
P0000730,substation,I00017,4.00594007390865
P0000730,fiber_node,I00019,19.433327565426815
P0000730,water_source,I00020,12.424585789039616
P0000730,highway_interchange,I00022,2.327727474995645
P0000730,data_center,I00023,14.314909771116684
P0000731,transmission_line,I00014,14.773651076221968
P0000731,substation,I00017,24.286490935410956
P0000731,fiber_node,I00018,10.847581212118039
P0000731,water_source,I00020,15.208535852636878
P0000731,highway_interchange,I00021,9.865643922366106
P0000731,data_center,I00023,6.204460758746152
P0000732,transmission_line,I00015,9.374041323610175
P0000732,substation,I00017,15.455900469440436
P0000732,fiber_node,I00018,31.801551866699388
P0000732,water_source,I00020,9.03226176418862
P0000732,highway_interchange,I00022,13.74155224239146
P0000732,data_center,I00023,20.887373291100264
P0000733,transmission_line,I00013,18.393632103147525
P0000733,substation,I00017,6.58478740564826
P0000733,fiber_node,I00019,24.894702287466327
P0000733,water_source,I00020,21.677679849319244
P0000733,highway_interchange,I00022,9.018412569277753
P0000733,data_center,I00023,24.3415745872934
P0000734,transmission_line,I00013,15.917982201421808
P0000734,substation,I00017,4.371487025062475
P0000734,fiber_node,I00019,21.526085556275046
P0000734,water_source,I00020,19.457601124657753
P0000734,highway_interchange,I00022,6.672098365155496
P0000734,data_center,I00023,20.949356137030403
P0000735,transmission_line,I00014,20.166644514398083
P0000735,substation,I00017,28.748496333824715
P0000735,fiber_node,I00018,8.811454285815675
P0000735,water_source,I00020,20.610195206773476
P0000735,highway_interchange,I00021,14.936811434655905
P0000735,data_center,I00023,10.460616723541046
P0000736,transmission_line,I00015,11.690433496485406
P0000736,substation,I00017,6.742942796843878
P0000736,fiber_node,I00019,28.21801396068912
P0000736,water_source,I00020,14.155137923671626
P0000736,highway_interchange,I00022,6.587369729713758
P0000736,data_center,I00023,21.54079476980761
P0000737,transmission_line,I00015,5.69258539875732
P0000737,substation,I00017,6.974049139922273
P0000737,fiber_node,I00019,24.16664244280867
P0000737,water_source,I00020,8.622962685173738
P0000737,highway_interchange,I00022,4.791683862851807
P0000737,data_center,I00023,15.48040328168754
P0000738,transmission_line,I00014,14.534978528221917
P0000738,substation,I00017,28.902375260138
P0000738,fiber_node,I00018,35.83388591906861
P0000738,water_source,I00020,15.392359280431894
P0000738,highway_interchange,I00021,15.774059115062116
P0000738,data_center,I00023,25.65678107671178
P0000739,transmission_line,I00014,27.763836864677607
P0000739,substation,I00016,29.5395587682077
P0000739,fiber_node,I00018,51.04773378159053
P0000739,water_source,I00020,27.862131348143105
P0000739,highway_interchange,I00021,32.118884638122374
P0000739,data_center,I00023,40.09804724428567
P0000740,transmission_line,I00013,2.790876577249958
P0000740,substation,I00017,13.792719048149404
P0000740,fiber_node,I00018,19.161071792215115
P0000740,water_source,I00020,4.439429217644341
P0000740,highway_interchange,I00021,7.908707207250496
P0000740,data_center,I00023,8.23198753040032
P0000741,transmission_line,I00015,9.682503376411328
P0000741,substation,I00017,12.738391168792406
P0000741,fiber_node,I00019,31.561778558750994
P0000741,water_source,I00020,10.486655465922933
P0000741,highway_interchange,I00022,11.35280822975013
P0000741,data_center,I00023,21.295568267251195
P0000742,transmission_line,I00013,12.362618554185088
P0000742,substation,I00017,19.660200505119295
P0000742,fiber_node,I00018,9.486150062161373
P0000742,water_source,I00020,13.781633985262527
P0000742,highway_interchange,I00021,11.261571669993064
P0000742,data_center,I00023,1.6047284378534148
P0000743,transmission_line,I00014,18.52350955625321
P0000743,substation,I00017,29.231194382779925
P0000743,fiber_node,I00018,12.453282414572065
P0000743,water_source,I00020,19.16876825093944
P0000743,highway_interchange,I00021,12.593325999424623
P0000743,data_center,I00023,11.136542458618342
P0000744,transmission_line,I00015,1.0512750259660948
P0000744,substation,I00017,12.621231818580501
P0000744,fiber_node,I00018,23.287253568073417
P0000744,water_source,I00020,2.615003161687566
P0000744,highway_interchange,I00021,9.85861609265496
P0000744,data_center,I00023,12.399778818425043
P0000745,transmission_line,I00013,5.322343417842564
P0000745,substation,I00017,6.517702282797258
P0000745,fiber_node,I00019,21.799657153621663
P0000745,water_source,I00020,8.773992924428123
P0000745,highway_interchange,I00022,4.0762044858515845
P0000745,data_center,I00023,13.561751639553755
P0000746,transmission_line,I00015,27.9560169706609
P0000746,substation,I00016,6.88670334955726
P0000746,fiber_node,I00019,41.70271618024674
P0000746,water_source,I00020,30.011264174008407
P0000746,highway_interchange,I00022,21.72610534444713
P0000746,data_center,I00023,37.80234220149016
P0000747,transmission_line,I00015,23.594499703040153
P0000747,substation,I00016,3.439979926561191
P0000747,fiber_node,I00019,38.68632874930923
P0000747,water_source,I00020,25.564193641494583
P0000747,highway_interchange,I00022,17.959494801215552
P0000747,data_center,I00023,33.738825182219834
P0000748,transmission_line,I00013,10.842584124957918
P0000748,substation,I00017,1.6176780160637472
P0000748,fiber_node,I00019,20.61776316902243
P0000748,water_source,I00020,14.406675111143972
P0000748,highway_interchange,I00022,1.8415320417217063
P0000748,data_center,I00023,16.762351696456413
P0000749,transmission_line,I00013,16.38806847793184
P0000749,substation,I00017,13.074395937873389
P0000749,fiber_node,I00019,9.037098598622903
P0000749,water_source,I00020,20.04799165800092
P0000749,highway_interchange,I00022,12.960980702542681
P0000749,data_center,I00023,13.687096244307362
P0000750,transmission_line,I00013,14.25198259917241
P0000750,substation,I00017,8.76049132326872
P0000750,fiber_node,I00019,13.415957585016038
P0000750,water_source,I00020,18.08615120521125
P0000750,highway_interchange,I00022,8.93214266835009
P0000750,data_center,I00023,14.700549680484407
P0000751,transmission_line,I00014,1.6801362444173369
P0000751,substation,I00017,16.106354421052764
P0000751,fiber_node,I00018,24.821161310774503
P0000751,water_source,I00020,1.684446400287567
P0000751,highway_interchange,I00021,8.125529662193411
P0000751,data_center,I00023,13.851794733706837
P0000752,transmission_line,I00013,1.8043926541296376
P0000752,substation,I00017,10.165493421425529
P0000752,fiber_node,I00018,21.27509368348697
P0000752,water_source,I00020,5.628281895500912
P0000752,highway_interchange,I00022,7.727742510934367
P0000752,data_center,I00023,10.834589299968838
P0000753,transmission_line,I00014,8.756722808671688
P0000753,substation,I00017,18.937657797792173
P0000753,fiber_node,I00018,14.78803976129371
P0000753,water_source,I00020,9.022042548699694
P0000753,highway_interchange,I00021,5.901742809070071
P0000753,data_center,I00023,4.461090579620065
P0000754,transmission_line,I00015,19.564726715066328
P0000754,substation,I00016,3.884977290055954
P0000754,fiber_node,I00019,36.13960872568688
P0000754,water_source,I00020,21.418025434524527
P0000754,highway_interchange,I00022,14.803596357676955
P0000754,data_center,I00023,30.044550256140067
P0000755,transmission_line,I00013,12.330406372594025
P0000755,substation,I00017,6.454060664132782
P0000755,fiber_node,I00019,15.568456371141284
P0000755,water_source,I00020,16.178369206551235
P0000755,highway_interchange,I00022,6.435950604929585
P0000755,data_center,I00023,14.48209212155982
P0000756,transmission_line,I00013,24.633860299697496
P0000756,substation,I00016,11.14130136947132
P0000756,fiber_node,I00019,29.935480680381165
P0000756,water_source,I00020,27.72972723706255
P0000756,highway_interchange,I00022,15.351952629516797
P0000756,data_center,I00023,30.776923940370583
P0000757,transmission_line,I00015,25.12418443723849
P0000757,substation,I00016,4.526532080526776
P0000757,fiber_node,I00019,39.811869681155294
P0000757,water_source,I00020,27.110202998616543
P0000757,highway_interchange,I00022,19.30724792881502
P0000757,data_center,I00023,35.190705368643805
P0000758,transmission_line,I00013,17.289840788546893
P0000758,substation,I00017,5.473575601225904
P0000758,fiber_node,I00019,23.29953822470091
P0000758,water_source,I00020,20.69930295440951
P0000758,highway_interchange,I00022,7.90886338142712
P0000758,data_center,I00023,22.813020601978234
P0000759,transmission_line,I00013,3.9265188557430633
P0000759,substation,I00017,13.904556713695339
P0000759,fiber_node,I00018,17.74606697396393
P0000759,water_source,I00020,5.875132436257206
P0000759,highway_interchange,I00021,8.248275580868361
P0000759,data_center,I00023,6.865244362198671
P0000760,transmission_line,I00014,6.107906289843108
P0000760,substation,I00017,19.577923037838815
P0000760,fiber_node,I00018,18.303690176523112
P0000760,water_source,I00020,6.786090863007025
P0000760,highway_interchange,I00021,2.5534587590429503
P0000760,data_center,I00023,8.069806525272654
P0000761,transmission_line,I00013,8.99016469090761
P0000761,substation,I00017,9.500850441564415
P0000761,fiber_node,I00019,14.52387806047862
P0000761,water_source,I00020,12.676545454380204
P0000761,highway_interchange,I00022,8.07957192432857
P0000761,data_center,I00023,9.419683953704654
P0000762,transmission_line,I00015,6.729720035649662
P0000762,substation,I00017,14.593319028259234
P0000762,fiber_node,I00018,29.061994179170163
P0000762,water_source,I00020,6.242640399945395
P0000762,highway_interchange,I00022,12.586230268716687
P0000762,data_center,I00023,18.12339768746818
P0000763,transmission_line,I00014,9.285448715998891
P0000763,substation,I00017,24.83710270891477
P0000763,fiber_node,I00018,21.420830875915193
P0000763,water_source,I00020,10.428845809543514
P0000763,highway_interchange,I00021,3.2418394016281344
P0000763,data_center,I00023,12.7236203835978
P0000764,transmission_line,I00013,8.524829323320814
P0000764,substation,I00017,15.010839695212058
P0000764,fiber_node,I00018,13.098274396391469
P0000764,water_source,I00020,10.905236516039164
P0000764,highway_interchange,I00021,11.227802191844598
P0000764,data_center,I00023,3.3125150502154823
P0000765,transmission_line,I00015,17.547973696149796
P0000765,substation,I00016,3.8609543183525252
P0000765,fiber_node,I00019,31.953633689555886
P0000765,water_source,I00020,19.94152126714319
P0000765,highway_interchange,I00022,11.089343418658883
P0000765,data_center,I00023,27.062870544697716
P0000766,transmission_line,I00013,12.020833005947674
P0000766,substation,I00017,14.64542897888493
P0000766,fiber_node,I00019,10.741313409137122
P0000766,water_source,I00020,15.04640134927911
P0000766,highway_interchange,I00022,13.30191723335025
P0000766,data_center,I00023,6.489342379487077
P0000767,transmission_line,I00014,25.43235176088098
P0000767,substation,I00017,38.33360505018503
P0000767,fiber_node,I00018,20.738616645951147
P0000767,water_source,I00020,26.3683066043157
P0000767,highway_interchange,I00021,18.8341213033948
P0000767,data_center,I00023,20.66776573187976
P0000768,transmission_line,I00014,7.395927836880668
P0000768,substation,I00017,16.073289757447863
P0000768,fiber_node,I00018,30.141433712798975
P0000768,water_source,I00020,7.016509482897717
P0000768,highway_interchange,I00021,13.5860766490527
P0000768,data_center,I00023,19.166723650285835
P0000769,transmission_line,I00014,6.373117124848674
P0000769,substation,I00017,19.32568719541573
P0000769,fiber_node,I00018,17.778414188984108
P0000769,water_source,I00020,6.962721954165714
P0000769,highway_interchange,I00021,3.0893608716801646
P0000769,data_center,I00023,7.493490130591841
P0000770,transmission_line,I00013,9.893816725841138
P0000770,substation,I00017,13.78418269448896
P0000770,fiber_node,I00018,12.894450977524052
P0000770,water_source,I00020,12.86949432775589
P0000770,highway_interchange,I00022,12.161919256951634
P0000770,data_center,I00023,5.420824783955065
P0000771,transmission_line,I00015,22.253286094053752
P0000771,substation,I00016,8.106071098483929
P0000771,fiber_node,I00019,30.157167124144422
P0000771,water_source,I00020,25.212122494814565
P0000771,highway_interchange,I00022,13.327710074706918
P0000771,data_center,I00023,29.33791029061537
P0000772,transmission_line,I00013,28.67397535912395
P0000772,substation,I00017,32.01773548045129
P0000772,fiber_node,I00018,7.439412906267267
P0000772,water_source,I00020,30.607993606174986
P0000772,highway_interchange,I00021,27.44443065448912
P0000772,data_center,I00023,18.345513291042636
P0000773,transmission_line,I00013,12.981890317815862
P0000773,substation,I00017,18.135476123334588
P0000773,fiber_node,I00018,8.746650420121071
P0000773,water_source,I00020,15.1953436201863
P0000773,highway_interchange,I00021,14.05682473707327
P0000773,data_center,I00023,3.712360592388178
P0000774,transmission_line,I00013,11.50075829505642
P0000774,substation,I00017,7.164816857703978
P0000774,fiber_node,I00019,14.964947990759882
P0000774,water_source,I00020,15.344072776719294
P0000774,highway_interchange,I00022,6.7093042988508325
P0000774,data_center,I00023,13.180280258415815
P0000775,transmission_line,I00013,18.737321166927078
P0000775,substation,I00017,9.982679419363793
P0000775,fiber_node,I00019,15.790443539862629
P0000775,water_source,I00020,22.577526426161555
P0000775,highway_interchange,I00022,11.336403285588954
P0000775,data_center,I00023,19.96049691338525
P0000776,transmission_line,I00014,16.10574569011771
P0000776,substation,I00017,28.01257637024046
P0000776,fiber_node,I00018,14.398850378774299
P0000776,water_source,I00020,16.852300395563173
P0000776,highway_interchange,I00021,9.910858201692497
P0000776,data_center,I00023,10.593086551655148
P0000777,transmission_line,I00013,8.631721626685259
P0000777,substation,I00017,18.463087270044852
P0000777,fiber_node,I00018,14.497431614667574
P0000777,water_source,I00020,9.076587567344045
P0000777,highway_interchange,I00021,6.454650647201751
P0000777,data_center,I00023,3.959895367056008
P0000778,transmission_line,I00014,15.473022839404987
P0000778,substation,I00017,25.425999845085897
P0000778,fiber_node,I00018,11.20879217185808
P0000778,water_source,I00020,15.977039794423613
P0000778,highway_interchange,I00021,10.207153682258715
P0000778,data_center,I00023,7.374844917416524
P0000779,transmission_line,I00015,8.853501369073193
P0000779,substation,I00017,4.928620541009071
P0000779,fiber_node,I00019,25.06021168518779
P0000779,water_source,I00020,11.717595499410441
P0000779,highway_interchange,I00022,3.658318807412509
P0000779,data_center,I00023,18.061865392309468
P0000780,transmission_line,I00013,6.967354153767927
P0000780,substation,I00017,12.601884871271688
P0000780,fiber_node,I00018,15.204000673339094
P0000780,water_source,I00020,9.98338410772979
P0000780,highway_interchange,I00022,10.630399582924804
P0000780,data_center,I00023,5.722312081352748
P0000781,transmission_line,I00013,13.06484282947392
P0000781,substation,I00017,8.1268833797353
P0000781,fiber_node,I00019,13.899163228014967
P0000781,water_source,I00020,16.89998915690455
P0000781,highway_interchange,I00022,8.037791273359618
P0000781,data_center,I00023,13.888338363689916
P0000782,transmission_line,I00014,1.5063448535124326
P0000782,substation,I00017,17.971103059742042
P0000782,fiber_node,I00018,23.758389846953598
P0000782,water_source,I00020,2.742589843801604
P0000782,highway_interchange,I00021,5.8352796917554635
P0000782,data_center,I00023,12.943313729421757
P0000783,transmission_line,I00015,1.6168541584813474
P0000783,substation,I00017,11.200590812643041
P0000783,fiber_node,I00018,23.91443721452066
P0000783,water_source,I00020,4.125450682649292
P0000783,highway_interchange,I00022,8.822858046229108
P0000783,data_center,I00023,13.179119863955671
P0000784,transmission_line,I00013,3.8862376091486546
P0000784,substation,I00017,11.969594144130031
P0000784,fiber_node,I00018,17.86444442089365
P0000784,water_source,I00020,6.999554843820204
P0000784,highway_interchange,I00022,9.685588879243127
P0000784,data_center,I00023,7.449810722019242
P0000785,transmission_line,I00015,11.304919292215434
P0000785,substation,I00017,12.517779947365954
P0000785,fiber_node,I00019,32.36150285331439
P0000785,water_source,I00020,12.365149149316618
P0000785,highway_interchange,I00022,11.480691584730161
P0000785,data_center,I00023,22.802353407749052
P0000786,transmission_line,I00015,5.428849620804482
P0000786,substation,I00017,10.560134273643211
P0000786,fiber_node,I00019,27.40311261138517
P0000786,water_source,I00020,7.016844644273983
P0000786,highway_interchange,I00022,8.578685434178595
P0000786,data_center,I00023,16.928325314871795
P0000787,transmission_line,I00013,13.16705921214609
P0000787,substation,I00017,3.448971789791982
P0000787,fiber_node,I00019,19.025769581531087
P0000787,water_source,I00020,16.87624329183246
P0000787,highway_interchange,I00022,4.717083661589903
P0000787,data_center,I00023,17.521299699127365
P0000788,transmission_line,I00015,11.389002484504347
P0000788,substation,I00017,16.563954661859878
P0000788,fiber_node,I00018,33.832401572626594
P0000788,water_source,I00020,11.036982874466785
P0000788,highway_interchange,I00022,15.047553984258142
P0000788,data_center,I00023,22.923592453982348
P0000789,transmission_line,I00013,18.728353058964043
P0000789,substation,I00017,19.731695672093355
P0000789,fiber_node,I00019,4.3890754775797305
P0000789,water_source,I00020,21.63992834798883
P0000789,highway_interchange,I00022,18.925933271640794
P0000789,data_center,I00023,11.082170958349533
P0000790,transmission_line,I00013,6.261459512308465
P0000790,substation,I00017,11.210913278713301
P0000790,fiber_node,I00019,16.441702425957153
P0000790,water_source,I00020,9.628689971380954
P0000790,highway_interchange,I00022,9.209068770130878
P0000790,data_center,I00023,7.135523618618817
P0000791,transmission_line,I00015,3.9368197107778156
P0000791,substation,I00017,8.147157721852155
P0000791,fiber_node,I00019,23.15003751107453
P0000791,water_source,I00020,7.092080921727133
P0000791,highway_interchange,I00022,5.755096134084284
P0000791,data_center,I00023,13.63448750017213
P0000792,transmission_line,I00015,18.315724981598958
P0000792,substation,I00016,15.3671661565366
P0000792,fiber_node,I00019,40.39406799062656
P0000792,water_source,I00020,18.31842952938385
P0000792,highway_interchange,I00022,19.459559392049925
P0000792,data_center,I00023,29.96543154075621
P0000793,transmission_line,I00013,11.28072768704276
P0000793,substation,I00017,13.85747083766221
P0000793,fiber_node,I00019,11.42758875864187
P0000793,water_source,I00020,14.394014221256155
P0000793,highway_interchange,I00022,12.472736131831947
P0000793,data_center,I00023,6.577492948746341
P0000794,transmission_line,I00013,13.041428292035818
P0000794,substation,I00017,9.526859472305269
P0000794,fiber_node,I00019,12.524515935390486
P0000794,water_source,I00020,16.819602600813678
P0000794,highway_interchange,I00022,9.169293102661195
P0000794,data_center,I00023,12.680971142740159
P0000795,transmission_line,I00014,12.908847634090018
P0000795,substation,I00017,27.723347903830764
P0000795,fiber_node,I00018,20.204932572494016
P0000795,water_source,I00020,13.97990431610852
P0000795,highway_interchange,I00021,6.38312137179167
P0000795,data_center,I00023,13.302103796763614
P0000796,transmission_line,I00014,4.49950567136532
P0000796,substation,I00017,15.957219630204428
P0000796,fiber_node,I00018,27.468513946185382
P0000796,water_source,I00020,4.224112652620534
P0000796,highway_interchange,I00021,10.74920258683092
P0000796,data_center,I00023,16.482921832939535
P0000797,transmission_line,I00015,9.277907585370176
P0000797,substation,I00017,9.179135263243127
P0000797,fiber_node,I00019,29.00815869893365
P0000797,water_source,I00020,11.167575506002333
P0000797,highway_interchange,I00022,8.017962057187841
P0000797,data_center,I00023,20.263196543378992
P0000798,transmission_line,I00015,3.5341215595412105
P0000798,substation,I00017,13.789320598245377
P0000798,fiber_node,I00018,25.635509585803103
P0000798,water_source,I00020,3.0154807762209
P0000798,highway_interchange,I00021,10.553124369362486
P0000798,data_center,I00023,14.68528139220946
P0000799,transmission_line,I00014,15.305753289778465
P0000799,substation,I00017,31.423194899961388
P0000799,fiber_node,I00018,25.969055846765453
P0000799,water_source,I00020,16.539708640606925
P0000799,highway_interchange,I00021,9.987983511676939
P0000799,data_center,I00023,18.859014011771976
P0000800,transmission_line,I00014,10.901145139223065
P0000800,substation,I00017,19.87363019576396
P0000800,fiber_node,I00018,34.107531058108385
P0000800,water_source,I00020,10.85545100842026
P0000800,highway_interchange,I00021,16.254349894751662
P0000800,data_center,I00023,23.126055459048615
P0000801,transmission_line,I00025,2.2900278385904276
P0000801,substation,I00027,5.662015790399345
P0000801,fiber_node,I00030,6.100760342535358
P0000801,water_source,I00031,4.237484066522321
P0000801,highway_interchange,I00032,4.844203343710515
P0000801,data_center,I00034,31.26997278873073
P0000802,transmission_line,I00026,7.495136576572439
P0000802,substation,I00028,4.246279545496698
P0000802,fiber_node,I00030,4.755141786035161
P0000802,water_source,I00031,11.642738697977482
P0000802,highway_interchange,I00032,8.631308350735646
P0000802,data_center,I00034,25.989304928301383
P0000803,transmission_line,I00025,7.226292580148125
P0000803,substation,I00027,11.304765373294742
P0000803,fiber_node,I00030,13.269208276411389
P0000803,water_source,I00031,4.717621967082702
P0000803,highway_interchange,I00032,9.080654135310942
P0000803,data_center,I00034,39.58416265290805
P0000804,transmission_line,I00025,5.102551912149961
P0000804,substation,I00027,7.119627233943059
P0000804,fiber_node,I00030,6.514321143234819
P0000804,water_source,I00031,6.709982329500963
P0000804,highway_interchange,I00032,7.067934345740744
P0000804,data_center,I00034,28.457125013938537
P0000805,transmission_line,I00025,11.001487969878001
P0000805,substation,I00027,15.956900345756472
P0000805,fiber_node,I00030,17.196400481099484
P0000805,water_source,I00031,7.911255292676358
P0000805,highway_interchange,I00032,14.044057982581247
P0000805,data_center,I00034,37.98830240994938
P0000806,transmission_line,I00025,8.245570653682243
P0000806,substation,I00027,11.73894376441356
P0000806,fiber_node,I00030,11.385252133846533
P0000806,water_source,I00031,7.9149494293622595
P0000806,highway_interchange,I00033,5.957904680714924
P0000806,data_center,I00034,27.981266864810614
P0000807,transmission_line,I00025,1.5004747306116637
P0000807,substation,I00027,3.4776170907092623
P0000807,fiber_node,I00030,4.984287135022822
P0000807,water_source,I00031,4.604808218076453
P0000807,highway_interchange,I00032,2.0134883984065968
P0000807,data_center,I00034,33.31327152094097
P0000808,transmission_line,I00025,11.310881701286668
P0000808,substation,I00027,11.412892959242798
P0000808,fiber_node,I00030,13.875765352005775
P0000808,water_source,I00031,11.4916303176288
P0000808,highway_interchange,I00032,9.871846475487398
P0000808,data_center,I00034,44.23377177147656
P0000809,transmission_line,I00024,9.583374480455863
P0000809,substation,I00028,17.86057434185025
P0000809,fiber_node,I00029,10.64686424824785
P0000809,water_source,I00031,19.858456932914354
P0000809,highway_interchange,I00033,6.629945259527339
P0000809,data_center,I00034,15.627495133788203
P0000810,transmission_line,I00026,6.4902605157824205
P0000810,substation,I00028,3.4561339291938946
P0000810,fiber_node,I00030,3.742857036328527
P0000810,water_source,I00031,10.894816861204154
P0000810,highway_interchange,I00032,7.619403226045643
P0000810,data_center,I00034,27.017387365435216
P0000811,transmission_line,I00025,3.98293003825907
P0000811,substation,I00027,5.550283847140404
P0000811,fiber_node,I00030,5.1476903146468524
P0000811,water_source,I00031,6.210760062386095
P0000811,highway_interchange,I00032,5.531996099418036
P0000811,data_center,I00034,29.5157580290204
P0000812,transmission_line,I00024,11.921243507812456
P0000812,substation,I00028,14.071132182002726
P0000812,fiber_node,I00029,8.538489775502239
P0000812,water_source,I00031,16.713400788651118
P0000812,highway_interchange,I00033,4.029502463293572
P0000812,data_center,I00034,18.26534499831654
P0000813,transmission_line,I00025,12.46032933747947
P0000813,substation,I00027,13.536843111978559
P0000813,fiber_node,I00030,16.01860155195048
P0000813,water_source,I00031,11.88906681292392
P0000813,highway_interchange,I00032,11.721769804839612
P0000813,data_center,I00034,45.855870062304064
P0000814,transmission_line,I00026,6.514895333893411
P0000814,substation,I00028,2.5746670536254506
P0000814,fiber_node,I00030,4.219854551674393
P0000814,water_source,I00031,13.038601572653315
P0000814,highway_interchange,I00032,8.72132772408672
P0000814,data_center,I00034,27.265764722750497
P0000815,transmission_line,I00025,16.174139106227877
P0000815,substation,I00027,20.011066904889056
P0000815,fiber_node,I00030,22.123367570044113
P0000815,water_source,I00031,13.493412129376255
P0000815,highway_interchange,I00032,17.766995272578477
P0000815,data_center,I00034,47.558270137467936
P0000816,transmission_line,I00024,24.194850986884894
P0000816,substation,I00027,31.779932412537367
P0000816,fiber_node,I00029,28.548785398973724
P0000816,water_source,I00031,26.925686210551635
P0000816,highway_interchange,I00033,19.01327067208437
P0000816,data_center,I00034,27.52186117876079
P0000817,transmission_line,I00025,4.529454472867819
P0000817,substation,I00027,5.10218239495308
P0000817,fiber_node,I00030,4.346582593269637
P0000817,water_source,I00031,7.026930789006775
P0000817,highway_interchange,I00032,5.472946172788568
P0000817,data_center,I00034,29.15202680542881
P0000818,transmission_line,I00025,14.83040287817357
P0000818,substation,I00027,18.463914272967095
P0000818,fiber_node,I00030,17.946784672258985
P0000818,water_source,I00031,13.82479355446028
P0000818,highway_interchange,I00033,7.668371770114386
P0000818,data_center,I00034,26.517787231189534
P0000819,transmission_line,I00025,2.99030342978227
P0000819,substation,I00027,3.523071637701217
P0000819,fiber_node,I00030,5.78090559250708
P0000819,water_source,I00031,5.308149475495268
P0000819,highway_interchange,I00032,1.2847200603540527
P0000819,data_center,I00034,35.278970945681465
P0000820,transmission_line,I00025,13.915499749556725
P0000820,substation,I00028,15.119208493418759
P0000820,fiber_node,I00029,12.858172114979892
P0000820,water_source,I00031,14.317820536433706
P0000820,highway_interchange,I00033,1.9359139065865858
P0000820,data_center,I00034,21.62579887136624
P0000821,transmission_line,I00025,10.145636008001308
P0000821,substation,I00027,12.962188997867091
P0000821,fiber_node,I00030,15.286166695736776
P0000821,water_source,I00031,8.485005841448968
P0000821,highway_interchange,I00032,10.777362309752656
P0000821,data_center,I00034,43.39043872118879
P0000822,transmission_line,I00025,9.80371390387833
P0000822,substation,I00028,10.23075612505248
P0000822,fiber_node,I00030,9.741638069240686
P0000822,water_source,I00031,11.012646517265422
P0000822,highway_interchange,I00033,3.0663325203601626
P0000822,data_center,I00034,23.945695980800934
P0000823,transmission_line,I00026,17.90934585453649
P0000823,substation,I00027,18.744655260950285
P0000823,fiber_node,I00030,20.64771718397848
P0000823,water_source,I00031,22.159127746822794
P0000823,highway_interchange,I00032,18.362402644356198
P0000823,data_center,I00034,50.94813878009052
P0000824,transmission_line,I00025,10.011795586505142
P0000824,substation,I00028,9.167713062623665
P0000824,fiber_node,I00030,8.943073238107372
P0000824,water_source,I00031,11.623260708801766
P0000824,highway_interchange,I00033,4.074028039724402
P0000824,data_center,I00034,23.481528881661678
P0000825,transmission_line,I00024,13.340878726551354
P0000825,substation,I00028,16.357647646962725
P0000825,fiber_node,I00029,12.127736058087853
P0000825,water_source,I00031,16.55482745955893
P0000825,highway_interchange,I00033,3.5216103242791634
P0000825,data_center,I00034,19.374217673611554
P0000826,transmission_line,I00025,5.196466556921251
P0000826,substation,I00027,8.831590667682633
P0000826,fiber_node,I00030,8.802221865085537
P0000826,water_source,I00031,5.372877628598535
P0000826,highway_interchange,I00033,7.863406586945887
P0000826,data_center,I00034,29.67858353317075
P0000827,transmission_line,I00025,6.814386585264476
P0000827,substation,I00027,6.727437810063449
P0000827,fiber_node,I00030,9.209441444274715
P0000827,water_source,I00031,7.816736795324766
P0000827,highway_interchange,I00032,5.0722231480751425
P0000827,data_center,I00034,39.433276179022826
P0000828,transmission_line,I00026,13.16791320749261
P0000828,substation,I00028,9.287145518885968
P0000828,fiber_node,I00029,3.2032097590579744
P0000828,water_source,I00031,17.693957742922862
P0000828,highway_interchange,I00033,10.48220125953706
P0000828,data_center,I00034,20.622956100482124
P0000829,transmission_line,I00025,14.472548334396885
P0000829,substation,I00028,15.668558846187443
P0000829,fiber_node,I00029,13.06527781956838
P0000829,water_source,I00031,14.829729724487887
P0000829,highway_interchange,I00033,2.4705713468291632
P0000829,data_center,I00034,21.303349145625667
P0000830,transmission_line,I00025,16.51694766748617
P0000830,substation,I00027,21.146343057555942
P0000830,fiber_node,I00030,21.41155521869934
P0000830,water_source,I00031,14.275393426523435
P0000830,highway_interchange,I00033,14.061973553463721
P0000830,data_center,I00034,33.23939659736053
P0000831,transmission_line,I00025,14.910643883928518
P0000831,substation,I00028,17.865811017889758
P0000831,fiber_node,I00029,16.71581325350957
P0000831,water_source,I00031,14.47724774115693
P0000831,highway_interchange,I00033,5.445893588533545
P0000831,data_center,I00034,23.93983004807487
P0000832,transmission_line,I00026,23.31398728295875
P0000832,substation,I00027,24.676426146265744
P0000832,fiber_node,I00030,25.51998421698843
P0000832,water_source,I00031,30.8880789660095
P0000832,highway_interchange,I00032,25.434027599617288
P0000832,data_center,I00034,52.015984018693345
P0000833,transmission_line,I00024,6.383014718855759
P0000833,substation,I00028,17.981028983402332
P0000833,fiber_node,I00029,8.054392018984885
P0000833,water_source,I00031,22.204465872526157
P0000833,highway_interchange,I00033,9.489337477591915
P0000833,data_center,I00034,12.755978260726918
P0000834,transmission_line,I00025,2.656930916675414
P0000834,substation,I00027,4.42679609137327
P0000834,fiber_node,I00030,6.5960243521738535
P0000834,water_source,I00031,4.506378208747945
P0000834,highway_interchange,I00032,2.1842938931124505
P0000834,data_center,I00034,35.64120273542937
P0000835,transmission_line,I00024,9.64858688877287
P0000835,substation,I00028,14.377993860101476
P0000835,fiber_node,I00029,5.649764478438483
P0000835,water_source,I00031,19.164713933980007
P0000835,highway_interchange,I00033,7.363023475673672
P0000835,data_center,I00034,16.01370459791138
P0000836,transmission_line,I00026,4.180113121206657
P0000836,substation,I00028,0.6731672648096714
P0000836,fiber_node,I00030,1.8465964722428982
P0000836,water_source,I00031,11.097343474701946
P0000836,highway_interchange,I00032,6.361381872626
P0000836,data_center,I00034,29.341739108501564
P0000837,transmission_line,I00026,11.529367079247008
P0000837,substation,I00028,7.865910639126091
P0000837,fiber_node,I00029,7.995873117015019
P0000837,water_source,I00031,18.944331370421082
P0000837,highway_interchange,I00032,14.324383319057192
P0000837,data_center,I00034,25.27709148866033
P0000838,transmission_line,I00025,11.835377188494174
P0000838,substation,I00027,16.48045723754565
P0000838,fiber_node,I00030,16.838039131972494
P0000838,water_source,I00031,9.68826374942537
P0000838,highway_interchange,I00033,11.33181558153501
P0000838,data_center,I00034,32.36310638198934
P0000839,transmission_line,I00026,1.755207093662091
P0000839,substation,I00027,2.5115043736999234
P0000839,fiber_node,I00030,4.466987971209561
P0000839,water_source,I00031,9.399608244014221
P0000839,highway_interchange,I00032,3.2969050780314446
P0000839,data_center,I00034,35.1877861042318
P0000840,transmission_line,I00024,12.395164438853104
P0000840,substation,I00028,12.64653688745706
P0000840,fiber_node,I00029,7.245813692274778
P0000840,water_source,I00031,16.229695636649257
P0000840,highway_interchange,I00033,4.5189223272923424
P0000840,data_center,I00034,18.78075207462144
P0000841,transmission_line,I00025,6.23346655429794
P0000841,substation,I00027,11.0517249192892
P0000841,fiber_node,I00030,12.562305524778564
P0000841,water_source,I00031,3.090260907927455
P0000841,highway_interchange,I00032,9.028306676347633
P0000841,data_center,I00034,36.89293513107663
P0000842,transmission_line,I00024,18.663919393429595
P0000842,substation,I00028,25.730910611965705
P0000842,fiber_node,I00029,21.97011375202888
P0000842,water_source,I00031,22.208473481071966
P0000842,highway_interchange,I00033,12.635540053503322
P0000842,data_center,I00034,22.921319445518957
P0000843,transmission_line,I00024,9.12622010427294
P0000843,substation,I00028,26.37393157421665
P0000843,fiber_node,I00029,17.562834308448874
P0000843,water_source,I00031,27.545666057466768
P0000843,highway_interchange,I00033,14.5510652572756
P0000843,data_center,I00034,12.142666054639227
P0000844,transmission_line,I00025,12.2023819308382
P0000844,substation,I00028,11.401663691698422
P0000844,fiber_node,I00029,9.286266692553312
P0000844,water_source,I00031,13.519091466717228
P0000844,highway_interchange,I00033,2.484632077249116
P0000844,data_center,I00034,21.44080315949913
P0000845,transmission_line,I00026,12.969131456176314
P0000845,substation,I00028,13.919796369953561
P0000845,fiber_node,I00030,14.697472827595961
P0000845,water_source,I00031,21.85650462368517
P0000845,highway_interchange,I00032,15.806109639472423
P0000845,data_center,I00034,40.66092309826215
P0000846,transmission_line,I00025,17.532592644022177
P0000846,substation,I00028,20.50680864607395
P0000846,fiber_node,I00029,18.400977683088822
P0000846,water_source,I00031,16.924610876319434
P0000846,highway_interchange,I00033,7.733435610814059
P0000846,data_center,I00034,23.51599735929515
P0000847,transmission_line,I00025,13.121989568420265
P0000847,substation,I00027,13.312614625112793
P0000847,fiber_node,I00030,15.770775636920284
P0000847,water_source,I00031,13.089450252404774
P0000847,highway_interchange,I00032,11.776659828580135
P0000847,data_center,I00034,46.13651277484584
P0000848,transmission_line,I00025,12.516781037924433
P0000848,substation,I00027,16.385575993301156
P0000848,fiber_node,I00030,16.079353591950635
P0000848,water_source,I00031,11.375172879474338
P0000848,highway_interchange,I00033,7.474125696085367
P0000848,data_center,I00034,27.953492681781313
P0000849,transmission_line,I00026,13.259919571602408
P0000849,substation,I00027,13.696027839550775
P0000849,fiber_node,I00030,15.957300260977393
P0000849,water_source,I00031,15.698814503832143
P0000849,highway_interchange,I00032,12.755920277001763
P0000849,data_center,I00034,46.688503594434714
P0000850,transmission_line,I00025,5.488845256854228
P0000850,substation,I00027,6.509624419529059
P0000850,fiber_node,I00030,8.944869629257585
P0000850,water_source,I00031,6.1887037508744305
P0000850,highway_interchange,I00032,4.493989160707851
P0000850,data_center,I00034,38.60574215660278
P0000851,transmission_line,I00025,7.2870952877244575
P0000851,substation,I00027,10.51133284898427
P0000851,fiber_node,I00030,12.721330471797508
P0000851,water_source,I00031,5.635437513687388
P0000851,highway_interchange,I00032,8.27548325372263
P0000851,data_center,I00034,40.49578329863895
P0000852,transmission_line,I00026,10.355988177114611
P0000852,substation,I00028,6.476423936829569
P0000852,fiber_node,I00029,6.01421624681599
P0000852,water_source,I00031,15.420147767824751
P0000852,highway_interchange,I00033,10.439044748859981
P0000852,data_center,I00034,23.349942035055765
P0000853,transmission_line,I00025,23.81483202284546
P0000853,substation,I00027,25.336938850123328
P0000853,fiber_node,I00030,27.818447838024365
P0000853,water_source,I00031,22.48814381962144
P0000853,highway_interchange,I00032,23.484777753953207
P0000853,data_center,I00034,57.279736691639165
P0000854,transmission_line,I00024,13.893387226058909
P0000854,substation,I00028,27.53608405563677
P0000854,fiber_node,I00029,20.61932865878846
P0000854,water_source,I00031,26.610980131520005
P0000854,highway_interchange,I00033,14.634339464761997
P0000854,data_center,I00034,17.003410473069934
P0000855,transmission_line,I00026,1.183820634934405
P0000855,substation,I00027,2.4615931869343384
P0000855,fiber_node,I00030,3.8982816747137883
P0000855,water_source,I00031,10.017814281154012
P0000855,highway_interchange,I00032,3.865866766973415
P0000855,data_center,I00034,34.50775009501435
P0000856,transmission_line,I00025,16.51044067417083
P0000856,substation,I00027,20.348154496006956
P0000856,fiber_node,I00030,19.931151497815716
P0000856,water_source,I00031,15.231028319844357
P0000856,highway_interchange,I00033,9.67497386577717
P0000856,data_center,I00034,27.44592618304373
P0000857,transmission_line,I00026,9.26730710827602
P0000857,substation,I00028,5.835083304839097
P0000857,fiber_node,I00030,7.865745668672999
P0000857,water_source,I00031,17.218659408447976
P0000857,highway_interchange,I00032,12.229911206521306
P0000857,data_center,I00034,27.3206254475695
P0000858,transmission_line,I00025,11.118511139130913
P0000858,substation,I00027,14.178858364531383
P0000858,fiber_node,I00030,16.467179575928935
P0000858,water_source,I00031,9.183553835542199
P0000858,highway_interchange,I00032,11.973246078511353
P0000858,data_center,I00034,44.141806510403335
P0000859,transmission_line,I00025,15.248416858668525
P0000859,substation,I00027,17.819970434114115
P0000859,fiber_node,I00030,20.21202936813807
P0000859,water_source,I00031,13.46048695106416
P0000859,highway_interchange,I00032,15.699874203870348
P0000859,data_center,I00034,48.417138084191976
P0000860,transmission_line,I00025,2.3662044892040384
P0000860,substation,I00027,5.1925041994181225
P0000860,fiber_node,I00030,7.241270500316171
P0000860,water_source,I00031,3.674474253465751
P0000860,highway_interchange,I00032,2.977513420346353
P0000860,data_center,I00034,35.743073908383586
P0000861,transmission_line,I00026,10.650989405050993
P0000861,substation,I00027,11.661154525882246
P0000861,fiber_node,I00030,13.342245283825298
P0000861,water_source,I00031,16.62658900358712
P0000861,highway_interchange,I00032,11.72755606132999
P0000861,data_center,I00034,43.46404624802906
P0000862,transmission_line,I00025,6.341521489604685
P0000862,substation,I00027,10.534835497082494
P0000862,fiber_node,I00030,12.442156189285482
P0000862,water_source,I00031,3.8126594222687253
P0000862,highway_interchange,I00032,8.329158701642724
P0000862,data_center,I00034,38.7118325801153
P0000863,transmission_line,I00025,9.212096492620711
P0000863,substation,I00027,13.898142134570673
P0000863,fiber_node,I00030,14.364358175187961
P0000863,water_source,I00031,7.11834920935495
P0000863,highway_interchange,I00033,10.607494486331072
P0000863,data_center,I00034,32.34477938828394
P0000864,transmission_line,I00025,11.770912260119
P0000864,substation,I00028,14.556463966037116
P0000864,fiber_node,I00030,13.70892200424677
P0000864,water_source,I00031,11.71306462722276
P0000864,highway_interchange,I00033,3.3298107132474857
P0000864,data_center,I00034,24.66946913969784
P0000865,transmission_line,I00025,9.443994366903988
P0000865,substation,I00028,9.611583284204244
P0000865,fiber_node,I00030,9.1443483912202
P0000865,water_source,I00031,10.807869455335565
P0000865,highway_interchange,I00033,3.6544253167879592
P0000865,data_center,I00034,24.17499304340579
P0000866,transmission_line,I00026,3.0965600769854524
P0000866,substation,I00027,1.9783579781041882
P0000866,fiber_node,I00030,4.3197656405186216
P0000866,water_source,I00031,6.483575075832639
P0000866,highway_interchange,I00032,0.33196682398477445
P0000866,data_center,I00034,34.34394060326248
P0000867,transmission_line,I00024,6.48013308896153
P0000867,substation,I00028,24.466780224934666
P0000867,fiber_node,I00029,14.96780705430566
P0000867,water_source,I00031,26.699466620311476
P0000867,highway_interchange,I00033,13.482894532077854
P0000867,data_center,I00034,10.479262257932746
P0000868,transmission_line,I00024,14.236198762254817
P0000868,substation,I00028,15.002656238870744
P0000868,fiber_node,I00029,11.70517501937242
P0000868,water_source,I00031,15.196829866799169
P0000868,highway_interchange,I00033,2.06834209201501
P0000868,data_center,I00034,20.39477072638704
P0000869,transmission_line,I00025,4.092615512442377
P0000869,substation,I00027,8.530216097115007
P0000869,fiber_node,I00030,9.039855775138555
P0000869,water_source,I00031,3.507326844983433
P0000869,highway_interchange,I00032,7.354984752752601
P0000869,data_center,I00034,31.598716346817895
P0000870,transmission_line,I00025,3.454500202510603
P0000870,substation,I00027,2.9363720326117764
P0000870,fiber_node,I00030,3.0902123918766984
P0000870,water_source,I00031,6.51699015003578
P0000870,highway_interchange,I00032,3.2556473388625866
P0000870,data_center,I00034,31.15226097582113
P0000871,transmission_line,I00025,7.852650031969453
P0000871,substation,I00027,12.629805648273832
P0000871,fiber_node,I00030,13.245393944479442
P0000871,water_source,I00031,5.660890866722578
P0000871,highway_interchange,I00033,10.893789475048306
P0000871,data_center,I00034,32.84160316876291
P0000872,transmission_line,I00025,6.484095389152943
P0000872,substation,I00027,9.546585265955954
P0000872,fiber_node,I00030,11.77420204751199
P0000872,water_source,I00031,5.160406931053987
P0000872,highway_interchange,I00032,7.314090156279025
P0000872,data_center,I00034,39.831363632675064
P0000873,transmission_line,I00025,12.565248843025026
P0000873,substation,I00027,17.536076958501692
P0000873,fiber_node,I00030,18.5039283547915
P0000873,water_source,I00031,9.652850086308138
P0000873,highway_interchange,I00033,15.6064742552331
P0000873,data_center,I00034,36.96168200361756
P0000874,transmission_line,I00025,4.062402185223658
P0000874,substation,I00027,3.3396020789027077
P0000874,fiber_node,I00030,5.7792660492360834
P0000874,water_source,I00031,6.325465865815707
P0000874,highway_interchange,I00032,1.4638399698381732
P0000874,data_center,I00034,35.827041931016595
P0000875,transmission_line,I00025,5.416373328370888
P0000875,substation,I00027,9.318386415326477
P0000875,fiber_node,I00030,11.315019300133212
P0000875,water_source,I00031,3.4354802658193457
P0000875,highway_interchange,I00032,7.091797994439049
P0000875,data_center,I00034,38.348802696987136
P0000876,transmission_line,I00024,6.765824414524497
P0000876,substation,I00028,19.927481200931496
P0000876,fiber_node,I00029,10.925995819119455
P0000876,water_source,I00031,22.746736779016665
P0000876,highway_interchange,I00033,9.553156947328718
P0000876,data_center,I00034,12.67691793004516
P0000877,transmission_line,I00026,5.319993153683002
P0000877,substation,I00027,6.258775771145564
P0000877,fiber_node,I00030,8.058279218606598
P0000877,water_source,I00031,11.96990122798835
P0000877,highway_interchange,I00032,6.475834484145087
P0000877,data_center,I00034,38.584919060296514
P0000878,transmission_line,I00026,5.3900364162954695
P0000878,substation,I00028,6.318402104223328
P0000878,fiber_node,I00030,6.921537224194565
P0000878,water_source,I00031,14.743699662998205
P0000878,highway_interchange,I00032,8.593914839706956
P0000878,data_center,I00034,35.05410144126746
P0000879,transmission_line,I00024,16.98607830927613
P0000879,substation,I00028,16.175374566188914
P0000879,fiber_node,I00029,8.573351196856462
P0000879,water_source,I00031,26.704847424729817
P0000879,highway_interchange,I00033,19.984779274990345
P0000879,data_center,I00034,20.766825633736723
P0000880,transmission_line,I00025,4.311131215146552
P0000880,substation,I00027,6.707758814272116
P0000880,fiber_node,I00030,6.381996906864838
P0000880,water_source,I00031,5.92527403061719
P0000880,highway_interchange,I00032,6.451216328897642
P0000880,data_center,I00034,29.27072681980751
P0000881,transmission_line,I00025,11.342572716904993
P0000881,substation,I00028,8.623447049830066
P0000881,fiber_node,I00029,7.500675911989899
P0000881,water_source,I00031,13.334673147027502
P0000881,highway_interchange,I00033,5.5973078790752
P0000881,data_center,I00034,22.29237165895372
P0000882,transmission_line,I00026,11.614964931938681
P0000882,substation,I00027,11.838320963408222
P0000882,fiber_node,I00030,14.212615262227676
P0000882,water_source,I00031,13.193103524099916
P0000882,highway_interchange,I00032,10.643472228904441
P0000882,data_center,I00034,44.86932266804422
P0000883,transmission_line,I00024,17.63101914142363
P0000883,substation,I00028,31.23817909951678
P0000883,fiber_node,I00029,24.777976672416848
P0000883,water_source,I00031,29.27420423015282
P0000883,highway_interchange,I00033,18.1286865571458
P0000883,data_center,I00034,19.904245239547315
P0000884,transmission_line,I00024,12.006339938531546
P0000884,substation,I00028,25.080736517939876
P0000884,fiber_node,I00029,18.021025504439983
P0000884,water_source,I00031,24.781123539592055
P0000884,highway_interchange,I00033,12.364683459819528
P0000884,data_center,I00034,15.894350660586086
P0000885,transmission_line,I00025,11.915948887713517
P0000885,substation,I00028,9.156840826208642
P0000885,fiber_node,I00029,7.129893168827507
P0000885,water_source,I00031,13.860962121299655
P0000885,highway_interchange,I00033,5.455728315381954
P0000885,data_center,I00034,21.69419904966603
P0000886,transmission_line,I00024,11.117830735386306
P0000886,substation,I00028,17.324271290121022
P0000886,fiber_node,I00029,11.27867133578829
P0000886,water_source,I00031,18.578808908253965
P0000886,highway_interchange,I00033,5.356262133034079
P0000886,data_center,I00034,17.130790010893552
P0000887,transmission_line,I00025,9.658737596144617
P0000887,substation,I00028,12.126694006906801
P0000887,fiber_node,I00030,11.253946125577404
P0000887,water_source,I00031,10.05375012775692
P0000887,highway_interchange,I00033,3.287469018336878
P0000887,data_center,I00034,25.31980499045722
P0000888,transmission_line,I00026,8.136444894189895
P0000888,substation,I00028,5.117701179037198
P0000888,fiber_node,I00030,7.116575259790222
P0000888,water_source,I00031,16.586021304694107
P0000888,highway_interchange,I00032,11.275767220509685
P0000888,data_center,I00034,28.836612270474777
P0000889,transmission_line,I00025,9.170526979438854
P0000889,substation,I00028,8.842414913407165
P0000889,fiber_node,I00030,8.444091498175862
P0000889,water_source,I00031,10.752932756058868
P0000889,highway_interchange,I00033,4.375324006331086
P0000889,data_center,I00034,24.336746559434545
P0000890,transmission_line,I00025,11.545002963503991
P0000890,substation,I00028,11.481275098528595
P0000890,fiber_node,I00029,10.329949422032511
P0000890,water_source,I00031,12.682174470916285
P0000890,highway_interchange,I00033,1.809344808127027
P0000890,data_center,I00034,22.29181856382009
P0000891,transmission_line,I00025,7.998880785390753
P0000891,substation,I00027,9.619020853217746
P0000891,fiber_node,I00030,12.057275672252398
P0000891,water_source,I00031,7.588490510758493
P0000891,highway_interchange,I00032,7.591301975034472
P0000891,data_center,I00034,41.43689133670273
P0000892,transmission_line,I00026,10.728431749295831
P0000892,substation,I00028,6.854307504693957
P0000892,fiber_node,I00029,6.982855311158531
P0000892,water_source,I00031,17.47794977747556
P0000892,highway_interchange,I00032,13.236445701562532
P0000892,data_center,I00034,24.553972696180587
P0000893,transmission_line,I00025,16.811772728969622
P0000893,substation,I00027,20.744167220954946
P0000893,fiber_node,I00030,22.823866871801577
P0000893,water_source,I00031,14.061739433830834
P0000893,highway_interchange,I00032,18.499814958807722
P0000893,data_center,I00034,47.876600401917315
P0000894,transmission_line,I00025,9.077351285209383
P0000894,substation,I00027,12.837038735000473
P0000894,fiber_node,I00030,12.588643986381294
P0000894,water_source,I00031,8.341246955254624
P0000894,highway_interchange,I00033,6.498082864045151
P0000894,data_center,I00034,28.365293610955458
P0000895,transmission_line,I00025,11.965831643250091
P0000895,substation,I00027,16.806446197680778
P0000895,fiber_node,I00030,17.426535515448098
P0000895,water_source,I00031,9.447165169958541
P0000895,highway_interchange,I00033,13.054417945423838
P0000895,data_center,I00034,34.2330022606235
P0000896,transmission_line,I00026,13.070805920075436
P0000896,substation,I00027,13.114505374148091
P0000896,fiber_node,I00030,15.555627061521097
P0000896,water_source,I00031,13.28761379873329
P0000896,highway_interchange,I00032,11.663415898616698
P0000896,data_center,I00034,46.02357297828322
P0000897,transmission_line,I00024,13.07954979146608
P0000897,substation,I00028,12.354775844781258
P0000897,fiber_node,I00029,7.830202726505434
P0000897,water_source,I00031,15.5195691634755
P0000897,highway_interchange,I00033,3.8148240907175546
P0000897,data_center,I00034,19.46202158613882
P0000898,transmission_line,I00026,5.665442750088154
P0000898,substation,I00027,5.738422884934899
P0000898,fiber_node,I00030,8.146886846290727
P0000898,water_source,I00031,8.932767641224952
P0000898,highway_interchange,I00032,4.672682250793188
P0000898,data_center,I00034,38.7634013874745
P0000899,transmission_line,I00025,12.719438035898
P0000899,substation,I00028,13.876427130981456
P0000899,fiber_node,I00029,12.380509201110424
P0000899,water_source,I00031,13.257528920841583
P0000899,highway_interchange,I00033,0.8571784005270039
P0000899,data_center,I00034,22.292021063186173
P0000900,transmission_line,I00024,9.25750463052705
P0000900,substation,I00028,16.71204493674211
P0000900,fiber_node,I00029,4.321174364163675
P0000900,water_source,I00031,24.712032417320085
P0000900,highway_interchange,I00033,14.593362844634175
P0000900,data_center,I00034,14.099025931897565
P0000901,transmission_line,I00025,3.8672874507644055
P0000901,substation,I00027,6.2527386885904885
P0000901,fiber_node,I00030,6.037329201831201
P0000901,water_source,I00031,5.664171646955406
P0000901,highway_interchange,I00032,5.955512482040135
P0000901,data_center,I00034,29.661624200790683
P0000902,transmission_line,I00025,18.43642752403237
P0000902,substation,I00027,23.242094102255162
P0000902,fiber_node,I00030,23.728661223208565
P0000902,water_source,I00031,15.890669927261486
P0000902,highway_interchange,I00033,17.037468813029527
P0000902,data_center,I00034,36.021117068517015
P0000903,transmission_line,I00026,10.461915058618063
P0000903,substation,I00028,6.543339463195243
P0000903,fiber_node,I00029,5.945954581272201
P0000903,water_source,I00031,15.803015763049551
P0000903,highway_interchange,I00033,10.937435003829941
P0000903,data_center,I00034,23.401359553439057
P0000904,transmission_line,I00025,15.350092480034933
P0000904,substation,I00027,19.805182462317525
P0000904,fiber_node,I00030,19.902112210463297
P0000904,water_source,I00031,13.378472233071742
P0000904,highway_interchange,I00033,12.069931483521001
P0000904,data_center,I00034,31.44157727511416
P0000905,transmission_line,I00024,13.987819692642665
P0000905,substation,I00028,22.783198437916287
P0000905,fiber_node,I00029,17.454343254019346
P0000905,water_source,I00031,21.439020420476783
P0000905,highway_interchange,I00033,9.664040954565984
P0000905,data_center,I00034,18.715434156123475
P0000906,transmission_line,I00024,9.40615740757077
P0000906,substation,I00028,14.45421375833597
P0000906,fiber_node,I00029,2.707220363828742
P0000906,water_source,I00031,21.311509044300827
P0000906,highway_interchange,I00033,10.777900829843691
P0000906,data_center,I00034,15.316996709614761
P0000907,transmission_line,I00025,4.694503267224301
P0000907,substation,I00027,5.163858871732305
P0000907,fiber_node,I00030,4.326061270467313
P0000907,water_source,I00031,7.189427840976205
P0000907,highway_interchange,I00032,5.591952431148718
P0000907,data_center,I00034,29.00206494956041
P0000908,transmission_line,I00025,2.686731039713062
P0000908,substation,I00027,6.785059286015692
P0000908,fiber_node,I00030,8.630094631194051
P0000908,water_source,I00031,2.1440063629501345
P0000908,highway_interchange,I00032,4.640895766223116
P0000908,data_center,I00034,35.98180228356488
P0000909,transmission_line,I00025,21.145008687612897
P0000909,substation,I00027,25.8326662340798
P0000909,fiber_node,I00030,26.124448368663213
P0000909,water_source,I00031,18.759923573727832
P0000909,highway_interchange,I00033,18.122864595517477
P0000909,data_center,I00034,35.548470112396174
P0000910,transmission_line,I00024,6.3533873321071574
P0000910,substation,I00028,25.442826009140543
P0000910,fiber_node,I00029,15.674355668165136
P0000910,water_source,I00031,27.785257788723424
P0000910,highway_interchange,I00033,14.567215369515507
P0000910,data_center,I00034,9.71797366929482
P0000911,transmission_line,I00024,8.207174111745243
P0000911,substation,I00028,24.668463651351658
P0000911,fiber_node,I00029,15.890198852472759
P0000911,water_source,I00031,26.127933202296518
P0000911,highway_interchange,I00033,13.02872410863874
P0000911,data_center,I00034,12.091354699145572
P0000912,transmission_line,I00025,12.047526288715302
P0000912,substation,I00027,16.96974574470892
P0000912,fiber_node,I00030,18.298419326087444
P0000912,water_source,I00031,8.917849430233638
P0000912,highway_interchange,I00032,14.997458568754633
P0000912,data_center,I00034,39.18577642840128
P0000913,transmission_line,I00026,6.453905960555227
P0000913,substation,I00027,6.404139223393891
P0000913,fiber_node,I00030,8.852128584650016
P0000913,water_source,I00031,8.726579684442095
P0000913,highway_interchange,I00032,5.096495272729496
P0000913,data_center,I00034,39.36583198267731
P0000914,transmission_line,I00025,11.025855510617435
P0000914,substation,I00028,8.143762043989412
P0000914,fiber_node,I00029,7.601899145367136
P0000914,water_source,I00031,13.095342425132275
P0000914,highway_interchange,I00033,5.951917851923669
P0000914,data_center,I00034,22.681311832527015
P0000915,transmission_line,I00025,8.533146928830005
P0000915,substation,I00027,13.468971843131687
P0000915,fiber_node,I00030,14.346632294841807
P0000915,water_source,I00031,5.846098943716894
P0000915,highway_interchange,I00032,11.829045258165587
P0000915,data_center,I00034,34.563243395115464
P0000916,transmission_line,I00025,14.600442853291359
P0000916,substation,I00027,19.490027283540517
P0000916,fiber_node,I00030,20.877754295789718
P0000916,water_source,I00031,11.455448901871106
P0000916,highway_interchange,I00032,17.472756193477846
P0000916,data_center,I00034,41.204925635356936
P0000917,transmission_line,I00025,2.5550936995736673
P0000917,substation,I00027,7.496379690859648
P0000917,fiber_node,I00030,8.860486276929649
P0000917,water_source,I00031,0.636209242184733
P0000917,highway_interchange,I00032,5.660019896692285
P0000917,data_center,I00034,34.48801119362711
P0000918,transmission_line,I00024,2.7895236036315914
P0000918,substation,I00028,20.83888782578039
P0000918,fiber_node,I00029,9.307899468699679
P0000918,water_source,I00031,26.00742500130124
P0000918,highway_interchange,I00033,13.434031456138921
P0000918,data_center,I00034,9.088961607251258
P0000919,transmission_line,I00025,7.440236694542643
P0000919,substation,I00027,8.935627079739694
P0000919,fiber_node,I00030,11.37602617546343
P0000919,water_source,I00031,7.238379581805593
P0000919,highway_interchange,I00032,6.916669674697887
P0000919,data_center,I00034,40.836589737540585
P0000920,transmission_line,I00024,36.62397209592483
P0000920,substation,I00027,42.23992162194682
P0000920,fiber_node,I00029,41.11640093655195
P0000920,water_source,I00031,35.999271868511784
P0000920,highway_interchange,I00033,30.927057899636253
P0000920,data_center,I00034,39.28271173964583
P0000921,transmission_line,I00026,11.506000819326507
P0000921,substation,I00028,8.176989946800113
P0000921,fiber_node,I00029,6.494647719461017
P0000921,water_source,I00031,14.09710245025106
P0000921,highway_interchange,I00033,6.817431468377849
P0000921,data_center,I00034,22.081317460198314
P0000922,transmission_line,I00025,8.171593968321767
P0000922,substation,I00028,8.297807682546814
P0000922,fiber_node,I00030,7.717564764351119
P0000922,water_source,I00031,9.800162809528672
P0000922,highway_interchange,I00033,5.099731688886049
P0000922,data_center,I00034,25.330679842524205
P0000923,transmission_line,I00026,10.809099951540633
P0000923,substation,I00028,6.9670977922317885
P0000923,fiber_node,I00029,5.580678612021184
P0000923,water_source,I00031,15.542345983440658
P0000923,highway_interchange,I00033,10.00341989216869
P0000923,data_center,I00034,22.81277619394542
P0000924,transmission_line,I00025,8.329880636372438
P0000924,substation,I00027,11.563733063080061
P0000924,fiber_node,I00030,13.787300691541386
P0000924,water_source,I00031,6.510716906010364
P0000924,highway_interchange,I00032,9.331939872934209
P0000924,data_center,I00034,41.44193671112951
P0000925,transmission_line,I00025,8.629984351375036
P0000925,substation,I00028,8.60799253401882
P0000925,fiber_node,I00030,8.101837292169813
P0000925,water_source,I00031,10.21245959774374
P0000925,highway_interchange,I00033,4.697924617344804
P0000925,data_center,I00034,24.88208098674474
P0000926,transmission_line,I00025,1.3658900568192969
P0000926,substation,I00027,6.0485988340029415
P0000926,fiber_node,I00030,7.617087354285318
P0000926,water_source,I00031,2.029869719968228
P0000926,highway_interchange,I00032,4.124017863502071
P0000926,data_center,I00034,34.57322864045741
P0000927,transmission_line,I00025,7.4956601033508905
P0000927,substation,I00027,10.748622666294676
P0000927,fiber_node,I00030,10.323764354932544
P0000927,water_source,I00031,7.534506212020896
P0000927,highway_interchange,I00033,5.850712256987443
P0000927,data_center,I00034,27.861297143218767
P0000928,transmission_line,I00026,5.983941241904399
P0000928,substation,I00028,3.5113836945262955
P0000928,fiber_node,I00030,3.256671394431036
P0000928,water_source,I00031,9.942526101628173
P0000928,highway_interchange,I00032,6.78844826331815
P0000928,data_center,I00034,27.698751658411958
P0000929,transmission_line,I00025,17.789597826756463
P0000929,substation,I00027,21.36271602199332
P0000929,fiber_node,I00029,20.667211072014975
P0000929,water_source,I00031,16.737054044073076
P0000929,highway_interchange,I00033,9.56845936010277
P0000929,data_center,I00034,25.89586491782643
P0000930,transmission_line,I00025,7.622477356678417
P0000930,substation,I00028,7.81455211903907
P0000930,fiber_node,I00030,7.157493579689447
P0000930,water_source,I00031,9.356663296971941
P0000930,highway_interchange,I00033,5.687851289654723
P0000930,data_center,I00034,25.8631598706174
P0000931,transmission_line,I00025,10.049869900386089
P0000931,substation,I00027,14.937078313773924
P0000931,fiber_node,I00030,15.67460335799679
P0000931,water_source,I00031,7.469095243115719
P0000931,highway_interchange,I00033,12.629585363969495
P0000931,data_center,I00034,34.28692586881696
P0000932,transmission_line,I00025,9.521857599752538
P0000932,substation,I00027,13.917468326243355
P0000932,fiber_node,I00030,15.754965304449156
P0000932,water_source,I00031,6.599063995941388
P0000932,highway_interchange,I00032,11.723076133373263
P0000932,data_center,I00034,40.64960937289715
P0000933,transmission_line,I00025,2.7106635582243443
P0000933,substation,I00027,3.569495007144783
P0000933,fiber_node,I00030,3.9711025183218474
P0000933,water_source,I00031,5.692091186131297
P0000933,highway_interchange,I00032,3.344966493445941
P0000933,data_center,I00034,31.344991391934236
P0000934,transmission_line,I00024,11.924107959960603
P0000934,substation,I00028,32.980182913253486
P0000934,fiber_node,I00029,22.97027347797332
P0000934,water_source,I00031,34.60688219791844
P0000934,highway_interchange,I00033,21.587102541954508
P0000934,data_center,I00034,10.929534938101751
P0000935,transmission_line,I00025,10.296687276781691
P0000935,substation,I00027,14.091327700353508
P0000935,fiber_node,I00030,13.81108073442071
P0000935,water_source,I00031,9.397320502955532
P0000935,highway_interchange,I00033,6.6012939964776045
P0000935,data_center,I00034,28.124067523996597
P0000936,transmission_line,I00025,2.142339397629157
P0000936,substation,I00027,5.375327280763898
P0000936,fiber_node,I00030,5.850899698576348
P0000936,water_source,I00031,4.310958426195207
P0000936,highway_interchange,I00032,4.571110873129773
P0000936,data_center,I00034,31.362230009438438
P0000937,transmission_line,I00025,7.516862725483342
P0000937,substation,I00027,12.41779857777341
P0000937,fiber_node,I00030,13.810328769877975
P0000937,water_source,I00031,4.372081293156887
P0000937,highway_interchange,I00032,10.447481697095832
P0000937,data_center,I00034,36.99524067155554
P0000938,transmission_line,I00024,7.240117551645404
P0000938,substation,I00028,23.881720509973764
P0000938,fiber_node,I00029,14.830752885519582
P0000938,water_source,I00031,25.77468234717113
P0000938,highway_interchange,I00033,12.58778187959273
P0000938,data_center,I00034,11.535402678497945
P0000939,transmission_line,I00024,12.863698194035075
P0000939,substation,I00028,11.744957507693293
P0000939,fiber_node,I00029,0.923494300437109
P0000939,water_source,I00031,20.166983918681098
P0000939,highway_interchange,I00033,11.810165119431849
P0000939,data_center,I00034,18.494226435451388
P0000940,transmission_line,I00026,7.466903384406541
P0000940,substation,I00027,8.127670310864406
P0000940,fiber_node,I00030,10.209333927791652
P0000940,water_source,I00031,12.352792172985373
P0000940,highway_interchange,I00032,7.733615643420967
P0000940,data_center,I00034,40.89188231714448
P0000941,transmission_line,I00026,18.565424969989092
P0000941,substation,I00027,19.46941007069838
P0000941,fiber_node,I00030,21.28545189845408
P0000941,water_source,I00031,23.19239508479724
P0000941,highway_interchange,I00032,19.20281385606997
P0000941,data_center,I00034,51.3895202560738
P0000942,transmission_line,I00025,11.148460136110636
P0000942,substation,I00027,14.661791257535777
P0000942,fiber_node,I00030,16.846486535340272
P0000942,water_source,I00031,8.852150948846848
P0000942,highway_interchange,I00032,12.423501316480253
P0000942,data_center,I00034,43.705176117411156
P0000943,transmission_line,I00025,8.323103302221101
P0000943,substation,I00028,10.103690659175903
P0000943,fiber_node,I00030,9.266884726181186
P0000943,water_source,I00031,9.286870196209241
P0000943,highway_interchange,I00033,4.176587050707867
P0000943,data_center,I00034,25.687315034111634
P0000944,transmission_line,I00024,12.167880369902388
P0000944,substation,I00028,13.86216252208964
P0000944,fiber_node,I00029,8.56891099243562
P0000944,water_source,I00031,16.46102554261496
P0000944,highway_interchange,I00033,3.8226817559740662
P0000944,data_center,I00034,18.514802945954596
P0000945,transmission_line,I00024,15.025873286601097
P0000945,substation,I00028,20.001606564648416
P0000945,fiber_node,I00029,16.101247379490545
P0000945,water_source,I00031,18.257403408051868
P0000945,highway_interchange,I00033,6.801848159236107
P0000945,data_center,I00034,20.414631984311594
P0000946,transmission_line,I00025,13.303415987992148
P0000946,substation,I00027,17.523328920315993
P0000946,fiber_node,I00030,19.46805083455837
P0000946,water_source,I00031,10.424240216836974
P0000946,highway_interchange,I00032,15.294987282077313
P0000946,data_center,I00034,44.11690988113956
P0000947,transmission_line,I00024,16.86143806853979
P0000947,substation,I00028,24.59754913151673
P0000947,fiber_node,I00029,20.265478316927627
P0000947,water_source,I00031,21.862096004632434
P0000947,highway_interchange,I00033,11.410744117707099
P0000947,data_center,I00034,21.2605798937395
P0000948,transmission_line,I00026,1.5747262206237636
P0000948,substation,I00027,1.8796734788901306
P0000948,fiber_node,I00030,1.249859469934769
P0000948,water_source,I00031,9.689591801645689
P0000948,highway_interchange,I00032,4.120040994416658
P0000948,data_center,I00034,31.86853082682795
P0000949,transmission_line,I00025,9.632244349401356
P0000949,substation,I00027,11.583193123034432
P0000949,fiber_node,I00030,14.010566074166904
P0000949,water_source,I00031,8.714079888334807
P0000949,highway_interchange,I00032,9.524750383959825
P0000949,data_center,I00034,43.1134626825291
P0000950,transmission_line,I00025,7.1695500283754106
P0000950,substation,I00027,10.005199507246985
P0000950,fiber_node,I00030,12.287311546928391
P0000950,water_source,I00031,5.908611668227293
P0000950,highway_interchange,I00032,7.79358830879633
P0000950,data_center,I00034,40.55750768089802
P0000951,transmission_line,I00026,3.940896975776367
P0000951,substation,I00027,4.1815050069577815
P0000951,fiber_node,I00030,6.5039212611670685
P0000951,water_source,I00031,8.947398171869017
P0000951,highway_interchange,I00032,3.6441037335493047
P0000951,data_center,I00034,37.20425190861048
P0000952,transmission_line,I00025,12.294960297155443
P0000952,substation,I00028,13.774594732589962
P0000952,fiber_node,I00029,12.80224154279223
P0000952,water_source,I00031,12.748109019247277
P0000952,highway_interchange,I00033,1.228703417715348
P0000952,data_center,I00034,22.872598953114462
P0000953,transmission_line,I00024,11.493200251327046
P0000953,substation,I00028,14.92766656256312
P0000953,fiber_node,I00029,9.095380772102683
P0000953,water_source,I00031,17.26265123720269
P0000953,highway_interchange,I00033,4.287564333982348
P0000953,data_center,I00034,17.791858498390916
P0000954,transmission_line,I00024,10.206718751043672
P0000954,substation,I00028,24.491383529451543
P0000954,fiber_node,I00029,16.702778239090875
P0000954,water_source,I00031,25.01853182040611
P0000954,highway_interchange,I00033,12.196513681645255
P0000954,data_center,I00034,14.232554098907428
P0000955,transmission_line,I00026,20.743947883964527
P0000955,substation,I00027,21.319943114702316
P0000955,fiber_node,I00030,23.483110189247608
P0000955,water_source,I00031,23.180311231190267
P0000955,highway_interchange,I00032,20.489087871742534
P0000955,data_center,I00034,54.15699090287423
P0000956,transmission_line,I00025,5.039707323911571
P0000956,substation,I00027,5.726511456394225
P0000956,fiber_node,I00030,8.166771234398674
P0000956,water_source,I00031,6.132354215085835
P0000956,highway_interchange,I00032,3.7374410055134266
P0000956,data_center,I00034,37.94366584659403
P0000957,transmission_line,I00025,3.565557387774827
P0000957,substation,I00027,7.198950999742191
P0000957,fiber_node,I00030,7.398047982590421
P0000957,water_source,I00031,4.434729546075373
P0000957,highway_interchange,I00032,6.409023339336181
P0000957,data_center,I00034,30.56073744854225
P0000958,transmission_line,I00024,12.320107638608857
P0000958,substation,I00028,16.213956581503325
P0000958,fiber_node,I00029,11.18017561310694
P0000958,water_source,I00031,17.171977294281746
P0000958,highway_interchange,I00033,3.9516875817546318
P0000958,data_center,I00034,18.423215162834836
P0000959,transmission_line,I00026,12.504449496399117
P0000959,substation,I00027,12.547863650502164
P0000959,fiber_node,I00030,14.98828984514062
P0000959,water_source,I00031,12.848653188879917
P0000959,highway_interchange,I00032,11.106838967759238
P0000959,data_center,I00034,45.46453227582711
P0000960,transmission_line,I00025,8.93431503096175
P0000960,substation,I00028,11.331818438309552
P0000960,fiber_node,I00030,10.432498402854156
P0000960,water_source,I00031,9.496984041450114
P0000960,highway_interchange,I00033,3.740603312069851
P0000960,data_center,I00034,25.674804486341518
P0000961,transmission_line,I00025,18.599664179794466
P0000961,substation,I00027,22.29587201883384
P0000961,fiber_node,I00030,21.74946160499796
P0000961,water_source,I00031,17.403597357674343
P0000961,highway_interchange,I00033,10.700570299009575
P0000961,data_center,I00034,26.598410975573337
P0000962,transmission_line,I00025,17.492021827890714
P0000962,substation,I00028,20.39335839518561
P0000962,fiber_node,I00029,18.21601533680264
P0000962,water_source,I00031,16.918598335581827
P0000962,highway_interchange,I00033,7.583397725795821
P0000962,data_center,I00034,23.350097073679162
P0000963,transmission_line,I00026,6.293909258288332
P0000963,substation,I00028,4.324378249734065
P0000963,fiber_node,I00030,3.6851528862866214
P0000963,water_source,I00031,9.191200130632426
P0000963,highway_interchange,I00032,6.593898335945452
P0000963,data_center,I00034,27.77323192478801
P0000964,transmission_line,I00024,7.950403283615596
P0000964,substation,I00028,20.29932976625846
P0000964,fiber_node,I00029,12.022407719771016
P0000964,water_source,I00031,22.35852813665297
P0000964,highway_interchange,I00033,9.12377267054601
P0000964,data_center,I00034,13.590479832323341
P0000965,transmission_line,I00024,15.536561666894997
P0000965,substation,I00028,19.100500609782102
P0000965,fiber_node,I00029,15.788703865629696
P0000965,water_source,I00031,17.175235834443086
P0000965,highway_interchange,I00033,5.922060941815336
P0000965,data_center,I00034,21.092191828811846
P0000966,transmission_line,I00025,10.489322256658284
P0000966,substation,I00027,13.359795814589694
P0000966,fiber_node,I00030,12.566091226785026
P0000966,water_source,I00031,10.494667131544178
P0000966,highway_interchange,I00033,3.630921278303245
P0000966,data_center,I00034,25.484964094679306
P0000967,transmission_line,I00025,1.8484276746624753
P0000967,substation,I00027,6.522620981391844
P0000967,fiber_node,I00030,7.427276471902326
P0000967,water_source,I00031,2.580521912127689
P0000967,highway_interchange,I00032,5.150703698227656
P0000967,data_center,I00034,32.61559583476264
P0000968,transmission_line,I00025,14.092458958786706
P0000968,substation,I00027,18.446752872521085
P0000968,fiber_node,I00030,18.472624750002065
P0000968,water_source,I00031,12.292090514108434
P0000968,highway_interchange,I00033,10.683372375522058
P0000968,data_center,I00034,30.548348191554286
P0000969,transmission_line,I00025,11.157822338786445
P0000969,substation,I00027,15.814903516040513
P0000969,fiber_node,I00030,17.481246113621353
P0000969,water_source,I00031,8.05354714886447
P0000969,highway_interchange,I00032,13.679242788624094
P0000969,data_center,I00034,40.80477570736245
P0000970,transmission_line,I00026,5.797074507713223
P0000970,substation,I00028,1.876581415027662
P0000970,fiber_node,I00030,3.492743940043421
P0000970,water_source,I00031,12.43125687715815
P0000970,highway_interchange,I00032,7.999874174491991
P0000970,data_center,I00034,27.894069877348848
P0000971,transmission_line,I00024,13.06946978264884
P0000971,substation,I00028,33.44650452345561
P0000971,fiber_node,I00029,23.802643060044176
P0000971,water_source,I00031,34.58172285793706
P0000971,highway_interchange,I00033,21.709778676645932
P0000971,data_center,I00034,12.391870913813156
P0000972,transmission_line,I00025,1.6234287791238782
P0000972,substation,I00027,6.388864256263901
P0000972,fiber_node,I00030,7.923058610098693
P0000972,water_source,I00031,1.6816128652815616
P0000972,highway_interchange,I00032,4.4727265597010994
P0000972,data_center,I00034,34.61517444128423
P0000973,transmission_line,I00026,3.7522590257926947
P0000973,substation,I00028,1.3354440141038684
P0000973,fiber_node,I00030,2.823948660820434
P0000973,water_source,I00031,12.23426628598343
P0000973,highway_interchange,I00032,6.779666304521573
P0000973,data_center,I00034,30.62551200472871
P0000974,transmission_line,I00025,8.016835987438984
P0000974,substation,I00027,12.817928749559282
P0000974,fiber_node,I00030,13.4606375327031
P0000974,water_source,I00031,5.754201673959293
P0000974,highway_interchange,I00033,11.10656982622476
P0000974,data_center,I00034,33.03886308691959
P0000975,transmission_line,I00025,11.880501513079397
P0000975,substation,I00027,16.246893924416
P0000975,fiber_node,I00030,16.331359581745783
P0000975,water_source,I00031,10.154525686387604
P0000975,highway_interchange,I00033,9.630249918231094
P0000975,data_center,I00034,30.5070378672969
P0000976,transmission_line,I00026,3.0594597232460714
P0000976,substation,I00027,1.7640556501811187
P0000976,fiber_node,I00030,2.0903113344903446
P0000976,water_source,I00031,7.392676069656501
P0000976,highway_interchange,I00032,2.844655653291052
P0000976,data_center,I00034,31.60995684417873
P0000977,transmission_line,I00024,25.46422794820467
P0000977,substation,I00027,30.186504580112306
P0000977,fiber_node,I00029,28.54572845722813
P0000977,water_source,I00031,24.80199869455834
P0000977,highway_interchange,I00033,18.232051726692283
P0000977,data_center,I00034,29.315618328577678
P0000978,transmission_line,I00025,9.283412549111032
P0000978,substation,I00028,6.7385591043849775
P0000978,fiber_node,I00030,6.7929544405992095
P0000978,water_source,I00031,11.489306129180276
P0000978,highway_interchange,I00033,6.615290442371412
P0000978,data_center,I00034,24.48787832931935
P0000979,transmission_line,I00025,10.011943922007239
P0000979,substation,I00027,12.865187937007692
P0000979,fiber_node,I00030,12.087059259620096
P0000979,water_source,I00031,10.080776045658016
P0000979,highway_interchange,I00033,3.7506519383445553
P0000979,data_center,I00034,25.71496751079032
P0000980,transmission_line,I00026,14.096230202609558
P0000980,substation,I00027,14.774199654705916
P0000980,fiber_node,I00030,16.84518628324472
P0000980,water_source,I00031,17.788931378336287
P0000980,highway_interchange,I00032,14.183507384576535
P0000980,data_center,I00034,47.45622673611014
P0000981,transmission_line,I00025,2.6401540980111466
P0000981,substation,I00027,3.0394336488343647
P0000981,fiber_node,I00030,5.165156274668558
P0000981,water_source,I00031,5.311430513775923
P0000981,highway_interchange,I00032,0.8593210761584134
P0000981,data_center,I00034,34.54579870529302
P0000982,transmission_line,I00025,13.284075548009874
P0000982,substation,I00027,18.249450414209065
P0000982,fiber_node,I00030,19.176062750790187
P0000982,water_source,I00031,10.396982365730027
P0000982,highway_interchange,I00033,15.853089148740594
P0000982,data_center,I00034,37.02835614987892
P0000983,transmission_line,I00024,21.39616731208017
P0000983,substation,I00027,25.972346218412333
P0000983,fiber_node,I00029,23.730476936595206
P0000983,water_source,I00031,21.300990521596294
P0000983,highway_interchange,I00033,13.463401505155622
P0000983,data_center,I00034,25.82152655778278
P0000984,transmission_line,I00025,8.291475001064375
P0000984,substation,I00027,9.722961017946577
P0000984,fiber_node,I00030,12.176527047453998
P0000984,water_source,I00031,7.968661324316088
P0000984,highway_interchange,I00032,7.740740132409568
P0000984,data_center,I00034,41.69705716076123
P0000985,transmission_line,I00026,14.953494293664855
P0000985,substation,I00028,16.200087178649817
P0000985,fiber_node,I00030,16.857245587770485
P0000985,water_source,I00031,23.514010720097662
P0000985,highway_interchange,I00032,17.585319479687023
P0000985,data_center,I00034,43.05454920018729
P0000986,transmission_line,I00025,8.87959111501713
P0000986,substation,I00027,11.426011607603213
P0000986,fiber_node,I00030,10.574478035684523
P0000986,water_source,I00031,9.341919506984977
P0000986,highway_interchange,I00033,3.9169854043615993
P0000986,data_center,I00034,25.896444407898056
P0000987,transmission_line,I00025,18.26135326723402
P0000987,substation,I00027,20.18363479939133
P0000987,fiber_node,I00030,22.646021477524823
P0000987,water_source,I00031,16.81122402085008
P0000987,highway_interchange,I00032,18.207846102469
P0000987,data_center,I00034,51.67150080311304
P0000988,transmission_line,I00024,15.64400924677989
P0000988,substation,I00028,12.871466327573113
P0000988,fiber_node,I00029,5.2097996158800655
P0000988,water_source,I00031,22.993786121170416
P0000988,highway_interchange,I00033,16.259614847651097
P0000988,data_center,I00034,20.396750798822346
P0000989,transmission_line,I00026,5.864143442184667
P0000989,substation,I00028,2.096628138467464
P0000989,fiber_node,I00030,3.3719027130781476
P0000989,water_source,I00031,12.00398504320827
P0000989,highway_interchange,I00032,7.816653694110451
P0000989,data_center,I00034,27.66903942486393
P0000990,transmission_line,I00025,6.445383643786686
P0000990,substation,I00028,5.37328581302335
P0000990,fiber_node,I00030,4.640534316432343
P0000990,water_source,I00031,8.877670068026715
P0000990,highway_interchange,I00032,7.04524418871388
P0000990,data_center,I00034,27.369826205378285
P0000991,transmission_line,I00025,17.71122357951067
P0000991,substation,I00027,21.832463493608493
P0000991,fiber_node,I00030,21.604057122626397
P0000991,water_source,I00031,16.089671336482624
P0000991,highway_interchange,I00033,11.885535799981307
P0000991,data_center,I00034,29.318387255568865
P0000992,transmission_line,I00025,12.036807925391935
P0000992,substation,I00027,14.260108379064636
P0000992,fiber_node,I00030,16.677828209022714
P0000992,water_source,I00031,10.67800873655302
P0000992,highway_interchange,I00032,12.179733903458615
P0000992,data_center,I00034,45.453242246182946
P0000993,transmission_line,I00024,11.3597392222881
P0000993,substation,I00028,14.042223140427385
P0000993,fiber_node,I00029,7.81748396616532
P0000993,water_source,I00031,17.230103831411203
P0000993,highway_interchange,I00033,4.772790261247013
P0000993,data_center,I00034,17.728198837656812
P0000994,transmission_line,I00024,25.184375110279895
P0000994,substation,I00028,34.29992321796452
P0000994,fiber_node,I00029,30.41491250371151
P0000994,water_source,I00031,29.52971809712223
P0000994,highway_interchange,I00033,21.31304487697629
P0000994,data_center,I00034,27.975294022628624
P0000995,transmission_line,I00025,2.1959761545591627
P0000995,substation,I00027,6.450581839983514
P0000995,fiber_node,I00030,7.118272586605285
P0000995,water_source,I00031,3.2681877535060937
P0000995,highway_interchange,I00032,5.307188742924682
P0000995,data_center,I00034,31.90310932864952
P0000996,transmission_line,I00024,7.297162902148233
P0000996,substation,I00028,26.168163533342327
P0000996,fiber_node,I00029,16.60997760628835
P0000996,water_source,I00031,28.16110106666156
P0000996,highway_interchange,I00033,14.988244267999157
P0000996,data_center,I00034,10.226367965892958
P0000997,transmission_line,I00025,6.186068445682096
P0000997,substation,I00027,11.13143144163469
P0000997,fiber_node,I00030,12.088229966689651
P0000997,water_source,I00031,3.5806547219938447
P0000997,highway_interchange,I00032,9.482516290553471
P0000997,data_center,I00034,34.119361442889044
P0000998,transmission_line,I00026,2.0107773791882204
P0000998,substation,I00027,2.072941130862898
P0000998,fiber_node,I00030,4.3999523238308065
P0000998,water_source,I00031,8.39142941830348
P0000998,highway_interchange,I00032,2.311700862114107
P0000998,data_center,I00034,35.085271337314936
P0000999,transmission_line,I00024,23.894450482818012
P0000999,substation,I00028,33.682671291445494
P0000999,fiber_node,I00029,29.397411605273287
P0000999,water_source,I00031,29.346179389627363
P0000999,highway_interchange,I00033,20.603286050422774
P0000999,data_center,I00034,26.618675563967734
P0001000,transmission_line,I00025,5.439563953977498
P0001000,substation,I00027,6.04465092266631
P0001000,fiber_node,I00030,4.986177719463178
P0001000,water_source,I00031,7.707709649579015
P0001000,highway_interchange,I00032,6.520895057268982
P0001000,data_center,I00034,28.137475253030278
P0001001,transmission_line,I00025,2.7421618390790274
P0001001,substation,I00027,4.3673281227468825
P0001001,fiber_node,I00030,4.568652995917869
P0001001,water_source,I00031,5.452064221887859
P0001001,highway_interchange,I00032,4.0613398927176965
P0001001,data_center,I00034,30.911812504608836
P0001002,transmission_line,I00025,19.56349547598472
P0001002,substation,I00027,24.118857290860014
P0001002,fiber_node,I00030,24.266175322897894
P0001002,water_source,I00031,17.37924233248028
P0001002,highway_interchange,I00033,15.839878263926295
P0001002,data_center,I00034,33.42302372982586
P0001003,transmission_line,I00025,2.133440411574978
P0001003,substation,I00027,5.815170583884212
P0001003,fiber_node,I00030,6.350722145791756
P0001003,water_source,I00031,3.927924837752713
P0001003,highway_interchange,I00032,4.880290031550169
P0001003,data_center,I00034,31.50763566393236
P0001004,transmission_line,I00025,16.231188921754043
P0001004,substation,I00027,20.106225801215928
P0001004,fiber_node,I00030,19.720050105336693
P0001004,water_source,I00031,14.921380948675472
P0001004,highway_interchange,I00033,9.640249048483524
P0001004,data_center,I00034,27.666303086406256
P0001005,transmission_line,I00026,15.717708629789723
P0001005,substation,I00028,11.822187845731335
P0001005,fiber_node,I00029,4.836501768297095
P0001005,water_source,I00031,21.93764742225482
P0001005,highway_interchange,I00033,15.486912893938037
P0001005,data_center,I00034,20.87364916623782
P0001006,transmission_line,I00025,0.9872225850021269
P0001006,substation,I00027,4.255898653672959
P0001006,fiber_node,I00030,5.905524564817227
P0001006,water_source,I00031,3.804158707455095
P0001006,highway_interchange,I00032,2.4279808451378666
P0001006,data_center,I00034,33.9808270631428
P0001007,transmission_line,I00025,19.388400252085294
P0001007,substation,I00027,23.249392710688195
P0001007,fiber_node,I00030,22.803863119581585
P0001007,water_source,I00031,18.006903841787935
P0001007,highway_interchange,I00033,12.022708492860287
P0001007,data_center,I00034,27.702661718167978
P0001008,transmission_line,I00024,12.001310217466825
P0001008,substation,I00028,22.666560864039464
P0001008,fiber_node,I00029,16.271866573886776
P0001008,water_source,I00031,22.333444715180494
P0001008,highway_interchange,I00033,9.86336136909978
P0001008,data_center,I00034,16.720247109620505
P0001009,transmission_line,I00024,13.363286966514716
P0001009,substation,I00028,17.997193048825924
P0001009,fiber_node,I00029,13.499849152293049
P0001009,water_source,I00031,17.614344199353948
P0001009,highway_interchange,I00033,4.979431384321717
P0001009,data_center,I00034,19.146200419850775
P0001010,transmission_line,I00025,7.962204997129944
P0001010,substation,I00027,12.746769754508469
P0001010,fiber_node,I00030,14.29226058022598
P0001010,water_source,I00031,4.822489705983965
P0001010,highway_interchange,I00032,10.686259857782302
P0001010,data_center,I00034,38.063331287931874
P0001011,transmission_line,I00026,7.036831255135437
P0001011,substation,I00028,4.714736228551403
P0001011,fiber_node,I00030,4.364790045666343
P0001011,water_source,I00031,9.805643903297208
P0001011,highway_interchange,I00032,7.425723370501702
P0001011,data_center,I00034,26.940878851965213
P0001012,transmission_line,I00025,12.225033044712688
P0001012,substation,I00028,11.761562803252154
P0001012,fiber_node,I00029,9.760352817109872
P0001012,water_source,I00031,13.423941472924634
P0001012,highway_interchange,I00033,1.9608126198165026
P0001012,data_center,I00034,21.541837863456205
P0001013,transmission_line,I00025,12.197517211949112
P0001013,substation,I00028,11.484972025154704
P0001013,fiber_node,I00029,9.408880027831444
P0001013,water_source,I00031,13.484954842905564
P0001013,highway_interchange,I00033,2.3526123774739407
P0001013,data_center,I00034,21.47341613511521
P0001014,transmission_line,I00025,7.288298597786393
P0001014,substation,I00028,7.357697300395446
P0001014,fiber_node,I00030,6.671618480756584
P0001014,water_source,I00031,9.148349334370444
P0001014,highway_interchange,I00033,6.174363836021153
P0001014,data_center,I00034,26.195057486253734
P0001015,transmission_line,I00026,9.380801013115287
P0001015,substation,I00027,10.747364695867933
P0001015,fiber_node,I00030,11.671950102128529
P0001015,water_source,I00031,17.471921744646885
P0001015,highway_interchange,I00032,11.659878505312484
P0001015,data_center,I00034,40.39395249197793
P0001016,transmission_line,I00026,10.16525905084126
P0001016,substation,I00028,6.3121486203397295
P0001016,fiber_node,I00029,6.211364956337911
P0001016,water_source,I00031,15.114555792595082
P0001016,highway_interchange,I00033,10.206604455629464
P0001016,data_center,I00034,23.47109332530754
P0001017,transmission_line,I00025,4.336025902267545
P0001017,substation,I00027,9.178942778005686
P0001017,fiber_node,I00030,10.018875155000972
P0001017,water_source,I00031,2.5576350079885706
P0001017,highway_interchange,I00032,7.6881794131032315
P0001017,data_center,I00034,32.99457210094682
P0001018,transmission_line,I00025,28.468088165240054
P0001018,substation,I00027,32.92534470580045
P0001018,fiber_node,I00030,32.90150459869543
P0001018,water_source,I00031,26.322585995339892
P0001018,highway_interchange,I00033,22.96627727320932
P0001018,data_center,I00034,36.120800794401134
P0001019,transmission_line,I00025,6.561537351705502
P0001019,substation,I00027,11.26662552392311
P0001019,fiber_node,I00030,11.843690969111963
P0001019,water_source,I00031,4.683854352859575
P0001019,highway_interchange,I00032,9.911558032708857
P0001019,data_center,I00034,32.31769114396676
P0001020,transmission_line,I00026,3.8239155788049524
P0001020,substation,I00027,4.583166040611958
P0001020,fiber_node,I00030,6.568152020132496
P0001020,water_source,I00031,10.391571903320616
P0001020,highway_interchange,I00032,4.735907304691695
P0001020,data_center,I00034,37.25592276947687
P0001021,transmission_line,I00025,16.467588577746724
P0001021,substation,I00027,20.209470791510583
P0001021,fiber_node,I00030,19.72871764244402
P0001021,water_source,I00031,15.289005366613148
P0001021,highway_interchange,I00033,9.233247247958163
P0001021,data_center,I00034,26.906294355361798
P0001022,transmission_line,I00025,6.97435416025288
P0001022,substation,I00027,11.904529807620916
P0001022,fiber_node,I00030,13.243285828208387
P0001022,water_source,I00031,3.850947204271795
P0001022,highway_interchange,I00032,9.974117920447911
P0001022,data_center,I00034,36.42825788852693
P0001023,transmission_line,I00026,1.5773301870353225
P0001023,substation,I00027,2.8363119726799524
P0001023,fiber_node,I00030,2.687859902346932
P0001023,water_source,I00031,10.889150648428842
P0001023,highway_interchange,I00032,4.954225598868825
P0001023,data_center,I00034,32.722085092070216
P0001024,transmission_line,I00025,2.341308147341448
P0001024,substation,I00027,4.718784642366094
P0001024,fiber_node,I00030,5.094329868085941
P0001024,water_source,I00031,4.914593918675387
P0001024,highway_interchange,I00032,4.150802392430168
P0001024,data_center,I00034,31.183779436700018
P0001025,transmission_line,I00024,17.8530424857713
P0001025,substation,I00028,22.643426526969076
P0001025,fiber_node,I00029,19.577406938968394
P0001025,water_source,I00031,19.261250062093325
P0001025,highway_interchange,I00033,9.626442106383081
P0001025,data_center,I00034,22.779438590812482
P0001026,transmission_line,I00025,3.1958682666901677
P0001026,substation,I00027,7.849354092808796
P0001026,fiber_node,I00030,8.58852753123848
P0001026,water_source,I00031,2.6516826651413514
P0001026,highway_interchange,I00032,6.517723976010838
P0001026,data_center,I00034,32.32438114219199
P0001027,transmission_line,I00026,4.488420581838173
P0001027,substation,I00028,1.8990655134121373
P0001027,fiber_node,I00030,1.7536615229212662
P0001027,water_source,I00031,10.166780324786576
P0001027,highway_interchange,I00032,5.976615550737347
P0001027,data_center,I00034,28.977597282503215
P0001028,transmission_line,I00025,2.3027783982187184
P0001028,substation,I00027,4.86780932058822
P0001028,fiber_node,I00030,6.92994278055993
P0001028,water_source,I00031,3.9039330251229827
P0001028,highway_interchange,I00032,2.6524369999262567
P0001028,data_center,I00034,35.573309996979354
P0001029,transmission_line,I00024,11.138999007984811
P0001029,substation,I00028,15.581128740304836
P0001029,fiber_node,I00029,9.491331801725467
P0001029,water_source,I00031,17.745652035492462
P0001029,highway_interchange,I00033,4.64360737129514
P0001029,data_center,I00034,17.393271724309017
P0001030,transmission_line,I00024,13.005060590255013
P0001030,substation,I00028,11.147740712853116
P0001030,fiber_node,I00029,5.726641853873551
P0001030,water_source,I00031,16.0844792300193
P0001030,highway_interchange,I00033,5.8672351864477745
P0001030,data_center,I00034,19.352434335094824
P0001031,transmission_line,I00024,12.522981702503634
P0001031,substation,I00028,26.567919050460503
P0001031,fiber_node,I00029,19.30192126727753
P0001031,water_source,I00031,26.162858804212156
P0001031,highway_interchange,I00033,13.843468336155839
P0001031,data_center,I00034,15.856254117124514
P0001032,transmission_line,I00024,11.982743283338785
P0001032,substation,I00028,12.083535665588109
P0001032,fiber_node,I00029,0.838304339904995
P0001032,water_source,I00031,19.813736139599637
P0001032,highway_interchange,I00033,10.743977273005115
P0001032,data_center,I00034,17.810127315203495
P0001033,transmission_line,I00025,14.637972714285166
P0001033,substation,I00027,17.885598284011856
P0001033,fiber_node,I00030,17.144943458113122
P0001033,water_source,I00031,14.015271550959977
P0001033,highway_interchange,I00033,6.0524606144941995
P0001033,data_center,I00034,24.886427181468502
P0001034,transmission_line,I00025,19.21305269322627
P0001034,substation,I00027,23.030961969521652
P0001034,fiber_node,I00030,22.55776074722692
P0001034,water_source,I00031,17.879582608826443
P0001034,highway_interchange,I00033,11.697257234923873
P0001034,data_center,I00034,27.39947493388716
P0001035,transmission_line,I00024,8.420186519867743
P0001035,substation,I00028,15.287603827892745
P0001035,fiber_node,I00029,5.1278013613243125
P0001035,water_source,I00031,20.656619659386042
P0001035,highway_interchange,I00033,8.940110632495145
P0001035,data_center,I00034,14.721272819598145
P0001036,transmission_line,I00024,14.108904044076652
P0001036,substation,I00028,16.902791849007638
P0001036,fiber_node,I00029,13.161480131747812
P0001036,water_source,I00031,16.384220395223558
P0001036,highway_interchange,I00033,3.783658483302738
P0001036,data_center,I00034,20.03777105813819
P0001037,transmission_line,I00025,5.596504494357335
P0001037,substation,I00027,8.284496647769371
P0001037,fiber_node,I00030,7.816654118083858
P0001037,water_source,I00031,6.574340965893017
P0001037,highway_interchange,I00033,6.917510548958655
P0001037,data_center,I00034,28.386969434472352
P0001038,transmission_line,I00025,8.056250052592016
P0001038,substation,I00027,10.27111771494157
P0001038,fiber_node,I00030,12.654933784162617
P0001038,water_source,I00031,7.16493460129791
P0001038,highway_interchange,I00032,8.143314313735686
P0001038,data_center,I00034,41.5339252312315
P0001039,transmission_line,I00025,6.237861315259604
P0001039,substation,I00027,10.123478718269865
P0001039,fiber_node,I00030,10.12355363345013
P0001039,water_source,I00031,5.81442674916701
P0001039,highway_interchange,I00033,7.673117711871074
P0001039,data_center,I00034,29.6766395093408
P0001040,transmission_line,I00025,7.062489175771839
P0001040,substation,I00027,10.996100797880596
P0001040,fiber_node,I00030,13.010871813709336
P0001040,water_source,I00031,4.724846571588117
P0001040,highway_interchange,I00032,8.761946094395704
P0001040,data_center,I00034,39.66038128016124
P0001041,transmission_line,I00025,28.576676926254514
P0001041,substation,I00027,32.74500875123454
P0001041,fiber_node,I00029,32.18111429856726
P0001041,water_source,I00031,26.74829912962106
P0001041,highway_interchange,I00033,21.566749185487865
P0001041,data_center,I00034,32.974635252721704
P0001042,transmission_line,I00025,30.563736429369424
P0001042,substation,I00027,31.727498660319938
P0001042,fiber_node,I00030,34.20482478947208
P0001042,water_source,I00031,29.359525756423142
P0001042,highway_interchange,I00032,29.997053598244346
P0001042,data_center,I00034,64.0450666345713
P0001043,transmission_line,I00025,12.036983993108644
P0001043,substation,I00027,16.690114650341755
P0001043,fiber_node,I00030,17.05283943817724
P0001043,water_source,I00031,9.86908235899968
P0001043,highway_interchange,I00033,11.487307165347284
P0001043,data_center,I00034,32.45812658042414
P0001044,transmission_line,I00026,5.060614490933798
P0001044,substation,I00028,5.614216754455623
P0001044,fiber_node,I00030,6.344693831684487
P0001044,water_source,I00031,14.499119686829603
P0001044,highway_interchange,I00032,8.373809402119331
P0001044,data_center,I00034,34.29009950581524
P0001045,transmission_line,I00026,5.838396605665256
P0001045,substation,I00028,2.9199820524825837
P0001045,fiber_node,I00030,4.8489591814439486
P0001045,water_source,I00031,14.322162273050582
P0001045,highway_interchange,I00032,8.944013684888235
P0001045,data_center,I00034,29.707321795805665
P0001046,transmission_line,I00024,18.632310174607785
P0001046,substation,I00028,38.57902201809452
P0001046,fiber_node,I00029,29.34269723016051
P0001046,water_source,I00031,38.76024569443189
P0001046,highway_interchange,I00033,26.334611389316276
P0001046,data_center,I00034,17.208989738264673
P0001047,transmission_line,I00026,9.137426844741032
P0001047,substation,I00027,9.71336156822294
P0001047,fiber_node,I00030,11.867827985659135
P0001047,water_source,I00031,13.1738981011985
P0001047,highway_interchange,I00032,9.102087834363251
P0001047,data_center,I00034,42.57691409441087
P0001048,transmission_line,I00024,11.101978297435407
P0001048,substation,I00028,25.18578264904743
P0001048,fiber_node,I00029,17.646203361008478
P0001048,water_source,I00031,25.323785583482227
P0001048,highway_interchange,I00033,12.687095528138126
P0001048,data_center,I00034,14.884406676147211
P0001049,transmission_line,I00025,6.181074531512702
P0001049,substation,I00027,9.625020009605212
P0001049,fiber_node,I00030,11.764190434785176
P0001049,water_source,I00031,4.536571161393795
P0001049,highway_interchange,I00032,7.380670375810869
P0001049,data_center,I00034,39.36394983871713
P0001050,transmission_line,I00025,4.1441039465408505
P0001050,substation,I00027,8.679841236396522
P0001050,fiber_node,I00030,10.393645250409405
P0001050,water_source,I00031,1.5878943916371075
P0001050,highway_interchange,I00032,6.574596076018978
P0001050,data_center,I00034,36.545081907309694
P0001051,transmission_line,I00025,14.261218843443793
P0001051,substation,I00027,18.03635664993229
P0001051,fiber_node,I00030,20.161900355589612
P0001051,water_source,I00031,11.658871430155102
P0001051,highway_interchange,I00032,15.792682203730589
P0001051,data_center,I00034,46.02046453851228
P0001052,transmission_line,I00026,13.257815219934471
P0001052,substation,I00028,9.564547168491766
P0001052,fiber_node,I00029,3.839441681195174
P0001052,water_source,I00031,16.70905406465693
P0001052,highway_interchange,I00033,8.563867465826023
P0001052,data_center,I00034,20.196004202804776
P0001053,transmission_line,I00026,4.434876205511967
P0001053,substation,I00028,0.7233293467732502
P0001053,fiber_node,I00030,2.74512064914635
P0001053,water_source,I00031,12.194634901488989
P0001053,highway_interchange,I00032,7.119063394818675
P0001053,data_center,I00034,29.551750234183526
P0001054,transmission_line,I00024,13.622859083071667
P0001054,substation,I00028,16.245156007605186
P0001054,fiber_node,I00029,12.253560735425715
P0001054,water_source,I00031,16.297903371325436
P0001054,highway_interchange,I00033,3.318427030837892
P0001054,data_center,I00034,19.65936248864551
P0001055,transmission_line,I00024,14.48894674783399
P0001055,substation,I00028,24.14726637558523
P0001055,fiber_node,I00029,18.671632284329828
P0001055,water_source,I00031,22.57932561213683
P0001055,highway_interchange,I00033,11.013046771394048
P0001055,data_center,I00034,18.852059106741518
P0001056,transmission_line,I00025,10.925671025243052
P0001056,substation,I00027,14.385270220891552
P0001056,fiber_node,I00030,13.880975836686757
P0001056,water_source,I00031,10.33391578767373
P0001056,highway_interchange,I00033,5.433402882629518
P0001056,data_center,I00034,26.829795651430466
P0001057,transmission_line,I00026,6.993012171765209
P0001057,substation,I00028,3.1899403441378125
P0001057,fiber_node,I00030,4.465500870791736
P0001057,water_source,I00031,12.723995501367632
P0001057,highway_interchange,I00032,8.849059560298292
P0001057,data_center,I00034,26.555971888563022
P0001058,transmission_line,I00025,4.862467822549105
P0001058,substation,I00027,8.90254265805942
P0001058,fiber_node,I00030,9.108450836004149
P0001058,water_source,I00031,4.627314558366501
P0001058,highway_interchange,I00032,7.971105097979339
P0001058,data_center,I00034,30.50992116664258
P0001059,transmission_line,I00025,15.115189897575833
P0001059,substation,I00028,17.112357050437797
P0001059,fiber_node,I00029,14.913417482561517
P0001059,water_source,I00031,15.088671829825465
P0001059,highway_interchange,I00033,4.088472566980337
P0001059,data_center,I00034,22.16865076287832
P0001060,transmission_line,I00025,6.176966844489272
P0001060,substation,I00027,10.816735566507477
P0001060,fiber_node,I00030,12.483830471122566
P0001060,water_source,I00031,3.16655161050465
P0001060,highway_interchange,I00032,8.71044373959581
P0001060,data_center,I00034,37.586020271509554
P0001061,transmission_line,I00024,13.15488658738051
P0001061,substation,I00028,17.984213574677344
P0001061,fiber_node,I00029,13.343803890919752
P0001061,water_source,I00031,17.732906827209504
P0001061,highway_interchange,I00033,5.018433864691914
P0001061,data_center,I00034,18.947397035159234
P0001062,transmission_line,I00026,6.432639230347709
P0001062,substation,I00027,7.535679566176954
P0001062,fiber_node,I00030,9.098925739059593
P0001062,water_source,I00031,13.5026749940677
P0001062,highway_interchange,I00032,7.953878381208865
P0001062,data_center,I00034,39.31274256903388
P0001063,transmission_line,I00025,17.1831802633977
P0001063,substation,I00027,21.188581297335762
P0001063,fiber_node,I00030,23.24081528918051
P0001063,water_source,I00031,14.384256679500925
P0001063,highway_interchange,I00032,18.94514233981763
P0001063,data_center,I00034,47.99664306183293
P0001064,transmission_line,I00025,9.97357868644993
P0001064,substation,I00027,14.79033083959232
P0001064,fiber_node,I00030,16.296843449020184
P0001064,water_source,I00031,6.821996045685681
P0001064,highway_interchange,I00032,12.73533747767131
P0001064,data_center,I00034,39.06282236691181
P0001065,transmission_line,I00025,4.5767442140529875
P0001065,substation,I00027,9.41488073639025
P0001065,fiber_node,I00030,10.236471934032272
P0001065,water_source,I00031,2.7336584630793266
P0001065,highway_interchange,I00032,7.928946726092386
P0001065,data_center,I00034,32.97898015614563
P0001066,transmission_line,I00025,14.768022629492565
P0001066,substation,I00028,16.796100291757135
P0001066,fiber_node,I00029,14.79650143329481
P0001066,water_source,I00031,14.755210862788443
P0001066,highway_interchange,I00033,3.825231317946091
P0001066,data_center,I00034,22.35591223917549
P0001067,transmission_line,I00024,10.738776846451117
P0001067,substation,I00028,19.190539997838652
P0001067,fiber_node,I00029,12.73036852620377
P0001067,water_source,I00031,20.02727070682518
P0001067,highway_interchange,I00033,6.933081707793277
P0001067,data_center,I00034,16.415823335166554
P0001068,transmission_line,I00025,6.604498587298743
P0001068,substation,I00027,9.773900584674
P0001068,fiber_node,I00030,11.982772986994359
P0001068,water_source,I00031,5.145451758134012
P0001068,highway_interchange,I00032,7.537184175920094
P0001068,data_center,I00034,39.89766715524198
P0001069,transmission_line,I00025,2.6839985429632236
P0001069,substation,I00027,4.530953486058299
P0001069,fiber_node,I00030,4.74716840986179
P0001069,water_source,I00031,5.327017993268417
P0001069,highway_interchange,I00032,4.165530714482371
P0001069,data_center,I00034,30.910342736608115
P0001070,transmission_line,I00026,4.890035587177164
P0001070,substation,I00028,1.10058254085762
P0001070,fiber_node,I00030,3.1296478810993786
P0001070,water_source,I00031,12.53779865898514
P0001070,highway_interchange,I00032,7.547777917694545
P0001070,data_center,I00034,29.167077723502505
P0001071,transmission_line,I00025,17.255211740552728
P0001071,substation,I00027,20.998260345441675
P0001071,fiber_node,I00030,20.50433978875265
P0001071,water_source,I00031,16.050268965809572
P0001071,highway_interchange,I00033,9.825554219320924
P0001071,data_center,I00034,26.88332712424889
P0001072,transmission_line,I00025,3.2593262561042025
P0001072,substation,I00027,7.628986726654193
P0001072,fiber_node,I00030,9.402471495795242
P0001072,water_source,I00031,1.6171807971695102
P0001072,highway_interchange,I00032,5.508240167143975
P0001072,data_center,I00034,36.19120863035686
P0001073,transmission_line,I00026,4.628965608773786
P0001073,substation,I00027,5.8153356682621435
P0001073,fiber_node,I00030,7.264700068288753
P0001073,water_source,I00031,12.383779189484967
P0001073,highway_interchange,I00032,6.5239271724716765
P0001073,data_center,I00034,37.51286491049169
P0001074,transmission_line,I00025,4.2816362435724145
P0001074,substation,I00027,8.321755049073005
P0001074,fiber_node,I00030,10.24578537469417
P0001074,water_source,I00031,2.5343093901143643
P0001074,highway_interchange,I00032,6.122385985283698
P0001074,data_center,I00034,37.30155533561098
P0001075,transmission_line,I00025,10.238078803888003
P0001075,substation,I00028,8.831156300297696
P0001075,fiber_node,I00030,8.741516607819351
P0001075,water_source,I00031,11.991157633580638
P0001075,highway_interchange,I00033,4.5421779686161186
P0001075,data_center,I00034,23.246520953693096
P0001076,transmission_line,I00026,3.078627224774787
P0001076,substation,I00027,2.376462431199282
P0001076,fiber_node,I00030,0.8256247815823535
P0001076,water_source,I00031,8.730233757380631
P0001076,highway_interchange,I00032,4.119897224686299
P0001076,data_center,I00034,30.662087903695138
P0001077,transmission_line,I00025,3.100510772056929
P0001077,substation,I00027,7.711966357950846
P0001077,fiber_node,I00030,9.366800206883797
P0001077,water_source,I00031,1.056909652454587
P0001077,highway_interchange,I00032,5.660265365185887
P0001077,data_center,I00034,35.74124392702626
P0001078,transmission_line,I00024,14.397570919885524
P0001078,substation,I00028,23.335940826124634
P0001078,fiber_node,I00029,18.066770456302702
P0001078,water_source,I00031,21.785847571336753
P0001078,highway_interchange,I00033,10.190791505148129
P0001078,data_center,I00034,18.98887978259523
P0001079,transmission_line,I00024,13.039288652088661
P0001079,substation,I00028,10.823346832521596
P0001079,fiber_node,I00029,4.960889528452063
P0001079,water_source,I00031,16.408896278920878
P0001079,highway_interchange,I00033,6.682620125583366
P0001079,data_center,I00034,19.340003892185898
P0001080,transmission_line,I00025,10.552907928070237
P0001080,substation,I00027,15.06536555699999
P0001080,fiber_node,I00030,16.836934396211902
P0001080,water_source,I00031,7.531304521308248
P0001080,highway_interchange,I00032,12.890548444131822
P0001080,data_center,I00034,41.014675631978754
P0001081,transmission_line,I00025,13.454168592879654
P0001081,substation,I00027,16.685312512880063
P0001081,fiber_node,I00030,18.95377427520152
P0001081,water_source,I00031,11.265035558812428
P0001081,highway_interchange,I00032,14.471632372173648
P0001081,data_center,I00034,46.13597153685876
P0001082,transmission_line,I00025,19.110344864916133
P0001082,substation,I00027,23.413658608861088
P0001082,fiber_node,I00030,23.318732613063087
P0001082,water_source,I00031,17.249008431956952
P0001082,highway_interchange,I00033,13.928878363025367
P0001082,data_center,I00034,30.96244699197179
P0001083,transmission_line,I00024,19.808100096055867
P0001083,substation,I00028,18.877705902387703
P0001083,fiber_node,I00029,12.252424114701636
P0001083,water_source,I00031,29.813270070349446
P0001083,highway_interchange,I00033,23.6502027185644
P0001083,data_center,I00034,22.854231071985865
P0001084,transmission_line,I00025,2.5264279668739964
P0001084,substation,I00027,7.064465360896236
P0001084,fiber_node,I00030,7.804203678297127
P0001084,water_source,I00031,2.8066796035320207
P0001084,highway_interchange,I00032,5.793281778118635
P0001084,data_center,I00034,32.19819470016584
P0001085,transmission_line,I00026,3.9896048829559088
P0001085,substation,I00028,3.5916165071271218
P0001085,fiber_node,I00030,4.5429955958240775
P0001085,water_source,I00031,13.348191446971258
P0001085,highway_interchange,I00032,7.40162631671188
P0001085,data_center,I00034,32.51517982354895
P0001086,transmission_line,I00025,6.396867860981399
P0001086,substation,I00027,7.904095018879778
P0001086,fiber_node,I00030,10.327251225846814
P0001086,water_source,I00031,6.449069684358388
P0001086,highway_interchange,I00032,5.847685671889859
P0001086,data_center,I00034,39.75556005709176
P0001087,transmission_line,I00026,15.209197833041262
P0001087,substation,I00028,12.960630289839504
P0001087,fiber_node,I00030,14.869201676807116
P0001087,water_source,I00031,24.304130954017793
P0001087,highway_interchange,I00032,18.59291420115993
P0001087,data_center,I00034,31.223913688135784
P0001088,transmission_line,I00025,23.28718048448499
P0001088,substation,I00027,25.920446796001684
P0001088,fiber_node,I00030,28.32520190633888
P0001088,water_source,I00031,21.259090480084694
P0001088,highway_interchange,I00032,23.81573693507424
P0001088,data_center,I00034,56.129354262595655
P0001089,transmission_line,I00026,9.250616645239798
P0001089,substation,I00028,5.799704997539683
P0001089,fiber_node,I00030,7.829544174588574
P0001089,water_source,I00031,17.174010118533825
P0001089,highway_interchange,I00032,12.201652384060873
P0001089,data_center,I00034,27.269703567462233
P0001090,transmission_line,I00024,7.655940452369048
P0001090,substation,I00028,16.969263980266145
P0001090,fiber_node,I00029,7.775226096813805
P0001090,water_source,I00031,20.934695693122013
P0001090,highway_interchange,I00033,8.232940274609609
P0001090,data_center,I00034,14.023802790636049
P0001091,transmission_line,I00025,7.217534163344844
P0001091,substation,I00027,12.193381382734087
P0001091,fiber_node,I00030,13.275068308047716
P0001091,water_source,I00031,4.327156012177204
P0001091,highway_interchange,I00032,10.43039657908848
P0001091,data_center,I00034,35.176774151543626
P0001092,transmission_line,I00026,8.778786155473428
P0001092,substation,I00028,9.291017118830853
P0001092,fiber_node,I00030,10.193324997292338
P0001092,water_source,I00031,18.07397093372017
P0001092,highway_interchange,I00032,11.92346959088162
P0001092,data_center,I00034,36.59644923779033
P0001093,transmission_line,I00026,15.800350214095436
P0001093,substation,I00027,16.016129023355784
P0001093,fiber_node,I00030,18.399795909873006
P0001093,water_source,I00031,16.553888996049338
P0001093,highway_interchange,I00032,14.736612450296619
P0001093,data_center,I00034,49.033925517821544
P0001094,transmission_line,I00025,17.33352266409326
P0001094,substation,I00027,19.24479312810576
P0001094,fiber_node,I00030,21.706212146863038
P0001094,water_source,I00031,15.922228173193204
P0001094,highway_interchange,I00032,17.266498823816
P0001094,data_center,I00034,50.75688839684835
P0001095,transmission_line,I00024,4.2531090989186655
P0001095,substation,I00028,20.89167940113401
P0001095,fiber_node,I00029,10.554817983504462
P0001095,water_source,I00031,24.725137131207067
P0001095,highway_interchange,I00033,11.688611650339277
P0001095,data_center,I00034,10.354431485191537
P0001096,transmission_line,I00025,28.403617628348826
P0001096,substation,I00027,32.68250096679904
P0001096,fiber_node,I00030,32.48674935843661
P0001096,water_source,I00031,26.4589705444057
P0001096,highway_interchange,I00033,21.936346471951474
P0001096,data_center,I00034,34.05537609078816
P0001097,transmission_line,I00026,11.352203274495027
P0001097,substation,I00028,7.838726426643564
P0001097,fiber_node,I00029,5.947344602394036
P0001097,water_source,I00031,14.584148377940917
P0001097,highway_interchange,I00033,7.736718966087093
P0001097,data_center,I00034,22.110208575533843
P0001098,transmission_line,I00026,10.602838502137145
P0001098,substation,I00028,7.369748082285228
P0001098,fiber_node,I00029,7.3041867825392846
P0001098,water_source,I00031,13.236368969947588
P0001098,highway_interchange,I00033,6.932361420234481
P0001098,data_center,I00034,23.0269791827865
P0001099,transmission_line,I00025,1.699373220880703
P0001099,substation,I00027,6.651630282094835
P0001099,fiber_node,I00030,7.814236506315389
P0001099,water_source,I00031,1.8250598638809006
P0001099,highway_interchange,I00032,5.034214563493313
P0001099,data_center,I00034,33.46546429128003
P0001100,transmission_line,I00024,18.84211770978521
P0001100,substation,I00028,27.734644063900195
P0001100,fiber_node,I00029,23.291984745619573
P0001100,water_source,I00031,24.434624216534125
P0001100,highway_interchange,I00033,14.568440311273704
P0001100,data_center,I00034,22.562880959966503
P0001101,transmission_line,I00025,11.335625077933233
P0001101,substation,I00027,16.233583623357276
P0001101,fiber_node,I00030,17.6151312106956
P0001101,water_source,I00031,8.192306544515729
P0001101,highway_interchange,I00032,14.236387293814383
P0001101,data_center,I00034,39.109613816009094
P0001102,transmission_line,I00025,9.91186559256244
P0001102,substation,I00028,10.080733323776805
P0001102,fiber_node,I00030,9.64863022616645
P0001102,water_source,I00031,11.196558464042212
P0001102,highway_interchange,I00033,3.1515635467918064
P0001102,data_center,I00034,23.766849302709776
P0001103,transmission_line,I00026,12.37534166977477
P0001103,substation,I00028,8.668353948579831
P0001103,fiber_node,I00029,4.463282487238524
P0001103,water_source,I00031,16.082126419624053
P0001103,highway_interchange,I00033,8.708064574126714
P0001103,data_center,I00034,21.087106270885396
P0001104,transmission_line,I00025,13.65087216976227
P0001104,substation,I00027,18.08679541196329
P0001104,fiber_node,I00030,19.915485532371047
P0001104,water_source,I00031,10.639721293741413
P0001104,highway_interchange,I00032,15.88665537612345
P0001104,data_center,I00034,43.63612527447998
P0001105,transmission_line,I00024,16.458445802195342
P0001105,substation,I00028,18.687378293306224
P0001105,fiber_node,I00029,16.106851131071316
P0001105,water_source,I00031,16.266093597501296
P0001105,highway_interchange,I00033,5.6388357634056385
P0001105,data_center,I00034,22.08386749052542
P0001106,transmission_line,I00025,7.214182154372999
P0001106,substation,I00027,7.825558431694792
P0001106,fiber_node,I00030,10.302973509570784
P0001106,water_source,I00031,7.686767782891309
P0001106,highway_interchange,I00032,5.996476918195143
P0001106,data_center,I00034,40.26502533469038
P0001107,transmission_line,I00024,13.396827140730492
P0001107,substation,I00028,11.217043145858558
P0001107,fiber_node,I00029,6.681688178973731
P0001107,water_source,I00031,15.439029285089996
P0001107,highway_interchange,I00033,4.91655839488416
P0001107,data_center,I00034,19.772725309530454
P0001108,transmission_line,I00026,4.367372842310406
P0001108,substation,I00027,5.725694472554012
P0001108,fiber_node,I00030,6.80245883324026
P0001108,water_source,I00031,12.852506848539178
P0001108,highway_interchange,I00032,6.812767110709573
P0001108,data_center,I00034,36.68388954328766
P0001109,transmission_line,I00026,5.179421255862513
P0001109,substation,I00028,1.9780884472562528
P0001109,fiber_node,I00030,2.50090662988918
P0001109,water_source,I00031,10.86418849984471
P0001109,highway_interchange,I00032,6.796163787662887
P0001109,data_center,I00034,28.2625084376044
P0001110,transmission_line,I00024,9.140402178235231
P0001110,substation,I00028,19.079259357084375
P0001110,fiber_node,I00029,11.573695109224486
P0001110,water_source,I00031,20.860822400461707
P0001110,highway_interchange,I00033,7.6282335133662205
P0001110,data_center,I00034,14.972519942307718
P0001111,transmission_line,I00025,5.3669830416701965
P0001111,substation,I00027,8.178208764524664
P0001111,fiber_node,I00030,10.421944257620723
P0001111,water_source,I00031,4.6383562904064775
P0001111,highway_interchange,I00032,5.948773351976508
P0001111,data_center,I00034,38.830692169482454
P0001112,transmission_line,I00025,8.037800495810101
P0001112,substation,I00027,12.170848822447322
P0001112,fiber_node,I00030,12.21095776615619
P0001112,water_source,I00031,6.956657261527607
P0001112,highway_interchange,I00033,7.862384495851086
P0001112,data_center,I00034,29.82482840455293
P0001113,transmission_line,I00025,10.963593413933424
P0001113,substation,I00027,15.846608069106258
P0001113,fiber_node,I00030,17.255944058101544
P0001113,water_source,I00031,7.815137465262053
P0001113,highway_interchange,I00032,13.83661602171345
P0001113,data_center,I00034,39.06465738186477
P0001114,transmission_line,I00026,7.786050049411491
P0001114,substation,I00027,7.832068345840933
P0001114,fiber_node,I00030,10.26063440230784
P0001114,water_source,I00031,9.751169389197559
P0001114,highway_interchange,I00032,6.552217741318516
P0001114,data_center,I00034,40.82000869223424
P0001115,transmission_line,I00026,12.136269793258482
P0001115,substation,I00028,8.236101678239685
P0001115,fiber_node,I00029,5.842471505272598
P0001115,water_source,I00031,18.597283706917302
P0001115,highway_interchange,I00033,13.81158360618269
P0001115,data_center,I00034,23.29867175287814
P0001116,transmission_line,I00024,13.205522755546822
P0001116,substation,I00028,19.525280164422487
P0001116,fiber_node,I00029,14.59688671039649
P0001116,water_source,I00031,18.887192301774014
P0001116,highway_interchange,I00033,6.488465527855834
P0001116,data_center,I00034,18.706603828438585
P0001117,transmission_line,I00025,5.121843735036526
P0001117,substation,I00027,10.054289152349856
P0001117,fiber_node,I00030,11.00957141402666
P0001117,water_source,I00031,2.7183920663729157
P0001117,highway_interchange,I00032,8.43775033085001
P0001117,data_center,I00034,33.745817562824506
P0001118,transmission_line,I00026,16.921225567551822
P0001118,substation,I00027,17.39328247274289
P0001118,fiber_node,I00030,19.633822600841782
P0001118,water_source,I00031,19.068347011927678
P0001118,highway_interchange,I00032,16.447489418492278
P0001118,data_center,I00034,50.361678889126686
P0001119,transmission_line,I00026,15.759610991681457
P0001119,substation,I00027,17.081831245156664
P0001119,fiber_node,I00030,18.090006253349245
P0001119,water_source,I00031,23.239652485408328
P0001119,highway_interchange,I00032,17.768342642750046
P0001119,data_center,I00034,46.09970430011411
P0001120,transmission_line,I00025,8.05824331152897
P0001120,substation,I00027,12.758753541851778
P0001120,fiber_node,I00030,14.384027610994949
P0001120,water_source,I00031,4.957007686646113
P0001120,highway_interchange,I00032,10.657427953906435
P0001120,data_center,I00034,38.543218550295
P0001121,transmission_line,I00024,10.725999360391071
P0001121,substation,I00028,14.141872071760735
P0001121,fiber_node,I00029,7.098741547171546
P0001121,water_source,I00031,17.870653178506505
P0001121,highway_interchange,I00033,5.6192157711630815
P0001121,data_center,I00034,17.10904312250844
P0001122,transmission_line,I00025,11.247955827011166
P0001122,substation,I00027,16.223105028526717
P0001122,fiber_node,I00030,17.244004937195513
P0001122,water_source,I00031,8.309820486785096
P0001122,highway_interchange,I00032,14.446692139322383
P0001122,data_center,I00034,36.66882230272997
P0001123,transmission_line,I00025,6.39732842422477
P0001123,substation,I00027,10.820771287893455
P0001123,fiber_node,I00030,11.155741580476203
P0001123,water_source,I00031,5.12271621477996
P0001123,highway_interchange,I00033,9.086567844080399
P0001123,data_center,I00034,31.123401046013694
P0001124,transmission_line,I00026,8.773377264448756
P0001124,substation,I00027,8.889205735007753
P0001124,fiber_node,I00030,11.298717125870327
P0001124,water_source,I00031,10.652590673268438
P0001124,highway_interchange,I00032,7.649096590915496
P0001124,data_center,I00034,41.89845786441968
P0001125,transmission_line,I00026,12.038664712587899
P0001125,substation,I00027,13.451660711904387
P0001125,fiber_node,I00030,14.161147420799619
P0001125,water_source,I00031,20.31767859899712
P0001125,highway_interchange,I00032,14.472449832555467
P0001125,data_center,I00034,41.83075582642257
P0001126,transmission_line,I00026,22.179567337337232
P0001126,substation,I00028,23.350533125413175
P0001126,fiber_node,I00030,24.080283560699883
P0001126,water_source,I00031,30.542040857708134
P0001126,highway_interchange,I00032,24.724622051921067
P0001126,data_center,I00034,48.92212696849002
P0001127,transmission_line,I00026,6.228484081313923
P0001127,substation,I00028,5.754627470013518
P0001127,fiber_node,I00030,6.945599945259222
P0001127,water_source,I00031,15.675694969070625
P0001127,highway_interchange,I00032,9.629946547504035
P0001127,data_center,I00034,33.35041323575684
P0001128,transmission_line,I00026,11.924164489437374
P0001128,substation,I00028,8.040636945349306
P0001128,fiber_node,I00029,4.44596772438595
P0001128,water_source,I00031,16.691109919330366
P0001128,highway_interchange,I00033,10.410961777992178
P0001128,data_center,I00034,21.8380790578598
P0001129,transmission_line,I00025,9.92554898678584
P0001129,substation,I00027,14.885659264740998
P0001129,fiber_node,I00030,16.114119502824362
P0001129,water_source,I00031,6.847103722359541
P0001129,highway_interchange,I00032,12.989144190609688
P0001129,data_center,I00034,37.3328088431559
P0001130,transmission_line,I00026,5.820039530061806
P0001130,substation,I00027,7.283408648519257
P0001130,fiber_node,I00030,7.863874788150805
P0001130,water_source,I00031,14.73900110609695
P0001130,highway_interchange,I00032,8.635965135824224
P0001130,data_center,I00034,36.72000115895706
P0001131,transmission_line,I00024,12.506318909853757
P0001131,substation,I00028,11.843879508703322
P0001131,fiber_node,I00029,0.6356278798373382
P0001131,water_source,I00031,19.98381240237776
P0001131,highway_interchange,I00033,11.342976672435219
P0001131,data_center,I00034,18.222984754341425
P0001132,transmission_line,I00024,13.838814679611758
P0001132,substation,I00028,23.700390683479057
P0001132,fiber_node,I00029,18.012784466483073
P0001132,water_source,I00031,22.44124884429932
P0001132,highway_interchange,I00033,10.61954393646065
P0001132,data_center,I00034,18.299868413129115
P0001133,transmission_line,I00024,15.926193936935965
P0001133,substation,I00028,20.768515379457632
P0001133,fiber_node,I00029,17.19277970490694
P0001133,water_source,I00031,18.45115110753414
P0001133,highway_interchange,I00033,7.597388184014517
P0001133,data_center,I00034,21.172539826107904
P0001134,transmission_line,I00025,5.514370253637211
P0001134,substation,I00027,10.19945877991023
P0001134,fiber_node,I00030,10.804830654527043
P0001134,water_source,I00031,3.879721791303055
P0001134,highway_interchange,I00032,8.859264826116684
P0001134,data_center,I00034,32.23000131838531
P0001135,transmission_line,I00026,15.86668607205744
P0001135,substation,I00027,17.096561267700558
P0001135,fiber_node,I00030,18.349092486705107
P0001135,water_source,I00031,22.71735636989339
P0001135,highway_interchange,I00032,17.53876432569981
P0001135,data_center,I00034,47.10379077437918
P0001136,transmission_line,I00025,17.058309107676497
P0001136,substation,I00027,19.56395717525981
P0001136,fiber_node,I00030,21.97069248693312
P0001136,water_source,I00031,15.251597309934066
P0001136,highway_interchange,I00032,17.463316433341006
P0001136,data_center,I00034,50.20989580289792
P0001137,transmission_line,I00025,6.492629287478387
P0001137,substation,I00027,10.480935470088895
P0001137,fiber_node,I00030,12.468467335840051
P0001137,water_source,I00031,4.177001512408775
P0001137,highway_interchange,I00032,8.253337877156092
P0001137,data_center,I00034,39.12687612848671
P0001138,transmission_line,I00025,12.185754474619547
P0001138,substation,I00027,17.005551248377216
P0001138,fiber_node,I00030,18.50495998119886
P0001138,water_source,I00031,9.032831078520438
P0001138,highway_interchange,I00032,14.942159676403934
P0001138,data_center,I00034,40.418233866086645
P0001139,transmission_line,I00024,17.292951851099982
P0001139,substation,I00028,29.33671053976763
P0001139,fiber_node,I00029,23.462015180567256
P0001139,water_source,I00031,27.098165454650445
P0001139,highway_interchange,I00033,16.17024063092246
P0001139,data_center,I00034,20.249292568967615
P0001140,transmission_line,I00025,23.30362134818648
P0001140,substation,I00027,28.270993061634393
P0001140,fiber_node,I00030,29.4055891725393
P0001140,water_source,I00031,20.232589224321963
P0001140,highway_interchange,I00033,25.349556074501304
P0001140,data_center,I00034,44.99105855213852
P0001141,transmission_line,I00026,15.588751859961198
P0001141,substation,I00028,11.71944904497758
P0001141,fiber_node,I00029,5.315718875765838
P0001141,water_source,I00031,21.997619182000243
P0001141,highway_interchange,I00033,15.829909708289108
P0001141,data_center,I00034,21.32387613456803
P0001142,transmission_line,I00024,14.815945161241817
P0001142,substation,I00028,29.49180244976631
P0001142,fiber_node,I00029,22.318015255866694
P0001142,water_source,I00031,28.489448927313596
P0001142,highway_interchange,I00033,16.60116986208862
P0001142,data_center,I00034,17.23672741811811
P0001143,transmission_line,I00025,6.374073865948098
P0001143,substation,I00027,8.371905269572894
P0001143,fiber_node,I00030,10.750679110730415
P0001143,water_source,I00031,6.045297115105198
P0001143,highway_interchange,I00032,6.2392149304312845
P0001143,data_center,I00034,39.834167250974374
P0001144,transmission_line,I00025,23.108628683840227
P0001144,substation,I00027,26.971089731947306
P0001144,fiber_node,I00029,25.92160747682557
P0001144,water_source,I00031,21.655379639750528
P0001144,highway_interchange,I00033,15.253477434848387
P0001144,data_center,I00034,28.313594551467563
P0001145,transmission_line,I00026,7.512601635283809
P0001145,substation,I00028,8.697824517002411
P0001145,fiber_node,I00030,9.276721397890617
P0001145,water_source,I00031,16.601353305757396
P0001145,highway_interchange,I00032,10.476786232079581
P0001145,data_center,I00034,37.01962625304375
P0001146,transmission_line,I00025,4.197676533262008
P0001146,substation,I00027,4.644720257548033
P0001146,fiber_node,I00030,4.031008123529815
P0001146,water_source,I00031,6.828744751272188
P0001146,highway_interchange,I00032,4.994067054303957
P0001146,data_center,I00034,29.586543252853215
P0001147,transmission_line,I00025,19.617282903163456
P0001147,substation,I00027,20.36213447543412
P0001147,fiber_node,I00030,22.831924905872903
P0001147,water_source,I00031,18.9012888115391
P0001147,highway_interchange,I00032,18.714308774425486
P0001147,data_center,I00034,52.98115583165232
P0001148,transmission_line,I00025,15.508281064038927
P0001148,substation,I00027,20.43574612421134
P0001148,fiber_node,I00030,21.2004282205746
P0001148,water_source,I00031,12.734525671425345
P0001148,highway_interchange,I00033,16.47381499666107
P0001148,data_center,I00034,36.914461985034976
P0001149,transmission_line,I00024,11.954157910554775
P0001149,substation,I00028,23.90563085212162
P0001149,fiber_node,I00029,17.156103840093255
P0001149,water_source,I00031,23.58287464781281
P0001149,highway_interchange,I00033,11.145940269706927
P0001149,data_center,I00034,16.268964276643835
P0001150,transmission_line,I00025,5.174223257414895
P0001150,substation,I00027,10.150222259870723
P0001150,fiber_node,I00030,11.338563488238249
P0001150,water_source,I00031,2.2610729545212376
P0001150,highway_interchange,I00032,8.355670581178801
P0001150,data_center,I00034,34.852653240365385
P0001151,transmission_line,I00024,11.247755948548864
P0001151,substation,I00028,30.222430193993528
P0001151,fiber_node,I00029,21.0651707370158
P0001151,water_source,I00031,31.176347247371726
P0001151,highway_interchange,I00033,18.318586672181937
P0001151,data_center,I00034,12.26821287280321
P0001152,transmission_line,I00024,17.34969052579847
P0001152,substation,I00028,25.52023164940329
P0001152,fiber_node,I00029,21.12046046881379
P0001152,water_source,I00031,22.63261487789458
P0001152,highway_interchange,I00033,12.336739281886741
P0001152,data_center,I00034,21.540221418995287
P0001153,transmission_line,I00025,16.71407840356766
P0001153,substation,I00027,17.971795435936542
P0001153,fiber_node,I00030,20.453929887477855
P0001153,water_source,I00031,15.768265917554215
P0001153,highway_interchange,I00032,16.15277190165129
P0001153,data_center,I00034,50.181719471888485
P0001154,transmission_line,I00025,11.071765303328922
P0001154,substation,I00027,16.037287478998852
P0001154,fiber_node,I00030,16.9870558447991
P0001154,water_source,I00031,8.203531807647705
P0001154,highway_interchange,I00032,14.310693961659844
P0001154,data_center,I00034,36.107295942234806
P0001155,transmission_line,I00026,3.0595846449938544
P0001155,substation,I00028,1.6362147673287217
P0001155,fiber_node,I00030,0.43457845305237935
P0001155,water_source,I00031,9.840333301623938
P0001155,highway_interchange,I00032,4.949534051485876
P0001155,data_center,I00034,30.387864052399554
P0001156,transmission_line,I00025,6.053441566686435
P0001156,substation,I00027,8.431932983291674
P0001156,fiber_node,I00030,10.758530161506943
P0001156,water_source,I00031,5.49490046932349
P0001156,highway_interchange,I00032,6.246566776298443
P0001156,data_center,I00034,39.53506135160491
P0001157,transmission_line,I00025,3.958616482634553
P0001157,substation,I00027,8.103058412748613
P0001157,fiber_node,I00030,9.982350863784221
P0001157,water_source,I00031,2.218912117087714
P0001157,highway_interchange,I00032,5.923493235816786
P0001157,data_center,I00034,36.95004942834462
P0001158,transmission_line,I00025,10.519364453217095
P0001158,substation,I00028,12.711592407210015
P0001158,fiber_node,I00030,11.930071803908303
P0001158,water_source,I00031,10.899362481765722
P0001158,highway_interchange,I00033,2.5679642233987345
P0001158,data_center,I00034,24.59113306497529
P0001159,transmission_line,I00025,17.727498007674704
P0001159,substation,I00027,22.66136008728123
P0001159,fiber_node,I00030,23.941829577429907
P0001159,water_source,I00031,14.60788565534496
P0001159,highway_interchange,I00032,20.68918311682908
P0001159,data_center,I00034,42.4366780902134
P0001160,transmission_line,I00025,10.19022276712967
P0001160,substation,I00027,11.642210853241778
P0001160,fiber_node,I00030,14.107262896382416
P0001160,water_source,I00031,9.575818385617575
P0001160,highway_interchange,I00032,9.696563284197932
P0001160,data_center,I00034,43.63638649939555
P0001161,transmission_line,I00026,3.8384905761184958
P0001161,substation,I00028,0.5365782503040522
P0001161,fiber_node,I00030,1.6107585789571803
P0001161,water_source,I00031,10.98153988661802
P0001161,highway_interchange,I00032,6.108242512060254
P0001161,data_center,I00034,29.693659194408376
P0001162,transmission_line,I00024,18.97341534721465
P0001162,substation,I00028,22.39452949406436
P0001162,fiber_node,I00029,20.080420303378954
P0001162,water_source,I00031,18.39224076000239
P0001162,highway_interchange,I00033,9.622476608116587
P0001162,data_center,I00034,24.00938903429767
P0001163,transmission_line,I00025,6.7526261416579185
P0001163,substation,I00027,8.927186478127478
P0001163,fiber_node,I00030,11.294414307067317
P0001163,water_source,I00031,6.173496083020624
P0001163,highway_interchange,I00032,6.780145521126263
P0001163,data_center,I00034,40.23257394613037
P0001164,transmission_line,I00025,3.0718994287934787
P0001164,substation,I00027,2.9629422014226665
P0001164,fiber_node,I00030,5.221041025121396
P0001164,water_source,I00031,5.6440605815634965
P0001164,highway_interchange,I00032,0.7210319017768831
P0001164,data_center,I00034,34.861080977971305
P0001165,transmission_line,I00026,9.351920608786092
P0001165,substation,I00028,5.45970616711653
P0001165,fiber_node,I00030,6.860117269988342
P0001165,water_source,I00031,14.738086336712973
P0001165,highway_interchange,I00033,10.738922684587068
P0001165,data_center,I00034,24.365390909466964
P0001166,transmission_line,I00024,11.553966598935201
P0001166,substation,I00028,12.384476180822608
P0001166,fiber_node,I00029,1.1819925052388447
P0001166,water_source,I00031,19.844145108484415
P0001166,highway_interchange,I00033,10.44721490720243
P0001166,data_center,I00034,17.439702242189135
P0001167,transmission_line,I00026,6.01214129917879
P0001167,substation,I00028,2.6498184827312046
P0001167,fiber_node,I00030,4.6671133023388585
P0001167,water_source,I00031,14.121198741910144
P0001167,highway_interchange,I00032,8.95414694964874
P0001167,data_center,I00034,29.026958299935952
P0001168,transmission_line,I00025,14.096843936086422
P0001168,substation,I00027,19.03066612781393
P0001168,fiber_node,I00030,20.322601458379044
P0001168,water_source,I00031,10.976980047070107
P0001168,highway_interchange,I00032,17.06743899033337
P0001168,data_center,I00034,40.177687568570185
P0001169,transmission_line,I00025,14.564300617540805
P0001169,substation,I00027,18.689601797624476
P0001169,fiber_node,I00030,20.682621737626768
P0001169,water_source,I00031,11.725798533176196
P0001169,highway_interchange,I00032,16.45246716994178
P0001169,data_center,I00034,45.43150959410654
P0001170,transmission_line,I00025,10.923653986346903
P0001170,substation,I00028,9.156229494499163
P0001170,fiber_node,I00029,8.49937600363816
P0001170,water_source,I00031,12.694264477868494
P0001170,highway_interchange,I00033,4.522930254122862
P0001170,data_center,I00034,22.567803523867195
P0001171,transmission_line,I00026,18.70520517770571
P0001171,substation,I00027,19.512447107410694
P0001171,fiber_node,I00030,21.448116424198993
P0001171,water_source,I00031,22.72315169764314
P0001171,highway_interchange,I00032,19.073036538680928
P0001171,data_center,I00034,51.7974148306904
P0001172,transmission_line,I00025,5.360294441900018
P0001172,substation,I00028,4.503180015776714
P0001172,fiber_node,I00030,3.3297451862459067
P0001172,water_source,I00031,8.106075124807084
P0001172,highway_interchange,I00032,5.536465218040928
P0001172,data_center,I00034,28.834730273774362
P0001173,transmission_line,I00025,9.236415083840303
P0001173,substation,I00027,13.299604121578563
P0001173,fiber_node,I00030,13.237596762202568
P0001173,water_source,I00031,8.10992769605649
P0001173,highway_interchange,I00033,7.564683839283136
P0001173,data_center,I00034,29.32917843502938
P0001174,transmission_line,I00024,12.059636173704389
P0001174,substation,I00028,14.436780266744204
P0001174,fiber_node,I00029,9.123230988197983
P0001174,water_source,I00031,16.668092093391557
P0001174,highway_interchange,I00033,3.7493410070198827
P0001174,data_center,I00034,18.370418434614084
P0001175,transmission_line,I00025,2.1987767479548133
P0001175,substation,I00027,7.027693333451462
P0001175,fiber_node,I00030,8.525451655038307
P0001175,water_source,I00031,1.0431451374956402
P0001175,highway_interchange,I00032,5.108939889776478
P0001175,data_center,I00034,34.78090387577587
P0001176,transmission_line,I00025,1.0590673871361602
P0001176,substation,I00027,5.330983523455855
P0001176,fiber_node,I00030,6.280674538456758
P0001176,water_source,I00031,3.3670882479189
P0001176,highway_interchange,I00032,4.064105730977
P0001176,data_center,I00034,32.51115627340702
P0001177,transmission_line,I00026,17.189363749836104
P0001177,substation,I00028,14.297016043584696
P0001177,fiber_node,I00029,13.416986151782277
P0001177,water_source,I00031,25.76310044666688
P0001177,highway_interchange,I00032,20.442337816791497
P0001177,data_center,I00034,28.274497270178692
P0001178,transmission_line,I00024,10.564310498060468
P0001178,substation,I00028,18.885873339245997
P0001178,fiber_node,I00029,12.341866705508592
P0001178,water_source,I00031,19.910341020720576
P0001178,highway_interchange,I00033,6.762677623610295
P0001178,data_center,I00034,16.319843309061785
P0001179,transmission_line,I00026,10.308623472108025
P0001179,substation,I00028,7.006677107899773
P0001179,fiber_node,I00029,7.284935345578495
P0001179,water_source,I00031,13.248112056891072
P0001179,highway_interchange,I00033,7.346063513535422
P0001179,data_center,I00034,23.25208309288095
P0001180,transmission_line,I00024,12.611597332678608
P0001180,substation,I00028,12.284662751685032
P0001180,fiber_node,I00029,7.033620611084906
P0001180,water_source,I00031,16.054725118780983
P0001180,highway_interchange,I00033,4.62642375453338
P0001180,data_center,I00034,18.997310725483842
P0001181,transmission_line,I00025,6.393136935630861
P0001181,substation,I00027,10.653455005593997
P0001181,fiber_node,I00030,12.532755120217086
P0001181,water_source,I00031,3.7802646579877837
P0001181,highway_interchange,I00032,8.456600652364292
P0001181,data_center,I00034,38.63678929516317
P0001182,transmission_line,I00025,11.538763519348192
P0001182,substation,I00027,16.51199706378027
P0001182,fiber_node,I00030,17.653884946416987
P0001182,water_source,I00031,8.503470675737153
P0001182,highway_interchange,I00032,14.654727424608447
P0001182,data_center,I00034,37.63349657408919
P0001183,transmission_line,I00025,20.78248254269818
P0001183,substation,I00027,24.489585088125136
P0001183,fiber_node,I00029,23.361978251349612
P0001183,water_source,I00031,19.52443645732728
P0001183,highway_interchange,I00033,12.590364176137768
P0001183,data_center,I00034,26.79277064678614
P0001184,transmission_line,I00026,1.4308857864157098
P0001184,substation,I00027,2.2692273683260997
P0001184,fiber_node,I00030,4.150749985751287
P0001184,water_source,I00031,9.406058613388703
P0001184,highway_interchange,I00032,3.268316192246038
P0001184,data_center,I00034,34.86697454343603
P0001185,transmission_line,I00025,6.818346632012873
P0001185,substation,I00027,10.23459705078
P0001185,fiber_node,I00030,9.943572043602586
P0001185,water_source,I00031,6.81810773112304
P0001185,highway_interchange,I00033,6.521111115749768
P0001185,data_center,I00034,28.502089667817252
P0001186,transmission_line,I00024,9.708829875945353
P0001186,substation,I00028,14.107068652482793
P0001186,fiber_node,I00029,4.9615484183364424
P0001186,water_source,I00031,19.32444106550636
P0001186,highway_interchange,I00033,7.839855402191357
P0001186,data_center,I00034,16.03547663290222
P0001187,transmission_line,I00025,3.6492072519275838
P0001187,substation,I00027,7.947248884625862
P0001187,fiber_node,I00030,8.420698244359883
P0001187,water_source,I00031,3.556660301440434
P0001187,highway_interchange,I00032,6.843864311842246
P0001187,data_center,I00034,31.421898037689232
P0001188,transmission_line,I00026,8.384617120944972
P0001188,substation,I00028,7.8927612468362165
P0001188,fiber_node,I00030,9.176281117380901
P0001188,water_source,I00031,17.845545837464144
P0001188,highway_interchange,I00032,11.752929005827456
P0001188,data_center,I00034,34.272002163837385
P0001189,transmission_line,I00024,6.162601616630562
P0001189,substation,I00028,19.426437200091794
P0001189,fiber_node,I00029,9.949736334706001
P0001189,water_source,I00031,22.818561097109324
P0001189,highway_interchange,I00033,9.741882535812172
P0001189,data_center,I00034,12.307258632840066
P0001190,transmission_line,I00025,12.605427560957809
P0001190,substation,I00027,17.475162963512098
P0001190,fiber_node,I00030,18.138478405826287
P0001190,water_source,I00031,10.008597561701611
P0001190,highway_interchange,I00033,13.741380776565064
P0001190,data_center,I00034,34.79619900598198
P0001191,transmission_line,I00024,26.651922496794793
P0001191,substation,I00027,35.24141070342378
P0001191,fiber_node,I00029,31.773572607220785
P0001191,water_source,I00031,30.22975190003443
P0001191,highway_interchange,I00033,22.474351548498653
P0001191,data_center,I00034,29.412029012180003
P0001192,transmission_line,I00024,22.756858637650833
P0001192,substation,I00028,37.49665707986735
P0001192,fiber_node,I00029,30.915797179343716
P0001192,water_source,I00031,34.92167216419683
P0001192,highway_interchange,I00033,24.34291468606781
P0001192,data_center,I00034,23.732814739607857
P0001193,transmission_line,I00025,8.188991114880562
P0001193,substation,I00027,12.58999334045766
P0001193,fiber_node,I00030,12.821306771456248
P0001193,water_source,I00031,6.686994661411347
P0001193,highway_interchange,I00033,8.907335133784978
P0001193,data_center,I00034,30.820479390351068
P0001194,transmission_line,I00024,8.958926689260332
P0001194,substation,I00028,16.466848447170563
P0001194,fiber_node,I00029,4.001136290897595
P0001194,water_source,I00031,24.238458128507364
P0001194,highway_interchange,I00033,13.963746190838298
P0001194,data_center,I00034,14.026744420882816
P0001195,transmission_line,I00024,3.005875019930782
P0001195,substation,I00028,22.997355528631342
P0001195,fiber_node,I00029,10.72709210431969
P0001195,water_source,I00031,29.119945624381547
P0001195,highway_interchange,I00033,16.85790881278096
P0001195,data_center,I00034,6.910090396293213
P0001196,transmission_line,I00025,8.19313835500218
P0001196,substation,I00027,11.171851092365058
P0001196,fiber_node,I00030,10.564588596725251
P0001196,water_source,I00031,8.380113074306381
P0001196,highway_interchange,I00033,4.981536485973768
P0001196,data_center,I00034,26.998827621488616
P0001197,transmission_line,I00025,14.114196368691953
P0001197,substation,I00027,18.14753103862973
P0001197,fiber_node,I00030,17.916595755359822
P0001197,water_source,I00031,12.70707443667086
P0001197,highway_interchange,I00033,9.019728150376544
P0001197,data_center,I00034,28.613340625226552
P0001198,transmission_line,I00025,13.228299270677846
P0001198,substation,I00028,11.202207873777137
P0001198,fiber_node,I00029,7.457124144912812
P0001198,water_source,I00031,14.839166216935705
P0001198,highway_interchange,I00033,4.1679888929324385
P0001198,data_center,I00034,20.254362591787963
P0001199,transmission_line,I00025,11.996360827944226
P0001199,substation,I00027,15.347165141234925
P0001199,fiber_node,I00030,14.741979431954936
P0001199,water_source,I00031,11.430503756734241
P0001199,highway_interchange,I00033,5.219466882223608
P0001199,data_center,I00034,26.104619112325352
P0001200,transmission_line,I00024,6.201563610966229
P0001200,substation,I00028,21.119077682401944
P0001200,fiber_node,I00029,11.853920588637132
P0001200,water_source,I00031,23.856772597251588
P0001200,highway_interchange,I00033,10.63603581324922
P0001200,data_center,I00034,11.817785311251257
P0001201,transmission_line,I00036,10.629185830480361
P0001201,substation,I00039,11.33416351774717
P0001201,fiber_node,I00041,5.673696565313804
P0001201,water_source,I00042,3.9990606727860007
P0001201,highway_interchange,I00043,9.737544377989774
P0001201,data_center,I00045,15.051112898139174
P0001202,transmission_line,I00035,10.832535515302673
P0001202,substation,I00039,13.100103366570288
P0001202,fiber_node,I00041,15.02370054437856
P0001202,water_source,I00042,13.905108745355925
P0001202,highway_interchange,I00043,19.735749678380127
P0001202,data_center,I00045,18.54121391638301
P0001203,transmission_line,I00036,13.41100700786204
P0001203,substation,I00038,11.994153703174431
P0001203,fiber_node,I00040,17.078519494577737
P0001203,water_source,I00042,15.536824017997217
P0001203,highway_interchange,I00043,12.371937059226878
P0001203,data_center,I00045,9.650535745050211
P0001204,transmission_line,I00037,3.608867979602179
P0001204,substation,I00038,30.891745172960604
P0001204,fiber_node,I00041,16.31982638872191
P0001204,water_source,I00042,18.19068227103278
P0001204,highway_interchange,I00044,3.7424517913407125
P0001204,data_center,I00045,32.102346691960506
P0001205,transmission_line,I00037,18.674399207214556
P0001205,substation,I00038,20.423097659848853
P0001205,fiber_node,I00041,15.831902047240542
P0001205,water_source,I00042,15.475962956006132
P0001205,highway_interchange,I00043,9.456278624314143
P0001205,data_center,I00045,19.50359725565555
P0001206,transmission_line,I00036,23.41696296661948
P0001206,substation,I00038,21.6216028890589
P0001206,fiber_node,I00040,18.5866091512255
P0001206,water_source,I00042,28.144299412329786
P0001206,highway_interchange,I00043,24.46156918464127
P0001206,data_center,I00045,17.684838322267346
P0001207,transmission_line,I00037,6.1553552989702744
P0001207,substation,I00038,24.269727163015155
P0001207,fiber_node,I00041,8.375340071732442
P0001207,water_source,I00042,10.578596088637132
P0001207,highway_interchange,I00043,10.349063783448354
P0001207,data_center,I00045,26.32864085949863
P0001208,transmission_line,I00036,9.046425015833787
P0001208,substation,I00039,9.764648981407957
P0001208,fiber_node,I00041,8.991458624893598
P0001208,water_source,I00042,7.370027473748502
P0001208,highway_interchange,I00043,12.876932650371858
P0001208,data_center,I00045,14.38587492326626
P0001209,transmission_line,I00037,15.959756006154269
P0001209,substation,I00038,39.10745034679895
P0001209,fiber_node,I00041,27.129792366132623
P0001209,water_source,I00042,28.519065446040713
P0001209,highway_interchange,I00044,13.407060708500598
P0001209,data_center,I00045,39.16502533523848
P0001210,transmission_line,I00037,13.105891834182136
P0001210,substation,I00038,21.7891488823346
P0001210,fiber_node,I00041,12.587058009708649
P0001210,water_source,I00042,13.012017019559352
P0001210,highway_interchange,I00043,7.140105217180642
P0001210,data_center,I00045,21.915871178700378
P0001211,transmission_line,I00036,19.428182606316536
P0001211,substation,I00038,17.593068111198818
P0001211,fiber_node,I00040,11.787697103535471
P0001211,water_source,I00042,27.264526730178936
P0001211,highway_interchange,I00043,25.016609891131207
P0001211,data_center,I00045,13.407887298825754
P0001212,transmission_line,I00035,9.594533549612331
P0001212,substation,I00039,15.424023364464698
P0001212,fiber_node,I00040,14.070731549882874
P0001212,water_source,I00042,28.296157836482045
P0001212,highway_interchange,I00043,31.586127522068836
P0001212,data_center,I00045,17.26407796025806
P0001213,transmission_line,I00037,12.563455530157965
P0001213,substation,I00039,18.786331564488332
P0001213,fiber_node,I00041,3.0363513179835517
P0001213,water_source,I00042,5.254575550695206
P0001213,highway_interchange,I00043,8.646617300993032
P0001213,data_center,I00045,21.6288445463821
P0001214,transmission_line,I00037,4.015727917882482
P0001214,substation,I00038,26.058240232524394
P0001214,fiber_node,I00041,11.150497316725442
P0001214,water_source,I00042,13.055712517247153
P0001214,highway_interchange,I00044,7.77702983127482
P0001214,data_center,I00045,27.563588699992337
P0001215,transmission_line,I00036,11.799353524864278
P0001215,substation,I00038,10.303282563755383
P0001215,fiber_node,I00040,15.418327403309371
P0001215,water_source,I00042,15.352707986755881
P0001215,highway_interchange,I00043,12.905580368550153
P0001215,data_center,I00045,7.803112787937103
P0001216,transmission_line,I00035,7.045430045766961
P0001216,substation,I00039,11.165227294514612
P0001216,fiber_node,I00041,17.433478563657793
P0001216,water_source,I00042,15.918183585314553
P0001216,highway_interchange,I00043,21.25597420136171
P0001216,data_center,I00045,16.628608194725857
P0001217,transmission_line,I00037,13.279770456994594
P0001217,substation,I00039,38.95304201316994
P0001217,fiber_node,I00041,23.106756429158168
P0001217,water_source,I00042,25.408509864309874
P0001217,highway_interchange,I00044,12.744447875920688
P0001217,data_center,I00045,41.74333485736263
P0001218,transmission_line,I00036,8.49412302531162
P0001218,substation,I00039,9.198312376809472
P0001218,fiber_node,I00041,7.410388697991942
P0001218,water_source,I00042,5.377259743566569
P0001218,highway_interchange,I00043,10.31037312997636
P0001218,data_center,I00045,13.022918639167449
P0001219,transmission_line,I00037,8.808425790697274
P0001219,substation,I00038,21.572891446436763
P0001219,fiber_node,I00041,5.629889637975956
P0001219,water_source,I00042,7.83761636103344
P0001219,highway_interchange,I00043,8.324079269883674
P0001219,data_center,I00045,23.740721049119703
P0001220,transmission_line,I00036,25.282264683107957
P0001220,substation,I00038,23.450366362947122
P0001220,fiber_node,I00040,16.17305582380334
P0001220,water_source,I00042,32.820211957816625
P0001220,highway_interchange,I00043,30.094718174778976
P0001220,data_center,I00045,19.26465851683947
P0001221,transmission_line,I00035,9.259831802391512
P0001221,substation,I00039,12.924613088924325
P0001221,fiber_node,I00041,16.97829129456265
P0001221,water_source,I00042,15.709203401653484
P0001221,highway_interchange,I00043,21.371508980748086
P0001221,data_center,I00045,18.415754287747646
P0001222,transmission_line,I00036,12.375803805721894
P0001222,substation,I00039,13.058172242604208
P0001222,fiber_node,I00041,11.090907292582196
P0001222,water_source,I00042,10.180134575118135
P0001222,highway_interchange,I00043,16.192849678438506
P0001222,data_center,I00045,18.12353008077026
P0001223,transmission_line,I00037,14.05128932132475
P0001223,substation,I00038,16.347282085751687
P0001223,fiber_node,I00041,6.127830661058208
P0001223,water_source,I00042,6.10611315403619
P0001223,highway_interchange,I00043,0.7239003814817976
P0001223,data_center,I00045,17.525136057552974
P0001224,transmission_line,I00036,12.379483221389886
P0001224,substation,I00038,11.785487406073315
P0001224,fiber_node,I00041,10.590119596420651
P0001224,water_source,I00042,9.085888943832348
P0001224,highway_interchange,I00043,5.781589453590443
P0001224,data_center,I00045,11.815402735370743
P0001225,transmission_line,I00037,10.755745506817654
P0001225,substation,I00038,19.283182122886696
P0001225,fiber_node,I00041,5.950893946821541
P0001225,water_source,I00042,7.1076376754880535
P0001225,highway_interchange,I00043,4.080623280611622
P0001225,data_center,I00045,20.741938427489384
P0001226,transmission_line,I00036,14.419122691785814
P0001226,substation,I00038,12.922992704967623
P0001226,fiber_node,I00040,1.8428424675968367
P0001226,water_source,I00042,26.063026798268574
P0001226,highway_interchange,I00043,26.110880241796384
P0001226,data_center,I00045,9.685526675116247
P0001227,transmission_line,I00037,11.445339459737756
P0001227,substation,I00039,19.072462981505662
P0001227,fiber_node,I00041,3.0216878866624595
P0001227,water_source,I00042,5.290131784347665
P0001227,highway_interchange,I00043,7.231108393135272
P0001227,data_center,I00045,21.46952517923842
P0001228,transmission_line,I00036,17.080690812645262
P0001228,substation,I00038,15.482953403001572
P0001228,fiber_node,I00040,17.64097277394441
P0001228,water_source,I00042,19.76368985923897
P0001228,highway_interchange,I00043,16.040881914729034
P0001228,data_center,I00045,12.353752833387533
P0001229,transmission_line,I00036,23.45432786695404
P0001229,substation,I00038,22.036749287503937
P0001229,fiber_node,I00040,9.623801548691507
P0001229,water_source,I00042,35.190357295486244
P0001229,highway_interchange,I00043,34.88926049911092
P0001229,data_center,I00045,18.823269270062635
P0001230,transmission_line,I00037,20.82449769638453
P0001230,substation,I00039,31.81336844483231
P0001230,fiber_node,I00041,19.63248197209874
P0001230,water_source,I00042,21.27860925410419
P0001230,highway_interchange,I00044,23.334775698099786
P0001230,data_center,I00045,36.183663898387
P0001231,transmission_line,I00036,18.17689140075688
P0001231,substation,I00038,16.40402003471993
P0001231,fiber_node,I00040,8.313427947182754
P0001231,water_source,I00042,27.66251423099716
P0001231,highway_interchange,I00043,26.238013114090393
P0001231,data_center,I00045,12.328664394470657
P0001232,transmission_line,I00036,11.654938775928837
P0001232,substation,I00038,9.95453613063685
P0001232,fiber_node,I00040,13.106964938453604
P0001232,water_source,I00042,17.265051545833774
P0001232,highway_interchange,I00043,15.285120233684134
P0001232,data_center,I00045,6.622167226682403
P0001233,transmission_line,I00037,9.349933391963964
P0001233,substation,I00038,20.539688038562186
P0001233,fiber_node,I00041,6.2079924353022236
P0001233,water_source,I00042,7.775493519335885
P0001233,highway_interchange,I00043,5.616805889492578
P0001233,data_center,I00045,22.14858395994293
P0001234,transmission_line,I00036,9.152672660860407
P0001234,substation,I00038,8.4643553509564
P0001234,fiber_node,I00041,11.451526615793796
P0001234,water_source,I00042,9.465680289030294
P0001234,highway_interchange,I00043,8.256753323425892
P0001234,data_center,I00045,8.665121484609143
P0001235,transmission_line,I00036,13.706531086571932
P0001235,substation,I00038,13.326198679455969
P0001235,fiber_node,I00041,9.11765126121833
P0001235,water_source,I00042,7.953063335508353
P0001235,highway_interchange,I00043,3.725336341739684
P0001235,data_center,I00045,13.740353126577169
P0001236,transmission_line,I00036,6.086600750558777
P0001236,substation,I00038,5.12558706401089
P0001236,fiber_node,I00041,13.386227971779094
P0001236,water_source,I00042,11.164855656854128
P0001236,highway_interchange,I00043,11.371677296474735
P0001236,data_center,I00045,5.510256122257995
P0001237,transmission_line,I00035,7.4955908279307515
P0001237,substation,I00039,11.941457366273012
P0001237,fiber_node,I00040,11.326088921904393
P0001237,water_source,I00042,25.174343617007718
P0001237,highway_interchange,I00043,28.159146892926756
P0001237,data_center,I00045,13.593081112475579
P0001238,transmission_line,I00037,14.67914152759831
P0001238,substation,I00038,16.096020718461936
P0001238,fiber_node,I00041,6.989831066457794
P0001238,water_source,I00042,6.757463786262568
P0001238,highway_interchange,I00043,0.6353559821705193
P0001238,data_center,I00045,17.056333354365258
P0001239,transmission_line,I00036,7.4923484171744965
P0001239,substation,I00038,7.907958292021711
P0001239,fiber_node,I00041,8.340756406904699
P0001239,water_source,I00042,6.038238875356621
P0001239,highway_interchange,I00043,8.462882670163342
P0001239,data_center,I00045,10.368833482193505
P0001240,transmission_line,I00036,13.044639201446195
P0001240,substation,I00038,12.07838266415684
P0001240,fiber_node,I00041,13.387042761974321
P0001240,water_source,I00042,11.858519198181385
P0001240,highway_interchange,I00043,8.271414205270649
P0001240,data_center,I00045,11.116086585411619
P0001241,transmission_line,I00035,12.416391071487205
P0001241,substation,I00038,12.818879413617722
P0001241,fiber_node,I00040,5.493611594402638
P0001241,water_source,I00042,26.608997147491195
P0001241,highway_interchange,I00043,28.289472017209203
P0001241,data_center,I00045,11.765226483746252
P0001242,transmission_line,I00036,7.872903351055261
P0001242,substation,I00038,6.3736798198499445
P0001242,fiber_node,I00040,6.216146925476527
P0001242,water_source,I00042,19.8251653895459
P0001242,highway_interchange,I00043,20.626809680702618
P0001242,data_center,I00045,3.8054391620200723
P0001243,transmission_line,I00036,12.548938441117429
P0001243,substation,I00038,12.628633991998576
P0001243,fiber_node,I00041,6.005554783166021
P0001243,water_source,I00042,4.578337821765258
P0001243,highway_interchange,I00043,3.230514207351908
P0001243,data_center,I00045,14.07479791995337
P0001244,transmission_line,I00036,3.5689890011485796
P0001244,substation,I00038,1.8823719275278958
P0001244,fiber_node,I00040,12.294971255870205
P0001244,water_source,I00042,13.735309040941747
P0001244,highway_interchange,I00043,14.896508485388809
P0001244,data_center,I00045,2.933789216119549
P0001245,transmission_line,I00037,10.498647856881357
P0001245,substation,I00038,19.572818814581332
P0001245,fiber_node,I00041,6.209979394393683
P0001245,water_source,I00042,7.402314437689217
P0001245,highway_interchange,I00043,4.302700615041672
P0001245,data_center,I00045,21.008010000104132
P0001246,transmission_line,I00036,3.5633886986526595
P0001246,substation,I00039,4.226575385043154
P0001246,fiber_node,I00041,13.482728849889451
P0001246,water_source,I00042,11.347113395057862
P0001246,highway_interchange,I00043,15.221532143780928
P0001246,data_center,I00045,9.505613748070726
P0001247,transmission_line,I00037,13.129195786840999
P0001247,substation,I00038,16.869520586523358
P0001247,fiber_node,I00041,4.868941846619046
P0001247,water_source,I00042,5.303613945821961
P0001247,highway_interchange,I00043,2.1331033084362883
P0001247,data_center,I00045,18.36131151395127
P0001248,transmission_line,I00036,11.504529367689777
P0001248,substation,I00038,11.659047834658601
P0001248,fiber_node,I00041,6.039925582670743
P0001248,water_source,I00042,4.255950367761432
P0001248,highway_interchange,I00043,4.336801647425435
P0001248,data_center,I00045,13.31850045293654
P0001249,transmission_line,I00037,15.078104859867361
P0001249,substation,I00038,24.98274447100964
P0001249,fiber_node,I00041,16.837519985361798
P0001249,water_source,I00042,17.23497853920758
P0001249,highway_interchange,I00043,11.25911638985834
P0001249,data_center,I00045,24.554836671245933
P0001250,transmission_line,I00037,5.135293269390938
P0001250,substation,I00038,24.699833530165186
P0001250,fiber_node,I00041,9.453011941719339
P0001250,water_source,I00042,11.441523174235671
P0001250,highway_interchange,I00044,9.209247041404206
P0001250,data_center,I00045,26.398748411288924
P0001251,transmission_line,I00037,11.135475725760061
P0001251,substation,I00038,18.97911009081749
P0001251,fiber_node,I00041,3.2976242523307358
P0001251,water_source,I00042,5.3412626737339695
P0001251,highway_interchange,I00043,6.206416341939365
P0001251,data_center,I00045,21.128728872148645
P0001252,transmission_line,I00036,21.860272875918877
P0001252,substation,I00038,20.15248672056244
P0001252,fiber_node,I00040,19.482757489481436
P0001252,water_source,I00042,25.06676022005833
P0001252,highway_interchange,I00043,21.005755524365956
P0001252,data_center,I00045,16.55613712624646
P0001253,transmission_line,I00036,3.3063635318025595
P0001253,substation,I00039,3.5299762229514235
P0001253,fiber_node,I00040,15.083084962284364
P0001253,water_source,I00042,14.37310901371758
P0001253,highway_interchange,I00043,17.95563680930308
P0001253,data_center,I00045,8.87755875499231
P0001254,transmission_line,I00037,8.063962298112171
P0001254,substation,I00038,30.11368593826523
P0001254,fiber_node,I00041,17.3404681822072
P0001254,water_source,I00042,18.78212185661257
P0001254,highway_interchange,I00044,8.146600895316114
P0001254,data_center,I00045,30.704794682147522
P0001255,transmission_line,I00036,19.285972832416135
P0001255,substation,I00038,17.88777293377582
P0001255,fiber_node,I00041,20.505654246663394
P0001255,water_source,I00042,19.257818001759965
P0001255,highway_interchange,I00043,14.543312508038781
P0001255,data_center,I00045,15.356431544364142
P0001256,transmission_line,I00037,10.58722956719067
P0001256,substation,I00038,25.348642927804647
P0001256,fiber_node,I00041,14.349132603428675
P0001256,water_source,I00042,15.291155844151545
P0001256,highway_interchange,I00043,10.046473664511334
P0001256,data_center,I00045,25.660327909102875
P0001257,transmission_line,I00037,3.449421038096445
P0001257,substation,I00038,27.739865180740818
P0001257,fiber_node,I00041,11.806613638206498
P0001257,water_source,I00042,14.03473364378585
P0001257,highway_interchange,I00044,7.403543996776254
P0001257,data_center,I00045,29.75813536285548
P0001258,transmission_line,I00036,15.29696669986875
P0001258,substation,I00039,16.006095070071964
P0001258,fiber_node,I00041,4.143868200328082
P0001258,water_source,I00042,4.712852570193758
P0001258,highway_interchange,I00043,10.423058113264439
P0001258,data_center,I00045,19.65217708600198
P0001259,transmission_line,I00036,13.985360539075533
P0001259,substation,I00038,14.267528943477632
P0001259,fiber_node,I00041,4.100936954850551
P0001259,water_source,I00042,3.305609843546031
P0001259,highway_interchange,I00043,2.8525213128978284
P0001259,data_center,I00045,16.02154629233351
P0001260,transmission_line,I00036,14.098560273764486
P0001260,substation,I00038,13.621570941144967
P0001260,fiber_node,I00041,9.890136871305929
P0001260,water_source,I00042,8.764743164400501
P0001260,highway_interchange,I00043,4.254838850142108
P0001260,data_center,I00045,13.791399101583087
P0001261,transmission_line,I00036,8.495205257173422
P0001261,substation,I00038,6.833634861179983
P0001261,fiber_node,I00040,6.340323581966385
P0001261,water_source,I00042,19.798081454102118
P0001261,highway_interchange,I00043,20.183996083842274
P0001261,data_center,I00045,3.437949175004896
P0001262,transmission_line,I00036,14.915028543320336
P0001262,substation,I00038,13.728000128356515
P0001262,fiber_node,I00041,15.879543967833559
P0001262,water_source,I00042,14.448140001566552
P0001262,highway_interchange,I00043,10.367239979742264
P0001262,data_center,I00045,12.011036494646033
P0001263,transmission_line,I00036,13.047478461524404
P0001263,substation,I00038,13.625246454593345
P0001263,fiber_node,I00041,2.7516351388418987
P0001263,water_source,I00042,0.950728724043886
P0001263,highway_interchange,I00043,5.248476618039571
P0001263,data_center,I00045,15.960138616551967
P0001264,transmission_line,I00036,10.829074979187228
P0001264,substation,I00038,11.1063139652984
P0001264,fiber_node,I00041,5.8685212418906625
P0001264,water_source,I00042,3.8396741322560937
P0001264,highway_interchange,I00043,5.2019453723787
P0001264,data_center,I00045,13.037577740621007
P0001265,transmission_line,I00036,9.055429296685803
P0001265,substation,I00038,9.28331205210467
P0001265,fiber_node,I00041,7.441011420267816
P0001265,water_source,I00042,5.2371545289835355
P0001265,highway_interchange,I00043,6.770343189181326
P0001265,data_center,I00045,11.280727394664408
P0001266,transmission_line,I00037,13.073276290692098
P0001266,substation,I00039,18.053726425906067
P0001266,fiber_node,I00041,2.291845398875108
P0001266,water_source,I00042,4.4959049900240435
P0001266,highway_interchange,I00043,8.12598885231182
P0001266,data_center,I00045,20.870383105930593
P0001267,transmission_line,I00037,5.839499600941309
P0001267,substation,I00038,24.0328438179764
P0001267,fiber_node,I00041,8.614055025366804
P0001267,water_source,I00042,10.649644994005849
P0001267,highway_interchange,I00043,9.397703880592331
P0001267,data_center,I00045,25.833683136791414
P0001268,transmission_line,I00037,7.638908408353473
P0001268,substation,I00038,22.199225528681467
P0001268,fiber_node,I00041,7.0600491540028445
P0001268,water_source,I00042,8.967468910896127
P0001268,highway_interchange,I00043,7.57078214698725
P0001268,data_center,I00045,23.964179430647608
P0001269,transmission_line,I00036,8.666214364675112
P0001269,substation,I00038,8.01639677683314
P0001269,fiber_node,I00041,11.375822748760886
P0001269,water_source,I00042,9.335677899324713
P0001269,highway_interchange,I00043,8.470805650089662
P0001269,data_center,I00045,8.387880837606886
P0001270,transmission_line,I00036,13.679483134591091
P0001270,substation,I00039,14.377397490011662
P0001270,fiber_node,I00041,3.3300579331147584
P0001270,water_source,I00042,3.017938361534599
P0001270,highway_interchange,I00043,9.047424446902587
P0001270,data_center,I00045,17.811154119068554
P0001271,transmission_line,I00036,8.352607114736744
P0001271,substation,I00038,8.22267487038454
P0001271,fiber_node,I00041,9.255082025639222
P0001271,water_source,I00042,7.106706091445235
P0001271,highway_interchange,I00043,7.5203552318803295
P0001271,data_center,I00045,9.681586259286897
P0001272,transmission_line,I00036,14.14850565642973
P0001272,substation,I00038,14.00492828683659
P0001272,fiber_node,I00041,7.345976794370519
P0001272,water_source,I00042,6.413175579791905
P0001272,highway_interchange,I00043,2.00655765790258
P0001272,data_center,I00045,14.902045459498964
P0001273,transmission_line,I00035,13.30586403954709
P0001273,substation,I00039,14.853432454366427
P0001273,fiber_node,I00041,14.003383814640205
P0001273,water_source,I00042,13.238081880769645
P0001273,highway_interchange,I00043,19.282671505214566
P0001273,data_center,I00045,20.17792959016604
P0001274,transmission_line,I00036,13.00327201767011
P0001274,substation,I00038,12.445270781239707
P0001274,fiber_node,I00041,10.369959766163186
P0001274,water_source,I00042,8.990642390601463
P0001274,highway_interchange,I00043,5.2555153555090515
P0001274,data_center,I00045,12.507117459756902
P0001275,transmission_line,I00036,17.943910814714847
P0001275,substation,I00039,18.626313268202207
P0001275,fiber_node,I00041,13.042863374743153
P0001275,water_source,I00042,13.094618140323144
P0001275,highway_interchange,I00043,19.155605705821106
P0001275,data_center,I00045,23.656216504698595
P0001276,transmission_line,I00036,5.287480877733296
P0001276,substation,I00038,3.6337347425638518
P0001276,fiber_node,I00040,12.2673690466707
P0001276,water_source,I00042,13.946632578546279
P0001276,highway_interchange,I00043,14.363415835085416
P0001276,data_center,I00045,2.50754347876613
P0001277,transmission_line,I00037,17.41987971755523
P0001277,substation,I00039,18.598520897324363
P0001277,fiber_node,I00041,7.3910166847373775
P0001277,water_source,I00042,8.308568435083831
P0001277,highway_interchange,I00043,13.797351473622129
P0001277,data_center,I00045,22.698538621769792
P0001278,transmission_line,I00036,16.370333786848143
P0001278,substation,I00038,15.851410092050632
P0001278,fiber_node,I00041,10.82005482286167
P0001278,water_source,I00042,10.118196339997949
P0001278,highway_interchange,I00043,4.499777260481297
P0001278,data_center,I00045,15.794195807701998
P0001279,transmission_line,I00037,6.768054731494526
P0001279,substation,I00039,34.358168897181336
P0001279,fiber_node,I00041,18.288387864832668
P0001279,water_source,I00042,20.58202870838598
P0001279,highway_interchange,I00044,6.772797507439935
P0001279,data_center,I00045,36.59134726948885
P0001280,transmission_line,I00036,8.214146276386039
P0001280,substation,I00038,8.644383002102266
P0001280,fiber_node,I00041,7.628942713671899
P0001280,water_source,I00042,5.332957397443255
P0001280,highway_interchange,I00043,7.837770188631035
P0001280,data_center,I00045,11.051274050196406
P0001281,transmission_line,I00036,13.922774394559061
P0001281,substation,I00039,14.611137854410286
P0001281,fiber_node,I00041,2.6127343425606093
P0001281,water_source,I00042,2.4572136122054307
P0001281,highway_interchange,I00043,8.384738883961724
P0001281,data_center,I00045,17.85178249731772
P0001282,transmission_line,I00037,6.767827934084779
P0001282,substation,I00038,24.41667868579042
P0001282,fiber_node,I00041,10.793102558862037
P0001282,water_source,I00042,12.30882362181329
P0001282,highway_interchange,I00043,8.737194083371232
P0001282,data_center,I00045,25.54984409844095
P0001283,transmission_line,I00037,10.59257557024184
P0001283,substation,I00038,20.83779130035522
P0001283,fiber_node,I00041,9.053441932609548
P0001283,water_source,I00042,9.936105136282805
P0001283,highway_interchange,I00043,5.111206378717884
P0001283,data_center,I00045,21.732510891673325
P0001284,transmission_line,I00036,25.007012218250896
P0001284,substation,I00038,23.231975015186062
P0001284,fiber_node,I00040,20.51470987893786
P0001284,water_source,I00042,29.059171334071774
P0001284,highway_interchange,I00043,25.058918281394618
P0001284,data_center,I00045,19.369745966432905
P0001285,transmission_line,I00037,4.662034431702271
P0001285,substation,I00038,25.182162530766092
P0001285,fiber_node,I00041,9.987301396654049
P0001285,water_source,I00042,11.966016185346858
P0001285,highway_interchange,I00044,8.69905080743505
P0001285,data_center,I00045,26.840531555858696
P0001286,transmission_line,I00036,13.771953056831638
P0001286,substation,I00038,13.89140312916594
P0001286,fiber_node,I00041,5.3796626258414495
P0001286,water_source,I00042,4.426813062151269
P0001286,highway_interchange,I00043,2.1667266337012134
P0001286,data_center,I00045,15.342792523719835
P0001287,transmission_line,I00036,12.924146859941386
P0001287,substation,I00038,12.248065987511277
P0001287,fiber_node,I00041,11.214358623859573
P0001287,water_source,I00042,9.780549530431525
P0001287,highway_interchange,I00043,6.1035838868139765
P0001287,data_center,I00045,12.036215434652437
P0001288,transmission_line,I00037,6.049695783749908
P0001288,substation,I00038,24.141148367363407
P0001288,fiber_node,I00041,9.675148230388029
P0001288,water_source,I00042,11.416258249457387
P0001288,highway_interchange,I00043,8.757296766246501
P0001288,data_center,I00045,25.565098539945957
P0001289,transmission_line,I00036,15.339851368001964
P0001289,substation,I00038,14.406587949674481
P0001289,fiber_node,I00041,13.881923009660596
P0001289,water_source,I00042,12.675067362329383
P0001289,highway_interchange,I00043,8.043442695550828
P0001289,data_center,I00045,13.372826541172884
P0001290,transmission_line,I00037,10.562770798180052
P0001290,substation,I00039,23.083049729333624
P0001290,fiber_node,I00041,7.541354566338645
P0001290,water_source,I00042,9.757826647859638
P0001290,highway_interchange,I00043,12.449842623094593
P0001290,data_center,I00045,26.117068812135937
P0001291,transmission_line,I00036,11.868900645585976
P0001291,substation,I00038,10.099559597106476
P0001291,fiber_node,I00040,6.088822653985761
P0001291,water_source,I00042,22.009705773544127
P0001291,highway_interchange,I00043,21.45520881085543
P0001291,data_center,I00045,6.076830871306929
P0001292,transmission_line,I00036,1.7166126157330241
P0001292,substation,I00039,2.1978835133603156
P0001292,fiber_node,I00041,13.966770787251031
P0001292,water_source,I00042,11.667279249619172
P0001292,highway_interchange,I00043,14.044504725628107
P0001292,data_center,I00045,6.057506000841862
P0001293,transmission_line,I00036,10.11189375965194
P0001293,substation,I00038,8.51157145008706
P0001293,fiber_node,I00040,13.650944775168588
P0001293,water_source,I00042,15.39680853957094
P0001293,highway_interchange,I00043,13.752131120645904
P0001293,data_center,I00045,5.768706387791624
P0001294,transmission_line,I00037,5.960318945623192
P0001294,substation,I00038,34.14969123408178
P0001294,fiber_node,I00041,19.582947847305743
P0001294,water_source,I00042,21.47810630257079
P0001294,highway_interchange,I00044,2.9664631458194273
P0001294,data_center,I00045,35.27634290240651
P0001295,transmission_line,I00036,19.07009308935901
P0001295,substation,I00038,17.599151013568182
P0001295,fiber_node,I00040,20.618353443538496
P0001295,water_source,I00042,19.840916135230074
P0001295,highway_interchange,I00043,15.35462567538992
P0001295,data_center,I00045,14.844941972782692
P0001296,transmission_line,I00037,8.569232814296216
P0001296,substation,I00038,24.80733936676393
P0001296,fiber_node,I00041,12.530797218773442
P0001296,water_source,I00042,13.729579749242475
P0001296,highway_interchange,I00043,9.125145914002772
P0001296,data_center,I00045,25.514474631465724
P0001297,transmission_line,I00036,14.41107961157132
P0001297,substation,I00038,14.055149179816297
P0001297,fiber_node,I00041,9.002721198661861
P0001297,water_source,I00042,8.016414063960356
P0001297,highway_interchange,I00043,3.234902550531762
P0001297,data_center,I00045,14.478271374465585
P0001298,transmission_line,I00036,10.957029753709666
P0001298,substation,I00038,11.41750945761348
P0001298,fiber_node,I00041,5.031871919985412
P0001298,water_source,I00042,2.8511014234050087
P0001298,highway_interchange,I00043,5.691861239923801
P0001298,data_center,I00045,13.658515799538984
P0001299,transmission_line,I00036,11.451848338763533
P0001299,substation,I00038,10.220828999649713
P0001299,fiber_node,I00041,14.950003493449948
P0001299,water_source,I00042,13.144394790663144
P0001299,highway_interchange,I00043,10.537570666314442
P0001299,data_center,I00045,8.650238137897116
P0001300,transmission_line,I00036,18.352147003862036
P0001300,substation,I00038,16.545868139018122
P0001300,fiber_node,I00040,14.396036045288758
P0001300,water_source,I00042,24.0762201856494
P0001300,highway_interchange,I00043,21.132513383185422
P0001300,data_center,I00045,12.582446748051522
P0001301,transmission_line,I00037,8.145861637505647
P0001301,substation,I00038,28.10656915021686
P0001301,fiber_node,I00041,15.624569158387494
P0001301,water_source,I00042,16.962666205146288
P0001301,highway_interchange,I00044,9.190523741796031
P0001301,data_center,I00045,28.692754435251242
P0001302,transmission_line,I00037,14.221973545574928
P0001302,substation,I00038,15.731173933969991
P0001302,fiber_node,I00041,4.547005797628249
P0001302,water_source,I00042,4.5068453784373235
P0001302,highway_interchange,I00043,1.8691349436418323
P0001302,data_center,I00045,17.28131792828504
P0001303,transmission_line,I00036,11.762360440695424
P0001303,substation,I00038,12.239055792015874
P0001303,fiber_node,I00041,4.273348684329472
P0001303,water_source,I00042,2.2013368334954797
P0001303,highway_interchange,I00043,5.228463635351325
P0001303,data_center,I00045,14.460669711664474
P0001304,transmission_line,I00037,15.222610571390392
P0001304,substation,I00039,18.721624282730485
P0001304,fiber_node,I00041,5.431471603535593
P0001304,water_source,I00042,6.841160809638169
P0001304,highway_interchange,I00043,11.786345219609926
P0001304,data_center,I00045,22.360462544082925
P0001305,transmission_line,I00037,12.030877907584216
P0001305,substation,I00038,18.12791066444684
P0001305,fiber_node,I00041,5.799080744383068
P0001305,water_source,I00042,6.539640939096751
P0001305,highway_interchange,I00043,2.776627908244706
P0001305,data_center,I00045,19.488230468232317
P0001306,transmission_line,I00036,14.559598253185243
P0001306,substation,I00039,15.230717829807096
P0001306,fiber_node,I00041,1.3873398432305855
P0001306,water_source,I00042,1.9704063455032703
P0001306,highway_interchange,I00043,7.388287649304116
P0001306,data_center,I00045,18.157102845323664
P0001307,transmission_line,I00036,16.071785667919908
P0001307,substation,I00038,15.59487341346597
P0001307,fiber_node,I00041,10.36794575631109
P0001307,water_source,I00042,9.649106081157976
P0001307,highway_interchange,I00043,4.075746235356442
P0001307,data_center,I00045,15.650655907766552
P0001308,transmission_line,I00036,6.505789035618562
P0001308,substation,I00039,7.213666411961176
P0001308,fiber_node,I00041,9.27052184809843
P0001308,water_source,I00042,7.121853016726269
P0001308,highway_interchange,I00043,11.38209508915933
P0001308,data_center,I00045,11.267004629608623
P0001309,transmission_line,I00036,13.202970432385662
P0001309,substation,I00038,11.471862574819232
P0001309,fiber_node,I00040,13.304260291491161
P0001309,water_source,I00042,18.67895425041659
P0001309,highway_interchange,I00043,16.349455106108568
P0001309,data_center,I00045,7.928536138493858
P0001310,transmission_line,I00036,13.599591978063946
P0001310,substation,I00039,14.307919531190995
P0001310,fiber_node,I00041,9.379861093033897
P0001310,water_source,I00042,8.836369065400344
P0001310,highway_interchange,I00043,14.955313048697718
P0001310,data_center,I00045,19.07390732801652
P0001311,transmission_line,I00037,14.879626154831726
P0001311,substation,I00038,26.457098838236615
P0001311,fiber_node,I00041,17.879414286211137
P0001311,water_source,I00042,18.404463495283697
P0001311,highway_interchange,I00043,12.517527948901158
P0001311,data_center,I00045,26.040389829591117
P0001312,transmission_line,I00037,14.662189729020248
P0001312,substation,I00038,15.26588905848385
P0001312,fiber_node,I00041,2.1256274232252057
P0001312,water_source,I00042,2.2125369308890406
P0001312,highway_interchange,I00043,4.361514646887514
P0001312,data_center,I00045,17.398236507724558
P0001313,transmission_line,I00036,14.928647852961436
P0001313,substation,I00038,14.356320022106072
P0001313,fiber_node,I00041,10.804603215629195
P0001313,water_source,I00042,9.786020683846688
P0001313,highway_interchange,I00043,4.859122368240634
P0001313,data_center,I00045,14.251696934497271
P0001314,transmission_line,I00036,15.589123067146522
P0001314,substation,I00038,13.771140209093451
P0001314,fiber_node,I00040,8.366220477316707
P0001314,water_source,I00042,24.505091803011062
P0001314,highway_interchange,I00043,23.032656061344078
P0001314,data_center,I00045,9.603011337977568
P0001315,transmission_line,I00036,8.610963751554342
P0001315,substation,I00038,7.870871129124682
P0001315,fiber_node,I00041,11.826384201445407
P0001315,water_source,I00042,9.78479704223016
P0001315,highway_interchange,I00043,8.843677897088822
P0001315,data_center,I00045,8.048790742650919
P0001316,transmission_line,I00036,23.06175217794421
P0001316,substation,I00038,21.764134176105706
P0001316,fiber_node,I00041,22.089918187544907
P0001316,water_source,I00042,21.21443932895555
P0001316,highway_interchange,I00043,15.759511090227305
P0001316,data_center,I00045,19.446880497566276
P0001317,transmission_line,I00037,12.909658059097874
P0001317,substation,I00038,17.629828259787345
P0001317,fiber_node,I00041,6.612486929774863
P0001317,water_source,I00042,6.978382091556364
P0001317,highway_interchange,I00043,1.9166967902832153
P0001317,data_center,I00045,18.754433723311504
P0001318,transmission_line,I00037,6.640947958682465
P0001318,substation,I00039,25.018216425804887
P0001318,fiber_node,I00041,8.94838551096831
P0001318,water_source,I00042,11.2428768276692
P0001318,highway_interchange,I00044,10.703271431184485
P0001318,data_center,I00045,27.3677027031588
P0001319,transmission_line,I00037,7.392770884222672
P0001319,substation,I00038,22.481766014061602
P0001319,fiber_node,I00041,7.12438583243984
P0001319,water_source,I00042,9.11491178937828
P0001319,highway_interchange,I00043,8.032627944717698
P0001319,data_center,I00045,24.319105623407943
P0001320,transmission_line,I00036,14.332004258252017
P0001320,substation,I00038,14.00703899339835
P0001320,fiber_node,I00041,8.75341287223733
P0001320,water_source,I00042,7.766657273418498
P0001320,highway_interchange,I00043,3.039145983230339
P0001320,data_center,I00045,14.503467103496279
P0001321,transmission_line,I00037,20.82029820232666
P0001321,substation,I00038,40.27480460463976
P0001321,fiber_node,I00041,30.173754329229503
P0001321,water_source,I00042,31.226136538185603
P0001321,highway_interchange,I00044,18.814581302603067
P0001321,data_center,I00045,39.72749906027565
P0001322,transmission_line,I00037,14.025142443376435
P0001322,substation,I00039,17.757337583179716
P0001322,fiber_node,I00041,2.8560777174634135
P0001322,water_source,I00042,4.680419744762769
P0001322,highway_interchange,I00043,9.118394686851492
P0001322,data_center,I00045,20.876033916273922
P0001323,transmission_line,I00036,10.271459235595229
P0001323,substation,I00038,9.178046685331678
P0001323,fiber_node,I00041,13.751214281823295
P0001323,water_source,I00042,11.86046670476474
P0001323,highway_interchange,I00043,9.78410903151873
P0001323,data_center,I00045,8.167395276623662
P0001324,transmission_line,I00036,5.477372929442548
P0001324,substation,I00038,4.895959126374712
P0001324,fiber_node,I00041,12.439778925907392
P0001324,water_source,I00042,10.177857676565003
P0001324,highway_interchange,I00043,10.989646737430276
P0001324,data_center,I00045,6.237836293427731
P0001325,transmission_line,I00036,15.616219146017116
P0001325,substation,I00039,16.33533582730458
P0001325,fiber_node,I00041,5.932892700331567
P0001325,water_source,I00042,6.3437976761013735
P0001325,highway_interchange,I00043,12.187758934751404
P0001325,data_center,I00045,20.35538833052739
P0001326,transmission_line,I00037,9.89607271279751
P0001326,substation,I00039,24.31378119016805
P0001326,fiber_node,I00041,8.699458262821247
P0001326,water_source,I00042,10.941379999003567
P0001326,highway_interchange,I00043,13.3328598210446
P0001326,data_center,I00045,27.312620856385482
P0001327,transmission_line,I00036,15.370112856397661
P0001327,substation,I00038,14.652325164760947
P0001327,fiber_node,I00041,12.109803784072222
P0001327,water_source,I00042,11.063838707952028
P0001327,highway_interchange,I00043,6.113788990451711
P0001327,data_center,I00045,14.169345905886525
P0001328,transmission_line,I00035,3.630146611227303
P0001328,substation,I00039,12.104885856224119
P0001328,fiber_node,I00040,18.233879155556455
P0001328,water_source,I00042,22.11866550465784
P0001328,highway_interchange,I00043,26.563605418678833
P0001328,data_center,I00045,16.413497467581156
P0001329,transmission_line,I00036,12.609045676008169
P0001329,substation,I00038,12.087699733095663
P0001329,fiber_node,I00041,10.091015669597795
P0001329,water_source,I00042,8.647132640694931
P0001329,highway_interchange,I00043,5.210273176918144
P0001329,data_center,I00045,12.266187070266756
P0001330,transmission_line,I00036,2.7341304470571752
P0001330,substation,I00038,1.2813359628132697
P0001330,fiber_node,I00040,11.271653150772362
P0001330,water_source,I00042,15.113976634972877
P0001330,highway_interchange,I00043,16.881437487629604
P0001330,data_center,I00045,3.581794523787414
P0001331,transmission_line,I00035,11.764943826128933
P0001331,substation,I00039,15.005153681727778
P0001331,fiber_node,I00041,16.71222103048129
P0001331,water_source,I00042,15.754556961524477
P0001331,highway_interchange,I00043,21.68087904944139
P0001331,data_center,I00045,20.479475471327586
P0001332,transmission_line,I00036,10.278322300702499
P0001332,substation,I00038,9.364843651998985
P0001332,fiber_node,I00041,12.621334519068382
P0001332,water_source,I00042,10.757500140203753
P0001332,highway_interchange,I00043,8.69162714489622
P0001332,data_center,I00045,8.843235926751193
P0001333,transmission_line,I00037,14.976215377167218
P0001333,substation,I00039,20.07805001097279
P0001333,fiber_node,I00041,6.708518984688043
P0001333,water_source,I00042,8.253429754580571
P0001333,highway_interchange,I00043,12.964732990159598
P0001333,data_center,I00045,23.790196851464298
P0001334,transmission_line,I00036,14.311363729119718
P0001334,substation,I00039,15.026275022787804
P0001334,fiber_node,I00041,4.91397532334754
P0001334,water_source,I00042,4.91409136136786
P0001334,highway_interchange,I00043,10.915410548090781
P0001334,data_center,I00045,18.881607379733563
P0001335,transmission_line,I00037,16.03092032975986
P0001335,substation,I00039,19.568734221896104
P0001335,fiber_node,I00041,7.056325704713266
P0001335,water_source,I00042,8.352960851450186
P0001335,highway_interchange,I00043,13.421903555730971
P0001335,data_center,I00045,23.45813501352234
P0001336,transmission_line,I00036,20.40066339374878
P0001336,substation,I00038,19.22515920204044
P0001336,fiber_node,I00041,18.91052230011161
P0001336,water_source,I00042,18.001532543186418
P0001336,highway_interchange,I00043,12.618481717412932
P0001336,data_center,I00045,17.31845185360378
P0001337,transmission_line,I00037,11.961690585909409
P0001337,substation,I00038,18.24616122431151
P0001337,fiber_node,I00041,5.980792221106991
P0001337,water_source,I00042,6.721827330144813
P0001337,highway_interchange,I00043,2.818189208529048
P0001337,data_center,I00045,19.574158735219
P0001338,transmission_line,I00037,11.500726067514554
P0001338,substation,I00038,31.283197207382436
P0001338,fiber_node,I00041,19.80665688170784
P0001338,water_source,I00042,20.997397608472355
P0001338,highway_interchange,I00044,11.097687279363768
P0001338,data_center,I00045,31.425628010909108
P0001339,transmission_line,I00036,27.273990407592358
P0001339,substation,I00038,25.841134291717132
P0001339,fiber_node,I00041,27.00992576048022
P0001339,water_source,I00042,26.15194928930192
P0001339,highway_interchange,I00043,20.65658537525669
P0001339,data_center,I00045,23.06788616381697
P0001340,transmission_line,I00036,12.145191901798745
P0001340,substation,I00038,10.45863471701871
P0001340,fiber_node,I00040,13.51264064312561
P0001340,water_source,I00042,17.41205921054327
P0001340,highway_interchange,I00043,15.241437080583623
P0001340,data_center,I00045,7.162036083453726
P0001341,transmission_line,I00037,8.715186635148026
P0001341,substation,I00038,21.217420751167047
P0001341,fiber_node,I00041,5.771469224459872
P0001341,water_source,I00042,7.769338250157299
P0001341,highway_interchange,I00043,7.182481207861763
P0001341,data_center,I00045,23.151202272085165
P0001342,transmission_line,I00037,4.816112369910697
P0001342,substation,I00039,28.56856195986395
P0001342,fiber_node,I00041,12.498884253468068
P0001342,water_source,I00042,14.790771249966728
P0001342,highway_interchange,I00044,8.154940376895714
P0001342,data_center,I00045,30.84797186357308
P0001343,transmission_line,I00037,16.895885161191362
P0001343,substation,I00038,18.68877064377487
P0001343,fiber_node,I00041,12.898321007422616
P0001343,water_source,I00042,12.575109902237287
P0001343,highway_interchange,I00043,6.52628611270221
P0001343,data_center,I00045,18.315715654351617
P0001344,transmission_line,I00037,11.333030770844749
P0001344,substation,I00039,19.237537838460323
P0001344,fiber_node,I00041,3.176886489299669
P0001344,water_source,I00042,5.456591660512654
P0001344,highway_interchange,I00043,7.412950477098834
P0001344,data_center,I00045,21.655718290159516
P0001345,transmission_line,I00037,10.761592551814205
P0001345,substation,I00038,19.088779695017802
P0001345,fiber_node,I00041,4.271557446113283
P0001345,water_source,I00042,5.928627514899571
P0001345,highway_interchange,I00043,5.164633845023843
P0001345,data_center,I00045,20.957872485681797
P0001346,transmission_line,I00037,6.443229694723062
P0001346,substation,I00039,32.80825007845657
P0001346,fiber_node,I00041,16.74851164934745
P0001346,water_source,I00042,19.05194504173405
P0001346,highway_interchange,I00044,7.49950215820761
P0001346,data_center,I00045,35.17051945554697
P0001347,transmission_line,I00037,10.573754746457526
P0001347,substation,I00039,20.224762494763592
P0001347,fiber_node,I00041,4.15518339751586
P0001347,water_source,I00042,6.454911045619113
P0001347,highway_interchange,I00043,8.266105656467248
P0001347,data_center,I00045,22.690566828875664
P0001348,transmission_line,I00037,27.086991182017243
P0001348,substation,I00038,28.793067912955994
P0001348,fiber_node,I00041,26.812386555112624
P0001348,water_source,I00042,26.41234973574967
P0001348,highway_interchange,I00043,20.4370524311216
P0001348,data_center,I00045,26.59099475828616
P0001349,transmission_line,I00036,11.440586761593654
P0001349,substation,I00038,10.193931048679126
P0001349,fiber_node,I00040,2.527973606939159
P0001349,water_source,I00042,23.87877685382242
P0001349,highway_interchange,I00043,24.736164008876745
P0001349,data_center,I00045,7.8952217620453595
P0001350,transmission_line,I00037,16.10014082598349
P0001350,substation,I00038,16.3422587613173
P0001350,fiber_node,I00041,9.619914835404973
P0001350,water_source,I00042,9.152899376660756
P0001350,highway_interchange,I00043,3.2140958813955463
P0001350,data_center,I00045,16.63463507900203
P0001351,transmission_line,I00036,12.71405919060684
P0001351,substation,I00038,12.265235971350847
P0001351,fiber_node,I00041,9.584272905011096
P0001351,water_source,I00042,8.17930986928193
P0001351,highway_interchange,I00043,4.711132612575807
P0001351,data_center,I00045,12.599540456441181
P0001352,transmission_line,I00036,16.824078650634885
P0001352,substation,I00038,15.546712531315507
P0001352,fiber_node,I00041,17.7045210379396
P0001352,water_source,I00042,16.385393412600767
P0001352,highway_interchange,I00043,11.911496375967438
P0001352,data_center,I00045,13.466315915941358
P0001353,transmission_line,I00037,19.266617893482987
P0001353,substation,I00038,19.590332519192852
P0001353,fiber_node,I00041,15.67946965190712
P0001353,water_source,I00042,15.188585593943051
P0001353,highway_interchange,I00043,9.272747480162895
P0001353,data_center,I00045,18.59422769604934
P0001354,transmission_line,I00037,12.976658100157646
P0001354,substation,I00038,17.122890071707875
P0001354,fiber_node,I00041,1.7212746383942141
P0001354,water_source,I00042,3.4986906774440887
P0001354,highway_interchange,I00043,5.390209148244125
P0001354,data_center,I00045,19.34240583379782
P0001355,transmission_line,I00037,17.93198997158541
P0001355,substation,I00038,19.747616497785227
P0001355,fiber_node,I00041,14.705092339286484
P0001355,water_source,I00042,14.364873237544236
P0001355,highway_interchange,I00043,8.3323614899558
P0001355,data_center,I00045,19.030061287736896
P0001356,transmission_line,I00037,12.752348292555103
P0001356,substation,I00039,20.598989825237318
P0001356,fiber_node,I00041,5.669958278050549
P0001356,water_source,I00042,7.672351871443947
P0001356,highway_interchange,I00043,11.450249648690109
P0001356,data_center,I00045,23.861939163817613
P0001357,transmission_line,I00036,10.98862123687743
P0001357,substation,I00038,9.973053279227063
P0001357,fiber_node,I00040,3.8437238806795984
P0001357,water_source,I00042,23.801228931017516
P0001357,highway_interchange,I00043,25.085488157728552
P0001357,data_center,I00045,8.379496290129262
P0001358,transmission_line,I00036,4.564333143210407
P0001358,substation,I00039,5.279034716770481
P0001358,fiber_node,I00041,11.919481976834957
P0001358,water_source,I00042,9.797113361444321
P0001358,highway_interchange,I00043,13.86683978781963
P0001358,data_center,I00045,10.173853168189734
P0001359,transmission_line,I00037,9.789357473248332
P0001359,substation,I00038,22.42765660259603
P0001359,fiber_node,I00041,10.542831557178104
P0001359,water_source,I00042,11.54791158855794
P0001359,highway_interchange,I00043,6.739047137055964
P0001359,data_center,I00045,23.20115103140903
P0001360,transmission_line,I00036,15.545421062207518
P0001360,substation,I00038,14.919794365421236
P0001360,fiber_node,I00041,11.415109085195304
P0001360,water_source,I00042,10.469328753078958
P0001360,highway_interchange,I00043,5.31951972320385
P0001360,data_center,I00045,14.652060912451736
P0001361,transmission_line,I00037,3.5221000618820733
P0001361,substation,I00038,26.47656572547935
P0001361,fiber_node,I00041,10.864960690114328
P0001361,water_source,I00042,12.985375549581144
P0001361,highway_interchange,I00044,7.734537090645066
P0001361,data_center,I00045,28.299670245081224
P0001362,transmission_line,I00036,4.045499713686417
P0001362,substation,I00039,4.4295659025863
P0001362,fiber_node,I00041,15.811667897189695
P0001362,water_source,I00042,13.721639527506293
P0001362,highway_interchange,I00043,17.65508745160997
P0001362,data_center,I00045,9.893958923149395
P0001363,transmission_line,I00036,7.78127801726327
P0001363,substation,I00038,6.0424477572138064
P0001363,fiber_node,I00040,11.647364181188628
P0001363,water_source,I00042,15.50213397934084
P0001363,highway_interchange,I00043,14.962463165507458
P0001363,data_center,I00045,2.961058734809857
P0001364,transmission_line,I00036,8.43245076948711
P0001364,substation,I00038,7.128538569667146
P0001364,fiber_node,I00041,14.815685495108697
P0001364,water_source,I00042,12.735845042297436
P0001364,highway_interchange,I00043,11.63091216065396
P0001364,data_center,I00045,5.81781469945837
P0001365,transmission_line,I00036,11.331811608526017
P0001365,substation,I00039,12.023660498299838
P0001365,fiber_node,I00041,4.61235685614719
P0001365,water_source,I00042,2.9174792545061847
P0001365,highway_interchange,I00043,8.774515279565323
P0001365,data_center,I00045,15.445250445956352
P0001366,transmission_line,I00037,14.223741486423501
P0001366,substation,I00038,19.197477424816324
P0001366,fiber_node,I00041,10.80807385761947
P0001366,water_source,I00042,10.89864108662845
P0001366,highway_interchange,I00043,4.823368223518953
P0001366,data_center,I00045,19.425321851720753
P0001367,transmission_line,I00035,3.9519386909655285
P0001367,substation,I00039,9.149412990775536
P0001367,fiber_node,I00041,18.609090470489907
P0001367,water_source,I00042,16.81800888532036
P0001367,highway_interchange,I00043,21.595443690789494
P0001367,data_center,I00045,14.419219635522195
P0001368,transmission_line,I00037,8.388628142196106
P0001368,substation,I00038,34.077131961322834
P0001368,fiber_node,I00041,20.514464092164307
P0001368,water_source,I00042,22.181407575553113
P0001368,highway_interchange,I00044,6.288940588491602
P0001368,data_center,I00045,34.808335023244894
P0001369,transmission_line,I00036,10.959940571517087
P0001369,substation,I00038,11.32893865862865
P0001369,fiber_node,I00041,5.374785104258802
P0001369,water_source,I00042,3.2853994526327166
P0001369,highway_interchange,I00043,5.352191707370931
P0001369,data_center,I00045,13.412222360937292
P0001370,transmission_line,I00037,26.893942712572866
P0001370,substation,I00038,38.61478254753272
P0001370,fiber_node,I00041,32.32850251380228
P0001370,water_source,I00042,32.723042971512484
P0001370,highway_interchange,I00044,26.094526633500188
P0001370,data_center,I00045,37.086288645574555
P0001371,transmission_line,I00036,21.7163435795227
P0001371,substation,I00038,20.326167562244756
P0001371,fiber_node,I00041,22.133830634461553
P0001371,water_source,I00042,21.05312097916805
P0001371,highway_interchange,I00043,15.956683857925784
P0001371,data_center,I00045,17.762952563099592
P0001372,transmission_line,I00036,22.581845671905352
P0001372,substation,I00038,21.30759865634668
P0001372,fiber_node,I00041,21.478148327183185
P0001372,water_source,I00042,20.60360982561354
P0001372,highway_interchange,I00043,15.149824646778072
P0001372,data_center,I00045,19.06717980449825
P0001373,transmission_line,I00037,13.170134746949433
P0001373,substation,I00039,28.930555326802857
P0001373,fiber_node,I00041,14.28372769166153
P0001373,water_source,I00042,16.361173244988887
P0001373,highway_interchange,I00044,15.94286059716207
P0001373,data_center,I00045,32.487396270583524
P0001374,transmission_line,I00036,9.416832545851438
P0001374,substation,I00038,9.813906901480696
P0001374,fiber_node,I00041,6.601883381285163
P0001374,water_source,I00042,4.349110414006597
P0001374,highway_interchange,I00043,6.718961218647434
P0001374,data_center,I00045,12.059635562632698
P0001375,transmission_line,I00037,7.218977726440908
P0001375,substation,I00039,26.3207879137963
P0001375,fiber_node,I00041,10.32792605794962
P0001375,water_source,I00042,12.637106154800087
P0001375,highway_interchange,I00044,10.913319766921168
P0001375,data_center,I00045,28.934018214435437
P0001376,transmission_line,I00037,6.746985225738693
P0001376,substation,I00038,36.46392301213176
P0001376,fiber_node,I00041,20.696784891272813
P0001376,water_source,I00042,22.89359544494507
P0001376,highway_interchange,I00044,3.8547297624956487
P0001376,data_center,I00045,38.218327952404536
P0001377,transmission_line,I00037,5.389653527319889
P0001377,substation,I00039,32.01846287158174
P0001377,fiber_node,I00041,15.948673365554818
P0001377,water_source,I00042,18.24252606507665
P0001377,highway_interchange,I00044,6.83849402570844
P0001377,data_center,I00045,34.27561083962433
P0001378,transmission_line,I00036,20.772447495327196
P0001378,substation,I00038,19.67531743495841
P0001378,fiber_node,I00041,18.37909854892565
P0001378,water_source,I00042,17.59525775700153
P0001378,highway_interchange,I00043,12.019800943144316
P0001378,data_center,I00045,17.976126350845767
P0001379,transmission_line,I00037,22.33144141749681
P0001379,substation,I00038,21.827865598210852
P0001379,fiber_node,I00041,19.535265874252516
P0001379,water_source,I00042,18.9633517159975
P0001379,highway_interchange,I00043,13.126625574243208
P0001379,data_center,I00045,20.163961001674004
P0001380,transmission_line,I00036,18.56052429670184
P0001380,substation,I00038,16.975380777296174
P0001380,fiber_node,I00040,5.694569688863515
P0001380,water_source,I00042,29.624723744509303
P0001380,highway_interchange,I00043,29.045812558261304
P0001380,data_center,I00045,13.38805259528183
P0001381,transmission_line,I00037,11.358748994992155
P0001381,substation,I00038,18.97818154168162
P0001381,fiber_node,I00041,6.582263214592949
P0001381,water_source,I00042,7.4472970224706385
P0001381,highway_interchange,I00043,3.4143241308250065
P0001381,data_center,I00045,20.23937833457424
P0001382,transmission_line,I00036,13.099795638560295
P0001382,substation,I00038,13.56940875554816
P0001382,fiber_node,I00041,3.2548824840390216
P0001382,water_source,I00042,1.7668016820328738
P0001382,highway_interchange,I00043,4.486443955451922
P0001382,data_center,I00045,15.710656290126213
P0001383,transmission_line,I00036,19.360657101625442
P0001383,substation,I00038,17.777563292263544
P0001383,fiber_node,I00040,19.506825534842026
P0001383,water_source,I00042,21.32077941823726
P0001383,highway_interchange,I00043,17.12181216571718
P0001383,data_center,I00045,14.648380034346102
P0001384,transmission_line,I00036,10.012992811934721
P0001384,substation,I00039,10.679335916042922
P0001384,fiber_node,I00041,5.442359396321855
P0001384,water_source,I00042,3.2471148154357827
P0001384,highway_interchange,I00043,8.138490834496649
P0001384,data_center,I00045,13.788569219556312
P0001385,transmission_line,I00036,16.083012224231478
P0001385,substation,I00038,14.252787482536752
P0001385,fiber_node,I00040,11.828471411540507
P0001385,water_source,I00042,22.999342387081
P0001385,highway_interchange,I00043,20.706520189922816
P0001385,data_center,I00045,10.171907009838646
P0001386,transmission_line,I00037,10.77901413036199
P0001386,substation,I00038,19.092821658860625
P0001386,fiber_node,I00041,4.110153387957752
P0001386,water_source,I00042,5.836028164379045
P0001386,highway_interchange,I00043,5.342883061874929
P0001386,data_center,I00045,21.008723321814553
P0001387,transmission_line,I00036,18.397694962575567
P0001387,substation,I00038,17.362537506015187
P0001387,fiber_node,I00041,16.298406579953205
P0001387,water_source,I00042,15.36167122310632
P0001387,highway_interchange,I00043,10.054590217765734
P0001387,data_center,I00045,15.910394646981366
P0001388,transmission_line,I00036,19.156505240192054
P0001388,substation,I00038,17.938094186712156
P0001388,fiber_node,I00041,18.529282790860048
P0001388,water_source,I00042,17.468983011755785
P0001388,highway_interchange,I00043,12.370331352003559
P0001388,data_center,I00045,15.946285330071532
P0001389,transmission_line,I00036,10.811472418166753
P0001389,substation,I00038,11.043394383557775
P0001389,fiber_node,I00041,6.087238233749406
P0001389,water_source,I00042,4.091146097206887
P0001389,highway_interchange,I00043,5.1204619630979815
P0001389,data_center,I00045,12.895204975385866
P0001390,transmission_line,I00036,13.14000335854687
P0001390,substation,I00038,12.295804731885607
P0001390,fiber_node,I00041,12.488303363881247
P0001390,water_source,I00042,11.0241021452771
P0001390,highway_interchange,I00043,7.295620051339056
P0001390,data_center,I00045,11.647059159095189
P0001391,transmission_line,I00036,8.055141428531407
P0001391,substation,I00038,6.629903297716974
P0001391,fiber_node,I00040,14.160572125204924
P0001391,water_source,I00042,13.35921913574695
P0001391,highway_interchange,I00043,12.460536181289935
P0001391,data_center,I00045,4.9938593844323576
P0001392,transmission_line,I00036,3.3328597451905746
P0001392,substation,I00039,4.029914958670618
P0001392,fiber_node,I00041,12.14852820964686
P0001392,water_source,I00042,9.893018872668861
P0001392,highway_interchange,I00043,13.099094336375037
P0001392,data_center,I00045,8.331173664008025
P0001393,transmission_line,I00037,10.200030849651602
P0001393,substation,I00038,22.946117117664983
P0001393,fiber_node,I00041,11.538202205721548
P0001393,water_source,I00042,12.463962164157127
P0001393,highway_interchange,I00043,7.384413257520731
P0001393,data_center,I00045,23.547469144264834
P0001394,transmission_line,I00036,6.1801659760140915
P0001394,substation,I00038,6.056770371985563
P0001394,fiber_node,I00041,10.74027673423252
P0001394,water_source,I00042,8.470757238418416
P0001394,highway_interchange,I00043,9.688697202104157
P0001394,data_center,I00045,7.91973190659743
P0001395,transmission_line,I00036,10.38574361891122
P0001395,substation,I00038,8.59793737445671
P0001395,fiber_node,I00040,11.222738586657119
P0001395,water_source,I00042,17.62527272324799
P0001395,highway_interchange,I00043,16.322709022561064
P0001395,data_center,I00045,4.869644652161135
P0001396,transmission_line,I00037,10.237079246940313
P0001396,substation,I00039,21.323635126074457
P0001396,fiber_node,I00041,5.3493812152119675
P0001396,water_source,I00042,7.652855402074695
P0001396,highway_interchange,I00043,9.80097279550488
P0001396,data_center,I00045,23.998619668772818
P0001397,transmission_line,I00037,13.642308783194704
P0001397,substation,I00038,16.438344332804633
P0001397,fiber_node,I00041,5.152155348721613
P0001397,water_source,I00042,5.334632580486503
P0001397,highway_interchange,I00043,1.561198477008404
P0001397,data_center,I00045,17.850326599335755
P0001398,transmission_line,I00035,23.61921805819598
P0001398,substation,I00039,26.71301733881594
P0001398,fiber_node,I00040,17.08873711013905
P0001398,water_source,I00042,40.486579910997364
P0001398,highway_interchange,I00043,42.37540212523701
P0001398,data_center,I00045,25.746481674444226
P0001399,transmission_line,I00037,6.4130715629800745
P0001399,substation,I00038,23.824501373216272
P0001399,fiber_node,I00041,9.481593768964043
P0001399,water_source,I00042,11.178757879588135
P0001399,highway_interchange,I00043,8.407066026747009
P0001399,data_center,I00045,25.223025651196174
P0001400,transmission_line,I00037,20.534742943889075
P0001400,substation,I00039,24.469016703147176
P0001400,fiber_node,I00041,14.217711703209853
P0001400,water_source,I00042,15.338573624084729
P0001400,highway_interchange,I00043,20.588365525990067
P0001400,data_center,I00045,29.062437245350637
P0001401,transmission_line,I00036,3.3881568169365264
P0001401,substation,I00039,4.0977279075689905
P0001401,fiber_node,I00041,12.886426818786411
P0001401,water_source,I00042,10.70888910640473
P0001401,highway_interchange,I00043,14.410176555545897
P0001401,data_center,I00045,9.128265514115759
P0001402,transmission_line,I00036,14.032442886106473
P0001402,substation,I00038,14.061132084974435
P0001402,fiber_node,I00041,6.030333709312187
P0001402,water_source,I00042,5.147728168670592
P0001402,highway_interchange,I00043,1.7245384849219316
P0001402,data_center,I00045,15.318337068432276
P0001403,transmission_line,I00037,2.2996843782871115
P0001403,substation,I00038,28.60892520156807
P0001403,fiber_node,I00041,12.791520605365784
P0001403,water_source,I00042,14.985399012739364
P0001403,highway_interchange,I00044,6.222284408672446
P0001403,data_center,I00045,30.517902644525403
P0001404,transmission_line,I00035,5.407737350683478
P0001404,substation,I00039,13.150248495198138
P0001404,fiber_node,I00040,21.106177976161412
P0001404,water_source,I00042,21.057872591406124
P0001404,highway_interchange,I00043,26.0324217641202
P0001404,data_center,I00045,18.06635010167544
P0001405,transmission_line,I00037,23.29700681237356
P0001405,substation,I00038,23.04075612421651
P0001405,fiber_node,I00041,20.973538086309677
P0001405,water_source,I00042,20.42156680519711
P0001405,highway_interchange,I00043,14.56538677449482
P0001405,data_center,I00045,21.214485771809137
P0001406,transmission_line,I00037,15.412727489042686
P0001406,substation,I00038,44.72315113733304
P0001406,fiber_node,I00041,29.7565085310069
P0001406,water_source,I00042,31.784012666486802
P0001406,highway_interchange,I00044,11.19869941960808
P0001406,data_center,I00045,45.87340161910995
P0001407,transmission_line,I00037,13.81873114559417
P0001407,substation,I00038,19.355313961229793
P0001407,fiber_node,I00041,10.570043213107601
P0001407,water_source,I00042,10.739382017710074
P0001407,highway_interchange,I00043,4.715601958569874
P0001407,data_center,I00045,19.66234875463489
P0001408,transmission_line,I00037,18.511917422739725
P0001408,substation,I00038,19.74999977593949
P0001408,fiber_node,I00041,15.185259883786314
P0001408,water_source,I00042,14.784658134423962
P0001408,highway_interchange,I00043,8.793901637351274
P0001408,data_center,I00045,18.90625582372096
P0001409,transmission_line,I00036,5.161606097439536
P0001409,substation,I00039,5.771035301177119
P0001409,fiber_node,I00041,10.338158962434656
P0001409,water_source,I00042,8.0371126547572
P0001409,highway_interchange,I00043,10.859176116997324
P0001409,data_center,I00045,8.901063098852074
P0001410,transmission_line,I00037,4.081379433601812
P0001410,substation,I00038,30.77331204308708
P0001410,fiber_node,I00041,16.376149636944465
P0001410,water_source,I00042,18.202851869952937
P0001410,highway_interchange,I00044,4.196824962152996
P0001410,data_center,I00045,31.916195508590793
P0001411,transmission_line,I00035,5.148621608119287
P0001411,substation,I00039,8.735423030631457
P0001411,fiber_node,I00040,11.167952857297388
P0001411,water_source,I00042,21.9011976759013
P0001411,highway_interchange,I00043,24.927347960637363
P0001411,data_center,I00045,11.0260244903535
P0001412,transmission_line,I00036,7.200981640549574
P0001412,substation,I00039,7.921815141842971
P0001412,fiber_node,I00041,9.515630270931632
P0001412,water_source,I00042,7.557666720695132
P0001412,highway_interchange,I00043,12.413793196036552
P0001412,data_center,I00045,12.424018168578938
P0001413,transmission_line,I00037,2.901850207858368
P0001413,substation,I00038,31.654223306051367
P0001413,fiber_node,I00041,15.772133859651767
P0001413,water_source,I00042,17.99238388374261
P0001413,highway_interchange,I00044,4.366408082155761
P0001413,data_center,I00045,33.566428191829345
P0001414,transmission_line,I00037,15.74856558359157
P0001414,substation,I00038,25.689086638786417
P0001414,fiber_node,I00041,17.814930408855144
P0001414,water_source,I00042,18.193389717543788
P0001414,highway_interchange,I00043,12.19512089667191
P0001414,data_center,I00045,25.139086485498826
P0001415,transmission_line,I00037,5.1961755378456855
P0001415,substation,I00038,26.0021015792125
P0001415,fiber_node,I00041,11.89785819475952
P0001415,water_source,I00042,13.580423668287466
P0001415,highway_interchange,I00044,8.216480303034801
P0001415,data_center,I00045,27.211338139715554
P0001416,transmission_line,I00037,14.432536505416511
P0001416,substation,I00039,17.54970880407621
P0001416,fiber_node,I00041,3.042828597161044
P0001416,water_source,I00042,4.692163365496797
P0001416,highway_interchange,I00043,9.386854952932126
P0001416,data_center,I00045,20.764231480705114
P0001417,transmission_line,I00037,5.74910281875199
P0001417,substation,I00039,26.491597462702494
P0001417,fiber_node,I00041,10.421805554425225
P0001417,water_source,I00042,12.716734191956363
P0001417,highway_interchange,I00044,9.618264891459356
P0001417,data_center,I00045,28.82283359653485
P0001418,transmission_line,I00035,7.716178140737643
P0001418,substation,I00039,9.046954890957645
P0001418,fiber_node,I00040,8.488003813001757
P0001418,water_source,I00042,22.742292547686365
P0001418,highway_interchange,I00043,25.15437790284773
P0001418,data_center,I00045,9.882623761491551
P0001419,transmission_line,I00037,12.010721257166244
P0001419,substation,I00039,23.65126869297557
P0001419,fiber_node,I00041,8.75225335220083
P0001419,water_source,I00042,10.82054449295136
P0001419,highway_interchange,I00043,14.138861208346263
P0001419,data_center,I00045,27.012537764083444
P0001420,transmission_line,I00037,12.759330688642994
P0001420,substation,I00038,24.338616598823958
P0001420,fiber_node,I00041,14.784732682009636
P0001420,water_source,I00042,15.404923534256028
P0001420,highway_interchange,I00043,9.676166298753978
P0001420,data_center,I00045,24.331616324139745
P0001421,transmission_line,I00036,11.466054038099971
P0001421,substation,I00038,11.30632626694377
P0001421,fiber_node,I00041,7.885623280391639
P0001421,water_source,I00042,6.217738977498214
P0001421,highway_interchange,I00043,4.509131598027521
P0001421,data_center,I00045,12.360230927228526
P0001422,transmission_line,I00036,8.587235620783364
P0001422,substation,I00038,7.804596270285593
P0001422,fiber_node,I00041,12.039875263041761
P0001422,water_source,I00042,9.9970902146506
P0001422,highway_interchange,I00043,9.025813473847858
P0001422,data_center,I00045,7.888191620181022
P0001423,transmission_line,I00037,7.996708081586293
P0001423,substation,I00039,35.72895321518839
P0001423,fiber_node,I00041,19.660902280316403
P0001423,water_source,I00042,21.958454184702937
P0001423,highway_interchange,I00044,7.409332830424488
P0001423,data_center,I00045,37.99363710391947
P0001424,transmission_line,I00037,8.499796259096602
P0001424,substation,I00039,22.655027187259297
P0001424,fiber_node,I00041,6.585516687944406
P0001424,water_source,I00042,8.883576065353157
P0001424,highway_interchange,I00043,10.011154749360538
P0001424,data_center,I00045,25.06723335985455
P0001425,transmission_line,I00036,13.770029756342346
P0001425,substation,I00038,13.639885237670843
P0001425,fiber_node,I00041,7.250004967841229
P0001425,water_source,I00042,6.208006992442282
P0001425,highway_interchange,I00043,2.2701216086970155
P0001425,data_center,I00045,14.587631835270376
P0001426,transmission_line,I00036,15.210987854257814
P0001426,substation,I00038,14.051511603747848
P0001426,fiber_node,I00041,15.772161904838766
P0001426,water_source,I00042,14.39054761924291
P0001426,highway_interchange,I00043,10.16287340252532
P0001426,data_center,I00045,12.397934762698052
P0001427,transmission_line,I00037,10.450575820671533
P0001427,substation,I00039,33.1361656714702
P0001427,fiber_node,I00041,17.44885241832443
P0001427,water_source,I00042,19.72812315221192
P0001427,highway_interchange,I00044,11.865068240191434
P0001427,data_center,I00045,36.10394199169221
P0001428,transmission_line,I00037,17.238863362181792
P0001428,substation,I00038,18.96041423511332
P0001428,fiber_node,I00041,13.451401028786616
P0001428,water_source,I00042,13.114177183976357
P0001428,highway_interchange,I00043,7.075790612526845
P0001428,data_center,I00045,18.473209844865316
P0001429,transmission_line,I00037,10.930101285073238
P0001429,substation,I00038,18.99436591315071
P0001429,fiber_node,I00041,5.349204647551006
P0001429,water_source,I00042,6.574725284830532
P0001429,highway_interchange,I00043,4.102474091364915
P0001429,data_center,I00045,20.56448529615345
P0001430,transmission_line,I00036,13.572326708677604
P0001430,substation,I00038,13.936333054989134
P0001430,fiber_node,I00041,3.6556228905496444
P0001430,water_source,I00042,2.6016683055648797
P0001430,highway_interchange,I00043,3.5843281527856217
P0001430,data_center,I00045,15.863178382540125
P0001431,transmission_line,I00036,17.668625140400604
P0001431,substation,I00038,16.255128469996688
P0001431,fiber_node,I00041,19.6092835463873
P0001431,water_source,I00042,18.23108102982407
P0001431,highway_interchange,I00043,13.86909890740985
P0001431,data_center,I00045,13.723682174295488
P0001432,transmission_line,I00037,2.621381751581867
P0001432,substation,I00038,28.739322006910246
P0001432,fiber_node,I00041,12.85301201237901
P0001432,water_source,I00042,15.068529228626486
P0001432,highway_interchange,I00044,6.383140704156712
P0001432,data_center,I00045,30.70013654411876
P0001433,transmission_line,I00037,17.65991214079096
P0001433,substation,I00038,18.16052651760463
P0001433,fiber_node,I00041,13.141908473192432
P0001433,water_source,I00042,12.679639063021762
P0001433,highway_interchange,I00043,6.735098352166857
P0001433,data_center,I00045,17.66400640430802
P0001434,transmission_line,I00036,18.234394287379573
P0001434,substation,I00038,16.97800583139325
P0001434,fiber_node,I00041,18.332770533207555
P0001434,water_source,I00042,17.15514810055864
P0001434,highway_interchange,I00043,12.313559104022813
P0001434,data_center,I00045,14.906257750190505
P0001435,transmission_line,I00037,19.02893401229667
P0001435,substation,I00038,34.55281861658149
P0001435,fiber_node,I00041,25.7628985777772
P0001435,water_source,I00042,26.511659154857973
P0001435,highway_interchange,I00044,18.26165382471458
P0001435,data_center,I00045,33.80531186244425
P0001436,transmission_line,I00037,12.287043450381226
P0001436,substation,I00038,17.659692900118404
P0001436,fiber_node,I00041,4.833200714899423
P0001436,water_source,I00042,5.634983455747416
P0001436,highway_interchange,I00043,2.9092589451435025
P0001436,data_center,I00045,19.207740957696057
P0001437,transmission_line,I00036,6.981044012066695
P0001437,substation,I00039,7.6763082208866535
P0001437,fiber_node,I00041,11.26421526654558
P0001437,water_source,I00042,9.414506137128159
P0001437,highway_interchange,I00043,14.379924984026319
P0001437,data_center,I00045,12.711142773068325
P0001438,transmission_line,I00036,1.7088950123775937
P0001438,substation,I00038,1.82669537647109
P0001438,fiber_node,I00040,14.322542956004243
P0001438,water_source,I00042,12.0345489845012
P0001438,highway_interchange,I00043,14.211809645898517
P0001438,data_center,I00045,5.526239237290015
P0001439,transmission_line,I00036,13.635986175615907
P0001439,substation,I00038,13.938948573880705
P0001439,fiber_node,I00041,4.062990173928549
P0001439,water_source,I00042,3.0636079953160564
P0001439,highway_interchange,I00043,3.1669583450475063
P0001439,data_center,I00045,15.749068284159964
P0001440,transmission_line,I00036,17.69422592962084
P0001440,substation,I00038,16.452567574476767
P0001440,fiber_node,I00041,17.860156216131635
P0001440,water_source,I00042,16.650448467038707
P0001440,highway_interchange,I00043,11.894072757169813
P0001440,data_center,I00045,14.443737219285268
P0001441,transmission_line,I00036,10.8244933908645
P0001441,substation,I00038,11.279909303027827
P0001441,fiber_node,I00041,5.166096465394726
P0001441,water_source,I00042,2.975724891250807
P0001441,highway_interchange,I00043,5.767567977589977
P0001441,data_center,I00045,13.520673121502673
P0001442,transmission_line,I00037,10.415446674111811
P0001442,substation,I00038,19.471284833115405
P0001442,fiber_node,I00041,4.342351082675991
P0001442,water_source,I00042,6.151172269506448
P0001442,highway_interchange,I00043,5.6933457277916455
P0001442,data_center,I00045,21.400964392805054
P0001443,transmission_line,I00037,8.991379632298136
P0001443,substation,I00039,21.983594489022742
P0001443,fiber_node,I00041,5.913917301713523
P0001443,water_source,I00042,8.208045748633763
P0001443,highway_interchange,I00043,9.418901310257889
P0001443,data_center,I00045,24.384160072430994
P0001444,transmission_line,I00037,13.611735817437275
P0001444,substation,I00038,28.61791843853744
P0001444,fiber_node,I00041,18.833037576099596
P0001444,water_source,I00042,19.639031391140538
P0001444,highway_interchange,I00043,14.044298209404536
P0001444,data_center,I00045,28.399764085687977
P0001445,transmission_line,I00036,15.386667727885127
P0001445,substation,I00038,15.004482761251491
P0001445,fiber_node,I00041,9.396635948425313
P0001445,water_source,I00042,8.618050166694633
P0001445,highway_interchange,I00043,3.2252137360377726
P0001445,data_center,I00045,15.312814002623261
P0001446,transmission_line,I00036,4.100842489310439
P0001446,substation,I00038,2.7620899287137055
P0001446,fiber_node,I00040,9.801368321255568
P0001446,water_source,I00042,16.57191438307227
P0001446,highway_interchange,I00043,18.149343435210252
P0001446,data_center,I00045,3.221845599607016
P0001447,transmission_line,I00037,19.458458163276905
P0001447,substation,I00038,21.19170356234816
P0001447,fiber_node,I00041,17.00153237107331
P0001447,water_source,I00042,16.63634629586799
P0001447,highway_interchange,I00043,10.625254657796072
P0001447,data_center,I00045,20.08122067560728
P0001448,transmission_line,I00037,15.867945754410174
P0001448,substation,I00038,23.06463996292764
P0001448,fiber_node,I00041,15.815719960093022
P0001448,water_source,I00042,15.982494147790243
P0001448,highway_interchange,I00043,9.892614819858512
P0001448,data_center,I00045,22.5611324480214
P0001449,transmission_line,I00036,10.766819232110258
P0001449,substation,I00038,9.027431559339156
P0001449,fiber_node,I00040,12.20375119246052
P0001449,water_source,I00042,17.184432623268343
P0001449,highway_interchange,I00043,15.59691526364258
P0001449,data_center,I00045,5.5558557591041895
P0001450,transmission_line,I00036,6.548751120112934
P0001450,substation,I00038,6.858944918656792
P0001450,fiber_node,I00041,9.428957649238821
P0001450,water_source,I00042,7.126753686298216
P0001450,highway_interchange,I00043,9.248533463409366
P0001450,data_center,I00045,9.289795359137273
P0001451,transmission_line,I00036,14.434512830015715
P0001451,substation,I00038,12.83043481308249
P0001451,fiber_node,I00040,3.2659624104852782
P0001451,water_source,I00042,25.579915000423025
P0001451,highway_interchange,I00043,25.308160232143223
P0001451,data_center,I00045,9.269196820066146
P0001452,transmission_line,I00037,8.264641577756496
P0001452,substation,I00038,24.1556720262192
P0001452,fiber_node,I00041,11.553162383486756
P0001452,water_source,I00042,12.80429978732924
P0001452,highway_interchange,I00043,8.424189293519817
P0001452,data_center,I00045,24.999439599571254
P0001453,transmission_line,I00037,14.721352962517283
P0001453,substation,I00038,15.271434888071052
P0001453,fiber_node,I00041,4.794704074023796
P0001453,water_source,I00042,4.498491537332119
P0001453,highway_interchange,I00043,1.6575091232139014
P0001453,data_center,I00045,16.774698830093804
P0001454,transmission_line,I00037,18.454372711598058
P0001454,substation,I00038,32.412433951688215
P0001454,fiber_node,I00041,24.08003862335526
P0001454,water_source,I00042,24.712773314574886
P0001454,highway_interchange,I00044,18.177509085451664
P0001454,data_center,I00045,31.62301514843995
P0001455,transmission_line,I00036,17.21405835199508
P0001455,substation,I00038,15.998703982925115
P0001455,fiber_node,I00041,17.325559150295017
P0001455,water_source,I00042,16.0971404276321
P0001455,highway_interchange,I00043,11.39905060343207
P0001455,data_center,I00045,14.085847298323984
P0001456,transmission_line,I00036,9.807770116729472
P0001456,substation,I00038,9.653104755908704
P0001456,fiber_node,I00041,8.541861366974496
P0001456,water_source,I00042,6.566428771515458
P0001456,highway_interchange,I00043,6.112765310555813
P0001456,data_center,I00045,10.880155267932262
P0001457,transmission_line,I00036,17.92316712065001
P0001457,substation,I00039,18.643582218512503
P0001457,fiber_node,I00041,8.44704314086269
P0001457,water_source,I00042,9.180073271727812
P0001457,highway_interchange,I00043,14.833643195752794
P0001457,data_center,I00045,22.948360237594546
P0001458,transmission_line,I00035,3.7904463887584985
P0001458,substation,I00039,9.140780616627985
P0001458,fiber_node,I00040,12.821716867697809
P0001458,water_source,I00042,21.73379035970993
P0001458,highway_interchange,I00043,25.12887207907358
P0001458,data_center,I00045,12.123654497484981
P0001459,transmission_line,I00036,8.067730538035676
P0001459,substation,I00039,8.719148782038713
P0001459,fiber_node,I00041,7.351846205336958
P0001459,water_source,I00042,5.0759548432258095
P0001459,highway_interchange,I00043,8.93329034123807
P0001459,data_center,I00045,11.813719102102324
P0001460,transmission_line,I00036,14.452098905506851
P0001460,substation,I00039,15.166391364666103
P0001460,fiber_node,I00041,4.810840544355851
P0001460,water_source,I00042,4.884826927086628
P0001460,highway_interchange,I00043,10.857204914008053
P0001460,data_center,I00045,18.995633281078874
P0001461,transmission_line,I00037,9.66408147349519
P0001461,substation,I00038,21.400022324046148
P0001461,fiber_node,I00041,8.880436334670552
P0001461,water_source,I00042,9.977985634093649
P0001461,highway_interchange,I00043,5.666725763680916
P0001461,data_center,I00045,22.434432613702228
P0001462,transmission_line,I00036,16.567162565212293
P0001462,substation,I00038,14.755376892041795
P0001462,fiber_node,I00040,13.048706050547917
P0001462,water_source,I00042,22.75357482473328
P0001462,highway_interchange,I00043,20.154825140730225
P0001462,data_center,I00045,10.775414778434673
P0001463,transmission_line,I00037,16.03767653232929
P0001463,substation,I00038,22.71660910605794
P0001463,fiber_node,I00041,15.652019106686083
P0001463,water_source,I00042,15.77267631426206
P0001463,highway_interchange,I00043,9.669279987374416
P0001463,data_center,I00045,22.19741372643943
P0001464,transmission_line,I00036,11.412240069448604
P0001464,substation,I00038,11.70639284000126
P0001464,fiber_node,I00041,5.369032935769632
P0001464,water_source,I00042,3.4459010364165943
P0001464,highway_interchange,I00043,4.742239136305055
P0001464,data_center,I00045,13.627253376646491
P0001465,transmission_line,I00036,13.366235919627794
P0001465,substation,I00039,14.078711108475892
P0001465,fiber_node,I00041,8.886140259771802
P0001465,water_source,I00042,8.313340662597701
P0001465,highway_interchange,I00043,14.431318015558121
P0001465,data_center,I00045,18.76774401577636
P0001466,transmission_line,I00036,9.82659524278552
P0001466,substation,I00038,9.756943307560629
P0001466,fiber_node,I00041,8.124298990803025
P0001466,water_source,I00042,6.124678340350235
P0001466,highway_interchange,I00043,5.9843493630572775
P0001466,data_center,I00045,11.144008428428572
P0001467,transmission_line,I00037,10.063296994450754
P0001467,substation,I00038,19.830634779269342
P0001467,fiber_node,I00041,4.6205939113572185
P0001467,water_source,I00042,6.479861339455282
P0001467,highway_interchange,I00043,5.985339144415236
P0001467,data_center,I00045,21.760448631677495
P0001468,transmission_line,I00037,25.340673582525543
P0001468,substation,I00039,51.45094337750282
P0001468,fiber_node,I00041,35.78025387437397
P0001468,water_source,I00042,38.069115671591874
P0001468,highway_interchange,I00044,23.5539484309438
P0001468,data_center,I00045,54.43664592851172
P0001469,transmission_line,I00036,15.223822152108585
P0001469,substation,I00038,15.032001455387412
P0001469,fiber_node,I00041,7.828541844905151
P0001469,water_source,I00042,7.176194488311446
P0001469,highway_interchange,I00043,1.675800493959433
P0001469,data_center,I00045,15.767575174764172
P0001470,transmission_line,I00036,12.930528093177163
P0001470,substation,I00038,13.39808399982551
P0001470,fiber_node,I00041,3.387156317389067
P0001470,water_source,I00042,1.7938426397645673
P0001470,highway_interchange,I00043,4.547003734004035
P0001470,data_center,I00045,15.54364504636934
P0001471,transmission_line,I00037,1.870829071621549
P0001471,substation,I00038,31.086448265932816
P0001471,fiber_node,I00041,15.338252146410522
P0001471,water_source,I00042,17.518927927014158
P0001471,highway_interchange,I00044,3.954859026784645
P0001471,data_center,I00045,32.90099549818494
P0001472,transmission_line,I00036,10.618600893252019
P0001472,substation,I00039,11.278609614608214
P0001472,fiber_node,I00041,4.814013286662567
P0001472,water_source,I00042,2.600591265365122
P0001472,highway_interchange,I00043,7.64201718280344
P0001472,data_center,I00045,14.257888064741918
P0001473,transmission_line,I00037,19.00569369311503
P0001473,substation,I00039,27.114249111096225
P0001473,fiber_node,I00041,15.274275911763857
P0001473,water_source,I00042,16.771022382495037
P0001473,highway_interchange,I00043,21.41842254005813
P0001473,data_center,I00045,31.46820585162818
P0001474,transmission_line,I00035,8.173250762193026
P0001474,substation,I00039,9.678890214433075
P0001474,fiber_node,I00041,14.579190760404272
P0001474,water_source,I00042,13.011149126535964
P0001474,highway_interchange,I00043,18.34189265488921
P0001474,data_center,I00045,15.145190723076094
P0001475,transmission_line,I00037,2.8828919866879916
P0001475,substation,I00038,28.1381395566369
P0001475,fiber_node,I00041,12.262854438192004
P0001475,water_source,I00042,14.473365585985068
P0001475,highway_interchange,I00044,6.834636315022685
P0001475,data_center,I00045,30.100530673445597
P0001476,transmission_line,I00036,13.822565727737146
P0001476,substation,I00038,12.148337455044649
P0001476,fiber_node,I00040,14.528398998767296
P0001476,water_source,I00042,18.367363416245137
P0001476,highway_interchange,I00043,15.675343885775414
P0001476,data_center,I00045,8.829250256429232
P0001477,transmission_line,I00037,13.787551824411342
P0001477,substation,I00038,22.260533318816304
P0001477,fiber_node,I00041,13.587343595232086
P0001477,water_source,I00042,13.947073845970397
P0001477,highway_interchange,I00043,7.991463237041554
P0001477,data_center,I00045,22.202854048055123
P0001478,transmission_line,I00036,13.275007229733122
P0001478,substation,I00039,13.975766991285951
P0001478,fiber_node,I00041,3.7138292074322132
P0001478,water_source,I00042,3.1446653175650767
P0001478,highway_interchange,I00043,9.241175680203536
P0001478,data_center,I00045,17.484756348156562
P0001479,transmission_line,I00036,21.429615924438405
P0001479,substation,I00038,20.129410179855345
P0001479,fiber_node,I00041,20.923640392708815
P0001479,water_source,I00042,19.93902827523425
P0001479,highway_interchange,I00043,14.672134405712995
P0001479,data_center,I00045,17.838902827793326
P0001480,transmission_line,I00037,14.049842825318422
P0001480,substation,I00038,22.618633618431748
P0001480,fiber_node,I00041,14.118095214248697
P0001480,water_source,I00042,14.467842832736398
P0001480,highway_interchange,I00043,8.494655119534537
P0001480,data_center,I00045,22.48172552458489
P0001481,transmission_line,I00036,16.175526507561184
P0001481,substation,I00038,15.566092813716235
P0001481,fiber_node,I00041,11.500854859148804
P0001481,water_source,I00042,10.678861220326741
P0001481,highway_interchange,I00043,5.260438300310093
P0001481,data_center,I00045,15.303629479518403
P0001482,transmission_line,I00037,10.337568386107668
P0001482,substation,I00038,19.50561727362345
P0001482,fiber_node,I00041,4.67746877995428
P0001482,water_source,I00042,6.365620296258202
P0001482,highway_interchange,I00043,5.386487297466059
P0001482,data_center,I00045,21.342337913290237
P0001483,transmission_line,I00036,12.595561855642837
P0001483,substation,I00038,11.66508407339274
P0001483,fiber_node,I00041,13.012863339271773
P0001483,water_source,I00042,11.439192512148454
P0001483,highway_interchange,I00043,8.057057765883235
P0001483,data_center,I00045,10.837550610110467
P0001484,transmission_line,I00036,7.709864090413117
P0001484,substation,I00039,8.368548847115013
P0001484,fiber_node,I00041,7.711983818545235
P0001484,water_source,I00042,5.447963385145757
P0001484,highway_interchange,I00043,9.322644199083868
P0001484,data_center,I00045,11.588190155387064
P0001485,transmission_line,I00037,5.8479136201616315
P0001485,substation,I00039,32.224521430657575
P0001485,fiber_node,I00041,16.15798928192071
P0001485,water_source,I00042,18.457627179901248
P0001485,highway_interchange,I00044,7.205056990910368
P0001485,data_center,I00045,34.54064183213093
P0001486,transmission_line,I00037,19.456941856934414
P0001486,substation,I00038,21.589750433478784
P0001486,fiber_node,I00041,17.28598596585838
P0001486,water_source,I00042,16.9557533672303
P0001486,highway_interchange,I00043,10.92386379538614
P0001486,data_center,I00045,20.467100905704328
P0001487,transmission_line,I00037,9.476837825323672
P0001487,substation,I00038,20.408478916268315
P0001487,fiber_node,I00041,5.16804367441749
P0001487,water_source,I00042,7.061690169660278
P0001487,highway_interchange,I00043,6.374259539991567
P0001487,data_center,I00045,22.31089419046068
P0001488,transmission_line,I00036,12.509753560147072
P0001488,substation,I00038,12.44439689776937
P0001488,fiber_node,I00041,6.9800228272441585
P0001488,water_source,I00042,5.566311403388884
P0001488,highway_interchange,I00043,3.3051116052006564
P0001488,data_center,I00045,13.607156155481945
P0001489,transmission_line,I00037,13.886016243453563
P0001489,substation,I00038,16.857081073467235
P0001489,fiber_node,I00041,6.935970983916333
P0001489,water_source,I00042,6.970630165383073
P0001489,highway_interchange,I00043,1.1511709316646497
P0001489,data_center,I00045,17.857229285739685
P0001490,transmission_line,I00036,6.009742447786807
P0001490,substation,I00038,4.328525233762364
P0001490,fiber_node,I00040,8.49114421749855
P0001490,water_source,I00042,17.5372809795986
P0001490,highway_interchange,I00043,18.382587367944506
P0001490,data_center,I00045,1.7467225832457467
P0001491,transmission_line,I00037,11.950232294348687
P0001491,substation,I00038,19.56134596101925
P0001491,fiber_node,I00041,8.697689212141725
P0001491,water_source,I00042,9.270732454210059
P0001491,highway_interchange,I00043,3.9196952451957174
P0001491,data_center,I00045,20.36677983055557
P0001492,transmission_line,I00036,4.1648555434928785
P0001492,substation,I00038,3.265289292389312
P0001492,fiber_node,I00041,13.902765540102934
P0001492,water_source,I00042,11.611704757417296
P0001492,highway_interchange,I00043,12.70084500229231
P0001492,data_center,I00045,4.787161138190902
P0001493,transmission_line,I00037,10.047046030944745
P0001493,substation,I00038,25.22567378282202
P0001493,fiber_node,I00041,13.8987568684189
P0001493,water_source,I00042,14.904304156563864
P0001493,highway_interchange,I00043,9.79841626545514
P0001493,data_center,I00045,25.63653521907286
P0001494,transmission_line,I00036,10.808844549711461
P0001494,substation,I00038,9.490879616923724
P0001494,fiber_node,I00040,3.051110518784043
P0001494,water_source,I00042,23.10590463030116
P0001494,highway_interchange,I00043,23.884311744422437
P0001494,data_center,I00045,7.043044437342092
P0001495,transmission_line,I00036,16.475128019330597
P0001495,substation,I00039,17.189942657906112
P0001495,fiber_node,I00041,5.23397735488164
P0001495,water_source,I00042,6.103135727436659
P0001495,highway_interchange,I00043,11.622681871168739
P0001495,data_center,I00045,20.98784535721046
P0001496,transmission_line,I00036,20.06839236054386
P0001496,substation,I00038,18.93355809802844
P0001496,fiber_node,I00041,18.2851059829747
P0001496,water_source,I00042,17.396185799180824
P0001496,highway_interchange,I00043,11.984390221291667
P0001496,data_center,I00045,17.150462065111785
P0001497,transmission_line,I00037,12.843311340312752
P0001497,substation,I00038,25.974002424728987
P0001497,fiber_node,I00041,16.270854084301767
P0001497,water_source,I00042,16.982017278656215
P0001497,highway_interchange,I00043,11.323189242076136
P0001497,data_center,I00045,25.88993878117599
P0001498,transmission_line,I00036,3.0361314735170972
P0001498,substation,I00038,1.4899523607612684
P0001498,fiber_node,I00040,12.726862583208142
P0001498,water_source,I00042,13.330890362773857
P0001498,highway_interchange,I00043,14.714334347215566
P0001498,data_center,I00045,3.5118310082367308
P0001499,transmission_line,I00036,9.371447219418714
P0001499,substation,I00038,7.582526311847469
P0001499,fiber_node,I00040,11.0411719471717
P0001499,water_source,I00042,16.995503486644473
P0001499,highway_interchange,I00043,16.01545324156813
P0001499,data_center,I00045,3.9097290781913085
P0001500,transmission_line,I00036,10.390055628542926
P0001500,substation,I00038,8.955855104317404
P0001500,fiber_node,I00040,15.170849560727143
P0001500,water_source,I00042,14.201011613618135
P0001500,highway_interchange,I00043,12.246081931434865
P0001500,data_center,I00045,6.836605522083829
P0001501,transmission_line,I00037,18.16046775047251
P0001501,substation,I00038,25.680749137268702
P0001501,fiber_node,I00041,19.32160089462551
P0001501,water_source,I00042,19.456857225997176
P0001501,highway_interchange,I00043,13.347282996420729
P0001501,data_center,I00045,24.738764931652486
P0001502,transmission_line,I00037,17.356533707089124
P0001502,substation,I00038,35.07661870877829
P0001502,fiber_node,I00041,25.256846503190232
P0001502,water_source,I00042,26.195516668687144
P0001502,highway_interchange,I00044,16.261074775331156
P0001502,data_center,I00045,34.59691001186041
P0001503,transmission_line,I00036,13.836423666167724
P0001503,substation,I00038,13.50651727634853
P0001503,fiber_node,I00041,8.748299940531219
P0001503,water_source,I00042,7.63723641685525
P0001503,highway_interchange,I00043,3.3209545525544866
P0001503,data_center,I00045,14.023367506723742
P0001504,transmission_line,I00036,7.816060653262159
P0001504,substation,I00038,6.771696495367586
P0001504,fiber_node,I00041,13.423762901946011
P0001504,water_source,I00042,11.313671527805633
P0001504,highway_interchange,I00043,10.582635821366841
P0001504,data_center,I00045,6.380480652475461
P0001505,transmission_line,I00036,14.78453293018516
P0001505,substation,I00038,13.608020671593383
P0001505,fiber_node,I00041,15.728041422766067
P0001505,water_source,I00042,14.29007692051215
P0001505,highway_interchange,I00043,10.237067647290363
P0001505,data_center,I00045,11.92966573649451
P0001506,transmission_line,I00037,10.216540851751052
P0001506,substation,I00038,19.74576962760954
P0001506,fiber_node,I00041,4.325634584851144
P0001506,water_source,I00042,6.271438393907405
P0001506,highway_interchange,I00043,6.203485063317655
P0001506,data_center,I00045,21.752536901258303
P0001507,transmission_line,I00036,13.772454234166588
P0001507,substation,I00038,13.127178282512734
P0001507,fiber_node,I00041,11.116274120709292
P0001507,water_source,I00042,9.842672329767822
P0001507,highway_interchange,I00043,5.629221065465466
P0001507,data_center,I00045,12.924387392752113
P0001508,transmission_line,I00037,14.549833309580196
P0001508,substation,I00038,40.40286055128049
P0001508,fiber_node,I00041,27.23501686089248
P0001508,water_source,I00042,28.86958656437944
P0001508,highway_interchange,I00044,11.229485539429685
P0001508,data_center,I00045,40.842375757714116
P0001509,transmission_line,I00036,6.978151985978818
P0001509,substation,I00038,7.458803167582728
P0001509,fiber_node,I00041,8.723663500749787
P0001509,water_source,I00042,6.414454124322188
P0001509,highway_interchange,I00043,9.018238897956405
P0001509,data_center,I00045,10.072368906097772
P0001510,transmission_line,I00036,6.864418097189545
P0001510,substation,I00039,7.508850437147106
P0001510,fiber_node,I00041,8.561337953868412
P0001510,water_source,I00042,6.275339882196017
P0001510,highway_interchange,I00043,9.717959742587047
P0001510,data_center,I00045,10.671441854605519
P0001511,transmission_line,I00036,25.367323962566015
P0001511,substation,I00038,23.758679112094825
P0001511,fiber_node,I00040,24.030630323035336
P0001511,water_source,I00042,26.61377891774367
P0001511,highway_interchange,I00043,21.76786307147549
P0001511,data_center,I00045,20.466086297449294
P0001512,transmission_line,I00037,17.874069901550108
P0001512,substation,I00038,25.073347408079364
P0001512,fiber_node,I00041,18.703229222102383
P0001512,water_source,I00042,18.818300137473027
P0001512,highway_interchange,I00043,12.705757931224325
P0001512,data_center,I00045,24.17795850402234
P0001513,transmission_line,I00037,3.421312561445793
P0001513,substation,I00038,29.47190735871975
P0001513,fiber_node,I00041,13.457287984255832
P0001513,water_source,I00042,15.714808186300669
P0001513,highway_interchange,I00044,6.596494391161352
P0001513,data_center,I00045,31.545663214654187
P0001514,transmission_line,I00036,8.778931247188371
P0001514,substation,I00038,8.731062385852686
P0001514,fiber_node,I00041,8.662569296244445
P0001514,water_source,I00042,6.531357006247493
P0001514,highway_interchange,I00043,7.016025544937659
P0001514,data_center,I00045,10.280109443174132
P0001515,transmission_line,I00036,7.6628079542962935
P0001515,substation,I00038,6.0228506807208335
P0001515,fiber_node,I00040,6.89640655114786
P0001515,water_source,I00042,19.152022688980384
P0001515,highway_interchange,I00043,19.735503181324717
P0001515,data_center,I00045,2.8973746849446007
P0001516,transmission_line,I00036,17.012432991746103
P0001516,substation,I00039,17.732871156019336
P0001516,fiber_node,I00041,8.005285303536871
P0001516,water_source,I00042,8.547824502568721
P0001516,highway_interchange,I00043,14.337787897246267
P0001516,data_center,I00045,22.04761007048995
P0001517,transmission_line,I00036,17.665536143149914
P0001517,substation,I00038,15.941783287257408
P0001517,fiber_node,I00040,6.892856761087972
P0001517,water_source,I00042,27.75721170270092
P0001517,highway_interchange,I00043,26.672186283233206
P0001517,data_center,I00045,11.992224500782271
P0001518,transmission_line,I00036,12.21934282562246
P0001518,substation,I00038,11.597153070795633
P0001518,fiber_node,I00041,10.779020775763989
P0001518,water_source,I00042,9.240199349265593
P0001518,highway_interchange,I00043,6.036959428528694
P0001518,data_center,I00045,11.575164648777882
P0001519,transmission_line,I00036,15.161826012523312
P0001519,substation,I00039,15.84029792748623
P0001519,fiber_node,I00041,1.5906747849732237
P0001519,water_source,I00042,2.718632099690866
P0001519,highway_interchange,I00043,7.912464554522427
P0001519,data_center,I00045,18.86166033327778
P0001520,transmission_line,I00036,8.77788266714586
P0001520,substation,I00039,9.484290183810053
P0001520,fiber_node,I00041,10.07794190209022
P0001520,water_source,I00042,8.470907594434994
P0001520,highway_interchange,I00043,13.93149020730044
P0001520,data_center,I00045,14.36038564430224
P0001521,transmission_line,I00036,18.958312727030087
P0001521,substation,I00038,18.14854343624288
P0001521,fiber_node,I00041,14.56255580073866
P0001521,water_source,I00042,13.936490571918752
P0001521,highway_interchange,I00043,8.166008244988783
P0001521,data_center,I00045,17.268111997817837
P0001522,transmission_line,I00037,15.708181927787864
P0001522,substation,I00038,20.568300030156305
P0001522,fiber_node,I00041,13.553959039780063
P0001522,water_source,I00042,13.541665654759647
P0001522,highway_interchange,I00043,7.420005052151396
P0001522,data_center,I00045,20.263495612884622
P0001523,transmission_line,I00037,13.900929190930446
P0001523,substation,I00038,16.294348077743688
P0001523,fiber_node,I00041,0.9509083028257903
P0001523,water_source,I00042,2.5726293539955365
P0001523,highway_interchange,I00043,5.541803808411351
P0001523,data_center,I00045,18.61968753076191
P0001524,transmission_line,I00035,22.73475928666652
P0001524,substation,I00038,22.509821431013258
P0001524,fiber_node,I00040,10.520793190481278
P0001524,water_source,I00042,36.286099849112524
P0001524,highway_interchange,I00043,37.020957123839786
P0001524,data_center,I00045,20.22865813919332
P0001525,transmission_line,I00036,5.12250226230328
P0001525,substation,I00038,3.7979018894080654
P0001525,fiber_node,I00040,13.628318275713251
P0001525,water_source,I00042,12.579344441201801
P0001525,highway_interchange,I00043,13.076733047695983
P0001525,data_center,I00045,3.867910979351833
P0001526,transmission_line,I00036,19.310311793492755
P0001526,substation,I00039,19.999698536620773
P0001526,fiber_node,I00041,13.334665409579355
P0001526,water_source,I00042,13.635396856922764
P0001526,highway_interchange,I00043,19.5966064905424
P0001526,data_center,I00045,24.959989805959964
P0001527,transmission_line,I00037,15.114732586655347
P0001527,substation,I00038,17.705311604062054
P0001527,fiber_node,I00041,10.043202670863542
P0001527,water_source,I00042,9.869612349835029
P0001527,highway_interchange,I00043,3.7497671400484243
P0001527,data_center,I00045,17.980089898424794
P0001528,transmission_line,I00036,10.5970984926682
P0001528,substation,I00038,9.718093704417644
P0001528,fiber_node,I00041,12.416120551706076
P0001528,water_source,I00042,10.59498416771625
P0001528,highway_interchange,I00043,8.349330493610626
P0001528,data_center,I00045,9.24240568558375
P0001529,transmission_line,I00037,5.758571748395867
P0001529,substation,I00038,24.87363027051809
P0001529,fiber_node,I00041,8.925929859282865
P0001529,water_source,I00042,11.151102648034911
P0001529,highway_interchange,I00044,9.951454418699964
P0001529,data_center,I00045,26.95986148241377
P0001530,transmission_line,I00037,23.60676454983695
P0001530,substation,I00038,30.409103338945016
P0001530,fiber_node,I00041,25.68212177450997
P0001530,water_source,I00042,25.701672073858553
P0001530,highway_interchange,I00043,19.5785643412079
P0001530,data_center,I00045,28.787328140543618
P0001531,transmission_line,I00037,6.561657178426638
P0001531,substation,I00038,24.437144054244712
P0001531,fiber_node,I00041,10.66010789535612
P0001531,water_source,I00042,12.217089221995176
P0001531,highway_interchange,I00043,8.788868891184592
P0001531,data_center,I00045,25.617506117406325
P0001532,transmission_line,I00036,9.397033939719284
P0001532,substation,I00038,8.103930308152629
P0001532,fiber_node,I00041,14.901646441614702
P0001532,water_source,I00042,12.897330883184798
P0001532,highway_interchange,I00043,11.31348286446434
P0001532,data_center,I00045,6.627210869298101
P0001533,transmission_line,I00036,15.589135563227822
P0001533,substation,I00038,13.853499608564434
P0001533,fiber_node,I00040,14.502653879999034
P0001533,water_source,I00042,20.47510073075629
P0001533,highway_interchange,I00043,17.590066622269553
P0001533,data_center,I00045,10.230125982756983
P0001534,transmission_line,I00037,16.419366989376105
P0001534,substation,I00039,21.05355694857183
P0001534,fiber_node,I00041,8.764153551734596
P0001534,water_source,I00042,10.118778888928775
P0001534,highway_interchange,I00043,15.085033900547534
P0001534,data_center,I00045,25.084730668821628
P0001535,transmission_line,I00036,5.349813238510449
P0001535,substation,I00038,5.685511567044256
P0001535,fiber_node,I00041,10.51590899536408
P0001535,water_source,I00042,8.206574851791816
P0001535,highway_interchange,I00043,10.422716996197416
P0001535,data_center,I00045,8.348842776431255
P0001536,transmission_line,I00036,4.380918401386899
P0001536,substation,I00039,3.8253830670014835
P0001536,fiber_node,I00040,10.858773676513296
P0001536,water_source,I00042,17.480782260603892
P0001536,highway_interchange,I00043,20.036433568487993
P0001536,data_center,I00045,6.592347589593767
P0001537,transmission_line,I00036,10.394122006559988
P0001537,substation,I00038,10.185233146622853
P0001537,fiber_node,I00041,8.555659126861721
P0001537,water_source,I00042,6.6875222730166985
P0001537,highway_interchange,I00043,5.6462226075184265
P0001537,data_center,I00045,11.24215332878905
P0001538,transmission_line,I00036,16.710332306219016
P0001538,substation,I00039,17.394072942842108
P0001538,fiber_node,I00041,12.335304851757877
P0001538,water_source,I00042,12.214523315234695
P0001538,highway_interchange,I00043,18.315766048966182
P0001538,data_center,I00045,22.41924194641247
P0001539,transmission_line,I00036,7.237994518389591
P0001539,substation,I00038,5.409316922344138
P0001539,fiber_node,I00040,8.97696917861873
P0001539,water_source,I00042,17.38323362692352
P0001539,highway_interchange,I00043,17.527855681418927
P0001539,data_center,I00045,1.2371780322333241
P0001540,transmission_line,I00036,7.2805891504465885
P0001540,substation,I00039,7.89586308807407
P0001540,fiber_node,I00041,13.224401393510147
P0001540,water_source,I00042,11.455165116276603
P0001540,highway_interchange,I00043,16.479873303909102
P0001540,data_center,I00045,13.272352038478175
P0001541,transmission_line,I00036,9.89755187150705
P0001541,substation,I00039,10.523116905705416
P0001541,fiber_node,I00041,5.615140644580168
P0001541,water_source,I00042,3.3052809295398857
P0001541,highway_interchange,I00043,7.152200034701672
P0001541,data_center,I00045,13.137392199947229
P0001542,transmission_line,I00037,17.95105465580683
P0001542,substation,I00038,25.105331463300576
P0001542,fiber_node,I00041,18.775968674904544
P0001542,water_source,I00042,18.885975749497078
P0001542,highway_interchange,I00043,12.77237139090061
P0001542,data_center,I00045,24.19709864946336
P0001543,transmission_line,I00035,4.517753404172838
P0001543,substation,I00039,7.458822346885264
P0001543,fiber_node,I00040,11.396650705550265
P0001543,water_source,I00042,20.572783366837957
P0001543,highway_interchange,I00043,23.624104301352467
P0001543,data_center,I00045,10.118816909600985
P0001544,transmission_line,I00036,3.0653639862693307
P0001544,substation,I00038,1.2999098661078403
P0001544,fiber_node,I00040,12.162175719309186
P0001544,water_source,I00042,13.913312368450043
P0001544,highway_interchange,I00043,15.299618410925172
P0001544,data_center,I00045,3.12985626155401
P0001545,transmission_line,I00037,17.327884594094744
P0001545,substation,I00038,36.2198589581731
P0001545,fiber_node,I00041,25.976686675978282
P0001545,water_source,I00042,27.00808995195533
P0001545,highway_interchange,I00044,15.901127674999533
P0001545,data_center,I00045,35.82487621612332
P0001546,transmission_line,I00036,26.558780030688432
P0001546,substation,I00038,25.200286034237717
P0001546,fiber_node,I00041,25.520488635723773
P0001546,water_source,I00042,24.746656483686937
P0001546,highway_interchange,I00043,19.13843132488284
P0001546,data_center,I00045,22.652051582448134
P0001547,transmission_line,I00037,10.504213860865374
P0001547,substation,I00039,22.915272654974803
P0001547,fiber_node,I00041,7.328027528888909
P0001547,water_source,I00042,9.553900627814533
P0001547,highway_interchange,I00043,12.20673919307375
P0001547,data_center,I00045,25.91924983324691
P0001548,transmission_line,I00037,14.625432239627033
P0001548,substation,I00038,15.255494129645552
P0001548,fiber_node,I00041,2.46147718727061
P0001548,water_source,I00042,2.4704728295062646
P0001548,highway_interchange,I00043,4.01003350564332
P0001548,data_center,I00045,17.310333326861546
P0001549,transmission_line,I00036,7.346869669479549
P0001549,substation,I00039,8.038428231550157
P0001549,fiber_node,I00041,11.255519994829731
P0001549,water_source,I00042,9.45947035275132
P0001549,highway_interchange,I00043,14.537856630131337
P0001549,data_center,I00045,13.09609971436679
P0001550,transmission_line,I00035,9.473516184996578
P0001550,substation,I00039,11.76887930400925
P0001550,fiber_node,I00041,15.115766768024763
P0001550,water_source,I00042,13.800946948587299
P0001550,highway_interchange,I00043,19.447197259876297
P0001550,data_center,I00045,17.235027903176707
P0001551,transmission_line,I00036,17.896215208395233
P0001551,substation,I00039,18.613007869269424
P0001551,fiber_node,I00041,9.560816845692493
P0001551,water_source,I00042,10.098686119989061
P0001551,highway_interchange,I00043,15.902589236972947
P0001551,data_center,I00045,23.124352314850405
P0001552,transmission_line,I00037,13.522506903564308
P0001552,substation,I00039,17.627424117894925
P0001552,fiber_node,I00041,2.021096718762435
P0001552,water_source,I00042,4.13794146632307
P0001552,highway_interchange,I00043,8.096373070363814
P0001552,data_center,I00045,20.496498500808233
P0001553,transmission_line,I00037,15.705543333812658
P0001553,substation,I00038,16.994785251467118
P0001553,fiber_node,I00041,9.906308457904803
P0001553,water_source,I00042,9.570572146649098
P0001553,highway_interchange,I00043,3.51455255046516
P0001553,data_center,I00045,17.250939427666992
P0001554,transmission_line,I00036,5.79507978673458
P0001554,substation,I00038,5.840884222625907
P0001554,fiber_node,I00041,10.644351097903874
P0001554,water_source,I00042,8.351639047495295
P0001554,highway_interchange,I00043,9.976459747019398
P0001554,data_center,I00045,8.036171184356895
P0001555,transmission_line,I00036,7.313200746841753
P0001555,substation,I00039,8.030576170016019
P0001555,fiber_node,I00041,9.995771511022133
P0001555,water_source,I00042,8.112131424629363
P0001555,highway_interchange,I00043,13.09891734260461
P0001555,data_center,I00045,12.739301768641246
P0001556,transmission_line,I00036,3.931809591033945
P0001556,substation,I00039,4.533046979186924
P0001556,fiber_node,I00041,14.034105887575748
P0001556,water_source,I00042,11.940326926723754
P0001556,highway_interchange,I00043,15.966749908745896
P0001556,data_center,I00045,9.94601300849361
P0001557,transmission_line,I00036,12.50689570083672
P0001557,substation,I00038,11.785296710369563
P0001557,fiber_node,I00041,11.492212482612882
P0001557,water_source,I00042,9.974882536160305
P0001557,highway_interchange,I00043,6.568271998713541
P0001557,data_center,I00045,11.498379729200488
P0001558,transmission_line,I00037,14.737964795361101
P0001558,substation,I00039,17.187940088137285
P0001558,fiber_node,I00041,2.899017420340705
P0001558,water_source,I00042,4.414176950862325
P0001558,highway_interchange,I00043,9.288778947063033
P0001558,data_center,I00045,20.42310997202486
P0001559,transmission_line,I00036,6.480053529410472
P0001559,substation,I00038,4.751077812838533
P0001559,fiber_node,I00040,11.721836239270354
P0001559,water_source,I00042,14.823595765092593
P0001559,highway_interchange,I00043,14.78323351411995
P0001559,data_center,I00045,2.2498253578497764
P0001560,transmission_line,I00037,13.275732537770516
P0001560,substation,I00039,23.88901847786603
P0001560,fiber_node,I00041,9.58135011847569
P0001560,water_source,I00042,11.513908295715758
P0001560,highway_interchange,I00043,15.252906620945454
P0001560,data_center,I00045,27.479478082912472
P0001561,transmission_line,I00037,8.166846599755747
P0001561,substation,I00039,30.014269971662912
P0001561,fiber_node,I00041,14.163317186941365
P0001561,water_source,I00042,16.46075404525177
P0001561,highway_interchange,I00044,10.650852372230332
P0001561,data_center,I00045,32.814364759357574
P0001562,transmission_line,I00035,1.8485343043524887
P0001562,substation,I00039,10.092430372445254
P0001562,fiber_node,I00040,16.065924181730836
P0001562,water_source,I00042,21.07317681953121
P0001562,highway_interchange,I00043,25.153689738144372
P0001562,data_center,I00045,14.166244013510067
P0001563,transmission_line,I00037,15.332530829929484
P0001563,substation,I00038,40.24281226227258
P0001563,fiber_node,I00041,27.513702161932766
P0001563,water_source,I00042,29.05934430865637
P0001563,highway_interchange,I00044,12.262521671083839
P0001563,data_center,I00045,40.52845355884526
P0001564,transmission_line,I00036,20.32666947066136
P0001564,substation,I00038,18.840745120486925
P0001564,fiber_node,I00040,21.443745170628752
P0001564,water_source,I00042,20.966182584282265
P0001564,highway_interchange,I00043,16.31520717559944
P0001564,data_center,I00045,16.010307902076253
P0001565,transmission_line,I00036,12.269208893909484
P0001565,substation,I00038,11.506498893242625
P0001565,fiber_node,I00041,11.756235999651935
P0001565,water_source,I00042,10.189834134812255
P0001565,highway_interchange,I00043,6.935069321166751
P0001565,data_center,I00045,11.139850959756444
P0001566,transmission_line,I00036,27.44202805812834
P0001566,substation,I00038,25.70281636222534
P0001566,fiber_node,I00040,23.483272527354263
P0001566,water_source,I00042,30.491974581994267
P0001566,highway_interchange,I00043,26.055793256818944
P0001566,data_center,I00045,21.96161699972839
P0001567,transmission_line,I00037,11.516986120748824
P0001567,substation,I00038,18.323576335911778
P0001567,fiber_node,I00041,4.298878164694951
P0001567,water_source,I00042,5.580896592428485
P0001567,highway_interchange,I00043,4.103308651047316
P0001567,data_center,I00045,20.06571982586281
P0001568,transmission_line,I00036,25.849469853316386
P0001568,substation,I00038,24.058344490918287
P0001568,fiber_node,I00040,15.058779952437922
P0001568,water_source,I00042,34.55072888638103
P0001568,highway_interchange,I00043,32.32446820733235
P0001568,data_center,I00045,19.931446556976084
P0001569,transmission_line,I00036,16.25453731393494
P0001569,substation,I00038,15.736493929773534
P0001569,fiber_node,I00041,10.770920981504226
P0001569,water_source,I00042,10.04818893310685
P0001569,highway_interchange,I00043,4.467945329632137
P0001569,data_center,I00045,15.687103107376505
P0001570,transmission_line,I00036,17.332935378308512
P0001570,substation,I00038,15.968980110652407
P0001570,fiber_node,I00041,18.87579294285653
P0001570,water_source,I00042,17.520072734828254
P0001570,highway_interchange,I00043,13.114154900957287
P0001570,data_center,I00045,13.604331219027829
P0001571,transmission_line,I00035,10.489862833534854
P0001571,substation,I00039,14.951552893541775
P0001571,fiber_node,I00041,18.558885999990036
P0001571,water_source,I00042,17.443146348744275
P0001571,highway_interchange,I00043,23.232913333052725
P0001571,data_center,I00045,20.436730024078322
P0001572,transmission_line,I00036,6.632023869176357
P0001572,substation,I00038,5.431470413254041
P0001572,fiber_node,I00041,14.233986792945615
P0001572,water_source,I00042,12.042676460997566
P0001572,highway_interchange,I00043,11.855371498528443
P0001572,data_center,I00045,5.00422461074737
P0001573,transmission_line,I00037,6.110569761957338
P0001573,substation,I00038,24.452316654113492
P0001573,fiber_node,I00041,10.300728393155126
P0001573,water_source,I00042,11.960179772889598
P0001573,highway_interchange,I00043,8.912878446198244
P0001573,data_center,I00045,25.753545810655982
P0001574,transmission_line,I00037,11.513817209606806
P0001574,substation,I00038,37.211375263458166
P0001574,fiber_node,I00041,23.922769049602376
P0001574,water_source,I00042,25.55888656519179
P0001574,highway_interchange,I00044,8.62093324219635
P0001574,data_center,I00045,37.76361539809997
P0001575,transmission_line,I00035,15.141662591344984
P0001575,substation,I00039,19.914214470275528
P0001575,fiber_node,I00041,21.254356044382895
P0001575,water_source,I00042,20.583013795956468
P0001575,highway_interchange,I00043,26.63065054231128
P0001575,data_center,I00045,25.40444612545097
P0001576,transmission_line,I00036,7.90911505643195
P0001576,substation,I00039,8.611156411648105
P0001576,fiber_node,I00041,7.8791682731653685
P0001576,water_source,I00042,5.781781405221591
P0001576,highway_interchange,I00043,10.452155226863217
P0001576,data_center,I00045,12.435954531485319
P0001577,transmission_line,I00037,13.090781329331838
P0001577,substation,I00038,17.41876678302994
P0001577,fiber_node,I00041,6.506849711969373
P0001577,water_source,I00042,6.817074101021889
P0001577,highway_interchange,I00043,1.7134956973300683
P0001577,data_center,I00045,18.55427393981427
P0001578,transmission_line,I00037,16.326167852354935
P0001578,substation,I00039,17.489518057912772
P0001578,fiber_node,I00041,5.228224574124855
P0001578,water_source,I00042,6.217444888037747
P0001578,highway_interchange,I00043,11.63249993470799
P0001578,data_center,I00045,21.25380036711504
P0001579,transmission_line,I00036,11.380425830538037
P0001579,substation,I00039,12.03544540292684
P0001579,fiber_node,I00041,4.041719860734915
P0001579,water_source,I00042,1.818186857241636
P0001579,highway_interchange,I00043,7.140493980863279
P0001579,data_center,I00045,14.895924765383551
P0001580,transmission_line,I00037,8.85768975466763
P0001580,substation,I00039,31.04037173572257
P0001580,fiber_node,I00041,15.246146920554564
P0001580,water_source,I00042,17.53740754921903
P0001580,highway_interchange,I00044,10.96618842906949
P0001580,data_center,I00045,33.90248380883816
P0001581,transmission_line,I00036,8.477946286128775
P0001581,substation,I00038,7.639545384932941
P0001581,fiber_node,I00041,12.334392141960588
P0001581,water_source,I00042,10.281955939518383
P0001581,highway_interchange,I00043,9.322665168860757
P0001581,data_center,I00045,7.612519837262463
P0001582,transmission_line,I00036,2.026227711287773
P0001582,substation,I00038,0.5919649251250931
P0001582,fiber_node,I00040,12.87593391073975
P0001582,water_source,I00042,13.362014972078464
P0001582,highway_interchange,I00043,15.165084471745967
P0001582,data_center,I00045,4.17595367514256
P0001583,transmission_line,I00037,13.007577444117906
P0001583,substation,I00038,19.768233901548896
P0001583,fiber_node,I00041,10.219540321204686
P0001583,water_source,I00042,10.558033565280798
P0001583,highway_interchange,I00043,4.700395766739141
P0001583,data_center,I00045,20.214781648931964
P0001584,transmission_line,I00037,4.914588977355537
P0001584,substation,I00038,25.026788773852584
P0001584,fiber_node,I00041,9.468103865430443
P0001584,water_source,I00042,11.560587692919169
P0001584,highway_interchange,I00044,9.103222821455937
P0001584,data_center,I00045,26.86240858846072
P0001585,transmission_line,I00037,17.63871433434998
P0001585,substation,I00039,23.95402044667922
P0001585,fiber_node,I00041,12.04116272639818
P0001585,water_source,I00042,13.456475915854707
P0001585,highway_interchange,I00043,18.28615929368136
P0001585,data_center,I00045,28.197059091052427
P0001586,transmission_line,I00036,3.912742939870724
P0001586,substation,I00038,2.587004431488207
P0001586,fiber_node,I00040,13.323721421724317
P0001586,water_source,I00042,12.711870665928352
P0001586,highway_interchange,I00043,13.748793061340347
P0001586,data_center,I00045,3.7243296857811212
P0001587,transmission_line,I00036,9.943571558793849
P0001587,substation,I00039,10.643329694250651
P0001587,fiber_node,I00041,6.02951225262296
P0001587,water_source,I00042,4.13689770362042
P0001587,highway_interchange,I00043,9.570415212489245
P0001587,data_center,I00045,14.288877455855348
P0001588,transmission_line,I00037,6.275510682514414
P0001588,substation,I00038,27.858596262385444
P0001588,fiber_node,I00041,14.522246341853615
P0001588,water_source,I00042,16.050674183129964
P0001588,highway_interchange,I00044,7.825909598894162
P0001588,data_center,I00045,28.726602414953728
P0001589,transmission_line,I00036,13.242747588149367
P0001589,substation,I00038,13.13702599395678
P0001589,fiber_node,I00041,7.117230412434259
P0001589,water_source,I00042,5.921115150026112
P0001589,highway_interchange,I00043,2.6754946106879474
P0001589,data_center,I00045,14.168371288094466
P0001590,transmission_line,I00036,13.067834132486333
P0001590,substation,I00038,12.369161617860163
P0001590,fiber_node,I00041,11.398142484491526
P0001590,water_source,I00042,9.980295177983711
P0001590,highway_interchange,I00043,6.219512154532835
P0001590,data_center,I00045,12.09070599724896
P0001591,transmission_line,I00037,8.118694614889701
P0001591,substation,I00038,22.521556459707963
P0001591,fiber_node,I00041,9.027526035589299
P0001591,water_source,I00042,10.439545111261015
P0001591,highway_interchange,I00043,6.897317905218483
P0001591,data_center,I00045,23.737054907464497
P0001592,transmission_line,I00037,21.105719250676
P0001592,substation,I00039,23.344648082473498
P0001592,fiber_node,I00041,13.81200711021827
P0001592,water_source,I00042,14.758702861166126
P0001592,highway_interchange,I00043,20.216899259944032
P0001592,data_center,I00045,28.023094717396777
P0001593,transmission_line,I00037,9.777966343058726
P0001593,substation,I00038,21.788314108034378
P0001593,fiber_node,I00041,9.627430890411457
P0001593,water_source,I00042,10.660969041546359
P0001593,highway_interchange,I00043,6.053429536110548
P0001593,data_center,I00045,22.691636597548957
P0001594,transmission_line,I00037,9.608476372074419
P0001594,substation,I00038,20.642573820775702
P0001594,fiber_node,I00041,7.2587465765176375
P0001594,water_source,I00042,8.538749527251289
P0001594,highway_interchange,I00043,5.165772784102636
P0001594,data_center,I00045,21.978437082150258
P0001595,transmission_line,I00036,3.1582241751522027
P0001595,substation,I00038,2.065122210352657
P0001595,fiber_node,I00040,13.614159692157
P0001595,water_source,I00042,12.428028679386538
P0001595,highway_interchange,I00043,13.832977321124687
P0001595,data_center,I00045,4.230673198665226
P0001596,transmission_line,I00037,9.88673330357615
P0001596,substation,I00038,38.974268941528464
P0001596,fiber_node,I00041,22.940060768047218
P0001596,water_source,I00042,25.210065355454343
P0001596,highway_interchange,I00044,7.559681479828967
P0001596,data_center,I00045,40.98126826724502
P0001597,transmission_line,I00036,28.939805925874566
P0001597,substation,I00038,27.49542462475242
P0001597,fiber_node,I00041,28.549579242907342
P0001597,water_source,I00042,27.74033773051844
P0001597,highway_interchange,I00043,22.174640828115386
P0001597,data_center,I00045,24.67138449199641
P0001598,transmission_line,I00037,13.05660890506762
P0001598,substation,I00038,16.959591774485585
P0001598,fiber_node,I00041,1.906655674930235
P0001598,water_source,I00042,3.458657887609779
P0001598,highway_interchange,I00043,5.028325057106475
P0001598,data_center,I00045,19.11878258478951
P0001599,transmission_line,I00036,11.692188389816922
P0001599,substation,I00038,10.62791878578205
P0001599,fiber_node,I00041,13.793100889544267
P0001599,water_source,I00042,12.06385518587744
P0001599,highway_interchange,I00043,9.229319464506064
P0001599,data_center,I00045,9.523098424809623
P0001600,transmission_line,I00036,3.8263997908409833
P0001600,substation,I00039,3.9818682058302017
P0001600,fiber_node,I00040,15.035267166420054
P0001600,water_source,I00042,14.908019999844813
P0001600,highway_interchange,I00043,18.550776628024824
P0001600,data_center,I00045,9.215403114183484
P0001601,transmission_line,I00046,8.664987743134297
P0001601,substation,I00050,14.371943472041636
P0001601,fiber_node,I00051,11.954977383852036
P0001601,water_source,I00053,19.188619548338007
P0001601,highway_interchange,I00055,14.395396233865215
P0001601,data_center,I00056,10.509043352486481
P0001602,transmission_line,I00046,13.29149197995383
P0001602,substation,I00050,4.857299939985273
P0001602,fiber_node,I00051,18.615530025211395
P0001602,water_source,I00053,11.318488152788674
P0001602,highway_interchange,I00055,16.65095543750608
P0001602,data_center,I00056,13.325290395405371
P0001603,transmission_line,I00046,2.103088619395888
P0001603,substation,I00050,19.003972470924378
P0001603,fiber_node,I00052,11.498012259408847
P0001603,water_source,I00053,25.892148497749933
P0001603,highway_interchange,I00055,22.93052071063373
P0001603,data_center,I00056,19.10536788330032
P0001604,transmission_line,I00048,19.07917754877841
P0001604,substation,I00049,8.727513911545842
P0001604,fiber_node,I00051,21.534298857090267
P0001604,water_source,I00053,2.8024376105776674
P0001604,highway_interchange,I00055,15.067328920228118
P0001604,data_center,I00056,14.363723579254133
P0001605,transmission_line,I00048,16.721597623834494
P0001605,substation,I00049,27.507929569781446
P0001605,fiber_node,I00051,8.093262080866898
P0001605,water_source,I00053,31.169908616384973
P0001605,highway_interchange,I00054,12.437569298014319
P0001605,data_center,I00056,15.160870146817548
P0001606,transmission_line,I00048,13.365233229893086
P0001606,substation,I00050,16.978600210199232
P0001606,fiber_node,I00051,6.153768704373861
P0001606,water_source,I00053,19.052699503664016
P0001606,highway_interchange,I00055,8.717546840468605
P0001606,data_center,I00056,5.2037803337894895
P0001607,transmission_line,I00047,11.625081755539757
P0001607,substation,I00050,12.708948492125202
P0001607,fiber_node,I00052,12.339508583614837
P0001607,water_source,I00053,21.16672751528743
P0001607,highway_interchange,I00055,28.588603687808426
P0001607,data_center,I00056,24.924042907836157
P0001608,transmission_line,I00048,8.870058872744723
P0001608,substation,I00049,13.45964915587894
P0001608,fiber_node,I00051,6.671507031034373
P0001608,water_source,I00053,16.85110594468918
P0001608,highway_interchange,I00055,3.6290636571102897
P0001608,data_center,I00056,0.5948897595116879
P0001609,transmission_line,I00048,16.617019871226354
P0001609,substation,I00049,3.6893165752391255
P0001609,fiber_node,I00051,22.00722080046556
P0001609,water_source,I00053,8.666164412882846
P0001609,highway_interchange,I00055,14.276621025314288
P0001609,data_center,I00056,15.23086643863874
P0001610,transmission_line,I00048,10.119814521942809
P0001610,substation,I00049,4.973433437555126
P0001610,fiber_node,I00051,18.598210830499312
P0001610,water_source,I00053,16.347355736083042
P0001610,highway_interchange,I00055,10.702070339132845
P0001610,data_center,I00056,13.680465195217412
P0001611,transmission_line,I00046,10.328280882888308
P0001611,substation,I00050,11.478384350330103
P0001611,fiber_node,I00051,12.852635687916548
P0001611,water_source,I00053,16.087235666136017
P0001611,highway_interchange,I00055,13.412840122324152
P0001611,data_center,I00056,9.518799994845887
P0001612,transmission_line,I00048,14.188735767675334
P0001612,substation,I00050,10.565910578717848
P0001612,fiber_node,I00051,13.406508259155588
P0001612,water_source,I00053,10.118817971219165
P0001612,highway_interchange,I00055,8.863415881605306
P0001612,data_center,I00056,6.498209041903388
P0001613,transmission_line,I00046,15.21165867601595
P0001613,substation,I00050,28.78316739541353
P0001613,fiber_node,I00051,15.046757942153393
P0001613,water_source,I00053,33.314710200617334
P0001613,highway_interchange,I00055,22.552141912797342
P0001613,data_center,I00056,19.988928090541027
P0001614,transmission_line,I00048,10.309244205008266
P0001614,substation,I00049,12.788016262245089
P0001614,fiber_node,I00051,8.322857180661844
P0001614,water_source,I00053,15.096575956638281
P0001614,highway_interchange,I00055,4.804395110957249
P0001614,data_center,I00056,1.3328955036117731
P0001615,transmission_line,I00046,17.39141040888393
P0001615,substation,I00050,6.151510734860371
P0001615,fiber_node,I00051,17.21981355371442
P0001615,water_source,I00053,7.730587056443835
P0001615,highway_interchange,I00055,13.28505108281861
P0001615,data_center,I00056,10.707534181609294
P0001616,transmission_line,I00046,17.018521899134775
P0001616,substation,I00050,4.59094524331527
P0001616,fiber_node,I00052,20.78187139624788
P0001616,water_source,I00053,12.407022377990092
P0001616,highway_interchange,I00055,23.680714470029283
P0001616,data_center,I00056,20.652607285611502
P0001617,transmission_line,I00047,7.927421732249314
P0001617,substation,I00050,25.738741709609876
P0001617,fiber_node,I00052,6.890378324231985
P0001617,water_source,I00053,33.46237969931501
P0001617,highway_interchange,I00055,31.603037311162378
P0001617,data_center,I00056,27.80561776333868
P0001618,transmission_line,I00046,12.161145952893557
P0001618,substation,I00050,13.282835792493461
P0001618,fiber_node,I00051,10.214458241522076
P0001618,water_source,I00053,16.61474277740968
P0001618,highway_interchange,I00055,11.019682243030088
P0001618,data_center,I00056,7.098464778053117
P0001619,transmission_line,I00046,11.962901020603681
P0001619,substation,I00050,12.716769091096314
P0001619,fiber_node,I00051,10.792724515709237
P0001619,water_source,I00053,16.21930058988887
P0001619,highway_interchange,I00055,11.349714957417591
P0001619,data_center,I00056,7.433339485925938
P0001620,transmission_line,I00046,5.8605517669691025
P0001620,substation,I00050,11.924716618853727
P0001620,fiber_node,I00052,14.927759336945249
P0001620,water_source,I00053,18.755865685309423
P0001620,highway_interchange,I00055,18.743150756499663
P0001620,data_center,I00056,14.837771522030424
P0001621,transmission_line,I00047,28.51909753510441
P0001621,substation,I00050,25.51121740423998
P0001621,fiber_node,I00052,24.93954175057436
P0001621,water_source,I00053,31.84939564391502
P0001621,highway_interchange,I00055,44.51195690906078
P0001621,data_center,I00056,41.23440013376283
P0001622,transmission_line,I00046,12.773520691008114
P0001622,substation,I00050,15.7806982024403
P0001622,fiber_node,I00051,8.022959400385139
P0001622,water_source,I00053,18.721240199452858
P0001622,highway_interchange,I00055,10.423148565361714
P0001622,data_center,I00056,6.6668458746253565
P0001623,transmission_line,I00048,9.565899659484929
P0001623,substation,I00049,11.858712016796224
P0001623,fiber_node,I00051,19.74099755361661
P0001623,water_source,I00053,23.199344476559798
P0001623,highway_interchange,I00055,13.310974427101812
P0001623,data_center,I00056,17.114168225374947
P0001624,transmission_line,I00047,21.39629536521357
P0001624,substation,I00050,16.7372999367077
P0001624,fiber_node,I00052,20.04720342191109
P0001624,water_source,I00053,23.60787040665416
P0001624,highway_interchange,I00055,35.628969786404646
P0001624,data_center,I00056,32.36184362912898
P0001625,transmission_line,I00048,4.993610446617019
P0001625,substation,I00049,10.90120272310572
P0001625,fiber_node,I00051,15.099843162847785
P0001625,water_source,I00053,21.33611316044023
P0001625,highway_interchange,I00055,8.827750984910463
P0001625,data_center,I00056,12.7132517244723
P0001626,transmission_line,I00046,6.4277736462572355
P0001626,substation,I00050,11.871510878579551
P0001626,fiber_node,I00052,15.817502605063757
P0001626,water_source,I00053,18.367526428090926
P0001626,highway_interchange,I00055,17.789181260565876
P0001626,data_center,I00056,13.880595608938812
P0001627,transmission_line,I00048,7.863379436937747
P0001627,substation,I00049,9.897843514832608
P0001627,fiber_node,I00051,9.781509871609405
P0001627,water_source,I00053,14.748806078772759
P0001627,highway_interchange,I00055,2.7143238299281407
P0001627,data_center,I00056,3.4476443317960124
P0001628,transmission_line,I00046,14.1093041556808
P0001628,substation,I00050,25.581635415348405
P0001628,fiber_node,I00051,11.074992010989353
P0001628,water_source,I00053,29.551010170840346
P0001628,highway_interchange,I00055,18.41820576989927
P0001628,data_center,I00056,15.837527606958545
P0001629,transmission_line,I00048,22.56091850787187
P0001629,substation,I00050,8.75213097832887
P0001629,fiber_node,I00051,24.346578671635676
P0001629,water_source,I00053,0.9302629917668876
P0001629,highway_interchange,I00055,18.344912910971903
P0001629,data_center,I00056,17.232068992756645
P0001630,transmission_line,I00047,30.387727185124554
P0001630,substation,I00050,19.778788732057237
P0001630,fiber_node,I00052,30.152578892145453
P0001630,water_source,I00053,23.44509450135028
P0001630,highway_interchange,I00055,39.01321550583422
P0001630,data_center,I00056,36.4343583733664
P0001631,transmission_line,I00046,9.178940153109249
P0001631,substation,I00050,23.665946786279374
P0001631,fiber_node,I00051,15.23193182143768
P0001631,water_source,I00053,29.113676903434914
P0001631,highway_interchange,I00055,21.364836244263042
P0001631,data_center,I00056,18.06757056376753
P0001632,transmission_line,I00048,10.086548658894177
P0001632,substation,I00049,14.53561783432359
P0001632,fiber_node,I00051,6.343645598788665
P0001632,water_source,I00053,17.086425735776025
P0001632,highway_interchange,I00055,4.975939401974982
P0001632,data_center,I00056,1.3448352587893653
P0001633,transmission_line,I00046,18.03333350773173
P0001633,substation,I00050,3.676493297819705
P0001633,fiber_node,I00051,19.92566709949538
P0001633,water_source,I00053,6.555251704504062
P0001633,highway_interchange,I00055,15.951416620497492
P0001633,data_center,I00056,13.4582876299295
P0001634,transmission_line,I00048,12.934749186656342
P0001634,substation,I00049,22.557898929875428
P0001634,fiber_node,I00051,3.0780888161717557
P0001634,water_source,I00053,25.966277417831964
P0001634,highway_interchange,I00055,11.145754431202676
P0001634,data_center,I00056,9.952407072266121
P0001635,transmission_line,I00048,3.510149165419433
P0001635,substation,I00049,9.900478174827239
P0001635,fiber_node,I00051,12.829477719310123
P0001635,water_source,I00053,19.40381981489918
P0001635,highway_interchange,I00055,6.02815893862822
P0001635,data_center,I00056,9.886747389738698
P0001636,transmission_line,I00048,14.395571291646357
P0001636,substation,I00050,11.737034495130311
P0001636,fiber_node,I00051,11.02718331223364
P0001636,water_source,I00053,13.329976788799788
P0001636,highway_interchange,I00055,8.867569956689842
P0001636,data_center,I00056,5.294486708578439
P0001637,transmission_line,I00047,21.50936716821579
P0001637,substation,I00050,13.31371342837474
P0001637,fiber_node,I00052,21.807263273236213
P0001637,water_source,I00053,19.601611418735885
P0001637,highway_interchange,I00055,32.61402905429605
P0001637,data_center,I00056,29.56630781392544
P0001638,transmission_line,I00048,13.867013987587518
P0001638,substation,I00049,23.925041510124057
P0001638,fiber_node,I00051,4.428661971369824
P0001638,water_source,I00053,27.44191877049805
P0001638,highway_interchange,I00055,12.467774361452387
P0001638,data_center,I00056,11.418341764136196
P0001639,transmission_line,I00048,12.810089419030817
P0001639,substation,I00049,4.838690836990133
P0001639,fiber_node,I00051,16.546935530366298
P0001639,water_source,I00053,8.992594841991108
P0001639,highway_interchange,I00055,9.222046614200453
P0001639,data_center,I00056,9.60554820681132
P0001640,transmission_line,I00046,17.919590699599446
P0001640,substation,I00050,2.4284144810668784
P0001640,fiber_node,I00052,22.689479586857374
P0001640,water_source,I00053,9.929222183381327
P0001640,highway_interchange,I00055,21.851874364539267
P0001640,data_center,I00056,19.04543107837617
P0001641,transmission_line,I00048,23.490189770040253
P0001641,substation,I00050,11.626329529035441
P0001641,fiber_node,I00051,26.34099327279973
P0001641,water_source,I00053,3.6171399379407685
P0001641,highway_interchange,I00055,19.77857938802875
P0001641,data_center,I00056,19.171320491134363
P0001642,transmission_line,I00046,17.279810805089326
P0001642,substation,I00050,27.461749753242117
P0001642,fiber_node,I00051,9.796137505689584
P0001642,water_source,I00053,30.624331379752046
P0001642,highway_interchange,I00054,17.46848892702706
P0001642,data_center,I00056,15.747166579567267
P0001643,transmission_line,I00046,7.933399998272575
P0001643,substation,I00050,17.551172669123787
P0001643,fiber_node,I00051,11.847149600515397
P0001643,water_source,I00053,22.506627906170753
P0001643,highway_interchange,I00055,16.050917987474797
P0001643,data_center,I00056,12.365784094215188
P0001644,transmission_line,I00046,23.6820274916314
P0001644,substation,I00050,7.087837644302402
P0001644,fiber_node,I00052,27.72774846907982
P0001644,water_source,I00053,9.087040944221753
P0001644,highway_interchange,I00055,24.907949200338205
P0001644,data_center,I00056,22.744601473531862
P0001645,transmission_line,I00048,22.739995242334444
P0001645,substation,I00050,8.95400982779482
P0001645,fiber_node,I00051,24.597314852327745
P0001645,water_source,I00053,1.1815503580619044
P0001645,highway_interchange,I00055,18.55826762631444
P0001645,data_center,I00056,17.477580149587144
P0001646,transmission_line,I00047,17.46347610789029
P0001646,substation,I00050,6.580245736003978
P0001646,fiber_node,I00052,20.37769361462096
P0001646,water_source,I00053,14.046130160970057
P0001646,highway_interchange,I00055,25.69116744255378
P0001646,data_center,I00056,22.626092522022127
P0001647,transmission_line,I00046,11.817400620737866
P0001647,substation,I00050,10.124585059956262
P0001647,fiber_node,I00051,13.28350056276246
P0001647,water_source,I00053,14.310064295405782
P0001647,highway_interchange,I00055,12.739060174794282
P0001647,data_center,I00056,8.961368173791657
P0001648,transmission_line,I00046,10.34674786581026
P0001648,substation,I00050,24.030547382404027
P0001648,fiber_node,I00051,14.068731571151122
P0001648,water_source,I00053,29.11188683151897
P0001648,highway_interchange,I00055,20.50063085831925
P0001648,data_center,I00056,17.344412862453485
P0001649,transmission_line,I00047,19.425800182854523
P0001649,substation,I00050,18.45211849415644
P0001649,fiber_node,I00052,16.83053824112905
P0001649,water_source,I00053,26.037960261728497
P0001649,highway_interchange,I00055,36.466003950839124
P0001649,data_center,I00056,32.97492220464203
P0001650,transmission_line,I00048,20.075606765732093
P0001650,substation,I00049,7.319902847819626
P0001650,fiber_node,I00051,24.67681835834255
P0001650,water_source,I00053,6.6668508051770115
P0001650,highway_interchange,I00055,17.27302886523973
P0001650,data_center,I00056,17.649715771840025
P0001651,transmission_line,I00046,13.190249677388385
P0001651,substation,I00050,7.757248448264476
P0001651,fiber_node,I00051,15.194760226570324
P0001651,water_source,I00053,12.041152020650024
P0001651,highway_interchange,I00055,13.445281826670387
P0001651,data_center,I00056,9.967520944047909
P0001652,transmission_line,I00046,11.421360744583206
P0001652,substation,I00050,18.0519166588917
P0001652,fiber_node,I00051,8.342570954179557
P0001652,water_source,I00053,21.699459680952504
P0001652,highway_interchange,I00055,12.834588049949343
P0001652,data_center,I00056,9.36466922974858
P0001653,transmission_line,I00048,31.6600819990214
P0001653,substation,I00049,18.8120237338788
P0001653,fiber_node,I00051,35.43574519097776
P0001653,water_source,I00053,12.562108113957827
P0001653,highway_interchange,I00055,28.542358881707916
P0001653,data_center,I00056,28.26691419266537
P0001654,transmission_line,I00046,22.07135818759007
P0001654,substation,I00050,4.719126244339875
P0001654,fiber_node,I00051,25.308278121395507
P0001654,water_source,I00053,5.327631133858959
P0001654,highway_interchange,I00055,20.634981499399753
P0001654,data_center,I00056,18.604079539631062
P0001655,transmission_line,I00047,30.802183690280174
P0001655,substation,I00050,22.486871735706895
P0001655,fiber_node,I00052,29.401773094242067
P0001655,water_source,I00053,27.02249970085067
P0001655,highway_interchange,I00055,41.901769521114495
P0001655,data_center,I00056,39.09632396012097
P0001656,transmission_line,I00047,23.255620621675753
P0001656,substation,I00050,7.895474158719177
P0001656,fiber_node,I00052,26.411286674004717
P0001656,water_source,I00053,11.444589469807818
P0001656,highway_interchange,I00055,26.66747386883527
P0001656,data_center,I00056,24.268729967519292
P0001657,transmission_line,I00046,12.349460143835575
P0001657,substation,I00050,29.54605474333405
P0001657,fiber_node,I00052,15.13449917406522
P0001657,water_source,I00053,36.16334630695997
P0001657,highway_interchange,I00055,30.01902644950467
P0001657,data_center,I00056,26.646528151393994
P0001658,transmission_line,I00047,15.198797672125611
P0001658,substation,I00050,5.752554200398711
P0001658,fiber_node,I00052,18.78528924757647
P0001658,water_source,I00053,14.029242070086491
P0001658,highway_interchange,I00055,23.97394732630688
P0001658,data_center,I00056,20.73513641451262
P0001659,transmission_line,I00046,10.589779481885298
P0001659,substation,I00050,7.713026161288693
P0001659,fiber_node,I00052,15.546065507552447
P0001659,water_source,I00053,16.043523324185315
P0001659,highway_interchange,I00055,22.00963955203443
P0001659,data_center,I00056,18.393756595919584
P0001660,transmission_line,I00046,12.493003643782961
P0001660,substation,I00050,12.012520180047156
P0001660,fiber_node,I00051,11.18489600072529
P0001660,water_source,I00053,15.339473116300196
P0001660,highway_interchange,I00055,11.103460008452666
P0001660,data_center,I00056,7.22276602792409
P0001661,transmission_line,I00048,5.753295219967629
P0001661,substation,I00049,9.805440304530443
P0001661,fiber_node,I00051,9.770775680201426
P0001661,water_source,I00053,16.30187387425664
P0001661,highway_interchange,I00055,1.706350918946509
P0001661,data_center,I00056,4.853261306650716
P0001662,transmission_line,I00048,17.173481236579555
P0001662,substation,I00049,6.610078870778002
P0001662,fiber_node,I00051,20.367313315147516
P0001662,water_source,I00053,4.95982479602487
P0001662,highway_interchange,I00055,13.469366864683211
P0001662,data_center,I00056,13.227593361865518
P0001663,transmission_line,I00048,9.166966591583536
P0001663,substation,I00049,19.64134293105838
P0001663,fiber_node,I00051,1.9469591717623802
P0001663,water_source,I00053,24.464218938108072
P0001663,highway_interchange,I00055,8.150590829499514
P0001663,data_center,I00056,8.175325583931585
P0001664,transmission_line,I00048,22.55592719607404
P0001664,substation,I00050,9.611355525946042
P0001664,fiber_node,I00051,24.69990596197643
P0001664,water_source,I00053,1.470434065666249
P0001664,highway_interchange,I00055,18.494292928637087
P0001664,data_center,I00056,17.556155097481188
P0001665,transmission_line,I00048,17.50662290976772
P0001665,substation,I00050,7.2375810325404135
P0001665,fiber_node,I00051,16.688694036906778
P0001665,water_source,I00053,7.468697139386761
P0001665,highway_interchange,I00055,12.298286362252343
P0001665,data_center,I00056,9.955831247163326
P0001666,transmission_line,I00046,8.839626465978583
P0001666,substation,I00050,21.06576212979736
P0001666,fiber_node,I00051,12.533828576161339
P0001666,water_source,I00053,26.056790225754238
P0001666,highway_interchange,I00055,18.182983815148795
P0001666,data_center,I00056,14.80017724794033
P0001667,transmission_line,I00046,17.341372400316132
P0001667,substation,I00050,1.1939947637780177
P0001667,fiber_node,I00051,21.693910876892087
P0001667,water_source,I00053,7.8715049097237495
P0001667,highway_interchange,I00055,18.25060265543654
P0001667,data_center,I00056,15.536060778772484
P0001668,transmission_line,I00046,15.794493471389028
P0001668,substation,I00050,29.930725775858484
P0001668,fiber_node,I00051,16.471342009566598
P0001668,water_source,I00053,34.634705164065196
P0001668,highway_interchange,I00054,23.652718776094893
P0001668,data_center,I00056,21.441389893406697
P0001669,transmission_line,I00048,6.527138018860759
P0001669,substation,I00049,9.243505991167387
P0001669,fiber_node,I00051,10.261304766709083
P0001669,water_source,I00053,15.47559540546961
P0001669,highway_interchange,I00055,2.308176794793975
P0001669,data_center,I00056,4.778574452570591
P0001670,transmission_line,I00048,24.67171283434312
P0001670,substation,I00050,11.128819637944991
P0001670,fiber_node,I00051,27.158788162860557
P0001670,water_source,I00053,3.902555743232534
P0001670,highway_interchange,I00055,20.809347876432298
P0001670,data_center,I00056,20.004887540478084
P0001671,transmission_line,I00046,13.572433882771163
P0001671,substation,I00050,10.68482695019193
P0001671,fiber_node,I00051,12.1404993620562
P0001671,water_source,I00053,13.638358884637919
P0001671,highway_interchange,I00055,10.882114749374729
P0001671,data_center,I00056,7.179020496751301
P0001672,transmission_line,I00048,1.3297078268307836
P0001672,substation,I00049,12.035420834415415
P0001672,fiber_node,I00051,10.077533079538036
P0001672,water_source,I00053,20.378034049502745
P0001672,highway_interchange,I00055,4.414016188902247
P0001672,data_center,I00056,8.277421953090403
P0001673,transmission_line,I00048,12.62590514528617
P0001673,substation,I00049,9.629158726925802
P0001673,fiber_node,I00051,13.055838560637167
P0001673,water_source,I00053,10.410119188459227
P0001673,highway_interchange,I00055,7.507028863269143
P0001673,data_center,I00056,5.9016988442179255
P0001674,transmission_line,I00047,12.779108264443504
P0001674,substation,I00050,8.58578266278514
P0001674,fiber_node,I00052,15.652016561328585
P0001674,water_source,I00053,17.041804427920354
P0001674,highway_interchange,I00055,25.367229178317
P0001674,data_center,I00056,21.872501222845596
P0001675,transmission_line,I00047,18.335659859554987
P0001675,substation,I00050,19.668286352312215
P0001675,fiber_node,I00052,14.879592110116386
P0001675,water_source,I00053,27.567675793389114
P0001675,highway_interchange,I00055,36.98966262369946
P0001675,data_center,I00056,33.38427525316878
P0001676,transmission_line,I00048,10.692495587642217
P0001676,substation,I00049,23.810116257475226
P0001676,fiber_node,I00051,12.36678060478916
P0001676,water_source,I00053,31.91527527897003
P0001676,highway_interchange,I00054,5.265489798857243
P0001676,data_center,I00056,16.90055766086404
P0001677,transmission_line,I00048,12.095886276047363
P0001677,substation,I00049,13.67259315999621
P0001677,fiber_node,I00051,9.093029576700282
P0001677,water_source,I00053,14.53562347227255
P0001677,highway_interchange,I00055,6.595832166091042
P0001677,data_center,I00056,2.919979935407094
P0001678,transmission_line,I00048,9.749282352412209
P0001678,substation,I00049,6.9100506768612835
P0001678,fiber_node,I00051,13.071894703308786
P0001678,water_source,I00053,12.011284013177999
P0001678,highway_interchange,I00055,5.670295136468062
P0001678,data_center,I00056,6.363870311066309
P0001679,transmission_line,I00046,12.475989296557664
P0001679,substation,I00050,17.373376341390628
P0001679,fiber_node,I00051,7.479469497057569
P0001679,water_source,I00053,20.52262594329608
P0001679,highway_interchange,I00055,11.330423271463133
P0001679,data_center,I00056,7.8138543974801395
P0001680,transmission_line,I00046,12.36443755098325
P0001680,substation,I00050,7.671662481411093
P0001680,fiber_node,I00051,15.629056667684154
P0001680,water_source,I00053,12.619026880533063
P0001680,highway_interchange,I00055,14.252610026131771
P0001680,data_center,I00056,10.695899502293253
P0001681,transmission_line,I00046,3.6952884307741742
P0001681,substation,I00050,13.82395770378817
P0001681,fiber_node,I00052,11.526142118522346
P0001681,water_source,I00053,21.36833188678364
P0001681,highway_interchange,I00055,22.08135492038898
P0001681,data_center,I00056,18.16540872494454
P0001682,transmission_line,I00046,22.427600703255337
P0001682,substation,I00050,5.6099457108794955
P0001682,fiber_node,I00052,26.88279069691161
P0001682,water_source,I00053,8.250780926988286
P0001682,highway_interchange,I00055,23.540650313233193
P0001682,data_center,I00056,21.302350822697893
P0001683,transmission_line,I00048,8.056424297444007
P0001683,substation,I00049,10.275998068378977
P0001683,fiber_node,I00051,9.48188353013871
P0001683,water_source,I00053,14.824823836195089
P0001683,highway_interchange,I00055,2.7464278400495123
P0001683,data_center,I00056,3.024623631489988
P0001684,transmission_line,I00048,5.634876111863418
P0001684,substation,I00049,7.797359482624188
P0001684,fiber_node,I00051,14.310570542560786
P0001684,water_source,I00053,17.77091303584327
P0001684,highway_interchange,I00055,6.788143311712027
P0001684,data_center,I00056,10.338937729252372
P0001685,transmission_line,I00046,15.284121428325928
P0001685,substation,I00050,22.139687091833082
P0001685,fiber_node,I00051,5.403200589332187
P0001685,water_source,I00053,24.769126580997163
P0001685,highway_interchange,I00055,12.407349500949158
P0001685,data_center,I00056,9.975520732790713
P0001686,transmission_line,I00047,7.466078209317139
P0001686,substation,I00050,13.160869292055517
P0001686,fiber_node,I00052,10.11421206630803
P0001686,water_source,I00053,21.58262704381901
P0001686,highway_interchange,I00055,26.236419535054377
P0001686,data_center,I00056,22.41657802227947
P0001687,transmission_line,I00048,23.731953346567554
P0001687,substation,I00050,8.283424906003694
P0001687,fiber_node,I00051,25.22461032882348
P0001687,water_source,I00053,2.033893988895304
P0001687,highway_interchange,I00055,19.421851095151254
P0001687,data_center,I00056,18.15416028502915
P0001688,transmission_line,I00048,12.182213410052617
P0001688,substation,I00049,23.092423794996158
P0001688,fiber_node,I00051,4.152967376248959
P0001688,water_source,I00053,27.56268550179365
P0001688,highway_interchange,I00055,11.599070478685872
P0001688,data_center,I00056,11.285982777885074
P0001689,transmission_line,I00048,16.200242745655967
P0001689,substation,I00050,8.710884979665348
P0001689,fiber_node,I00051,16.249443877628902
P0001689,water_source,I00053,7.280097297947571
P0001689,highway_interchange,I00055,11.16409396504292
P0001689,data_center,I00056,9.259176781925161
P0001690,transmission_line,I00048,8.664104532673443
P0001690,substation,I00049,16.00241987986712
P0001690,fiber_node,I00051,3.6936573270180992
P0001690,water_source,I00053,19.823590752294244
P0001690,highway_interchange,I00055,4.876004653130566
P0001690,data_center,I00056,3.523421307878026
P0001691,transmission_line,I00046,9.855902193171758
P0001691,substation,I00050,27.151272210179133
P0001691,fiber_node,I00052,12.91720974354415
P0001691,water_source,I00053,33.97036203232298
P0001691,highway_interchange,I00055,28.812673428249912
P0001691,data_center,I00056,25.287583361032784
P0001692,transmission_line,I00048,9.016227052405545
P0001692,substation,I00049,21.644317180510846
P0001692,fiber_node,I00051,7.010543467696771
P0001692,water_source,I00053,28.23224444766647
P0001692,highway_interchange,I00054,8.353694340302107
P0001692,data_center,I00056,12.3724531349928
P0001693,transmission_line,I00048,12.635280549611448
P0001693,substation,I00050,14.620959122071108
P0001693,fiber_node,I00051,8.11285962445004
P0001693,water_source,I00053,15.94885825207177
P0001693,highway_interchange,I00055,7.313859479389098
P0001693,data_center,I00056,3.3933538625783717
P0001694,transmission_line,I00047,2.5104784162900144
P0001694,substation,I00050,20.43413784109405
P0001694,fiber_node,I00052,7.716301408920022
P0001694,water_source,I00053,27.990392332272126
P0001694,highway_interchange,I00055,26.614468753648623
P0001694,data_center,I00056,22.74735924301248
P0001695,transmission_line,I00046,6.796587690173766
P0001695,substation,I00050,15.404903757883284
P0001695,fiber_node,I00051,13.230026011295884
P0001695,water_source,I00053,20.830710319813974
P0001695,highway_interchange,I00055,16.331640740934066
P0001695,data_center,I00056,12.476363164278762
P0001696,transmission_line,I00046,4.438271532557281
P0001696,substation,I00050,16.207823913810262
P0001696,fiber_node,I00052,15.020206207360118
P0001696,water_source,I00053,22.346963009189576
P0001696,highway_interchange,I00055,18.749640355406434
P0001696,data_center,I00056,14.89292644856301
P0001697,transmission_line,I00047,16.68556011508167
P0001697,substation,I00050,13.367872929670085
P0001697,fiber_node,I00052,16.43593213797878
P0001697,water_source,I00053,21.152989321653255
P0001697,highway_interchange,I00055,31.452926231764845
P0001697,data_center,I00056,28.028982062393382
P0001698,transmission_line,I00046,13.629727398752872
P0001698,substation,I00050,14.530785054717898
P0001698,fiber_node,I00051,8.537259958763247
P0001698,water_source,I00053,17.04320234410016
P0001698,highway_interchange,I00055,9.435435196125377
P0001698,data_center,I00056,5.538879592574403
P0001699,transmission_line,I00046,10.498349090567377
P0001699,substation,I00050,18.12860499036495
P0001699,fiber_node,I00051,9.273197816535525
P0001699,water_source,I00053,22.153503586343525
P0001699,highway_interchange,I00055,13.841379121711869
P0001699,data_center,I00056,10.328691179915072
P0001700,transmission_line,I00046,9.792701786263097
P0001700,substation,I00050,8.930774470130341
P0001700,fiber_node,I00051,16.130590583754874
P0001700,water_source,I00053,14.96362712450396
P0001700,highway_interchange,I00055,15.964738218953869
P0001700,data_center,I00056,12.194903501822962
P0001701,transmission_line,I00047,24.112489876797483
P0001701,substation,I00050,8.7874142790595
P0001701,fiber_node,I00052,27.115460698329223
P0001701,water_source,I00053,11.868007052346915
P0001701,highway_interchange,I00055,27.41663598996702
P0001701,data_center,I00056,25.078517300800883
P0001702,transmission_line,I00047,14.72514240322547
P0001702,substation,I00050,5.641198560692014
P0001702,fiber_node,I00052,18.502491620869716
P0001702,water_source,I00053,14.026494534244767
P0001702,highway_interchange,I00055,23.557621966701074
P0001702,data_center,I00056,20.282410732203886
P0001703,transmission_line,I00048,18.805600197500503
P0001703,substation,I00049,29.99333571437972
P0001703,fiber_node,I00051,24.054113706855205
P0001703,water_source,I00053,40.167274361762736
P0001703,highway_interchange,I00054,12.76639885389554
P0001703,data_center,I00056,27.312201514661133
P0001704,transmission_line,I00047,18.41410232304565
P0001704,substation,I00050,14.09749595225524
P0001704,fiber_node,I00052,17.90506757307095
P0001704,water_source,I00053,21.517502681511328
P0001704,highway_interchange,I00055,32.62674792149174
P0001704,data_center,I00056,29.283525346994427
P0001705,transmission_line,I00046,11.759351920119766
P0001705,substation,I00050,5.7114657271312135
P0001705,fiber_node,I00052,18.807196845943544
P0001705,water_source,I00053,13.045291349055082
P0001705,highway_interchange,I00055,18.10624011355533
P0001705,data_center,I00056,14.607948297568882
P0001706,transmission_line,I00048,13.87607569741813
P0001706,substation,I00049,6.841290296202859
P0001706,fiber_node,I00051,16.26466367146899
P0001706,water_source,I00053,7.87915064254209
P0001706,highway_interchange,I00055,9.610043055564406
P0001706,data_center,I00056,9.121064765321679
P0001707,transmission_line,I00046,10.667299535435419
P0001707,substation,I00050,19.470810129888747
P0001707,fiber_node,I00051,9.390333720852738
P0001707,water_source,I00053,23.557623100733586
P0001707,highway_interchange,I00055,14.68564783782881
P0001707,data_center,I00056,11.333943487375656
P0001708,transmission_line,I00048,6.465864543224275
P0001708,substation,I00049,19.604930690760987
P0001708,fiber_node,I00051,9.96185242725539
P0001708,water_source,I00053,27.723722533482604
P0001708,highway_interchange,I00054,9.305289072572572
P0001708,data_center,I00056,13.161417707068829
P0001709,transmission_line,I00047,29.367029247796097
P0001709,substation,I00050,18.244833260256733
P0001709,fiber_node,I00052,29.516142186727006
P0001709,water_source,I00053,21.864342893244316
P0001709,highway_interchange,I00055,37.443729915363654
P0001709,data_center,I00056,34.890290971235736
P0001710,transmission_line,I00046,10.454880335669298
P0001710,substation,I00050,18.481570687538206
P0001710,fiber_node,I00051,9.357019423304305
P0001710,water_source,I00053,22.551067872233325
P0001710,highway_interchange,I00055,14.127414447953951
P0001710,data_center,I00056,10.652713494120832
P0001711,transmission_line,I00048,12.521399740389512
P0001711,substation,I00050,16.66973809785168
P0001711,fiber_node,I00051,6.1339416925867365
P0001711,water_source,I00053,18.307840744441634
P0001711,highway_interchange,I00055,7.7214582482352805
P0001711,data_center,I00056,4.1345336454592125
P0001712,transmission_line,I00047,9.874719757764066
P0001712,substation,I00050,12.682241235199658
P0001712,fiber_node,I00052,11.304618483809156
P0001712,water_source,I00053,21.191476655757565
P0001712,highway_interchange,I00055,27.502636265798102
P0001712,data_center,I00056,23.769356587437347
P0001713,transmission_line,I00047,26.76042371670608
P0001713,substation,I00050,13.403085930949958
P0001713,fiber_node,I00052,28.381090382876707
P0001713,water_source,I00053,16.552388995908874
P0001713,highway_interchange,I00055,32.31609403657294
P0001713,data_center,I00056,29.91017807562807
P0001714,transmission_line,I00046,17.973103369895234
P0001714,substation,I00050,1.8882773471385148
P0001714,fiber_node,I00051,21.522893623318716
P0001714,water_source,I00053,7.053322350606722
P0001714,highway_interchange,I00055,17.790520248003336
P0001714,data_center,I00056,15.207023109546725
P0001715,transmission_line,I00048,9.903125743408525
P0001715,substation,I00049,4.283434139424709
P0001715,fiber_node,I00051,17.98122665449805
P0001715,water_source,I00053,15.51677531466698
P0001715,highway_interchange,I00055,10.005876461193438
P0001715,data_center,I00056,12.840711011374669
P0001716,transmission_line,I00046,29.006156904412784
P0001716,substation,I00050,12.345028079824077
P0001716,fiber_node,I00052,32.49701697142511
P0001716,water_source,I00053,11.534192588341798
P0001716,highway_interchange,I00055,28.716229694027916
P0001716,data_center,I00056,27.01854378828354
P0001717,transmission_line,I00047,12.128130983005251
P0001717,substation,I00050,15.181900527566334
P0001717,fiber_node,I00052,11.062517792380037
P0001717,water_source,I00053,23.610673411919723
P0001717,highway_interchange,I00055,30.89953383260613
P0001717,data_center,I00056,27.185945065735467
P0001718,transmission_line,I00046,27.72682853487092
P0001718,substation,I00050,10.540551283254967
P0001718,fiber_node,I00051,31.185745587444206
P0001718,water_source,I00053,8.560343675453586
P0001718,highway_interchange,I00055,25.83539501946945
P0001718,data_center,I00056,24.273295288744738
P0001719,transmission_line,I00047,14.874754851228873
P0001719,substation,I00050,5.386176928421876
P0001719,fiber_node,I00052,18.730164239702155
P0001719,water_source,I00053,13.768122369196247
P0001719,highway_interchange,I00055,23.382341578139272
P0001719,data_center,I00056,20.12690422331719
P0001720,transmission_line,I00046,18.145026776162403
P0001720,substation,I00050,0.9264727959097914
P0001720,fiber_node,I00051,23.571919291975853
P0001720,water_source,I00053,8.27043368397076
P0001720,highway_interchange,I00055,20.10202510802887
P0001720,data_center,I00056,17.428661204157596
P0001721,transmission_line,I00046,13.313807978666057
P0001721,substation,I00050,16.416256270481288
P0001721,fiber_node,I00051,7.295173209354797
P0001721,water_source,I00053,19.126494850974463
P0001721,highway_interchange,I00055,10.032773863601713
P0001721,data_center,I00056,6.377621977463502
P0001722,transmission_line,I00046,6.563791600581805
P0001722,substation,I00050,21.565206194790512
P0001722,fiber_node,I00052,15.511038986487195
P0001722,water_source,I00053,27.46859930707081
P0001722,highway_interchange,I00055,21.32325035276852
P0001722,data_center,I00056,17.77229701144791
P0001723,transmission_line,I00046,10.688335222212155
P0001723,substation,I00050,9.18176650984486
P0001723,fiber_node,I00051,14.977669281970655
P0001723,water_source,I00053,14.463257113738747
P0001723,highway_interchange,I00055,14.59367594646404
P0001723,data_center,I00056,10.833481028568608
P0001724,transmission_line,I00048,15.614251394188932
P0001724,substation,I00050,23.136128410684872
P0001724,fiber_node,I00051,5.4111690833777395
P0001724,water_source,I00053,25.67630098602443
P0001724,highway_interchange,I00055,12.838628748924595
P0001724,data_center,I00056,10.638359558531079
P0001725,transmission_line,I00048,22.038694392513563
P0001725,substation,I00050,5.987462695976924
P0001725,fiber_node,I00051,22.611207197616277
P0001725,water_source,I00053,2.5433949588383435
P0001725,highway_interchange,I00055,17.351524682742394
P0001725,data_center,I00056,15.666032973323212
P0001726,transmission_line,I00048,15.844614190430587
P0001726,substation,I00049,25.9117256515563
P0001726,fiber_node,I00051,6.41588710996379
P0001726,water_source,I00053,29.086206680644576
P0001726,highway_interchange,I00054,13.915376248833436
P0001726,data_center,I00056,13.254126248884221
P0001727,transmission_line,I00048,18.886547470588674
P0001727,substation,I00050,6.08549737059279
P0001727,fiber_node,I00051,18.371894934832344
P0001727,water_source,I00053,6.049955276949926
P0001727,highway_interchange,I00055,13.79262567731305
P0001727,data_center,I00056,11.603588031472594
P0001728,transmission_line,I00048,1.7832796437317233
P0001728,substation,I00049,13.968276807651202
P0001728,fiber_node,I00051,8.427435003477514
P0001728,water_source,I00053,21.71519393709132
P0001728,highway_interchange,I00055,4.69635874496964
P0001728,data_center,I00056,8.112103137017055
P0001729,transmission_line,I00046,26.005626192313233
P0001729,substation,I00050,8.64874484810817
P0001729,fiber_node,I00051,28.075772144208308
P0001729,water_source,I00053,5.316769189950997
P0001729,highway_interchange,I00055,22.58501526488764
P0001729,data_center,I00056,21.102820424869243
P0001730,transmission_line,I00047,27.68286848683312
P0001730,substation,I00050,16.661524051330396
P0001730,fiber_node,I00052,28.0210875207832
P0001730,water_source,I00053,20.67395582061678
P0001730,highway_interchange,I00055,35.94264678755138
P0001730,data_center,I00056,33.322912113566474
P0001731,transmission_line,I00046,11.386539437401119
P0001731,substation,I00050,6.033602471740246
P0001731,fiber_node,I00052,18.377914213550604
P0001731,water_source,I00053,13.46263832167443
P0001731,highway_interchange,I00055,18.37435476181752
P0001731,data_center,I00056,14.839112023879592
P0001732,transmission_line,I00048,16.761375465695835
P0001732,substation,I00050,8.954387002541923
P0001732,fiber_node,I00051,17.7733638545485
P0001732,water_source,I00053,5.64475371605853
P0001732,highway_interchange,I00055,12.06108049009726
P0001732,data_center,I00056,10.661999180079922
P0001733,transmission_line,I00048,13.331480053063686
P0001733,substation,I00050,14.422746672548108
P0001733,fiber_node,I00051,8.313314064241263
P0001733,water_source,I00053,16.164413995108102
P0001733,highway_interchange,I00055,8.047458401508909
P0001733,data_center,I00056,4.126575757974766
P0001734,transmission_line,I00047,14.67277153885086
P0001734,substation,I00050,22.792497085781356
P0001734,fiber_node,I00052,8.548616769018341
P0001734,water_source,I00053,31.24239814606533
P0001734,highway_interchange,I00055,37.3290732882729
P0001734,data_center,I00056,33.48210627264256
P0001735,transmission_line,I00046,20.575954799582576
P0001735,substation,I00050,3.4448471139380605
P0001735,fiber_node,I00051,23.54692452407614
P0001735,water_source,I00053,5.274689788816219
P0001735,highway_interchange,I00055,19.100587175478303
P0001735,data_center,I00056,16.919017151957004
P0001736,transmission_line,I00048,20.95134375611887
P0001736,substation,I00049,8.282233714626935
P0001736,fiber_node,I00051,25.30271668682119
P0001736,water_source,I00053,6.1901553291417395
P0001736,highway_interchange,I00055,18.01106593313439
P0001736,data_center,I00056,18.22779997461074
P0001737,transmission_line,I00048,16.13177421726789
P0001737,substation,I00049,8.145253271751546
P0001737,fiber_node,I00051,17.926192606314217
P0001737,water_source,I00053,5.7240180356701105
P0001737,highway_interchange,I00055,11.71261755719169
P0001737,data_center,I00056,10.758636062200756
P0001738,transmission_line,I00046,19.33948573953466
P0001738,substation,I00050,4.3047725634207366
P0001738,fiber_node,I00051,20.4874607566518
P0001738,water_source,I00053,5.246631150329526
P0001738,highway_interchange,I00055,16.028187054703903
P0001738,data_center,I00056,13.808987743254356
P0001739,transmission_line,I00046,14.779288556276764
P0001739,substation,I00050,26.077210242291983
P0001739,fiber_node,I00051,10.915274398763524
P0001739,water_source,I00053,29.90591544453127
P0001739,highway_interchange,I00055,18.40667923768399
P0001739,data_center,I00056,15.943431434158716
P0001740,transmission_line,I00048,7.335811708441658
P0001740,substation,I00049,9.248448174942668
P0001740,fiber_node,I00051,10.290813054923444
P0001740,water_source,I00053,14.835916181936952
P0001740,highway_interchange,I00055,2.6670094273857634
P0001740,data_center,I00056,4.294798296795787
P0001741,transmission_line,I00046,9.82346994139302
P0001741,substation,I00050,27.102594996322786
P0001741,fiber_node,I00052,13.030328344880225
P0001741,water_source,I00053,33.895260028908496
P0001741,highway_interchange,I00055,28.670576468229616
P0001741,data_center,I00056,25.15160955183311
P0001742,transmission_line,I00046,21.03613638781201
P0001742,substation,I00050,5.502778235776507
P0001742,fiber_node,I00051,21.30111591291069
P0001742,water_source,I00053,3.5469503654983527
P0001742,highway_interchange,I00055,16.2687456133141
P0001742,data_center,I00056,14.414848915346965
P0001743,transmission_line,I00048,16.630578744418482
P0001743,substation,I00049,8.219128716385924
P0001743,fiber_node,I00051,25.449298276065626
P0001743,water_source,I00053,18.333354263598657
P0001743,highway_interchange,I00055,17.52014036908812
P0001743,data_center,I00056,20.272884457723574
P0001744,transmission_line,I00048,14.02614772348329
P0001744,substation,I00050,11.11317993011743
P0001744,fiber_node,I00051,12.124750925138734
P0001744,water_source,I00053,11.64075786293752
P0001744,highway_interchange,I00055,8.535755971399444
P0001744,data_center,I00056,5.559793618762202
P0001745,transmission_line,I00046,12.93591144177744
P0001745,substation,I00050,26.574933079279617
P0001745,fiber_node,I00051,14.40444288304222
P0001745,water_source,I00053,31.348254350595006
P0001745,highway_interchange,I00055,21.498398607625745
P0001745,data_center,I00056,18.659051167316026
P0001746,transmission_line,I00048,21.8218312691509
P0001746,substation,I00050,8.84726878700902
P0001746,fiber_node,I00051,23.68461254749711
P0001746,water_source,I00053,0.3830439722920409
P0001746,highway_interchange,I00055,17.620796409378197
P0001746,data_center,I00056,16.556883051004405
P0001747,transmission_line,I00046,15.995779778462342
P0001747,substation,I00050,8.546017310580694
P0001747,fiber_node,I00051,14.3520301475665
P0001747,water_source,I00053,10.358662634275854
P0001747,highway_interchange,I00055,11.156207040689962
P0001747,data_center,I00056,8.129862085237319
P0001748,transmission_line,I00046,15.966022079184556
P0001748,substation,I00050,8.155353162827312
P0001748,fiber_node,I00051,14.731420895911326
P0001748,water_source,I00053,10.121439434082033
P0001748,highway_interchange,I00055,11.524018212669095
P0001748,data_center,I00056,8.519138489535226
P0001749,transmission_line,I00047,27.066574672708732
P0001749,substation,I00050,18.154346611765675
P0001749,fiber_node,I00052,26.49322922076311
P0001749,water_source,I00053,23.06720405557838
P0001749,highway_interchange,I00055,37.57892065527089
P0001749,data_center,I00056,34.741997827721654
P0001750,transmission_line,I00048,1.0007102428370425
P0001750,substation,I00049,12.715246515821885
P0001750,fiber_node,I00051,9.594918756520613
P0001750,water_source,I00053,20.906321284654542
P0001750,highway_interchange,I00055,4.534137932507298
P0001750,data_center,I00056,8.296674730273072
P0001751,transmission_line,I00047,10.31399673646999
P0001751,substation,I00050,10.139151523571334
P0001751,fiber_node,I00052,13.388637229965498
P0001751,water_source,I00053,18.64179714958038
P0001751,highway_interchange,I00055,25.196174981513558
P0001751,data_center,I00056,21.53217267678411
P0001752,transmission_line,I00048,14.490388470092423
P0001752,substation,I00049,21.64351210403427
P0001752,fiber_node,I00051,23.55074905239719
P0001752,water_source,I00053,32.82704117189997
P0001752,highway_interchange,I00054,19.107691569840746
P0001752,data_center,I00056,23.735013649662744
P0001753,transmission_line,I00048,8.41442386447656
P0001753,substation,I00049,8.00228204266435
P0001753,fiber_node,I00051,11.663618424610869
P0001753,water_source,I00053,13.479077950103045
P0001753,highway_interchange,I00055,4.126488857817558
P0001753,data_center,I00056,5.249926999145237
P0001754,transmission_line,I00047,16.154519139610258
P0001754,substation,I00050,13.351795073473722
P0001754,fiber_node,I00052,15.90477911361637
P0001754,water_source,I00053,21.24476531964633
P0001754,highway_interchange,I00055,31.244078189828695
P0001754,data_center,I00056,27.78819238814933
P0001755,transmission_line,I00048,9.573051506006626
P0001755,substation,I00049,4.018903763911333
P0001755,fiber_node,I00051,15.50696201581745
P0001755,water_source,I00053,12.824596293103873
P0001755,highway_interchange,I00055,7.4858859252998196
P0001755,data_center,I00056,9.484123671543749
P0001756,transmission_line,I00046,10.690276239878466
P0001756,substation,I00050,8.622081836130391
P0001756,fiber_node,I00051,15.651014807857438
P0001756,water_source,I00053,14.2109834789705
P0001756,highway_interchange,I00055,15.125253542843499
P0001756,data_center,I00056,11.401318345175385
P0001757,transmission_line,I00046,3.8092731006455907
P0001757,substation,I00050,13.79315917851493
P0001757,fiber_node,I00052,11.374598054041213
P0001757,water_source,I00053,21.391918564469655
P0001757,highway_interchange,I00055,22.27300269796889
P0001757,data_center,I00056,18.358623342446563
P0001758,transmission_line,I00048,14.849913884881097
P0001758,substation,I00049,27.163391837472744
P0001758,fiber_node,I00051,9.504641218386851
P0001758,water_source,I00053,32.701524273986024
P0001758,highway_interchange,I00054,7.1316039289799855
P0001758,data_center,I00056,16.412450845324894
P0001759,transmission_line,I00046,5.2188913942687005
P0001759,substation,I00050,12.15574574153504
P0001759,fiber_node,I00052,13.094096489250393
P0001759,water_source,I00053,19.608665148873236
P0001759,highway_interchange,I00055,20.812689096276934
P0001759,data_center,I00056,16.91779417376266
P0001760,transmission_line,I00048,14.7720205015247
P0001760,substation,I00050,10.098165921809645
P0001760,fiber_node,I00051,13.380411745762602
P0001760,water_source,I00053,10.379137750890404
P0001760,highway_interchange,I00055,9.364628539090248
P0001760,data_center,I00056,6.683622089589272
P0001761,transmission_line,I00048,21.326180660168614
P0001761,substation,I00050,9.501811800948547
P0001761,fiber_node,I00051,23.4906743087001
P0001761,water_source,I00053,1.0133769143768372
P0001761,highway_interchange,I00055,17.24415961576539
P0001761,data_center,I00056,16.338387548936165
P0001762,transmission_line,I00046,10.078383615577566
P0001762,substation,I00050,10.138097222007387
P0001762,fiber_node,I00051,14.380298597844948
P0001762,water_source,I00053,15.351603428089138
P0001762,highway_interchange,I00055,14.491779048352626
P0001762,data_center,I00056,10.657431340186346
P0001763,transmission_line,I00046,11.787440131874039
P0001763,substation,I00050,10.07866820772677
P0001763,fiber_node,I00051,13.344260883864353
P0001763,water_source,I00053,14.297988544359026
P0001763,highway_interchange,I00055,12.797700665472593
P0001763,data_center,I00056,9.021950712575032
P0001764,transmission_line,I00048,7.459807326232023
P0001764,substation,I00049,19.42218859146784
P0001764,fiber_node,I00051,4.887184053893832
P0001764,water_source,I00053,25.58570851653162
P0001764,highway_interchange,I00055,8.367032066017268
P0001764,data_center,I00056,9.675931214390902
P0001765,transmission_line,I00048,8.408467798000087
P0001765,substation,I00049,4.734620958337557
P0001765,fiber_node,I00051,15.463272107495742
P0001765,water_source,I00053,14.558833668071308
P0001765,highway_interchange,I00055,7.409501030964366
P0001765,data_center,I00056,10.064550605198203
P0001766,transmission_line,I00048,11.766054298890799
P0001766,substation,I00049,11.505295839019672
P0001766,fiber_node,I00051,10.732991749194014
P0001766,water_source,I00053,12.685870575247371
P0001766,highway_interchange,I00055,6.290524118916733
P0001766,data_center,I00056,3.701852464919266
P0001767,transmission_line,I00046,14.524976151668392
P0001767,substation,I00050,10.21835224391973
P0001767,fiber_node,I00051,12.504738861326352
P0001767,water_source,I00053,12.661300711614661
P0001767,highway_interchange,I00055,10.511254437104995
P0001767,data_center,I00056,6.986459414042756
P0001768,transmission_line,I00048,10.634801852044435
P0001768,substation,I00049,2.5104134085480143
P0001768,fiber_node,I00051,17.414776065320194
P0001768,water_source,I00053,13.111567071907231
P0001768,highway_interchange,I00055,9.351535515119195
P0001768,data_center,I00056,11.54827499161217
P0001769,transmission_line,I00046,7.178988456544872
P0001769,substation,I00050,10.543704826232634
P0001769,fiber_node,I00052,13.403086051135057
P0001769,water_source,I00053,18.442443521301957
P0001769,highway_interchange,I00055,21.599266120490935
P0001769,data_center,I00056,17.778426159877434
P0001770,transmission_line,I00047,13.662366365204491
P0001770,substation,I00050,31.18102246658282
P0001770,fiber_node,I00052,14.752085453358784
P0001770,water_source,I00053,38.08280001525698
P0001770,highway_interchange,I00055,32.51362982354552
P0001770,data_center,I00056,29.095150792522585
P0001771,transmission_line,I00046,11.612816363997336
P0001771,substation,I00050,6.229271924086361
P0001771,fiber_node,I00052,17.071479150020377
P0001771,water_source,I00053,14.508795860323561
P0001771,highway_interchange,I00055,20.978553765694368
P0001771,data_center,I00056,17.461087398817863
P0001772,transmission_line,I00048,27.53993781315564
P0001772,substation,I00050,13.303081860054801
P0001772,fiber_node,I00051,30.294131757479025
P0001772,water_source,I00053,7.00540579902603
P0001772,highway_interchange,I00055,23.85105377748489
P0001772,data_center,I00056,23.136326253877872
P0001773,transmission_line,I00047,10.111580425250821
P0001773,substation,I00050,11.323267055309572
P0001773,fiber_node,I00052,12.426585175552196
P0001773,water_source,I00053,19.831866821304654
P0001773,highway_interchange,I00055,26.32909242025336
P0001773,data_center,I00056,22.63340024144837
P0001774,transmission_line,I00046,10.102938915173969
P0001774,substation,I00050,17.394801914704416
P0001774,fiber_node,I00051,9.670365256759778
P0001774,water_source,I00053,21.533465186161603
P0001774,highway_interchange,I00055,13.806667441723771
P0001774,data_center,I00056,10.191635076241386
P0001775,transmission_line,I00048,13.683644529268848
P0001775,substation,I00050,16.521396177044032
P0001775,fiber_node,I00051,6.643996566716527
P0001775,water_source,I00053,18.725191729712268
P0001775,highway_interchange,I00055,8.925712899161251
P0001775,data_center,I00056,5.3010064021756875
P0001776,transmission_line,I00046,33.10353374939356
P0001776,substation,I00050,16.18071723110463
P0001776,fiber_node,I00052,36.65189830487894
P0001776,water_source,I00053,13.628408456123385
P0001776,highway_interchange,I00055,31.06201326665016
P0001776,data_center,I00056,29.7761342387241
P0001777,transmission_line,I00048,3.788690730862767
P0001777,substation,I00049,13.761120147423487
P0001777,fiber_node,I00051,6.820449086072066
P0001777,water_source,I00053,20.405042554203312
P0001777,highway_interchange,I00055,2.978831169355081
P0001777,data_center,I00056,5.929922204548788
P0001778,transmission_line,I00048,18.745123569613657
P0001778,substation,I00049,7.396803265081545
P0001778,fiber_node,I00051,22.10435509539569
P0001778,water_source,I00053,4.179347314727297
P0001778,highway_interchange,I00055,15.18049023399334
P0001778,data_center,I00056,14.959701518603593
P0001779,transmission_line,I00046,11.79646954659009
P0001779,substation,I00050,16.600260373731736
P0001779,fiber_node,I00051,8.312544929520904
P0001779,water_source,I00053,20.00607188086582
P0001779,highway_interchange,I00055,11.694000191434242
P0001779,data_center,I00056,8.037689476315311
P0001780,transmission_line,I00046,10.023223146701532
P0001780,substation,I00050,7.714464798334204
P0001780,fiber_node,I00052,15.766214191605414
P0001780,water_source,I00053,15.830842315342723
P0001780,highway_interchange,I00055,21.01148896608586
P0001780,data_center,I00056,17.3618837850813
P0001781,transmission_line,I00046,5.165027223276619
P0001781,substation,I00050,15.704836154801805
P0001781,fiber_node,I00051,14.753994241802427
P0001781,water_source,I00053,21.662535802200875
P0001781,highway_interchange,I00055,17.954565599988555
P0001781,data_center,I00056,14.088972650329305
P0001782,transmission_line,I00047,8.331833192796676
P0001782,substation,I00050,16.4241236241538
P0001782,fiber_node,I00052,7.465188306381112
P0001782,water_source,I00053,24.91622365300971
P0001782,highway_interchange,I00055,29.715615674621656
P0001782,data_center,I00056,25.86342681945583
P0001783,transmission_line,I00047,27.596245867288566
P0001783,substation,I00050,18.83432462418445
P0001783,fiber_node,I00052,26.864764681540233
P0001783,water_source,I00053,23.702284199673613
P0001783,highway_interchange,I00055,38.258614477342654
P0001783,data_center,I00056,35.42192581239263
P0001784,transmission_line,I00046,8.8869321369379
P0001784,substation,I00050,9.381829207326515
P0001784,fiber_node,I00052,13.995921185243006
P0001784,water_source,I00053,17.58782352067937
P0001784,highway_interchange,I00055,22.300563204773567
P0001784,data_center,I00056,18.566435483444955
P0001785,transmission_line,I00048,13.700064015962017
P0001785,substation,I00049,5.810575250002197
P0001785,fiber_node,I00051,16.761034847082044
P0001785,water_source,I00053,8.008218708998651
P0001785,highway_interchange,I00055,9.769829560119256
P0001785,data_center,I00056,9.681640293901582
P0001786,transmission_line,I00048,16.206347179111674
P0001786,substation,I00049,29.20208356058637
P0001786,fiber_node,I00051,17.403082603622927
P0001786,water_source,I00053,37.60498218243716
P0001786,highway_interchange,I00054,3.5734696975703373
P0001786,data_center,I00056,22.5176284744067
P0001787,transmission_line,I00046,16.49754234811693
P0001787,substation,I00050,2.5427058277735957
P0001787,fiber_node,I00052,21.375385650117636
P0001787,water_source,I00053,10.831229106958723
P0001787,highway_interchange,I00055,21.52411199332636
P0001787,data_center,I00056,18.53901469792667
P0001788,transmission_line,I00046,22.962701627991247
P0001788,substation,I00050,6.163653492356382
P0001788,fiber_node,I00051,23.967143661668192
P0001788,water_source,I00053,2.6701419672119058
P0001788,highway_interchange,I00055,18.684716772542735
P0001788,data_center,I00056,17.027945928009544
P0001789,transmission_line,I00046,14.946441017640815
P0001789,substation,I00050,8.984629854836875
P0001789,fiber_node,I00051,13.748457216487461
P0001789,water_source,I00053,11.462845843154225
P0001789,highway_interchange,I00055,11.230707382055725
P0001789,data_center,I00056,7.922697327232264
P0001790,transmission_line,I00048,28.619790399522028
P0001790,substation,I00049,15.759771030472145
P0001790,fiber_node,I00051,32.610424617550734
P0001790,water_source,I00053,10.211819406954266
P0001790,highway_interchange,I00055,25.587067341481305
P0001790,data_center,I00056,25.45425802183628
P0001791,transmission_line,I00046,14.546588325475017
P0001791,substation,I00050,11.2918983524833
P0001791,fiber_node,I00051,11.433053123648591
P0001791,water_source,I00053,13.521380384554046
P0001791,highway_interchange,I00055,9.77326002937357
P0001791,data_center,I00056,6.112505132876617
P0001792,transmission_line,I00048,22.67573523231377
P0001792,substation,I00050,10.440724694300826
P0001792,fiber_node,I00051,25.148862794837182
P0001792,water_source,I00053,2.235816287745645
P0001792,highway_interchange,I00055,18.766403942811678
P0001792,data_center,I00056,17.98795785782996
P0001793,transmission_line,I00046,14.476769899881988
P0001793,substation,I00050,23.330233638308016
P0001793,fiber_node,I00051,7.609655667813998
P0001793,water_source,I00053,26.568144023059244
P0001793,highway_interchange,I00055,14.789938715591754
P0001793,data_center,I00056,12.268554885353643
P0001794,transmission_line,I00046,21.116963551232256
P0001794,substation,I00050,4.054567394669261
P0001794,fiber_node,I00051,23.64154351624359
P0001794,water_source,I00053,4.683916251736593
P0001794,highway_interchange,I00055,19.00102747483855
P0001794,data_center,I00056,16.93249977712946
P0001795,transmission_line,I00048,17.01812592939659
P0001795,substation,I00049,4.261463466767324
P0001795,fiber_node,I00051,22.108822268895363
P0001795,water_source,I00053,7.96851365098858
P0001795,highway_interchange,I00055,14.473654052877217
P0001795,data_center,I00056,15.247286069007856
P0001796,transmission_line,I00047,21.984757738804067
P0001796,substation,I00050,11.294853817554133
P0001796,fiber_node,I00052,23.28851108001155
P0001796,water_source,I00053,16.969424963917547
P0001796,highway_interchange,I00055,30.7204903289733
P0001796,data_center,I00056,27.857802616731412
P0001797,transmission_line,I00047,4.732136666536597
P0001797,substation,I00050,14.343880903313194
P0001797,fiber_node,I00052,9.21599880852587
P0001797,water_source,I00053,22.493944349668126
P0001797,highway_interchange,I00055,25.15814222156739
P0001797,data_center,I00056,21.265266896942396
P0001798,transmission_line,I00048,12.610222292811653
P0001798,substation,I00049,5.493173610404222
P0001798,fiber_node,I00051,15.962434960187643
P0001798,water_source,I00053,9.101227800383795
P0001798,highway_interchange,I00055,8.77961211446838
P0001798,data_center,I00056,8.970664760319176
P0001799,transmission_line,I00047,6.54169570813471
P0001799,substation,I00050,18.160139397582
P0001799,fiber_node,I00052,5.137473164683845
P0001799,water_source,I00053,26.558035948228415
P0001799,highway_interchange,I00055,29.816649862308456
P0001799,data_center,I00056,25.911827947302193
P0001800,transmission_line,I00047,12.856586721683415
P0001800,substation,I00050,23.037820757672044
P0001800,fiber_node,I00052,6.074000440061621
P0001800,water_source,I00053,31.544546995859182
P0001800,highway_interchange,I00055,36.40971224010962
P0001800,data_center,I00056,32.52032821027483
P0001801,transmission_line,I00048,8.84409261252758
P0001801,substation,I00049,21.933681258662503
P0001801,fiber_node,I00051,9.50603217212235
P0001801,water_source,I00053,29.442589683220074
P0001801,highway_interchange,I00054,7.049918570915218
P0001801,data_center,I00056,14.11192504918065
P0001802,transmission_line,I00046,15.578127216590037
P0001802,substation,I00050,2.4607103979515292
P0001802,fiber_node,I00052,20.87293999074011
P0001802,water_source,I00053,10.968952885478236
P0001802,highway_interchange,I00055,20.697503857238765
P0001802,data_center,I00056,17.625630009070434
P0001803,transmission_line,I00047,12.482352994527474
P0001803,substation,I00050,17.590890611636553
P0001803,fiber_node,I00052,9.691986664651393
P0001803,water_source,I00053,26.0290549470749
P0001803,highway_interchange,I00055,32.875365959538
P0001803,data_center,I00056,29.10566421872327
P0001804,transmission_line,I00048,13.150846402555603
P0001804,substation,I00049,22.265453013962027
P0001804,fiber_node,I00051,3.007110287400462
P0001804,water_source,I00053,25.303349456305845
P0001804,highway_interchange,I00055,10.95566550146746
P0001804,data_center,I00056,9.450522026272727
P0001805,transmission_line,I00046,14.034265734709383
P0001805,substation,I00050,26.017017756980778
P0001805,fiber_node,I00051,11.854821568359
P0001805,water_source,I00053,30.144602503397152
P0001805,highway_interchange,I00055,19.194617055299652
P0001805,data_center,I00056,16.58544807517873
P0001806,transmission_line,I00048,16.41422177539884
P0001806,substation,I00049,5.806083613288745
P0001806,fiber_node,I00051,19.903451263524122
P0001806,water_source,I00053,5.807256240638898
P0001806,highway_interchange,I00055,12.844772228015584
P0001806,data_center,I00056,12.80074732046309
P0001807,transmission_line,I00048,12.667119873470337
P0001807,substation,I00050,14.712129302358548
P0001807,fiber_node,I00051,8.015351903552874
P0001807,water_source,I00053,16.087710649959263
P0001807,highway_interchange,I00055,7.3685585065963455
P0001807,data_center,I00056,3.4474221428370146
P0001808,transmission_line,I00048,26.914336792201276
P0001808,substation,I00050,12.164215838551335
P0001808,fiber_node,I00051,29.376796110944483
P0001808,water_source,I00053,6.001009328271691
P0001808,highway_interchange,I00055,23.079039609488465
P0001808,data_center,I00056,22.233479143530623
P0001809,transmission_line,I00046,7.584272568510949
P0001809,substation,I00050,15.233741113259041
P0001809,fiber_node,I00051,12.536913336009057
P0001809,water_source,I00053,20.385003680330648
P0001809,highway_interchange,I00055,15.535360497994924
P0001809,data_center,I00056,11.681686251584514
P0001810,transmission_line,I00046,22.279187011572475
P0001810,substation,I00050,6.883153889398217
P0001810,fiber_node,I00052,25.65300950402922
P0001810,water_source,I00053,11.006433214201044
P0001810,highway_interchange,I00055,25.809798796899045
P0001810,data_center,I00056,23.34238667060129
P0001811,transmission_line,I00048,15.526812907695694
P0001811,substation,I00049,9.457434670458968
P0001811,fiber_node,I00051,16.27015318926438
P0001811,water_source,I00053,7.148179958227049
P0001811,highway_interchange,I00055,10.676617719609023
P0001811,data_center,I00056,9.160847307949464
P0001812,transmission_line,I00048,13.760553238280574
P0001812,substation,I00049,22.418368440995373
P0001812,fiber_node,I00051,3.5509855596173456
P0001812,water_source,I00053,25.031145405388834
P0001812,highway_interchange,I00055,11.2435307905688
P0001812,data_center,I00056,9.426269408075289
P0001813,transmission_line,I00047,19.775413399208738
P0001813,substation,I00050,8.06234650751287
P0001813,fiber_node,I00052,22.1543413824938
P0001813,water_source,I00053,14.437487809421361
P0001813,highway_interchange,I00055,27.46748916375783
P0001813,data_center,I00056,24.56740145905194
P0001814,transmission_line,I00046,19.950239837318488
P0001814,substation,I00050,5.450553727008847
P0001814,fiber_node,I00051,19.963026755330638
P0001814,water_source,I00053,4.715773477097736
P0001814,highway_interchange,I00055,15.167268974550902
P0001814,data_center,I00056,13.141477517402834
P0001815,transmission_line,I00048,8.349642608874875
P0001815,substation,I00049,7.781696958197105
P0001815,fiber_node,I00051,11.843436469049019
P0001815,water_source,I00053,13.479748879841303
P0001815,highway_interchange,I00055,4.219585871249427
P0001815,data_center,I00056,5.490330867697826
P0001816,transmission_line,I00046,13.972083196794337
P0001816,substation,I00050,16.32843618847688
P0001816,fiber_node,I00051,6.9798323302023295
P0001816,water_source,I00053,18.719335601785293
P0001816,highway_interchange,I00055,9.305786477512935
P0001816,data_center,I00056,5.640078887574168
P0001817,transmission_line,I00046,26.355049529625706
P0001817,substation,I00050,10.03565189007417
P0001817,fiber_node,I00052,29.762371471894543
P0001817,water_source,I00053,10.93566011478238
P0001817,highway_interchange,I00055,27.504848941997345
P0001817,data_center,I00056,25.50426127240165
P0001818,transmission_line,I00046,18.693375651671538
P0001818,substation,I00050,2.48705487176309
P0001818,fiber_node,I00052,23.524045583608196
P0001818,water_source,I00053,9.26423966247037
P0001818,highway_interchange,I00055,21.824766470316227
P0001818,data_center,I00056,19.132816650643033
P0001819,transmission_line,I00046,18.78962820085453
P0001819,substation,I00050,3.502456935282175
P0001819,fiber_node,I00051,20.731142391467603
P0001819,water_source,I00053,5.859611493465328
P0001819,highway_interchange,I00055,16.540132650141015
P0001819,data_center,I00056,14.175926648369304
P0001820,transmission_line,I00048,16.578187439533107
P0001820,substation,I00050,8.182334280307659
P0001820,fiber_node,I00051,15.28347361389236
P0001820,water_source,I00053,8.865240997884763
P0001820,highway_interchange,I00055,11.244732484402597
P0001820,data_center,I00056,8.659383155327133
P0001821,transmission_line,I00046,16.39697272357563
P0001821,substation,I00050,1.7979357959587279
P0001821,fiber_node,I00051,20.925862320840473
P0001821,water_source,I00053,8.582121521862222
P0001821,highway_interchange,I00055,17.77845808886836
P0001821,data_center,I00056,14.922402803126895
P0001822,transmission_line,I00048,12.66721361995956
P0001822,substation,I00050,14.143288948099611
P0001822,fiber_node,I00051,8.627341021404183
P0001822,water_source,I00053,15.336103641692775
P0001822,highway_interchange,I00055,7.259210677309364
P0001822,data_center,I00056,3.378375001917966
P0001823,transmission_line,I00048,13.88031589962894
P0001823,substation,I00049,25.571347835730577
P0001823,fiber_node,I00051,7.109158858624441
P0001823,water_source,I00053,30.483599419001255
P0001823,highway_interchange,I00054,9.444203963145348
P0001823,data_center,I00056,14.186421404760727
P0001824,transmission_line,I00047,18.513369359926823
P0001824,substation,I00050,12.239914276802697
P0001824,fiber_node,I00052,18.919389807469436
P0001824,water_source,I00053,19.486944993190733
P0001824,highway_interchange,I00055,31.06640496398128
P0001824,data_center,I00056,27.822811460557507
P0001825,transmission_line,I00048,10.6753118184452
P0001825,substation,I00049,17.368921029334004
P0001825,fiber_node,I00051,3.5789172788102097
P0001825,water_source,I00053,20.089727943545636
P0001825,highway_interchange,I00055,6.687064583130073
P0001825,data_center,I00056,4.247956818680764
P0001826,transmission_line,I00046,11.800155656277058
P0001826,substation,I00050,6.512013868089743
P0001826,fiber_node,I00051,17.545107718575267
P0001826,water_source,I00053,12.785853825065624
P0001826,highway_interchange,I00055,16.272857482170195
P0001826,data_center,I00056,12.738853173322791
P0001827,transmission_line,I00048,13.73697317602734
P0001827,substation,I00049,5.4064628354681945
P0001827,fiber_node,I00051,17.053782665619238
P0001827,water_source,I00053,8.015192933352575
P0001827,highway_interchange,I00055,9.951185557338295
P0001827,data_center,I00056,10.004042439952796
P0001828,transmission_line,I00048,15.726881406109412
P0001828,substation,I00049,3.479003161636334
P0001828,fiber_node,I00051,20.633283677798737
P0001828,water_source,I00053,8.053004318025888
P0001828,highway_interchange,I00055,13.021293487466133
P0001828,data_center,I00056,13.777853087251772
P0001829,transmission_line,I00046,12.580357030460755
P0001829,substation,I00050,16.695597553864587
P0001829,fiber_node,I00051,7.654988432885304
P0001829,water_source,I00053,19.75767103449149
P0001829,highway_interchange,I00055,10.910322495960958
P0001829,data_center,I00056,7.2875566502149445
P0001830,transmission_line,I00048,16.019203491107014
P0001830,substation,I00050,8.708371334668492
P0001830,fiber_node,I00051,15.367054219753106
P0001830,water_source,I00053,8.363787094677662
P0001830,highway_interchange,I00055,10.796661573304169
P0001830,data_center,I00056,8.523279040776764
P0001831,transmission_line,I00046,15.781847090655283
P0001831,substation,I00050,9.39741140459403
P0001831,fiber_node,I00051,13.451940035612203
P0001831,water_source,I00053,11.141603591102863
P0001831,highway_interchange,I00055,10.482207575129259
P0001831,data_center,I00056,7.321100132427809
P0001832,transmission_line,I00046,7.206222363706029
P0001832,substation,I00050,10.473775840823084
P0001832,fiber_node,I00052,15.73454827191861
P0001832,water_source,I00053,17.376449302766392
P0001832,highway_interchange,I00055,18.368708837610622
P0001832,data_center,I00056,14.50763072546486
P0001833,transmission_line,I00047,10.79225087911658
P0001833,substation,I00050,7.986348608101748
P0001833,fiber_node,I00052,15.254524947744939
P0001833,water_source,I00053,16.407165300249357
P0001833,highway_interchange,I00055,22.75546791775057
P0001833,data_center,I00056,19.14799605694175
P0001834,transmission_line,I00046,17.010109993152604
P0001834,substation,I00050,3.3910627264589897
P0001834,fiber_node,I00052,21.372928920840344
P0001834,water_source,I00053,11.328697029514435
P0001834,highway_interchange,I00055,22.563338356937013
P0001834,data_center,I00056,19.59411572335017
P0001835,transmission_line,I00048,5.107533227850634
P0001835,substation,I00049,12.604858985750779
P0001835,fiber_node,I00051,7.095937539985619
P0001835,water_source,I00053,18.566084750923608
P0001835,highway_interchange,I00055,1.1854001581286695
P0001835,data_center,I00056,4.196026326034106
P0001836,transmission_line,I00048,13.90300313245679
P0001836,substation,I00050,11.218648707440002
P0001836,fiber_node,I00051,12.057708701571059
P0001836,water_source,I00053,11.66919909751591
P0001836,highway_interchange,I00055,8.414620544585427
P0001836,data_center,I00056,5.460131659685646
P0001837,transmission_line,I00046,10.788343329252433
P0001837,substation,I00050,7.070742958849607
P0001837,fiber_node,I00052,16.277948683269535
P0001837,water_source,I00053,15.296477110256491
P0001837,highway_interchange,I00055,21.152831590744135
P0001837,data_center,I00056,17.56232128051002
P0001838,transmission_line,I00048,4.974010413818911
P0001838,substation,I00049,8.327758273037167
P0001838,fiber_node,I00051,12.186998736607384
P0001838,water_source,I00053,16.931811082955644
P0001838,highway_interchange,I00055,4.405621521304362
P0001838,data_center,I00056,7.900260689189542
P0001839,transmission_line,I00048,10.374158369877335
P0001839,substation,I00049,5.32193586362687
P0001839,fiber_node,I00051,14.579412038739177
P0001839,water_source,I00053,11.366099259112367
P0001839,highway_interchange,I00055,6.939749548400572
P0001839,data_center,I00056,7.958850945607686
P0001840,transmission_line,I00046,12.893638301881353
P0001840,substation,I00050,9.014193405984884
P0001840,fiber_node,I00051,13.978625161181952
P0001840,water_source,I00053,12.922892824668407
P0001840,highway_interchange,I00055,12.60783736617247
P0001840,data_center,I00056,8.99846472286311
P0001841,transmission_line,I00048,8.30589912425049
P0001841,substation,I00049,8.31373405019227
P0001841,fiber_node,I00051,11.35609988428241
P0001841,water_source,I00053,13.669432394263108
P0001841,highway_interchange,I00055,3.871761423299998
P0001841,data_center,I00056,4.946454362702635
P0001842,transmission_line,I00046,16.056663760588247
P0001842,substation,I00050,1.6255724835897383
P0001842,fiber_node,I00051,21.22761521509646
P0001842,water_source,I00053,9.101418545349155
P0001842,highway_interchange,I00055,18.261828477112584
P0001842,data_center,I00056,15.33738020368259
P0001843,transmission_line,I00048,12.209393807207327
P0001843,substation,I00050,14.852319625973408
P0001843,fiber_node,I00051,7.919958921079875
P0001843,water_source,I00053,15.953544017976832
P0001843,highway_interchange,I00055,6.8833926410430735
P0001843,data_center,I00056,2.962842586875324
P0001844,transmission_line,I00046,8.860150277596032
P0001844,substation,I00050,8.608863460211596
P0001844,fiber_node,I00052,15.348575143318612
P0001844,water_source,I00053,16.439822840127004
P0001844,highway_interchange,I00055,20.382089914379293
P0001844,data_center,I00056,16.6504539377167
P0001845,transmission_line,I00046,15.0687873572989
P0001845,substation,I00050,29.30481675481535
P0001845,fiber_node,I00051,16.34722046374171
P0001845,water_source,I00053,34.105457394062505
P0001845,highway_interchange,I00055,23.774977662088702
P0001845,data_center,I00056,21.122516793365495
P0001846,transmission_line,I00048,1.9709663945738616
P0001846,substation,I00049,11.33317787128137
P0001846,fiber_node,I00051,10.430878064399149
P0001846,water_source,I00053,19.73553214917257
P0001846,highway_interchange,I00055,4.19279885223422
P0001846,data_center,I00056,8.107513340052014
P0001847,transmission_line,I00047,3.4112889810936626
P0001847,substation,I00050,21.290869914066842
P0001847,fiber_node,I00052,8.081892198856183
P0001847,water_source,I00053,28.756744819353596
P0001847,highway_interchange,I00055,26.86078511823683
P0001847,data_center,I00056,23.021384176051185
P0001848,transmission_line,I00046,21.45215745199127
P0001848,substation,I00050,4.116273805216462
P0001848,fiber_node,I00051,25.569486531424943
P0001848,water_source,I00053,6.386349473904729
P0001848,highway_interchange,I00055,21.186848866984516
P0001848,data_center,I00056,18.99321639747421
P0001849,transmission_line,I00048,12.464156965050343
P0001849,substation,I00049,9.842323812493419
P0001849,fiber_node,I00051,12.739587112179745
P0001849,water_source,I00053,10.715366692966144
P0001849,highway_interchange,I00055,7.289891654583741
P0001849,data_center,I00056,5.5904550436330736
P0001850,transmission_line,I00046,11.382774391610674
P0001850,substation,I00050,10.724831544646626
P0001850,fiber_node,I00051,12.914246254958273
P0001850,water_source,I00053,14.973475229113067
P0001850,highway_interchange,I00055,12.773235361916415
P0001850,data_center,I00056,8.937036756374487
P0001851,transmission_line,I00048,16.362377001773087
P0001851,substation,I00050,8.584436038785718
P0001851,fiber_node,I00051,14.528457546629818
P0001851,water_source,I00053,9.835664685406687
P0001851,highway_interchange,I00055,10.938664794528638
P0001851,data_center,I00056,8.095748473424564
P0001852,transmission_line,I00046,13.935831217000018
P0001852,substation,I00050,10.05165356814829
P0001852,fiber_node,I00051,12.711372020128005
P0001852,water_source,I00053,12.926220532320107
P0001852,highway_interchange,I00055,11.035443999492346
P0001852,data_center,I00056,7.443387474689015
P0001853,transmission_line,I00048,8.050599834433926
P0001853,substation,I00049,20.523823627154073
P0001853,fiber_node,I00051,6.23240533729791
P0001853,water_source,I00053,27.05340097319034
P0001853,highway_interchange,I00054,9.490660058646007
P0001853,data_center,I00056,11.237880505021321
P0001854,transmission_line,I00046,12.95999862590201
P0001854,substation,I00050,5.405520715271391
P0001854,fiber_node,I00051,18.090788057203177
P0001854,water_source,I00053,11.623234400556253
P0001854,highway_interchange,I00055,16.27147551317265
P0001854,data_center,I00056,12.891683644669772
P0001855,transmission_line,I00047,22.162104272105555
P0001855,substation,I00050,7.17095837668842
P0001855,fiber_node,I00052,25.338826351881327
P0001855,water_source,I00053,11.567914945385974
P0001855,highway_interchange,I00055,26.23155516661881
P0001855,data_center,I00056,23.71383543788956
P0001856,transmission_line,I00046,25.159897598703807
P0001856,substation,I00050,7.897370766545661
P0001856,fiber_node,I00051,26.676196049788587
P0001856,water_source,I00053,3.976037164698171
P0001856,highway_interchange,I00055,21.16838285669271
P0001856,data_center,I00056,19.689833144573516
P0001857,transmission_line,I00046,12.897494407994394
P0001857,substation,I00050,8.17117029186628
P0001857,fiber_node,I00051,14.854151028341127
P0001857,water_source,I00053,12.455468987423613
P0001857,highway_interchange,I00055,13.311756630553463
P0001857,data_center,I00056,9.77094376624638
P0001858,transmission_line,I00048,9.837057325063466
P0001858,substation,I00049,4.569880785299603
P0001858,fiber_node,I00051,14.979058782861538
P0001858,water_source,I00053,12.140786320084096
P0001858,highway_interchange,I00055,7.081532936617641
P0001858,data_center,I00056,8.674019581634726
P0001859,transmission_line,I00046,15.603164419716547
P0001859,substation,I00050,3.2159828500200174
P0001859,fiber_node,I00051,19.520327765293715
P0001859,water_source,I00053,9.042782134216544
P0001859,highway_interchange,I00055,16.57221240431129
P0001859,data_center,I00056,13.606957456866624
P0001860,transmission_line,I00046,5.3347135730697985
P0001860,substation,I00050,19.419681237587998
P0001860,fiber_node,I00052,15.268645801184679
P0001860,water_source,I00053,25.357014469173183
P0001860,highway_interchange,I00055,20.0072536329606
P0001860,data_center,I00056,16.32404227193477
P0001861,transmission_line,I00046,7.544460989663484
P0001861,substation,I00050,10.247118629495363
P0001861,fiber_node,I00052,13.563718099741664
P0001861,water_source,I00053,18.204553507113594
P0001861,highway_interchange,I00055,21.67486321563239
P0001861,data_center,I00056,17.87111957307491
P0001862,transmission_line,I00046,15.279455513469037
P0001862,substation,I00050,3.346753003718614
P0001862,fiber_node,I00051,19.437310846771904
P0001862,water_source,I00053,9.369196346181093
P0001862,highway_interchange,I00055,16.62589026580837
P0001862,data_center,I00056,13.605774628098748
P0001863,transmission_line,I00047,1.8106148375595388
P0001863,substation,I00050,19.11062099097707
P0001863,fiber_node,I00052,9.330967771153254
P0001863,water_source,I00053,26.44912180819689
P0001863,highway_interchange,I00055,24.72595059913377
P0001863,data_center,I00056,20.856875821237626
P0001864,transmission_line,I00046,18.180779954798915
P0001864,substation,I00050,4.806585769403173
P0001864,fiber_node,I00051,18.97630632446352
P0001864,water_source,I00053,6.4842256557979665
P0001864,highway_interchange,I00055,14.826213989080998
P0001864,data_center,I00056,12.405612207679537
P0001865,transmission_line,I00046,12.205527987619936
P0001865,substation,I00050,14.66929136938906
P0001865,fiber_node,I00051,9.113428656050434
P0001865,water_source,I00053,17.88573512815854
P0001865,highway_interchange,I00055,10.858481087080586
P0001865,data_center,I00056,6.988929667173024
P0001866,transmission_line,I00048,15.537579403709792
P0001866,substation,I00050,9.282887297718515
P0001866,fiber_node,I00051,14.171343224101326
P0001866,water_source,I00053,9.738881991891738
P0001866,highway_interchange,I00055,10.159318628713345
P0001866,data_center,I00056,7.514291894693978
P0001867,transmission_line,I00048,8.972193906540621
P0001867,substation,I00049,18.881865588233243
P0001867,fiber_node,I00051,1.3582254295248024
P0001867,water_source,I00053,23.465560332210185
P0001867,highway_interchange,I00055,7.381031673297937
P0001867,data_center,I00056,7.167787014861669
P0001868,transmission_line,I00047,14.52661117916857
P0001868,substation,I00050,6.0138772379085825
P0001868,fiber_node,I00052,18.181351495740987
P0001868,water_source,I00053,14.4011274403234
P0001868,highway_interchange,I00055,23.825843374669763
P0001868,data_center,I00056,20.523933680532796
P0001869,transmission_line,I00046,17.473062405375448
P0001869,substation,I00050,1.2571295734379044
P0001869,fiber_node,I00052,22.787504880557115
P0001869,water_source,I00053,9.300954438101478
P0001869,highway_interchange,I00055,20.667307757688604
P0001869,data_center,I00056,17.8606296922903
P0001870,transmission_line,I00046,7.887322860974942
P0001870,substation,I00050,11.78850955544757
P0001870,fiber_node,I00051,14.662067873863348
P0001870,water_source,I00053,17.545623251939457
P0001870,highway_interchange,I00055,15.909229491829533
P0001870,data_center,I00056,11.998320429051525
P0001871,transmission_line,I00046,11.087378392071088
P0001871,substation,I00050,14.344572325162034
P0001871,fiber_node,I00051,10.053323467974757
P0001871,water_source,I00053,18.104363581746888
P0001871,highway_interchange,I00055,11.97285082140844
P0001871,data_center,I00056,8.088313013428404
P0001872,transmission_line,I00046,12.167280554971198
P0001872,substation,I00050,19.994237221476894
P0001872,fiber_node,I00051,7.902330020534636
P0001872,water_source,I00053,23.554166545820625
P0001872,highway_interchange,I00055,13.566239013342562
P0001872,data_center,I00056,10.412062311809782
P0001873,transmission_line,I00047,11.773450053586357
P0001873,substation,I00050,25.17680968568872
P0001873,fiber_node,I00052,3.3772784824575854
P0001873,water_source,I00053,33.64003242710247
P0001873,highway_interchange,I00055,36.527287757913385
P0001873,data_center,I00056,32.60611365698723
P0001874,transmission_line,I00047,15.16695942888987
P0001874,substation,I00050,6.338752398835488
P0001874,fiber_node,I00052,18.485977012149842
P0001874,water_source,I00053,14.567969881649226
P0001874,highway_interchange,I00055,24.548578703354497
P0001874,data_center,I00056,21.28874824900272
P0001875,transmission_line,I00048,6.927193371482359
P0001875,substation,I00049,17.39893279946304
P0001875,fiber_node,I00051,15.628190143745702
P0001875,water_source,I00053,27.54284069332143
P0001875,highway_interchange,I00055,12.45845787049254
P0001875,data_center,I00056,16.18999115685915
P0001876,transmission_line,I00048,13.116658129354056
P0001876,substation,I00049,23.800539620470293
P0001876,fiber_node,I00051,4.5486529613672495
P0001876,water_source,I00053,27.92781165296759
P0001876,highway_interchange,I00054,12.148587330805489
P0001876,data_center,I00056,11.717866099985567
P0001877,transmission_line,I00048,22.25699102586237
P0001877,substation,I00049,9.971524874106983
P0001877,fiber_node,I00051,25.908039086915107
P0001877,water_source,I00053,4.827443440870747
P0001877,highway_interchange,I00055,18.936932268818108
P0001877,data_center,I00056,18.75727624581147
P0001878,transmission_line,I00048,19.644279367841744
P0001878,substation,I00050,8.551780561095297
P0001878,fiber_node,I00051,21.290226598437087
P0001878,water_source,I00053,2.156984040892646
P0001878,highway_interchange,I00055,15.293074337852824
P0001878,data_center,I00056,14.16056345275642
P0001879,transmission_line,I00047,6.204469740488898
P0001879,substation,I00050,12.141439159731851
P0001879,fiber_node,I00052,11.470648099187516
P0001879,water_source,I00053,20.23531978169788
P0001879,highway_interchange,I00055,23.40318830663638
P0001879,data_center,I00056,19.5495784004509
P0001880,transmission_line,I00048,17.615257717600414
P0001880,substation,I00050,7.1109015632853545
P0001880,fiber_node,I00051,16.6152922438545
P0001880,water_source,I00053,7.689246654255441
P0001880,highway_interchange,I00055,12.370721368934555
P0001880,data_center,I00056,9.942523596539026
P0001881,transmission_line,I00048,13.451528615845142
P0001881,substation,I00049,9.423428039399885
P0001881,fiber_node,I00051,14.01581677109985
P0001881,water_source,I00053,9.432244033461407
P0001881,highway_interchange,I00055,8.428287462430253
P0001881,data_center,I00056,6.87266361935312
P0001882,transmission_line,I00048,13.995074391072885
P0001882,substation,I00049,6.967713890723314
P0001882,fiber_node,I00051,16.30195344427482
P0001882,water_source,I00053,7.775770280190663
P0001882,highway_interchange,I00055,9.696823812845578
P0001882,data_center,I00056,9.151373964255182
P0001883,transmission_line,I00046,18.887063402883502
P0001883,substation,I00050,3.250540793114589
P0001883,fiber_node,I00052,23.349496435236205
P0001883,water_source,I00053,9.885034396949212
P0001883,highway_interchange,I00055,22.628770737215252
P0001883,data_center,I00056,19.913227026899012
P0001884,transmission_line,I00048,13.177719465849485
P0001884,substation,I00049,26.188419112321885
P0001884,fiber_node,I00051,11.27736815389176
P0001884,water_source,I00053,33.138055146501486
P0001884,highway_interchange,I00054,3.6286663515795823
P0001884,data_center,I00056,17.241349840796417
P0001885,transmission_line,I00046,8.3945427399105
P0001885,substation,I00050,13.018256687670593
P0001885,fiber_node,I00051,13.086673190534144
P0001885,water_source,I00053,18.181058904672987
P0001885,highway_interchange,I00055,14.837952144318832
P0001885,data_center,I00056,10.917693346421636
P0001886,transmission_line,I00048,2.547299697695856
P0001886,substation,I00049,11.175512825522551
P0001886,fiber_node,I00051,9.943647672479077
P0001886,water_source,I00053,19.19406248177413
P0001886,highway_interchange,I00055,3.3989973857578555
P0001886,data_center,I00056,7.31702157892151
P0001887,transmission_line,I00048,10.083292548905714
P0001887,substation,I00049,9.411521856630872
P0001887,fiber_node,I00051,11.223253836831756
P0001887,water_source,I00053,12.639885524954874
P0001887,highway_interchange,I00055,4.963912803521642
P0001887,data_center,I00056,4.153518468885996
P0001888,transmission_line,I00048,19.673262730785073
P0001888,substation,I00050,6.038085564545029
P0001888,fiber_node,I00051,19.744340296955766
P0001888,water_source,I00053,4.502042261279997
P0001888,highway_interchange,I00055,14.76418196797985
P0001888,data_center,I00056,12.853526743005004
P0001889,transmission_line,I00047,6.989405542479608
P0001889,substation,I00050,12.879577835368323
P0001889,fiber_node,I00052,10.357287567904208
P0001889,water_source,I00053,21.24036560933273
P0001889,highway_interchange,I00055,25.50494709412628
P0001889,data_center,I00056,21.674689329579085
P0001890,transmission_line,I00046,7.033867328955231
P0001890,substation,I00050,10.394447686932406
P0001890,fiber_node,I00052,14.062473532631905
P0001890,water_source,I00053,18.052607567139727
P0001890,highway_interchange,I00055,20.630163313717826
P0001890,data_center,I00056,16.798493958044904
P0001891,transmission_line,I00048,28.072652356307163
P0001891,substation,I00050,12.77897691958804
P0001891,fiber_node,I00051,30.506924320240483
P0001891,water_source,I00053,7.104869949985187
P0001891,highway_interchange,I00055,24.24194516411703
P0001891,data_center,I00056,23.370433125922847
P0001892,transmission_line,I00046,14.778339421984915
P0001892,substation,I00050,5.425330307544166
P0001892,fiber_node,I00051,17.31333549616885
P0001892,water_source,I00053,9.92273914672822
P0001892,highway_interchange,I00055,14.641705492133905
P0001892,data_center,I00056,11.516924536302822
P0001893,transmission_line,I00048,9.700861055429781
P0001893,substation,I00049,10.908738727696065
P0001893,fiber_node,I00051,9.673432826633587
P0001893,water_source,I00053,13.960680144747023
P0001893,highway_interchange,I00055,4.241399470842441
P0001893,data_center,I00056,2.550189401686404
P0001894,transmission_line,I00046,7.6951246869194705
P0001894,substation,I00050,16.315347216579745
P0001894,fiber_node,I00051,12.132953317193055
P0001894,water_source,I00053,21.358265916344205
P0001894,highway_interchange,I00055,15.703743877147474
P0001894,data_center,I00056,11.918822495611714
P0001895,transmission_line,I00046,19.870724979185844
P0001895,substation,I00050,5.292371671949191
P0001895,fiber_node,I00052,23.42381570901373
P0001895,water_source,I00053,11.320572334727482
P0001895,highway_interchange,I00055,24.676310928988094
P0001895,data_center,I00056,21.956228191421488
P0001896,transmission_line,I00046,7.13996132859223
P0001896,substation,I00050,12.068384726520328
P0001896,fiber_node,I00051,15.19129538846357
P0001896,water_source,I00053,18.09563598746146
P0001896,highway_interchange,I00055,16.645069778741316
P0001896,data_center,I00056,12.730042669356703
P0001897,transmission_line,I00048,16.48416060289545
P0001897,substation,I00050,25.42823273091132
P0001897,fiber_node,I00051,6.43819053602314
P0001897,water_source,I00053,27.911169697854223
P0001897,highway_interchange,I00055,14.364693549520135
P0001897,data_center,I00056,12.56789586157698
P0001898,transmission_line,I00047,12.641503676228915
P0001898,substation,I00050,17.177890367509235
P0001898,fiber_node,I00052,10.138951543193421
P0001898,water_source,I00053,25.599967354614414
P0001898,highway_interchange,I00055,32.66076645646521
P0001898,data_center,I00056,28.907995504548868
P0001899,transmission_line,I00046,13.0056366005644
P0001899,substation,I00050,8.346334046515727
P0001899,fiber_node,I00051,14.633796797422486
P0001899,water_source,I00053,12.468599966633873
P0001899,highway_interchange,I00055,13.069739509335381
P0001899,data_center,I00056,9.526880764376953
P0001900,transmission_line,I00046,25.395193258470083
P0001900,substation,I00050,8.149749603867765
P0001900,fiber_node,I00051,29.030176525489694
P0001900,water_source,I00053,7.124326480639427
P0001900,highway_interchange,I00055,23.972308957339667
P0001900,data_center,I00056,22.206942798097465
P0001901,transmission_line,I00046,10.970226553933509
P0001901,substation,I00050,26.20542411750667
P0001901,fiber_node,I00051,16.93702452514595
P0001901,water_source,I00053,31.728942448110185
P0001901,highway_interchange,I00055,23.52521563070795
P0001901,data_center,I00056,20.373652441107954
P0001902,transmission_line,I00048,19.51437133336506
P0001902,substation,I00049,21.845902362422986
P0001902,fiber_node,I00051,29.521973032362855
P0001902,water_source,I00053,33.2724769337009
P0001902,highway_interchange,I00055,24.127559528500466
P0001902,data_center,I00056,28.01713276717875
P0001903,transmission_line,I00048,6.007833753900909
P0001903,substation,I00049,16.715210651911477
P0001903,fiber_node,I00051,4.236115800181574
P0001903,water_source,I00053,22.563023467313037
P0001903,highway_interchange,I00055,5.416485998500324
P0001903,data_center,I00056,6.775864531886445
P0001904,transmission_line,I00047,24.913239170681052
P0001904,substation,I00050,10.696282777796638
P0001904,fiber_node,I00052,27.240264853985828
P0001904,water_source,I00053,14.044489283447808
P0001904,highway_interchange,I00055,29.575024865639612
P0001904,data_center,I00056,27.165671122657475
P0001905,transmission_line,I00046,13.518024668343843
P0001905,substation,I00050,20.273717111244068
P0001905,fiber_node,I00051,6.464157608058553
P0001905,water_source,I00053,23.31441085316769
P0001905,highway_interchange,I00055,12.363523418921549
P0001905,data_center,I00056,9.407683810479394
P0001906,transmission_line,I00048,4.67340345065866
P0001906,substation,I00049,10.211519980144866
P0001906,fiber_node,I00051,9.661192700616127
P0001906,water_source,I00053,17.273266861514195
P0001906,highway_interchange,I00055,1.8137780936076153
P0001906,data_center,I00056,5.553055912747417
P0001907,transmission_line,I00046,20.08202834314679
P0001907,substation,I00050,4.801651152800949
P0001907,fiber_node,I00051,20.819573386527505
P0001907,water_source,I00053,4.502142685793779
P0001907,highway_interchange,I00055,16.09927706048252
P0001907,data_center,I00056,14.040390596347734
P0001908,transmission_line,I00048,22.16586463103232
P0001908,substation,I00049,10.361686404644738
P0001908,fiber_node,I00051,25.27464603065494
P0001908,water_source,I00053,3.4512842505755033
P0001908,highway_interchange,I00055,18.55586009613638
P0001908,data_center,I00056,18.104646181369247
P0001909,transmission_line,I00048,9.181137012881548
P0001909,substation,I00049,7.25329532858867
P0001909,fiber_node,I00051,12.556443700087492
P0001909,water_source,I00053,12.606267259961895
P0001909,highway_interchange,I00055,5.07385013912824
P0001909,data_center,I00056,5.966880544808609
P0001910,transmission_line,I00048,16.716380002650208
P0001910,substation,I00050,8.149920430727626
P0001910,fiber_node,I00051,16.51862741688142
P0001910,water_source,I00053,7.152943728107228
P0001910,highway_interchange,I00055,11.63271072139085
P0001910,data_center,I00056,9.59628622798087
P0001911,transmission_line,I00046,14.218637979400592
P0001911,substation,I00050,3.5526461203501203
P0001911,fiber_node,I00051,19.812409698514067
P0001911,water_source,I00053,10.577206483714939
P0001911,highway_interchange,I00055,17.49474291059831
P0001911,data_center,I00056,14.306109219998469
P0001912,transmission_line,I00046,15.691153033026856
P0001912,substation,I00050,4.658983302708813
P0001912,fiber_node,I00051,18.080350921062468
P0001912,water_source,I00053,8.936200389778024
P0001912,highway_interchange,I00055,14.998061478266708
P0001912,data_center,I00056,12.052461554722301
P0001913,transmission_line,I00048,10.80306532295497
P0001913,substation,I00049,9.318733284832861
P0001913,fiber_node,I00051,11.78364570864533
P0001913,water_source,I00053,11.944882580242519
P0001913,highway_interchange,I00055,5.70590682834276
P0001913,data_center,I00056,4.6446020853107255
P0001914,transmission_line,I00046,13.659095759571747
P0001914,substation,I00050,5.223270372068553
P0001914,fiber_node,I00051,17.85861556663726
P0001914,water_source,I00053,10.92992421614287
P0001914,highway_interchange,I00055,15.717081616853179
P0001914,data_center,I00056,12.427884713133201
P0001915,transmission_line,I00046,14.996003123267531
P0001915,substation,I00050,4.76173408148353
P0001915,fiber_node,I00051,17.976049661160975
P0001915,water_source,I00053,9.614206591400535
P0001915,highway_interchange,I00055,15.213751516324308
P0001915,data_center,I00056,12.140294801691333
P0001916,transmission_line,I00046,4.586490824362296
P0001916,substation,I00050,16.53427629335468
P0001916,fiber_node,I00052,15.168441524407159
P0001916,water_source,I00053,22.603437176345757
P0001916,highway_interchange,I00055,18.7144564466118
P0001916,data_center,I00056,14.874432156287103
P0001917,transmission_line,I00047,21.22693303034966
P0001917,substation,I00050,10.803432773364523
P0001917,fiber_node,I00052,22.614222361308908
P0001917,water_source,I00053,16.78613491165701
P0001917,highway_interchange,I00055,30.21263939593987
P0001917,data_center,I00056,27.300125643663225
P0001918,transmission_line,I00048,10.828646467111152
P0001918,substation,I00049,20.342011840322808
P0001918,fiber_node,I00051,0.8473906318930183
P0001918,water_source,I00053,24.20008181542799
P0001918,highway_interchange,I00055,8.8986118352386
P0001918,data_center,I00056,7.985390633199025
P0001919,transmission_line,I00048,14.272367403299219
P0001919,substation,I00049,1.1552010975884286
P0001919,fiber_node,I00051,20.38342024675123
P0001919,water_source,I00053,10.66451930062828
P0001919,highway_interchange,I00055,12.442885584924502
P0001919,data_center,I00056,13.93536545396794
P0001920,transmission_line,I00048,9.670869592162829
P0001920,substation,I00049,9.596825650236388
P0001920,fiber_node,I00051,10.819480005814858
P0001920,water_source,I00053,13.10330034426033
P0001920,highway_interchange,I00055,4.505069807984398
P0001920,data_center,I00056,3.8057554439617167
P0001921,transmission_line,I00048,9.25965394442193
P0001921,substation,I00049,22.022259968809877
P0001921,fiber_node,I00051,7.6467329123871846
P0001921,water_source,I00053,28.774574514188444
P0001921,highway_interchange,I00054,7.752067741232376
P0001921,data_center,I00056,12.973591242031262
P0001922,transmission_line,I00046,10.120701257453696
P0001922,substation,I00050,7.2695433049239115
P0001922,fiber_node,I00052,16.689898510357132
P0001922,water_source,I00053,15.053283896883636
P0001922,highway_interchange,I00055,19.67050138323027
P0001922,data_center,I00056,16.028299131928797
P0001923,transmission_line,I00046,15.604000626815765
P0001923,substation,I00050,25.762093717515373
P0001923,fiber_node,I00051,9.323714990359177
P0001923,water_source,I00053,29.147952091510263
P0001923,highway_interchange,I00055,16.961837145607056
P0001923,data_center,I00056,14.686597039027086
P0001924,transmission_line,I00046,16.523439478721407
P0001924,substation,I00050,3.8755187793749166
P0001924,fiber_node,I00051,18.983788714858434
P0001924,water_source,I00053,8.059383572764796
P0001924,highway_interchange,I00055,15.580117689227029
P0001924,data_center,I00056,12.79385526307802
P0001925,transmission_line,I00048,5.419753609607692
P0001925,substation,I00049,10.069525669368923
P0001925,fiber_node,I00051,9.563475760570483
P0001925,water_source,I00053,16.66637876396846
P0001925,highway_interchange,I00055,1.5040515790742444
P0001925,data_center,I00056,4.923460961846217
P0001926,transmission_line,I00048,17.501284287514157
P0001926,substation,I00049,6.586427869625699
P0001926,fiber_node,I00051,20.853436477287683
P0001926,water_source,I00053,4.888281433322084
P0001926,highway_interchange,I00055,13.893989974056117
P0001926,data_center,I00056,13.721437507914894
P0001927,transmission_line,I00046,19.488070957648663
P0001927,substation,I00050,33.920291534344486
P0001927,fiber_node,I00051,19.252471440302564
P0001927,water_source,I00053,38.510919060061035
P0001927,highway_interchange,I00054,24.03753096482629
P0001927,data_center,I00056,24.82338092270996
P0001928,transmission_line,I00046,6.367813406013855
P0001928,substation,I00050,20.438774071536336
P0001928,fiber_node,I00051,14.985539923187453
P0001928,water_source,I00053,26.186185500401827
P0001928,highway_interchange,I00055,20.067348626733793
P0001928,data_center,I00056,16.477620627500887
P0001929,transmission_line,I00047,32.36347116629508
P0001929,substation,I00050,17.197463197396484
P0001929,fiber_node,I00052,34.364049277996685
P0001929,water_source,I00053,17.509622350465115
P0001929,highway_interchange,I00055,34.60351276297677
P0001929,data_center,I00056,32.7498960236828
P0001930,transmission_line,I00047,10.772642478159241
P0001930,substation,I00050,11.010907691903755
P0001930,fiber_node,I00052,12.966404511817794
P0001930,water_source,I00053,19.516995703764632
P0001930,highway_interchange,I00055,26.4791003532178
P0001930,data_center,I00056,22.819089908991945
P0001931,transmission_line,I00048,6.582419410878577
P0001931,substation,I00049,14.758336391124024
P0001931,fiber_node,I00051,4.7945464105713125
P0001931,water_source,I00053,19.778632397066147
P0001931,highway_interchange,I00055,3.2783628284745827
P0001931,data_center,I00056,3.9095165858222467
P0001932,transmission_line,I00047,21.636795697183565
P0001932,substation,I00050,10.249654055061384
P0001932,fiber_node,I00052,23.340463895969258
P0001932,water_source,I00053,15.899846399982598
P0001932,highway_interchange,I00055,29.676178545731435
P0001932,data_center,I00056,26.84741422276539
P0001933,transmission_line,I00047,23.580961200512256
P0001933,substation,I00050,8.972006224255297
P0001933,fiber_node,I00052,26.3190787102261
P0001933,water_source,I00053,12.733064209204656
P0001933,highway_interchange,I00055,27.919037022088528
P0001933,data_center,I00056,25.466259368438887
P0001934,transmission_line,I00047,10.84079494110449
P0001934,substation,I00050,15.217762639991586
P0001934,fiber_node,I00052,10.02037595740232
P0001934,water_source,I00053,23.706704199767525
P0001934,highway_interchange,I00055,30.24122911425566
P0001934,data_center,I00056,26.481693793165768
P0001935,transmission_line,I00048,14.951291800124672
P0001935,substation,I00050,21.573273726089816
P0001935,fiber_node,I00051,4.95889296604192
P0001935,water_source,I00053,24.073225864009068
P0001935,highway_interchange,I00055,11.722686279033493
P0001935,data_center,I00056,9.23985876585283
P0001936,transmission_line,I00046,11.612991337359125
P0001936,substation,I00050,22.719549476899445
P0001936,fiber_node,I00051,10.66563938226051
P0001936,water_source,I00053,26.984766863010602
P0001936,highway_interchange,I00055,17.185956717381487
P0001936,data_center,I00056,14.177524550522495
P0001937,transmission_line,I00048,22.872627303479447
P0001937,substation,I00050,6.547639089641013
P0001937,fiber_node,I00051,23.70510968185845
P0001937,water_source,I00053,2.1372696122393093
P0001937,highway_interchange,I00055,18.294818967031794
P0001937,data_center,I00056,16.72498006655199
P0001938,transmission_line,I00048,27.46455129307418
P0001938,substation,I00050,12.478827761875694
P0001938,fiber_node,I00051,29.92559744935277
P0001938,water_source,I00053,6.537773118372826
P0001938,highway_interchange,I00055,23.637099001355658
P0001938,data_center,I00056,22.784642064864475
P0001939,transmission_line,I00047,20.932021809111948
P0001939,substation,I00050,6.223639428421758
P0001939,fiber_node,I00052,24.244838245033492
P0001939,water_source,I00053,11.510755905313427
P0001939,highway_interchange,I00055,25.49908778412831
P0001939,data_center,I00056,22.86555760319252
P0001940,transmission_line,I00048,10.731413684368517
P0001940,substation,I00049,2.628290130569757
P0001940,fiber_node,I00051,17.92395683851787
P0001940,water_source,I00053,13.693454723489484
P0001940,highway_interchange,I00055,9.856759036336088
P0001940,data_center,I00056,12.223131912674127
P0001941,transmission_line,I00048,16.406611964385828
P0001941,substation,I00049,4.0183091132626005
P0001941,fiber_node,I00051,21.250201705532607
P0001941,water_source,I00053,7.67826139154769
P0001941,highway_interchange,I00055,13.676847881185308
P0001941,data_center,I00056,14.356233143197624
P0001942,transmission_line,I00048,7.359872347437367
P0001942,substation,I00049,18.989101692410706
P0001942,fiber_node,I00051,4.265337140592965
P0001942,water_source,I00053,24.936283085967975
P0001942,highway_interchange,I00055,7.80572030854103
P0001942,data_center,I00056,8.964190949184525
P0001943,transmission_line,I00046,28.33654627341461
P0001943,substation,I00050,10.98200872556267
P0001943,fiber_node,I00051,30.46387751708374
P0001943,water_source,I00053,7.30816107798196
P0001943,highway_interchange,I00055,24.739371281129944
P0001943,data_center,I00056,23.437656038038106
P0001944,transmission_line,I00048,12.394918392294988
P0001944,substation,I00050,17.072160323261436
P0001944,fiber_node,I00051,5.747962312626266
P0001944,water_source,I00053,18.68420870171941
P0001944,highway_interchange,I00055,7.710886555969679
P0001944,data_center,I00056,4.24468640956767
P0001945,transmission_line,I00046,14.51650790749252
P0001945,substation,I00050,3.2730376888662356
P0001945,fiber_node,I00051,19.969051870192764
P0001945,water_source,I00053,10.303910329935027
P0001945,highway_interchange,I00055,17.53364563544746
P0001945,data_center,I00056,14.388165847631795
P0001946,transmission_line,I00046,13.95975404392112
P0001946,substation,I00050,4.308192984372878
P0001946,fiber_node,I00051,18.86819379743108
P0001946,water_source,I00053,10.660458353516974
P0001946,highway_interchange,I00055,16.611470725846512
P0001946,data_center,I00056,13.382733669597782
P0001947,transmission_line,I00048,17.43666912949656
P0001947,substation,I00050,7.3628967662509925
P0001947,fiber_node,I00051,16.872901989029824
P0001947,water_source,I00053,7.117698740331196
P0001947,highway_interchange,I00055,12.285373521306395
P0001947,data_center,I00056,10.066141619543286
P0001948,transmission_line,I00048,21.159392571338426
P0001948,substation,I00049,9.382822452983449
P0001948,fiber_node,I00051,24.410630919788755
P0001948,water_source,I00053,3.514163777347198
P0001948,highway_interchange,I00055,17.60042677617941
P0001948,data_center,I00056,17.24644728566097
P0001949,transmission_line,I00046,20.491152666083526
P0001949,substation,I00050,3.704269120091141
P0001949,fiber_node,I00052,25.248651716154132
P0001949,water_source,I00053,8.310714360462672
P0001949,highway_interchange,I00055,22.3224468331137
P0001949,data_center,I00056,19.873288059386525
P0001950,transmission_line,I00046,19.394051908951287
P0001950,substation,I00050,2.7648435579055124
P0001950,fiber_node,I00051,22.265797617805013
P0001950,water_source,I00053,5.774631399990452
P0001950,highway_interchange,I00055,18.06397533416233
P0001950,data_center,I00056,15.730505276150335
P0001951,transmission_line,I00047,6.450558570279361
P0001951,substation,I00050,12.500006193145659
P0001951,fiber_node,I00052,10.850745024123501
P0001951,water_source,I00053,20.739343827554457
P0001951,highway_interchange,I00055,24.424408410534603
P0001951,data_center,I00056,20.580411847833467
P0001952,transmission_line,I00046,23.497843733342297
P0001952,substation,I00050,6.947178169161752
P0001952,fiber_node,I00052,27.52981377927221
P0001952,water_source,I00053,9.144196644401067
P0001952,highway_interchange,I00055,24.867548777564785
P0001952,data_center,I00056,22.678057967821562
P0001953,transmission_line,I00046,11.567854570281392
P0001953,substation,I00050,8.858881544796082
P0001953,fiber_node,I00051,14.742490047804901
P0001953,water_source,I00053,13.722635459592684
P0001953,highway_interchange,I00055,13.940213788780106
P0001953,data_center,I00056,10.242252077702757
P0001954,transmission_line,I00046,8.734980122588466
P0001954,substation,I00050,9.901817482206408
P0001954,fiber_node,I00051,16.008022180921582
P0001954,water_source,I00053,16.061164679834825
P0001954,highway_interchange,I00055,16.38596304107183
P0001954,data_center,I00056,12.5477593626379
P0001955,transmission_line,I00046,6.6562162794384685
P0001955,substation,I00050,23.323110495817
P0001955,fiber_node,I00052,13.522993543061881
P0001955,water_source,I00053,29.76551937332444
P0001955,highway_interchange,I00055,24.413253316048934
P0001955,data_center,I00056,20.833598614267473
P0001956,transmission_line,I00046,13.428347608886304
P0001956,substation,I00050,15.84999566610877
P0001956,fiber_node,I00051,7.5974592908809395
P0001956,water_source,I00053,18.48067438902892
P0001956,highway_interchange,I00055,9.756484890996834
P0001956,data_center,I00056,6.009237987104407
P0001957,transmission_line,I00046,19.162813827126197
P0001957,substation,I00050,3.4646394359840618
P0001957,fiber_node,I00051,21.164539570893567
P0001957,water_source,I00053,5.553898219069068
P0001957,highway_interchange,I00055,16.881027383299603
P0001957,data_center,I00056,14.574491868965074
P0001958,transmission_line,I00048,6.820393879392068
P0001958,substation,I00049,9.888741495963767
P0001958,fiber_node,I00051,9.618412897009968
P0001958,water_source,I00053,15.541909474814105
P0001958,highway_interchange,I00055,1.926628849979291
P0001958,data_center,I00056,3.96146733759806
P0001959,transmission_line,I00046,15.736324650370857
P0001959,substation,I00050,25.37890876981344
P0001959,fiber_node,I00051,8.58890407553497
P0001959,water_source,I00053,28.601332167033448
P0001959,highway_interchange,I00055,16.23541479118843
P0001959,data_center,I00056,14.000135779904953
P0001960,transmission_line,I00048,12.769176988802771
P0001960,substation,I00049,20.112064120758873
P0001960,fiber_node,I00051,3.344254268145632
P0001960,water_source,I00053,22.2992455948692
P0001960,highway_interchange,I00055,9.33268595310978
P0001960,data_center,I00056,6.9418774328507755
P0001961,transmission_line,I00046,7.930690364505173
P0001961,substation,I00050,9.434254596672663
P0001961,fiber_node,I00052,15.3331875443456
P0001961,water_source,I00053,16.889993543571528
P0001961,highway_interchange,I00055,19.539976598959527
P0001961,data_center,I00056,15.742437312064547
P0001962,transmission_line,I00046,5.900166658534386
P0001962,substation,I00050,15.173902203978482
P0001962,fiber_node,I00051,14.197312690310756
P0001962,water_source,I00053,20.945834596650833
P0001962,highway_interchange,I00055,17.175055969282333
P0001962,data_center,I00056,13.297935538262882
P0001963,transmission_line,I00048,13.196795190624956
P0001963,substation,I00050,15.128011772289765
P0001963,fiber_node,I00051,7.644669876569539
P0001963,water_source,I00053,16.927698414400393
P0001963,highway_interchange,I00055,8.049276381491106
P0001963,data_center,I00056,4.1703543179224685
P0001964,transmission_line,I00048,11.58452603774867
P0001964,substation,I00049,5.988975710209585
P0001964,fiber_node,I00051,14.832845068485833
P0001964,water_source,I00053,10.119354126875587
P0001964,highway_interchange,I00055,7.622732818338004
P0001964,data_center,I00056,7.894197507942421
P0001965,transmission_line,I00047,15.480909097590681
P0001965,substation,I00050,6.142981565389546
P0001965,fiber_node,I00052,18.821048743366376
P0001965,water_source,I00053,14.31271496803751
P0001965,highway_interchange,I00055,24.51962416555508
P0001965,data_center,I00056,21.292224777889142
P0001966,transmission_line,I00048,18.531903106034058
P0001966,substation,I00049,8.871248060283763
P0001966,fiber_node,I00051,20.612414602926922
P0001966,water_source,I00053,3.1681366954617323
P0001966,highway_interchange,I00055,14.33083596447408
P0001966,data_center,I00056,13.44856628586492
P0001967,transmission_line,I00046,4.393330003336241
P0001967,substation,I00050,18.725254457335783
P0001967,fiber_node,I00052,14.515670837322784
P0001967,water_source,I00053,24.87828755359809
P0001967,highway_interchange,I00055,20.25524597874105
P0001967,data_center,I00056,16.50599845758232
P0001968,transmission_line,I00048,16.361898782375846
P0001968,substation,I00050,9.123104174449255
P0001968,fiber_node,I00051,17.257144916450656
P0001968,water_source,I00053,6.160506097538199
P0001968,highway_interchange,I00055,11.602676837081836
P0001968,data_center,I00056,10.150066015010934
P0001969,transmission_line,I00046,15.547838777583422
P0001969,substation,I00050,9.634226666387388
P0001969,fiber_node,I00051,13.169140190277993
P0001969,water_source,I00053,11.49558837596781
P0001969,highway_interchange,I00055,10.38632566086431
P0001969,data_center,I00056,7.14052351072327
P0001970,transmission_line,I00048,14.7233928078628
P0001970,substation,I00049,2.4220764618261885
P0001970,fiber_node,I00051,21.731208180647773
P0001970,water_source,I00053,12.482117014511791
P0001970,highway_interchange,I00055,13.68296136235398
P0001970,data_center,I00056,15.596065504397405
P0001971,transmission_line,I00046,5.975986061405003
P0001971,substation,I00050,11.518142579937741
P0001971,fiber_node,I00052,14.516959921728963
P0001971,water_source,I00053,18.61530863522875
P0001971,highway_interchange,I00055,19.351322905720046
P0001971,data_center,I00056,15.460524128194532
P0001972,transmission_line,I00047,17.399897375413474
P0001972,substation,I00050,7.7662827544119954
P0001972,fiber_node,I00052,19.813079506238356
P0001972,water_source,I00053,15.225885337270986
P0001972,highway_interchange,I00055,26.77115545500657
P0001972,data_center,I00056,23.648191240730217
P0001973,transmission_line,I00048,11.89673184042526
P0001973,substation,I00049,11.938256680733284
P0001973,fiber_node,I00051,10.475854636293134
P0001973,water_source,I00053,12.960340946266275
P0001973,highway_interchange,I00055,6.388776989363626
P0001973,data_center,I00056,3.5446531803126207
P0001974,transmission_line,I00048,15.537803121627299
P0001974,substation,I00050,9.185324081089487
P0001974,fiber_node,I00051,14.814776063519083
P0001974,water_source,I00053,8.862233121029744
P0001974,highway_interchange,I00055,10.280992471658065
P0001974,data_center,I00056,7.965984900040269
P0001975,transmission_line,I00046,26.869125880670115
P0001975,substation,I00050,10.513154637629114
P0001975,fiber_node,I00052,30.24815920928592
P0001975,water_source,I00053,11.122391297096472
P0001975,highway_interchange,I00055,27.82468015415826
P0001975,data_center,I00056,25.8725617883051
P0001976,transmission_line,I00046,12.186855716668058
P0001976,substation,I00050,13.159285300684404
P0001976,fiber_node,I00051,10.305309346423465
P0001976,water_source,I00053,16.49112059812238
P0001976,highway_interchange,I00055,11.021394583020154
P0001976,data_center,I00056,7.100331762026926
P0001977,transmission_line,I00048,4.070036189489285
P0001977,substation,I00049,14.212244829225781
P0001977,fiber_node,I00051,13.898263837164723
P0001977,water_source,I00053,24.155469754113938
P0001977,highway_interchange,I00055,9.425503241044881
P0001977,data_center,I00056,13.28224487021053
P0001978,transmission_line,I00047,18.390030180719005
P0001978,substation,I00050,10.201591954769128
P0001978,fiber_node,I00052,19.73611041059376
P0001978,water_source,I00053,17.35454345933669
P0001978,highway_interchange,I00055,29.232843396335372
P0001978,data_center,I00056,26.08175850165249
P0001979,transmission_line,I00046,13.347780936065126
P0001979,substation,I00050,8.109448989033382
P0001979,fiber_node,I00051,14.780968157678647
P0001979,water_source,I00053,12.098569043793612
P0001979,highway_interchange,I00055,13.005918570220432
P0001979,data_center,I00056,9.520976426499724
P0001980,transmission_line,I00046,14.58353036763266
P0001980,substation,I00050,6.126863647138878
P0001980,fiber_node,I00051,16.612367990883595
P0001980,water_source,I00053,10.280371617798489
P0001980,highway_interchange,I00055,14.042356974393455
P0001980,data_center,I00056,10.860759056205072
P0001981,transmission_line,I00046,12.249213870982624
P0001981,substation,I00050,22.998278077291975
P0001981,fiber_node,I00051,10.14641579437667
P0001981,water_source,I00053,27.072833936639814
P0001981,highway_interchange,I00055,16.840675282476024
P0001981,data_center,I00056,13.931309009031304
P0001982,transmission_line,I00048,25.232049093078796
P0001982,substation,I00050,9.944625228292908
P0001982,fiber_node,I00051,27.170003812237383
P0001982,water_source,I00053,3.760607110652035
P0001982,highway_interchange,I00055,21.135380453530114
P0001982,data_center,I00056,20.06144135009633
P0001983,transmission_line,I00046,14.307349069943491
P0001983,substation,I00050,6.076896042080005
P0001983,fiber_node,I00051,16.69917207513851
P0001983,water_source,I00053,10.50357674101134
P0001983,highway_interchange,I00055,14.263148317650687
P0001983,data_center,I00056,11.038100053239173
P0001984,transmission_line,I00046,12.22163955669955
P0001984,substation,I00050,6.053149148073429
P0001984,fiber_node,I00052,17.18393373751166
P0001984,water_source,I00053,14.476169606609734
P0001984,highway_interchange,I00055,21.65658180257684
P0001984,data_center,I00056,18.18433549503937
P0001985,transmission_line,I00046,14.708012641630708
P0001985,substation,I00050,4.719289731858124
P0001985,fiber_node,I00052,19.010713765959498
P0001985,water_source,I00053,13.179771530639334
P0001985,highway_interchange,I00055,22.552310911651656
P0001985,data_center,I00056,19.30744945900002
P0001986,transmission_line,I00048,23.947261339077265
P0001986,substation,I00049,10.941797188082523
P0001986,fiber_node,I00051,28.659429888756424
P0001986,water_source,I00053,8.435003861564491
P0001986,highway_interchange,I00055,21.280900175718287
P0001986,data_center,I00056,21.598205507731244
P0001987,transmission_line,I00046,12.087442263028336
P0001987,substation,I00050,5.607381112728817
P0001987,fiber_node,I00051,18.839832575842625
P0001987,water_source,I00053,12.58480776518591
P0001987,highway_interchange,I00055,17.41522598684507
P0001987,data_center,I00056,13.94506660048523
P0001988,transmission_line,I00046,17.28273450752803
P0001988,substation,I00050,4.127102489738666
P0001988,fiber_node,I00051,19.055798513071615
P0001988,water_source,I00053,7.311324527131137
P0001988,highway_interchange,I00055,15.316979796104924
P0001988,data_center,I00056,12.688023895943074
P0001989,transmission_line,I00046,13.507879094664714
P0001989,substation,I00050,30.684542803739276
P0001989,fiber_node,I00052,16.04945200819095
P0001989,water_source,I00053,37.24965399793543
P0001989,highway_interchange,I00055,30.782419152306783
P0001989,data_center,I00056,27.470530013376116
P0001990,transmission_line,I00047,17.869347369441037
P0001990,substation,I00050,6.284939611720257
P0001990,fiber_node,I00052,20.893524169631426
P0001990,water_source,I00053,13.58275655203912
P0001990,highway_interchange,I00055,25.514051854856966
P0001990,data_center,I00056,22.502468982391523
P0001991,transmission_line,I00048,11.5881252160297
P0001991,substation,I00049,15.268419506671217
P0001991,fiber_node,I00051,6.981150739493369
P0001991,water_source,I00053,16.763261723476045
P0001991,highway_interchange,I00055,6.413858217085555
P0001991,data_center,I00056,2.5551745005776874
P0001992,transmission_line,I00046,3.9724899648704035
P0001992,substation,I00050,13.683136132946293
P0001992,fiber_node,I00052,13.46978585411569
P0001992,water_source,I00053,20.644776038219735
P0001992,highway_interchange,I00055,19.9737152006124
P0001992,data_center,I00056,16.052537717717176
P0001993,transmission_line,I00046,11.360676718205955
P0001993,substation,I00050,13.831861716720374
P0001993,fiber_node,I00051,10.234239675321298
P0001993,water_source,I00053,17.50551166959365
P0001993,highway_interchange,I00055,11.723092727577031
P0001993,data_center,I00056,7.814799112585882
P0001994,transmission_line,I00047,15.38847979006962
P0001994,substation,I00050,5.584590743169399
P0001994,fiber_node,I00052,19.005518206813594
P0001994,water_source,I00053,13.833032246958615
P0001994,highway_interchange,I00055,23.910810665933376
P0001994,data_center,I00056,20.693457634326283
P0001995,transmission_line,I00047,24.41318023296287
P0001995,substation,I00050,9.824433155969109
P0001995,fiber_node,I00052,27.002571793743183
P0001995,water_source,I00053,13.190176512027882
P0001995,highway_interchange,I00055,28.660641469029464
P0001995,data_center,I00056,26.260721443719433
P0001996,transmission_line,I00046,20.970611018964515
P0001996,substation,I00050,31.581948839099695
P0001996,fiber_node,I00051,12.448095590059603
P0001996,water_source,I00053,34.48059145914299
P0001996,highway_interchange,I00054,15.976616235763784
P0001996,data_center,I00056,19.092293872346254
P0001997,transmission_line,I00048,13.50995031930128
P0001997,substation,I00049,22.2826211902538
P0001997,fiber_node,I00051,3.3042553932255063
P0001997,water_source,I00053,25.026029714546784
P0001997,highway_interchange,I00055,11.067674408757588
P0001997,data_center,I00056,9.336870877487614
P0001998,transmission_line,I00048,9.805420470800552
P0001998,substation,I00049,22.809345653218983
P0001998,fiber_node,I00051,12.87541663613524
P0001998,water_source,I00053,31.320638237665197
P0001998,highway_interchange,I00054,6.670179381338643
P0001998,data_center,I00056,16.772644091920835
P0001999,transmission_line,I00046,23.9100214364235
P0001999,substation,I00050,6.722154766065509
P0001999,fiber_node,I00051,28.093912647880547
P0001999,water_source,I00053,7.118499401086459
P0001999,highway_interchange,I00055,23.35188878380483
P0001999,data_center,I00056,21.386510654308232
P0002000,transmission_line,I00047,32.47544777459764
P0002000,substation,I00050,17.79002181410371
P0002000,fiber_node,I00052,34.17589238038861
P0002000,water_source,I00053,18.52366498769795
P0002000,highway_interchange,I00055,35.51067908948881
P0002000,data_center,I00056,33.57219624470388
P0002001,transmission_line,I00057,19.42741936631334
P0002001,substation,I00060,14.346463633055807
P0002001,fiber_node,I00062,21.10666766359531
P0002001,water_source,I00064,16.87677782030443
P0002001,highway_interchange,I00065,25.20875419665396
P0002001,data_center,I00067,37.93612944974646
P0002002,transmission_line,I00059,7.262176833447307
P0002002,substation,I00061,4.5814298915975336
P0002002,fiber_node,I00063,17.069432971058085
P0002002,water_source,I00064,22.66748064772326
P0002002,highway_interchange,I00065,8.817903636046253
P0002002,data_center,I00067,5.069512345896159
P0002003,transmission_line,I00057,11.617550722086406
P0002003,substation,I00060,19.283166532870027
P0002003,fiber_node,I00063,32.048942895383995
P0002003,water_source,I00064,11.105868935454534
P0002003,highway_interchange,I00065,25.801901475913702
P0002003,data_center,I00067,36.09722205540877
P0002004,transmission_line,I00059,11.437837847300953
P0002004,substation,I00060,17.567462391012445
P0002004,fiber_node,I00063,4.986227205189798
P0002004,water_source,I00064,27.97866513061988
P0002004,highway_interchange,I00066,6.960719510059862
P0002004,data_center,I00067,21.527428699930066
P0002005,transmission_line,I00057,4.641577191991372
P0002005,substation,I00060,14.661218795060188
P0002005,fiber_node,I00063,26.87360849632253
P0002005,water_source,I00064,3.895915823153872
P0002005,highway_interchange,I00065,18.99086942991713
P0002005,data_center,I00067,28.82973979220925
P0002006,transmission_line,I00057,6.898095471721448
P0002006,substation,I00060,22.02706335334908
P0002006,fiber_node,I00063,32.4965533365184
P0002006,water_source,I00064,9.838221673403567
P0002006,highway_interchange,I00065,21.58128040471754
P0002006,data_center,I00067,27.230905101421715
P0002007,transmission_line,I00059,12.266041658968922
P0002007,substation,I00061,6.937491249317782
P0002007,fiber_node,I00063,22.569474453662586
P0002007,water_source,I00064,19.333364292463973
P0002007,highway_interchange,I00065,10.699418309845717
P0002007,data_center,I00067,6.473365085933686
P0002008,transmission_line,I00059,6.5913025981255
P0002008,substation,I00061,9.527286382264553
P0002008,fiber_node,I00063,13.200362389820787
P0002008,water_source,I00064,25.695779011824666
P0002008,highway_interchange,I00066,9.58381330468893
P0002008,data_center,I00067,10.20900670114991
P0002009,transmission_line,I00059,6.731009434996097
P0002009,substation,I00061,10.269897993747259
P0002009,fiber_node,I00063,16.381466281113347
P0002009,water_source,I00064,15.397686978603335
P0002009,highway_interchange,I00065,3.8425416022532155
P0002009,data_center,I00067,10.298956216586106
P0002010,transmission_line,I00057,6.888767544565063
P0002010,substation,I00060,13.379251438266037
P0002010,fiber_node,I00063,25.962011442627766
P0002010,water_source,I00064,5.155654386858058
P0002010,highway_interchange,I00065,19.276714022870284
P0002010,data_center,I00067,29.952487353277206
P0002011,transmission_line,I00059,4.806199195726764
P0002011,substation,I00061,11.228162669157753
P0002011,fiber_node,I00063,10.828536803068486
P0002011,water_source,I00064,24.2601122061094
P0002011,highway_interchange,I00066,7.111742968740243
P0002011,data_center,I00067,11.85648977940282
P0002012,transmission_line,I00059,2.3592893116555955
P0002012,substation,I00061,11.312462644079291
P0002012,fiber_node,I00063,10.279932014101638
P0002012,water_source,I00064,21.8206028783282
P0002012,highway_interchange,I00066,5.932795429694803
P0002012,data_center,I00067,11.849220783129345
P0002013,transmission_line,I00058,8.384104789900297
P0002013,substation,I00061,17.02881492906258
P0002013,fiber_node,I00063,31.09504708396595
P0002013,water_source,I00064,41.9501512865581
P0002013,highway_interchange,I00065,27.98373201673598
P0002013,data_center,I00067,17.362875722969918
P0002014,transmission_line,I00057,16.68750701852878
P0002014,substation,I00061,13.768088282447891
P0002014,fiber_node,I00063,28.608013417916492
P0002014,water_source,I00064,18.259023029870775
P0002014,highway_interchange,I00065,15.918406246352589
P0002014,data_center,I00067,13.15082672378477
P0002015,transmission_line,I00059,7.733380570156734
P0002015,substation,I00061,15.088164783894504
P0002015,fiber_node,I00063,8.640559443989199
P0002015,water_source,I00064,26.748181449011856
P0002015,highway_interchange,I00066,6.6652434638000635
P0002015,data_center,I00067,15.752465650092626
P0002016,transmission_line,I00059,11.183737796084296
P0002016,substation,I00060,4.152381834830051
P0002016,fiber_node,I00063,13.647737240128551
P0002016,water_source,I00064,10.218721491625473
P0002016,highway_interchange,I00065,8.00210739210819
P0002016,data_center,I00067,20.797528312503758
P0002017,transmission_line,I00057,16.613266333587017
P0002017,substation,I00060,10.648912933343878
P0002017,fiber_node,I00062,19.709732586111006
P0002017,water_source,I00064,13.863582029823698
P0002017,highway_interchange,I00065,21.398076601715506
P0002017,data_center,I00067,34.12704581789212
P0002018,transmission_line,I00057,3.363987547332118
P0002018,substation,I00060,13.875695344907207
P0002018,fiber_node,I00063,23.800203350514117
P0002018,water_source,I00064,4.074252974907574
P0002018,highway_interchange,I00065,13.320730043614569
P0002018,data_center,I00067,21.585445157099674
P0002019,transmission_line,I00059,11.133897714277618
P0002019,substation,I00060,2.8650412516168835
P0002019,fiber_node,I00063,10.115066722119888
P0002019,water_source,I00064,14.192449634592714
P0002019,highway_interchange,I00066,9.021233616673072
P0002019,data_center,I00067,22.45963739903132
P0002020,transmission_line,I00059,15.240575704043502
P0002020,substation,I00061,16.851740859235374
P0002020,fiber_node,I00063,16.510136787542603
P0002020,water_source,I00064,34.70649911203576
P0002020,highway_interchange,I00066,15.32383056105985
P0002020,data_center,I00067,17.575979459178345
P0002021,transmission_line,I00059,0.9647326376708653
P0002021,substation,I00061,11.940624931493113
P0002021,fiber_node,I00063,9.88516008923086
P0002021,water_source,I00064,20.381029163486858
P0002021,highway_interchange,I00066,5.2955792623661315
P0002021,data_center,I00067,12.416037025620035
P0002022,transmission_line,I00057,13.53609863345888
P0002022,substation,I00060,1.6467584815693848
P0002022,fiber_node,I00063,13.938744911977894
P0002022,water_source,I00064,10.768295479219704
P0002022,highway_interchange,I00065,10.852332115271146
P0002022,data_center,I00067,23.767173700624973
P0002023,transmission_line,I00057,5.230482125609555
P0002023,substation,I00060,19.512166086366054
P0002023,fiber_node,I00063,31.130952197235946
P0002023,water_source,I00064,7.281142026274553
P0002023,highway_interchange,I00065,21.6696757555366
P0002023,data_center,I00067,29.508175831643445
P0002024,transmission_line,I00058,6.208143068696394
P0002024,substation,I00061,7.250401256494391
P0002024,fiber_node,I00063,28.456658573925193
P0002024,water_source,I00064,31.1197528366549
P0002024,highway_interchange,I00065,19.97014507332816
P0002024,data_center,I00067,6.9676907508621255
P0002025,transmission_line,I00057,10.25562078007296
P0002025,substation,I00060,5.404316564887775
P0002025,fiber_node,I00063,17.927449971568798
P0002025,water_source,I00064,7.318920605395651
P0002025,highway_interchange,I00065,12.995438290375859
P0002025,data_center,I00067,25.312626624439126
P0002026,transmission_line,I00059,11.117485005479057
P0002026,substation,I00060,6.475860043503113
P0002026,fiber_node,I00063,6.439828333725653
P0002026,water_source,I00064,18.315339153361172
P0002026,highway_interchange,I00066,7.00894070220683
P0002026,data_center,I00067,23.26417990555057
P0002027,transmission_line,I00057,14.532071428090624
P0002027,substation,I00061,18.698600569287517
P0002027,fiber_node,I00063,31.482581268283703
P0002027,water_source,I00064,16.7490220951168
P0002027,highway_interchange,I00065,18.7384125862526
P0002027,data_center,I00067,18.1036900248216
P0002028,transmission_line,I00059,7.2063083985941265
P0002028,substation,I00060,11.897442744464431
P0002028,fiber_node,I00063,15.548637373414005
P0002028,water_source,I00064,13.048929951183434
P0002028,highway_interchange,I00065,2.9697600161458144
P0002028,data_center,I00067,13.076760084623228
P0002029,transmission_line,I00057,6.669133015485492
P0002029,substation,I00060,14.517875169113259
P0002029,fiber_node,I00063,22.763890561663487
P0002029,water_source,I00064,7.300740818834356
P0002029,highway_interchange,I00065,11.15636947304761
P0002029,data_center,I00067,18.23832614509689
P0002030,transmission_line,I00059,9.989062061347331
P0002030,substation,I00061,2.2817064110904215
P0002030,fiber_node,I00063,20.049327746136008
P0002030,water_source,I00064,22.973594499554608
P0002030,highway_interchange,I00065,10.589641705441775
P0002030,data_center,I00067,2.417423879425651
P0002031,transmission_line,I00057,6.4942551847744605
P0002031,substation,I00060,16.416898068024782
P0002031,fiber_node,I00063,24.754460537639503
P0002031,water_source,I00064,7.917153549169939
P0002031,highway_interchange,I00065,12.954937393230935
P0002031,data_center,I00067,18.886585074942776
P0002032,transmission_line,I00059,6.84647309456264
P0002032,substation,I00060,8.912362421156937
P0002032,fiber_node,I00063,13.16821182466663
P0002032,water_source,I00064,12.646112306673283
P0002032,highway_interchange,I00065,2.8780974055808177
P0002032,data_center,I00067,15.569284324320106
P0002033,transmission_line,I00059,6.547045937877058
P0002033,substation,I00060,10.98657801437144
P0002033,fiber_node,I00063,14.455927043780772
P0002033,water_source,I00064,13.203721333413329
P0002033,highway_interchange,I00065,2.1546306708686322
P0002033,data_center,I00067,13.663559431282543
P0002034,transmission_line,I00059,13.900068347153459
P0002034,substation,I00061,7.433260344685702
P0002034,fiber_node,I00063,24.213793607964966
P0002034,water_source,I00064,20.13707150907255
P0002034,highway_interchange,I00065,12.322985545068013
P0002034,data_center,I00067,6.853030239023203
P0002035,transmission_line,I00059,8.84282693668927
P0002035,substation,I00060,6.989656875659603
P0002035,fiber_node,I00063,6.073530024960633
P0002035,water_source,I00064,17.829622698448087
P0002035,highway_interchange,I00066,5.1650427107825925
P0002035,data_center,I00067,20.98159212133473
P0002036,transmission_line,I00057,12.050512927079728
P0002036,substation,I00061,19.731387440725808
P0002036,fiber_node,I00063,30.627714220573836
P0002036,water_source,I00064,14.37269520046246
P0002036,highway_interchange,I00065,18.037349306533063
P0002036,data_center,I00067,19.192516730836697
P0002037,transmission_line,I00059,12.535206814100436
P0002037,substation,I00060,10.63697592066178
P0002037,fiber_node,I00063,3.6947520000362486
P0002037,water_source,I00064,22.587194005453785
P0002037,highway_interchange,I00066,7.096697505883417
P0002037,data_center,I00067,24.722324014219254
P0002038,transmission_line,I00059,27.35316563819942
P0002038,substation,I00060,18.882792849138028
P0002038,fiber_node,I00062,5.038569285771388
P0002038,water_source,I00064,30.197376229880803
P0002038,highway_interchange,I00066,22.150587223073163
P0002038,data_center,I00067,39.6093575967284
P0002039,transmission_line,I00059,8.181455273720061
P0002039,substation,I00061,4.563189007087314
P0002039,fiber_node,I00063,17.29002418424346
P0002039,water_source,I00064,24.642237538698154
P0002039,highway_interchange,I00065,10.454469572082337
P0002039,data_center,I00067,5.230052260646978
P0002040,transmission_line,I00058,7.904693697745804
P0002040,substation,I00061,3.3653916236701558
P0002040,fiber_node,I00063,24.95304005112809
P0002040,water_source,I00064,27.066694900381904
P0002040,highway_interchange,I00065,15.800645989799303
P0002040,data_center,I00067,2.896986749048074
P0002041,transmission_line,I00059,11.223845478780799
P0002041,substation,I00060,15.501084147157547
P0002041,fiber_node,I00063,2.7310367650823273
P0002041,water_source,I00064,26.35928103296467
P0002041,highway_interchange,I00066,5.970133699655313
P0002041,data_center,I00067,22.245815316333985
P0002042,transmission_line,I00059,15.468740813111289
P0002042,substation,I00060,19.569530684708738
P0002042,fiber_node,I00063,6.970452142753182
P0002042,water_source,I00064,30.8335177401865
P0002042,highway_interchange,I00066,10.520107112817065
P0002042,data_center,I00067,25.634081458104472
P0002043,transmission_line,I00057,7.71560760440302
P0002043,substation,I00060,17.467616377204703
P0002043,fiber_node,I00063,29.99574978811785
P0002043,water_source,I00064,7.540617875608212
P0002043,highway_interchange,I00065,22.613750878841763
P0002043,data_center,I00067,32.38811692712893
P0002044,transmission_line,I00058,8.28754180277263
P0002044,substation,I00061,5.093989996496041
P0002044,fiber_node,I00063,18.493339986181418
P0002044,water_source,I00064,27.15744050225133
P0002044,highway_interchange,I00065,12.874140420756493
P0002044,data_center,I00067,5.820555505879263
P0002045,transmission_line,I00059,7.638190019812467
P0002045,substation,I00061,5.487259665311232
P0002045,fiber_node,I00063,16.47393564024688
P0002045,water_source,I00064,24.730887197297157
P0002045,highway_interchange,I00065,10.253483323559918
P0002045,data_center,I00067,6.157334638163662
P0002046,transmission_line,I00058,6.840643046457297
P0002046,substation,I00061,6.086126071933127
P0002046,fiber_node,I00063,19.633411640909966
P0002046,water_source,I00064,29.025446101694875
P0002046,highway_interchange,I00065,14.717087223879645
P0002046,data_center,I00067,6.77295902812177
P0002047,transmission_line,I00059,2.3021350229070436
P0002047,substation,I00060,13.35838910139379
P0002047,fiber_node,I00063,8.161570401383246
P0002047,water_source,I00064,20.655853076823355
P0002047,highway_interchange,I00066,3.583016246342186
P0002047,data_center,I00067,14.100779730836695
P0002048,transmission_line,I00059,3.7961076319273457
P0002048,substation,I00061,9.255270054635195
P0002048,fiber_node,I00063,14.061382347347696
P0002048,water_source,I00064,18.139575369254757
P0002048,highway_interchange,I00065,3.658954140157163
P0002048,data_center,I00067,9.522922318928883
P0002049,transmission_line,I00059,10.15081203498754
P0002049,substation,I00060,7.578790875237767
P0002049,fiber_node,I00063,15.25785554481766
P0002049,water_source,I00064,9.421871781973007
P0002049,highway_interchange,I00065,6.1022089241206015
P0002049,data_center,I00067,18.096999971511874
P0002050,transmission_line,I00059,19.91588444710541
P0002050,substation,I00061,26.07863551101276
P0002050,fiber_node,I00063,14.72403933049239
P0002050,water_source,I00064,37.84301341050457
P0002050,highway_interchange,I00066,16.671935169268437
P0002050,data_center,I00067,26.799030810455015
P0002051,transmission_line,I00059,6.647360608355898
P0002051,substation,I00061,10.942402408836774
P0002051,fiber_node,I00063,12.07780186984864
P0002051,water_source,I00064,26.041704321487412
P0002051,highway_interchange,I00066,8.755737667816899
P0002051,data_center,I00067,11.622966381591649
P0002052,transmission_line,I00059,8.30195914892193
P0002052,substation,I00061,12.459294043394959
P0002052,fiber_node,I00063,17.068302918714554
P0002052,water_source,I00064,12.98242339695621
P0002052,highway_interchange,I00065,4.353102548768594
P0002052,data_center,I00067,12.416465182343835
P0002053,transmission_line,I00059,22.305245271746163
P0002053,substation,I00060,14.076133759136242
P0002053,fiber_node,I00062,3.2870583792253005
P0002053,water_source,I00064,25.86316564169995
P0002053,highway_interchange,I00066,17.237659517803085
P0002053,data_center,I00067,34.5554449176177
P0002054,transmission_line,I00059,13.98791558701374
P0002054,substation,I00061,19.3903769727944
P0002054,fiber_node,I00063,11.974260799291475
P0002054,water_source,I00064,32.88694808362869
P0002054,highway_interchange,I00066,12.077169994144306
P0002054,data_center,I00067,20.109044923291073
P0002055,transmission_line,I00059,7.53222347643969
P0002055,substation,I00060,14.750673141268908
P0002055,fiber_node,I00063,4.206571483368535
P0002055,water_source,I00064,24.345647671609594
P0002055,highway_interchange,I00066,3.1696951973772722
P0002055,data_center,I00067,18.433957661249977
P0002056,transmission_line,I00057,8.184182152526061
P0002056,substation,I00060,9.004622239540659
P0002056,fiber_node,I00063,18.19204389257665
P0002056,water_source,I00064,6.56939942646565
P0002056,highway_interchange,I00065,8.626463315708241
P0002056,data_center,I00067,19.4303592865868
P0002057,transmission_line,I00057,16.43447021419961
P0002057,substation,I00061,30.382717498953316
P0002057,fiber_node,I00063,40.307026776447614
P0002057,water_source,I00064,19.4105815731775
P0002057,highway_interchange,I00065,28.197838223109283
P0002057,data_center,I00067,29.802651047328876
P0002058,transmission_line,I00057,10.312535858957808
P0002058,substation,I00060,11.227665778961814
P0002058,fiber_node,I00063,17.852271082706054
P0002058,water_source,I00064,9.502868671314928
P0002058,highway_interchange,I00065,6.275388341541816
P0002058,data_center,I00067,15.861235368856333
P0002059,transmission_line,I00059,9.527156063384071
P0002059,substation,I00060,4.133886746347248
P0002059,fiber_node,I00063,10.901954200216444
P0002059,water_source,I00064,12.96348042755979
P0002059,highway_interchange,I00065,7.306437285968922
P0002059,data_center,I00067,20.304753985046172
P0002060,transmission_line,I00057,15.285825778735804
P0002060,substation,I00061,15.610095650229606
P0002060,fiber_node,I00063,29.288505694213402
P0002060,water_source,I00064,17.08338614931187
P0002060,highway_interchange,I00065,16.519738409635636
P0002060,data_center,I00067,15.015113722245715
P0002061,transmission_line,I00057,10.702746968295237
P0002061,substation,I00060,4.536419128780295
P0002061,fiber_node,I00063,16.09418555611295
P0002061,water_source,I00064,8.017352827925649
P0002061,highway_interchange,I00065,10.426524644787664
P0002061,data_center,I00067,22.861450192815127
P0002062,transmission_line,I00059,7.827793070438144
P0002062,substation,I00061,15.774290685218835
P0002062,fiber_node,I00063,7.836202862720394
P0002062,water_source,I00064,26.568803187812808
P0002062,highway_interchange,I00066,6.132158645273212
P0002062,data_center,I00067,16.429076309586602
P0002063,transmission_line,I00057,10.100282246827206
P0002063,substation,I00060,11.524887350053836
P0002063,fiber_node,I00063,18.215872380537228
P0002063,water_source,I00064,9.386856412837954
P0002063,highway_interchange,I00065,6.567862629984494
P0002063,data_center,I00067,15.861533896717571
P0002064,transmission_line,I00057,16.69333305046526
P0002064,substation,I00060,30.12636611758304
P0002064,fiber_node,I00063,42.291535204846085
P0002064,water_source,I00064,18.508540800219652
P0002064,highway_interchange,I00065,33.11904017922655
P0002064,data_center,I00067,40.04448829968157
P0002065,transmission_line,I00059,4.398727814377608
P0002065,substation,I00060,11.092335103671973
P0002065,fiber_node,I00063,6.223340077773517
P0002065,water_source,I00064,19.68210305668456
P0002065,highway_interchange,I00066,1.7345646150188168
P0002065,data_center,I00067,16.623779990958862
P0002066,transmission_line,I00059,10.569674068264048
P0002066,substation,I00061,11.853739897825411
P0002066,fiber_node,I00063,19.819862995604474
P0002066,water_source,I00064,13.37846208715276
P0002066,highway_interchange,I00065,7.047870406482081
P0002066,data_center,I00067,11.646939261766443
P0002067,transmission_line,I00057,7.761390013452674
P0002067,substation,I00060,7.471205051034222
P0002067,fiber_node,I00063,19.335212412490417
P0002067,water_source,I00064,4.9103733524407165
P0002067,highway_interchange,I00065,12.5089229581197
P0002067,data_center,I00067,24.122360938069072
P0002068,transmission_line,I00059,10.035400917170211
P0002068,substation,I00060,3.786628900458846
P0002068,fiber_node,I00063,11.561564477783783
P0002068,water_source,I00064,12.308999601342666
P0002068,highway_interchange,I00065,7.569154091843409
P0002068,data_center,I00067,20.573277303438285
P0002069,transmission_line,I00059,5.784274796616183
P0002069,substation,I00060,11.329048586895468
P0002069,fiber_node,I00063,4.680116010770806
P0002069,water_source,I00064,20.710899870758993
P0002069,highway_interchange,I00066,0.5534276979859082
P0002069,data_center,I00067,17.89113960621298
P0002070,transmission_line,I00057,14.282695680849397
P0002070,substation,I00061,22.119139278832776
P0002070,fiber_node,I00063,33.97575043882842
P0002070,water_source,I00064,16.88062183405352
P0002070,highway_interchange,I00065,21.35866963998617
P0002070,data_center,I00067,21.52737460151286
P0002071,transmission_line,I00059,5.538357391797232
P0002071,substation,I00060,8.801258887155075
P0002071,fiber_node,I00063,11.416333739655265
P0002071,water_source,I00064,14.212343441565833
P0002071,highway_interchange,I00065,2.607301627687674
P0002071,data_center,I00067,15.590939733221715
P0002072,transmission_line,I00059,5.9713169713863135
P0002072,substation,I00061,5.854847389498591
P0002072,fiber_node,I00063,15.903570368322047
P0002072,water_source,I00064,21.777615481286194
P0002072,highway_interchange,I00065,7.604265449915635
P0002072,data_center,I00067,6.30392482106701
P0002073,transmission_line,I00058,7.379287624699264
P0002073,substation,I00061,1.6484199578739525
P0002073,fiber_node,I00063,21.555273931893826
P0002073,water_source,I00064,26.56762865229081
P0002073,highway_interchange,I00065,13.67678387460497
P0002073,data_center,I00067,2.2321077977614983
P0002074,transmission_line,I00059,10.526630213756622
P0002074,substation,I00060,12.648050607379302
P0002074,fiber_node,I00063,0.276456486649428
P0002074,water_source,I00064,23.80620764669864
P0002074,highway_interchange,I00066,4.840306082474578
P0002074,data_center,I00067,22.35046550278452
P0002075,transmission_line,I00059,9.131460439728308
P0002075,substation,I00060,4.5429325348477985
P0002075,fiber_node,I00063,9.594988740136172
P0002075,water_source,I00064,14.275137177331015
P0002075,highway_interchange,I00065,7.539648633549657
P0002075,data_center,I00067,20.41626488597513
P0002076,transmission_line,I00059,16.060839298282477
P0002076,substation,I00060,4.62161667664186
P0002076,fiber_node,I00063,11.874405067470764
P0002076,water_source,I00064,16.50676256158689
P0002076,highway_interchange,I00066,12.720111962897619
P0002076,data_center,I00067,27.7070002231805
P0002077,transmission_line,I00058,7.596275547506748
P0002077,substation,I00061,7.084134732084204
P0002077,fiber_node,I00063,18.858332639951605
P0002077,water_source,I00064,29.274043352123233
P0002077,highway_interchange,I00065,14.705624718243545
P0002077,data_center,I00067,7.788485675852573
P0002078,transmission_line,I00059,12.554067502627266
P0002078,substation,I00060,3.0073710317534754
P0002078,fiber_node,I00063,9.961224470470356
P0002078,water_source,I00064,15.24708222468395
P0002078,highway_interchange,I00066,9.728265337081664
P0002078,data_center,I00067,24.131225856664013
P0002079,transmission_line,I00057,8.641094646747382
P0002079,substation,I00060,9.030437876736704
P0002079,fiber_node,I00063,17.846014249606142
P0002079,water_source,I00064,7.101143859325834
P0002079,highway_interchange,I00065,8.087479408534183
P0002079,data_center,I00067,18.920984836254313
P0002080,transmission_line,I00059,2.8428141026470533
P0002080,substation,I00060,10.949609713881944
P0002080,fiber_node,I00063,10.327983737430323
P0002080,water_source,I00064,16.827409614428184
P0002080,highway_interchange,I00065,2.498789370450478
P0002080,data_center,I00067,13.966026538989896
P0002081,transmission_line,I00059,1.954761888273233
P0002081,substation,I00060,11.76460100187074
P0002081,fiber_node,I00063,10.240092756305726
P0002081,water_source,I00064,17.64835377921666
P0002081,highway_interchange,I00065,2.9412319864000858
P0002081,data_center,I00067,13.397674409279261
P0002082,transmission_line,I00058,6.108713187228155
P0002082,substation,I00061,2.7897920779946044
P0002082,fiber_node,I00063,22.318036368936088
P0002082,water_source,I00064,27.835641749352195
P0002082,highway_interchange,I00065,14.874461678943664
P0002082,data_center,I00067,3.228589078078643
P0002083,transmission_line,I00057,2.2679134577008595
P0002083,substation,I00060,17.03639108338984
P0002083,fiber_node,I00063,27.508854219771266
P0002083,water_source,I00064,5.177234985154683
P0002083,highway_interchange,I00065,17.029693703186954
P0002083,data_center,I00067,24.335262652205802
P0002084,transmission_line,I00059,7.209971102124318
P0002084,substation,I00060,16.040880759542
P0002084,fiber_node,I00063,5.837593249057784
P0002084,water_source,I00064,25.09470659676426
P0002084,highway_interchange,I00066,4.184586710808547
P0002084,data_center,I00067,17.29839044480293
P0002085,transmission_line,I00059,10.886504749371927
P0002085,substation,I00061,12.393993562563912
P0002085,fiber_node,I00063,19.976340837769413
P0002085,water_source,I00064,12.855975746873602
P0002085,highway_interchange,I00065,7.223933593784006
P0002085,data_center,I00067,12.182135153058224
P0002086,transmission_line,I00059,10.686857621620058
P0002086,substation,I00060,3.3634483250761105
P0002086,fiber_node,I00063,9.690526354741335
P0002086,water_source,I00064,14.495173786665607
P0002086,highway_interchange,I00066,8.520353703069306
P0002086,data_center,I00067,22.098344945686993
P0002087,transmission_line,I00059,4.319186448581708
P0002087,substation,I00061,14.385473007745224
P0002087,fiber_node,I00063,7.264619459178471
P0002087,water_source,I00064,22.82905851415703
P0002087,highway_interchange,I00066,3.479096925156974
P0002087,data_center,I00067,14.951853980982774
P0002088,transmission_line,I00059,8.637002762186043
P0002088,substation,I00060,7.192290149370449
P0002088,fiber_node,I00063,13.549175804034244
P0002088,water_source,I00064,11.128649122575824
P0002088,highway_interchange,I00065,4.907008927891353
P0002088,data_center,I00067,17.531773175825894
P0002089,transmission_line,I00059,11.295397502202983
P0002089,substation,I00060,5.225092518584351
P0002089,fiber_node,I00063,7.635500719673617
P0002089,water_source,I00064,17.116899301727646
P0002089,highway_interchange,I00066,7.724554475666709
P0002089,data_center,I00067,23.279432195650866
P0002090,transmission_line,I00057,13.760620996588555
P0002090,substation,I00060,12.595375534743892
P0002090,fiber_node,I00062,23.92166199513592
P0002090,water_source,I00064,11.380052408796713
P0002090,highway_interchange,I00065,22.022133915053665
P0002090,data_center,I00067,34.163750092726055
P0002091,transmission_line,I00057,13.554238680439928
P0002091,substation,I00060,4.374343019819927
P0002091,fiber_node,I00063,16.982326721840156
P0002091,water_source,I00064,10.579403482517808
P0002091,highway_interchange,I00065,14.796401035970908
P0002091,data_center,I00067,27.5983381737501
P0002092,transmission_line,I00057,13.734332787873958
P0002092,substation,I00060,22.65358783998109
P0002092,fiber_node,I00063,35.40800985327558
P0002092,water_source,I00064,13.785558014126368
P0002092,highway_interchange,I00065,28.78977517884163
P0002092,data_center,I00067,38.57654382872628
P0002093,transmission_line,I00057,11.408616415248531
P0002093,substation,I00060,3.7972457730271962
P0002093,fiber_node,I00063,15.57705767323526
P0002093,water_source,I00064,8.685396513166573
P0002093,highway_interchange,I00065,10.552932611110796
P0002093,data_center,I00067,23.150682530825467
P0002094,transmission_line,I00059,9.048701956321526
P0002094,substation,I00061,6.016334134912272
P0002094,fiber_node,I00063,19.38531255287407
P0002094,water_source,I00064,19.14723462425461
P0002094,highway_interchange,I00065,8.042408785226215
P0002094,data_center,I00067,5.886056672712869
P0002095,transmission_line,I00059,6.762400421802065
P0002095,substation,I00060,11.859193704689995
P0002095,fiber_node,I00063,15.166981827283722
P0002095,water_source,I00064,13.407979416582743
P0002095,highway_interchange,I00065,2.535876232543845
P0002095,data_center,I00067,12.934845545417417
P0002096,transmission_line,I00057,10.52109845368564
P0002096,substation,I00060,5.226913877283641
P0002096,fiber_node,I00063,15.818250743938101
P0002096,water_source,I00064,8.05375219753595
P0002096,highway_interchange,I00065,9.192991205302205
P0002096,data_center,I00067,21.518033131471874
P0002097,transmission_line,I00058,11.975043577593501
P0002097,substation,I00061,12.750262532947941
P0002097,fiber_node,I00063,34.33789997135478
P0002097,water_source,I00064,33.48544081818099
P0002097,highway_interchange,I00065,24.61811760738091
P0002097,data_center,I00067,12.238598634372593
P0002098,transmission_line,I00059,9.186533809595792
P0002098,substation,I00060,12.859225899994483
P0002098,fiber_node,I00063,17.58069583868235
P0002098,water_source,I00064,11.94090590255563
P0002098,highway_interchange,I00065,5.04533064304861
P0002098,data_center,I00067,13.326394523558868
P0002099,transmission_line,I00057,16.459467637905718
P0002099,substation,I00061,12.31067933543777
P0002099,fiber_node,I00063,26.923895075847167
P0002099,water_source,I00064,17.77316542017821
P0002099,highway_interchange,I00065,14.276806306350101
P0002099,data_center,I00067,11.725307232229685
P0002100,transmission_line,I00059,5.228764795694663
P0002100,substation,I00061,9.118578718499899
P0002100,fiber_node,I00063,12.844990469978358
P0002100,water_source,I00064,24.193026217257163
P0002100,highway_interchange,I00066,8.878613573413194
P0002100,data_center,I00067,9.75424818900096
P0002101,transmission_line,I00059,21.698278470277746
P0002101,substation,I00060,20.344887478307026
P0002101,fiber_node,I00062,8.133937092828928
P0002101,water_source,I00064,32.67521865670573
P0002101,highway_interchange,I00066,16.042155380865797
P0002101,data_center,I00067,33.118447891416345
P0002102,transmission_line,I00057,6.267925040497553
P0002102,substation,I00060,16.633335091817287
P0002102,fiber_node,I00063,25.103419648685513
P0002102,water_source,I00064,7.8251216840454365
P0002102,highway_interchange,I00065,13.345509056869547
P0002102,data_center,I00067,19.240787006886613
P0002103,transmission_line,I00059,4.786612852653542
P0002103,substation,I00061,7.042711152698251
P0002103,fiber_node,I00063,14.831000143829419
P0002103,water_source,I00064,21.041385020499618
P0002103,highway_interchange,I00065,6.550590669191881
P0002103,data_center,I00067,7.470987577169591
P0002104,transmission_line,I00059,4.125536774709605
P0002104,substation,I00060,11.875335546867065
P0002104,fiber_node,I00063,6.254552317642215
P0002104,water_source,I00064,20.332091602823798
P0002104,highway_interchange,I00066,1.5899683715778372
P0002104,data_center,I00067,16.232756247557507
P0002105,transmission_line,I00059,7.615854398298822
P0002105,substation,I00060,14.770697679255662
P0002105,fiber_node,I00063,4.151090712645781
P0002105,water_source,I00064,24.39721889791151
P0002105,highway_interchange,I00066,3.2202328665184328
P0002105,data_center,I00067,18.51511889224324
P0002106,transmission_line,I00059,8.47594786495413
P0002106,substation,I00060,9.215762115859953
P0002106,fiber_node,I00063,3.897005873943202
P0002106,water_source,I00064,19.97001393180023
P0002106,highway_interchange,I00066,3.587720881579059
P0002106,data_center,I00067,20.727238140849973
P0002107,transmission_line,I00057,10.606858037721823
P0002107,substation,I00060,12.097082278827115
P0002107,fiber_node,I00063,18.299119452087044
P0002107,water_source,I00064,10.026959842507903
P0002107,highway_interchange,I00065,6.322650134856295
P0002107,data_center,I00067,15.146590269744856
P0002108,transmission_line,I00057,3.505112809095222
P0002108,substation,I00060,18.47456876268359
P0002108,fiber_node,I00063,28.929083576696414
P0002108,water_source,I00064,6.479798770611176
P0002108,highway_interchange,I00065,18.28360143944014
P0002108,data_center,I00067,25.048890804665476
P0002109,transmission_line,I00057,14.79904579284839
P0002109,substation,I00061,13.344140789048787
P0002109,fiber_node,I00063,26.502547949955442
P0002109,water_source,I00064,16.155753500720888
P0002109,highway_interchange,I00065,13.750923790933868
P0002109,data_center,I00067,12.806259328979444
P0002110,transmission_line,I00059,7.791830819222455
P0002110,substation,I00061,8.97866131676682
P0002110,fiber_node,I00063,14.401276959672973
P0002110,water_source,I00064,26.67938293307811
P0002110,highway_interchange,I00066,10.877937364639266
P0002110,data_center,I00067,9.686941118231848
P0002111,transmission_line,I00059,11.612404260001721
P0002111,substation,I00060,3.610665768852831
P0002111,fiber_node,I00063,13.647018387809137
P0002111,water_source,I00064,10.260082431225563
P0002111,highway_interchange,I00065,8.531751545271591
P0002111,data_center,I00067,21.359359265560684
P0002112,transmission_line,I00057,12.506707092725868
P0002112,substation,I00060,18.310208981247015
P0002112,fiber_node,I00062,31.005798802373143
P0002112,water_source,I00064,11.51197566472075
P0002112,highway_interchange,I00065,25.63946763020467
P0002112,data_center,I00067,36.447578472012665
P0002113,transmission_line,I00059,5.651733719330514
P0002113,substation,I00061,6.271739529355197
P0002113,fiber_node,I00063,15.804747063545284
P0002113,water_source,I00064,20.889501654285976
P0002113,highway_interchange,I00065,6.843317244729194
P0002113,data_center,I00067,6.643309514319824
P0002114,transmission_line,I00059,14.67107342116782
P0002114,substation,I00060,6.08417824373243
P0002114,fiber_node,I00063,9.177480761313245
P0002114,water_source,I00064,18.44980945096526
P0002114,highway_interchange,I00066,10.612792427142292
P0002114,data_center,I00067,26.705349723185588
P0002115,transmission_line,I00059,5.710635738535498
P0002115,substation,I00060,7.919011506463046
P0002115,fiber_node,I00063,8.81658058873882
P0002115,water_source,I00064,15.826316586259995
P0002115,highway_interchange,I00065,4.841238797291109
P0002115,data_center,I00067,17.254969443198963
P0002116,transmission_line,I00057,6.841817713380528
P0002116,substation,I00060,22.011315497094515
P0002116,fiber_node,I00063,32.72974511232116
P0002116,water_source,I00064,9.709551485065928
P0002116,highway_interchange,I00065,22.03707691375627
P0002116,data_center,I00067,28.013168055792274
P0002117,transmission_line,I00059,4.051297458603265
P0002117,substation,I00061,7.919320989139391
P0002117,fiber_node,I00063,13.737105666827475
P0002117,water_source,I00064,21.603124461258776
P0002117,highway_interchange,I00065,6.712436609429893
P0002117,data_center,I00067,8.416720333459592
P0002118,transmission_line,I00057,10.145112177642673
P0002118,substation,I00060,24.886215282608017
P0002118,fiber_node,I00063,36.306863989117694
P0002118,water_source,I00064,12.575651033639069
P0002118,highway_interchange,I00065,26.196057685059376
P0002118,data_center,I00067,32.52002721129434
P0002119,transmission_line,I00059,2.344224910070642
P0002119,substation,I00060,13.093399194196582
P0002119,fiber_node,I00063,8.045705704974552
P0002119,water_source,I00064,20.45211628001645
P0002119,highway_interchange,I00066,3.4323815950749004
P0002119,data_center,I00067,14.272121110667358
P0002120,transmission_line,I00057,11.898729549158318
P0002120,substation,I00061,14.74939873934723
P0002120,fiber_node,I00063,25.03291278982995
P0002120,water_source,I00064,13.147911092574427
P0002120,highway_interchange,I00065,12.30766465649575
P0002120,data_center,I00067,14.315193334953854
P0002121,transmission_line,I00057,8.405946489515799
P0002121,substation,I00060,6.91654032153341
P0002121,fiber_node,I00063,18.010499178067576
P0002121,water_source,I00064,5.866171446320126
P0002121,highway_interchange,I00065,10.642899510561165
P0002121,data_center,I00067,22.344920701337166
P0002122,transmission_line,I00059,8.054240249200333
P0002122,substation,I00060,6.429771909992029
P0002122,fiber_node,I00063,12.042552568157575
P0002122,water_source,I00064,12.311328009431039
P0002122,highway_interchange,I00065,4.9839278899068296
P0002122,data_center,I00067,17.949864114670877
P0002123,transmission_line,I00057,9.132403262662944
P0002123,substation,I00060,13.295677611795913
P0002123,fiber_node,I00063,20.2678739113749
P0002123,water_source,I00064,9.036688348938737
P0002123,highway_interchange,I00065,8.312330797306947
P0002123,data_center,I00067,15.976107717277872
P0002124,transmission_line,I00059,14.673957525037578
P0002124,substation,I00061,16.718699345307417
P0002124,fiber_node,I00063,15.812912311577938
P0002124,water_source,I00064,34.135824107533224
P0002124,highway_interchange,I00066,14.645978561367997
P0002124,data_center,I00067,17.44538946907933
P0002125,transmission_line,I00059,7.472774634305539
P0002125,substation,I00061,6.587438429199424
P0002125,fiber_node,I00063,17.80730429523197
P0002125,water_source,I00064,18.81697459532576
P0002125,highway_interchange,I00065,6.663898013396505
P0002125,data_center,I00067,6.623557488279284
P0002126,transmission_line,I00057,4.672694481583831
P0002126,substation,I00060,12.276990012234794
P0002126,fiber_node,I00063,24.427405962146473
P0002126,water_source,I00064,2.3902511460097564
P0002126,highway_interchange,I00065,16.801975170609662
P0002126,data_center,I00067,27.17998430010723
P0002127,transmission_line,I00058,6.529482844883208
P0002127,substation,I00061,7.115842219508765
P0002127,fiber_node,I00063,19.9447138369253
P0002127,water_source,I00064,30.075270187220788
P0002127,highway_interchange,I00065,15.649032454688026
P0002127,data_center,I00067,7.785107389896633
P0002128,transmission_line,I00059,0.35355664315726526
P0002128,substation,I00061,11.649975910241887
P0002128,fiber_node,I00063,10.643782267426282
P0002128,water_source,I00064,19.21738655868459
P0002128,highway_interchange,I00065,4.109463144969055
P0002128,data_center,I00067,12.065440395155159
P0002129,transmission_line,I00057,8.331692911956791
P0002129,substation,I00060,20.963079424101007
P0002129,fiber_node,I00063,29.419211776606062
P0002129,water_source,I00064,10.832440709189846
P0002129,highway_interchange,I00065,17.335123001873598
P0002129,data_center,I00067,21.042390025589373
P0002130,transmission_line,I00059,8.375272803058857
P0002130,substation,I00061,6.519936173191559
P0002130,fiber_node,I00063,18.696468839029112
P0002130,water_source,I00064,18.680121955985683
P0002130,highway_interchange,I00065,7.27895001852953
P0002130,data_center,I00067,6.452869053493322
P0002131,transmission_line,I00059,0.18277006289944184
P0002131,substation,I00061,11.74012315553777
P0002131,fiber_node,I00063,10.495452198549094
P0002131,water_source,I00064,19.332105644001537
P0002131,highway_interchange,I00065,4.24521427501558
P0002131,data_center,I00067,12.162747204832982
P0002132,transmission_line,I00059,18.887873703431694
P0002132,substation,I00060,6.490284288516443
P0002132,fiber_node,I00062,12.11036540691405
P0002132,water_source,I00064,17.009800366660887
P0002132,highway_interchange,I00066,15.577241566936799
P0002132,data_center,I00067,30.395517285767742
P0002133,transmission_line,I00059,11.531453890325917
P0002133,substation,I00061,10.545418935749556
P0002133,fiber_node,I00063,21.261567468777404
P0002133,water_source,I00064,15.091056084419902
P0002133,highway_interchange,I00065,8.565108146038638
P0002133,data_center,I00067,10.236396541495315
P0002134,transmission_line,I00057,8.389937678220555
P0002134,substation,I00060,14.493748568572219
P0002134,fiber_node,I00063,21.796182167253903
P0002134,water_source,I00064,8.780148551107084
P0002134,highway_interchange,I00065,9.780994584928209
P0002134,data_center,I00067,16.516038293205273
P0002135,transmission_line,I00059,6.17287141984246
P0002135,substation,I00061,5.663310583792657
P0002135,fiber_node,I00063,16.179171040286064
P0002135,water_source,I00064,21.61820094705116
P0002135,highway_interchange,I00065,7.597522735023944
P0002135,data_center,I00067,6.08377970681002
P0002136,transmission_line,I00059,1.3409418367318862
P0002136,substation,I00061,10.975517943902583
P0002136,fiber_node,I00063,10.782687593516822
P0002136,water_source,I00064,20.66453165411796
P0002136,highway_interchange,I00065,5.504136044139575
P0002136,data_center,I00067,11.457593920742884
P0002137,transmission_line,I00057,8.977481561730768
P0002137,substation,I00060,9.083203688161303
P0002137,fiber_node,I00063,21.809565437251614
P0002137,water_source,I00064,6.145417089458968
P0002137,highway_interchange,I00065,16.56211136749102
P0002137,data_center,I00067,28.335617796933445
P0002138,transmission_line,I00059,3.8158038560525633
P0002138,substation,I00061,8.12620462822515
P0002138,fiber_node,I00063,14.070455699070658
P0002138,water_source,I00064,20.011323580650707
P0002138,highway_interchange,I00065,5.347632655543653
P0002138,data_center,I00067,8.506962425844643
P0002139,transmission_line,I00059,12.474256177403644
P0002139,substation,I00060,1.132740795724228
P0002139,fiber_node,I00063,11.942603578283714
P0002139,water_source,I00064,12.680725236613538
P0002139,highway_interchange,I00065,10.32660234458619
P0002139,data_center,I00067,23.332346271103727
P0002140,transmission_line,I00057,7.340134475377007
P0002140,substation,I00060,11.148712284842766
P0002140,fiber_node,I00063,19.787566764703556
P0002140,water_source,I00064,6.5243809599146285
P0002140,highway_interchange,I00065,9.114749390929573
P0002140,data_center,I00067,18.582389688250306
P0002141,transmission_line,I00058,13.064976103146993
P0002141,substation,I00061,7.574863755531746
P0002141,fiber_node,I00063,27.834652982716328
P0002141,water_source,I00064,24.90597862666043
P0002141,highway_interchange,I00065,16.751531882973477
P0002141,data_center,I00067,6.847832368776972
P0002142,transmission_line,I00059,9.749989954814026
P0002142,substation,I00060,4.291990793850365
P0002142,fiber_node,I00063,11.861716019069473
P0002142,water_source,I00064,12.010494464281914
P0002142,highway_interchange,I00065,7.083401963022835
P0002142,data_center,I00067,20.0745729625979
P0002143,transmission_line,I00058,5.939894848787963
P0002143,substation,I00061,3.4365002770534567
P0002143,fiber_node,I00063,21.70575010781248
P0002143,water_source,I00064,28.14249094123648
P0002143,highway_interchange,I00065,14.8107223630141
P0002143,data_center,I00067,3.9887105183273386
P0002144,transmission_line,I00059,15.389895725276496
P0002144,substation,I00061,9.518127243334726
P0002144,fiber_node,I00063,25.60421906301199
P0002144,water_source,I00064,19.34013388877189
P0002144,highway_interchange,I00065,13.316485573149155
P0002144,data_center,I00067,8.91769504552176
P0002145,transmission_line,I00059,15.816636888582105
P0002145,substation,I00061,8.783486669657924
P0002145,fiber_node,I00063,26.11739655123371
P0002145,water_source,I00064,20.739196118963644
P0002145,highway_interchange,I00065,14.089321554760359
P0002145,data_center,I00067,8.133104839162467
P0002146,transmission_line,I00057,20.823479936300128
P0002146,substation,I00061,32.50120108539951
P0002146,fiber_node,I00063,44.081438410453366
P0002146,water_source,I00064,23.795382477198046
P0002146,highway_interchange,I00065,31.714667354890516
P0002146,data_center,I00067,31.870522780988367
P0002147,transmission_line,I00059,19.1975741461179
P0002147,substation,I00061,25.072608826525038
P0002147,fiber_node,I00063,14.532789066019408
P0002147,water_source,I00064,37.36812175982057
P0002147,highway_interchange,I00066,16.19364377997541
P0002147,data_center,I00067,25.794616141274066
P0002148,transmission_line,I00059,8.7612115502037
P0002148,substation,I00061,3.294944999991759
P0002148,fiber_node,I00063,18.831472205156455
P0002148,water_source,I00064,22.374994142433646
P0002148,highway_interchange,I00065,9.508613128307347
P0002148,data_center,I00067,3.5698675575623535
P0002149,transmission_line,I00058,7.553721158839481
P0002149,substation,I00061,1.2962993455747562
P0002149,fiber_node,I00063,22.425671622046263
P0002149,water_source,I00064,26.4423301969356
P0002149,highway_interchange,I00065,14.035200363359202
P0002149,data_center,I00067,1.5307813374895056
P0002150,transmission_line,I00057,10.496143519819197
P0002150,substation,I00061,21.86440710204631
P0002150,fiber_node,I00063,31.29775889393557
P0002150,water_source,I00064,13.089046817900801
P0002150,highway_interchange,I00065,18.97658582124664
P0002150,data_center,I00067,21.355413723935754
P0002151,transmission_line,I00057,17.49137462464889
P0002151,substation,I00061,24.1219273718408
P0002151,fiber_node,I00063,37.272283012935496
P0002151,water_source,I00064,20.18859597511802
P0002151,highway_interchange,I00065,24.58018436778575
P0002151,data_center,I00067,23.481407917981652
P0002152,transmission_line,I00057,17.07364945276025
P0002152,substation,I00061,19.32298225677924
P0002152,fiber_node,I00063,33.59913890817635
P0002152,water_source,I00064,19.35756288106363
P0002152,highway_interchange,I00065,20.826103301468784
P0002152,data_center,I00067,18.676013847811593
P0002153,transmission_line,I00059,8.073704740587514
P0002153,substation,I00060,5.586195850747093
P0002153,fiber_node,I00063,10.378810246566058
P0002153,water_source,I00064,13.625539003966816
P0002153,highway_interchange,I00065,5.970494016599706
P0002153,data_center,I00067,18.932611467089398
P0002154,transmission_line,I00059,18.850158540416132
P0002154,substation,I00060,21.51361390906899
P0002154,fiber_node,I00063,9.613997531430437
P0002154,water_source,I00064,33.259753259029345
P0002154,highway_interchange,I00066,13.681512263064443
P0002154,data_center,I00067,29.13163850555247
P0002155,transmission_line,I00059,7.540949424368539
P0002155,substation,I00061,10.708229889031774
P0002155,fiber_node,I00063,12.910343949055493
P0002155,water_source,I00064,26.86734189589313
P0002155,highway_interchange,I00066,9.70658864557535
P0002155,data_center,I00067,11.408415119081344
P0002156,transmission_line,I00059,14.397603959167258
P0002156,substation,I00061,7.409177277194344
P0002156,fiber_node,I00063,24.7246934332832
P0002156,water_source,I00064,20.666307132910568
P0002156,highway_interchange,I00065,12.905466330321437
P0002156,data_center,I00067,6.793371155427229
P0002157,transmission_line,I00059,4.899590471260396
P0002157,substation,I00061,7.366466316826576
P0002157,fiber_node,I00063,15.217643534122946
P0002157,water_source,I00064,19.69027244689262
P0002157,highway_interchange,I00065,5.585517053214284
P0002157,data_center,I00067,7.672887598307387
P0002158,transmission_line,I00057,3.641896706470412
P0002158,substation,I00060,11.537750359442871
P0002158,fiber_node,I00063,22.849254873250853
P0002158,water_source,I00064,1.069187272081175
P0002158,highway_interchange,I00065,14.136105553481613
P0002158,data_center,I00067,24.14472959763843
P0002159,transmission_line,I00059,16.386673800116217
P0002159,substation,I00061,18.607984973136887
P0002159,fiber_node,I00063,16.60099036204814
P0002159,water_source,I00064,35.81646403960338
P0002159,highway_interchange,I00066,15.910855389987502
P0002159,data_center,I00067,19.333297257725416
P0002160,transmission_line,I00059,11.053311882729101
P0002160,substation,I00061,13.289779514880475
P0002160,fiber_node,I00063,14.14723166971412
P0002160,water_source,I00064,30.49583290642643
P0002160,highway_interchange,I00066,11.983538126435052
P0002160,data_center,I00067,14.016793385630248
P0002161,transmission_line,I00059,7.901023116640786
P0002161,substation,I00060,9.697571964033099
P0002161,fiber_node,I00063,14.768412447875985
P0002161,water_source,I00064,11.62239851365245
P0002161,highway_interchange,I00065,3.563103075858744
P0002161,data_center,I00067,15.28951884908939
P0002162,transmission_line,I00059,4.31992984372597
P0002162,substation,I00061,7.5223325689399045
P0002162,fiber_node,I00063,14.241513915379024
P0002162,water_source,I00064,21.22827856613657
P0002162,highway_interchange,I00065,6.509831859722399
P0002162,data_center,I00067,7.98294415493092
P0002163,transmission_line,I00057,5.039777816951724
P0002163,substation,I00060,17.018488389643576
P0002163,fiber_node,I00063,26.133384014327387
P0002163,water_source,I00064,7.058189996701151
P0002163,highway_interchange,I00065,14.681008298108592
P0002163,data_center,I00067,20.84645768934465
P0002164,transmission_line,I00057,5.763084919777055
P0002164,substation,I00060,12.804359484975226
P0002164,fiber_node,I00063,25.21783126937177
P0002164,water_source,I00064,3.8319051210780284
P0002164,highway_interchange,I00065,18.095438498256428
P0002164,data_center,I00067,28.63615546839471
P0002165,transmission_line,I00059,13.67195677063662
P0002165,substation,I00060,11.39726220161547
P0002165,fiber_node,I00063,4.3359022521541055
P0002165,water_source,I00064,23.502125120224814
P0002165,highway_interchange,I00066,8.163839861075108
P0002165,data_center,I00067,25.8269482720891
P0002166,transmission_line,I00059,10.32582554868942
P0002166,substation,I00061,2.3306477878538137
P0002166,fiber_node,I00063,20.441595761430502
P0002166,water_source,I00064,22.836582514547704
P0002166,highway_interchange,I00065,10.742543817667976
P0002166,data_center,I00067,2.3098365759869632
P0002167,transmission_line,I00057,0.29953397632483925
P0002167,substation,I00060,15.438612361937935
P0002167,fiber_node,I00063,26.38201063976542
P0002167,water_source,I00064,3.274117997458375
P0002167,highway_interchange,I00065,16.557642318995608
P0002167,data_center,I00067,24.872537294464248
P0002168,transmission_line,I00057,17.278958065830846
P0002168,substation,I00061,22.83362678269706
P0002168,fiber_node,I00063,36.27803595496434
P0002168,water_source,I00064,19.8842132635002
P0002168,highway_interchange,I00065,23.55152549955772
P0002168,data_center,I00067,22.191151039770812
P0002169,transmission_line,I00058,14.738771167174592
P0002169,substation,I00061,16.969651727020565
P0002169,fiber_node,I00063,17.967263635851797
P0002169,water_source,I00064,35.761881002584886
P0002169,highway_interchange,I00066,16.67977903560504
P0002169,data_center,I00067,17.68486994003752
P0002170,transmission_line,I00057,9.732164124598933
P0002170,substation,I00060,23.343232265813025
P0002170,fiber_node,I00063,32.08246355452716
P0002170,water_source,I00064,12.519170145998045
P0002170,highway_interchange,I00065,20.01031444225992
P0002170,data_center,I00067,23.107545120481703
P0002171,transmission_line,I00059,9.30040556941525
P0002171,substation,I00060,6.39567065632599
P0002171,fiber_node,I00063,13.561688100601291
P0002171,water_source,I00064,10.743276259289537
P0002171,highway_interchange,I00065,5.719242359752845
P0002171,data_center,I00067,18.390481016467586
P0002172,transmission_line,I00057,10.068123471472711
P0002172,substation,I00060,10.595520875738146
P0002172,fiber_node,I00063,17.601865279210937
P0002172,water_source,I00064,9.083945874816612
P0002172,highway_interchange,I00065,6.396374971478596
P0002172,data_center,I00067,16.454969645798393
P0002173,transmission_line,I00059,5.605000068672146
P0002173,substation,I00060,11.012414331025061
P0002173,fiber_node,I00063,4.977513750622721
P0002173,water_source,I00064,20.308128002446953
P0002173,highway_interchange,I00066,0.9015801849974562
P0002173,data_center,I00067,17.77494724853461
P0002174,transmission_line,I00057,4.232677565821586
P0002174,substation,I00060,13.1538051736936
P0002174,fiber_node,I00063,25.265778603923355
P0002174,water_source,I00064,2.524227455468346
P0002174,highway_interchange,I00065,17.41140048106074
P0002174,data_center,I00067,27.516607504369052
P0002175,transmission_line,I00059,3.509345223181389
P0002175,substation,I00061,10.031107569572763
P0002175,fiber_node,I00063,11.596062998917564
P0002175,water_source,I00064,22.716949436227058
P0002175,highway_interchange,I00066,7.386603675212676
P0002175,data_center,I00067,10.604978775911036
P0002176,transmission_line,I00057,15.439562639865631
P0002176,substation,I00060,3.069813164150704
P0002176,fiber_node,I00063,15.018203623724856
P0002176,water_source,I00064,12.488720761534779
P0002176,highway_interchange,I00065,14.335577511876261
P0002176,data_center,I00067,27.312760036488985
P0002177,transmission_line,I00059,14.130186710199334
P0002177,substation,I00061,19.868718703807815
P0002177,fiber_node,I00063,11.63242315450738
P0002177,water_source,I00064,32.88615979650105
P0002177,highway_interchange,I00066,11.963323056071083
P0002177,data_center,I00067,20.584846571990855
P0002178,transmission_line,I00057,12.360763445009338
P0002178,substation,I00060,27.413789417612325
P0002178,fiber_node,I00063,38.44411981255194
P0002178,water_source,I00064,15.035559605964282
P0002178,highway_interchange,I00065,27.761725899936106
P0002178,data_center,I00067,32.945616036911
P0002179,transmission_line,I00057,6.5112625426037125
P0002179,substation,I00060,20.707818236359362
P0002179,fiber_node,I00063,30.252041573250047
P0002179,water_source,I00064,9.372113083029063
P0002179,highway_interchange,I00065,18.751211748460495
P0002179,data_center,I00067,23.73631496830915
P0002180,transmission_line,I00057,16.47081475108955
P0002180,substation,I00061,19.012848833026318
P0002180,fiber_node,I00063,32.98967739364833
P0002180,water_source,I00064,18.72644736702687
P0002180,highway_interchange,I00065,20.217959459604966
P0002180,data_center,I00067,18.376813114526804
P0002181,transmission_line,I00059,9.550700881145273
P0002181,substation,I00061,3.025874881297117
P0002181,fiber_node,I00063,19.71273471423796
P0002181,water_source,I00064,22.217525268310172
P0002181,highway_interchange,I00065,9.9292699256532
P0002181,data_center,I00067,3.095879871087443
P0002182,transmission_line,I00057,7.53802534892828
P0002182,substation,I00060,12.18947647794442
P0002182,fiber_node,I00063,20.35595135953452
P0002182,water_source,I00064,7.1518225952445755
P0002182,highway_interchange,I00065,9.154299355543476
P0002182,data_center,I00067,17.85072735823491
P0002183,transmission_line,I00059,9.99822159730438
P0002183,substation,I00061,11.288741785577898
P0002183,fiber_node,I00063,19.388925852466617
P0002183,water_source,I00064,13.896945662863466
P0002183,highway_interchange,I00065,6.622165558448913
P0002183,data_center,I00067,11.105541662433529
P0002184,transmission_line,I00057,7.060889807560819
P0002184,substation,I00060,11.560283861263436
P0002184,fiber_node,I00063,24.143933790307084
P0002184,water_source,I00064,4.669187150995842
P0002184,highway_interchange,I00065,17.756357087296603
P0002184,data_center,I00067,28.807831274900412
P0002185,transmission_line,I00059,0.448086867037172
P0002185,substation,I00061,12.243539477119608
P0002185,fiber_node,I00063,10.051115583640218
P0002185,water_source,I00064,19.206263594161637
P0002185,highway_interchange,I00065,4.2375263122916955
P0002185,data_center,I00067,12.66571269022878
P0002186,transmission_line,I00059,10.03749025801849
P0002186,substation,I00060,10.70163967796311
P0002186,fiber_node,I00063,17.096059175629115
P0002186,water_source,I00064,9.872886500115095
P0002186,highway_interchange,I00065,5.636519917991109
P0002186,data_center,I00067,15.783458541598723
P0002187,transmission_line,I00059,3.2331096185030255
P0002187,substation,I00061,10.724364618578432
P0002187,fiber_node,I00063,10.899009132283307
P0002187,water_source,I00064,22.62693175639675
P0002187,highway_interchange,I00066,6.709374607484528
P0002187,data_center,I00067,11.294529729905813
P0002188,transmission_line,I00059,5.840468769477247
P0002188,substation,I00060,9.9567955568307
P0002188,fiber_node,I00063,13.038189094073612
P0002188,water_source,I00064,13.629798243087295
P0002188,highway_interchange,I00065,1.688620903581258
P0002188,data_center,I00067,14.443067982713945
P0002189,transmission_line,I00059,8.455760606075563
P0002189,substation,I00061,7.864256992478391
P0002189,fiber_node,I00063,18.636904791417276
P0002189,water_source,I00064,17.314507877004438
P0002189,highway_interchange,I00065,6.631418629144948
P0002189,data_center,I00067,7.761496872258714
P0002190,transmission_line,I00059,4.279631306877472
P0002190,substation,I00060,9.418175243502601
P0002190,fiber_node,I00063,8.464483939641031
P0002190,water_source,I00064,16.988684423640525
P0002190,highway_interchange,I00065,4.415748588117627
P0002190,data_center,I00067,16.130661931640965
P0002191,transmission_line,I00057,9.592837851831643
P0002191,substation,I00060,5.816172761143579
P0002191,fiber_node,I00063,18.118500043222564
P0002191,water_source,I00064,6.687208470037743
P0002191,highway_interchange,I00065,12.586139752437862
P0002191,data_center,I00067,24.750773403587395
P0002192,transmission_line,I00059,7.3493905101398145
P0002192,substation,I00061,13.656786156233574
P0002192,fiber_node,I00063,9.966449416024242
P0002192,water_source,I00064,26.69918627531601
P0002192,highway_interchange,I00066,7.453353877578366
P0002192,data_center,I00067,14.331574488578445
P0002193,transmission_line,I00057,13.947478383646633
P0002193,substation,I00060,20.492804788576002
P0002193,fiber_node,I00062,32.942648285153325
P0002193,water_source,I00064,13.281813468650855
P0002193,highway_interchange,I00065,27.698711892007275
P0002193,data_center,I00067,38.280126896104456
P0002194,transmission_line,I00059,0.75824163415988
P0002194,substation,I00061,12.442268143435335
P0002194,fiber_node,I00063,10.024619693061267
P0002194,water_source,I00064,18.88236419791283
P0002194,highway_interchange,I00065,3.965297578461036
P0002194,data_center,I00067,12.850728585828934
P0002195,transmission_line,I00059,20.804530542411715
P0002195,substation,I00060,18.903766371877396
P0002195,fiber_node,I00062,7.011655113500824
P0002195,water_source,I00064,31.250029405085336
P0002195,highway_interchange,I00066,15.120787167161307
P0002195,data_center,I00067,32.42363413157706
P0002196,transmission_line,I00057,11.328811014583243
P0002196,substation,I00061,16.442411875901648
P0002196,fiber_node,I00063,26.708296147179066
P0002196,water_source,I00064,12.973786944133593
P0002196,highway_interchange,I00065,14.048117796816394
P0002196,data_center,I00067,15.973968076496726
P0002197,transmission_line,I00057,18.651841938555467
P0002197,substation,I00060,14.37623865419583
P0002197,fiber_node,I00062,21.903051885459348
P0002197,water_source,I00064,16.162280947809943
P0002197,highway_interchange,I00065,25.047372197121806
P0002197,data_center,I00067,37.68218525824583
P0002198,transmission_line,I00059,29.44178616934548
P0002198,substation,I00060,33.0078265245766
P0002198,fiber_node,I00063,21.10834253180906
P0002198,water_source,I00064,44.837322390564225
P0002198,highway_interchange,I00066,24.81247140691103
P0002198,data_center,I00067,38.038421692223885
P0002199,transmission_line,I00057,8.759340846875501
P0002199,substation,I00060,23.154224009269946
P0002199,fiber_node,I00063,32.57472353360413
P0002199,water_source,I00064,11.687554569725272
P0002199,highway_interchange,I00065,20.85767133671232
P0002199,data_center,I00067,24.850672299377823
P0002200,transmission_line,I00059,9.509376946043092
P0002200,substation,I00061,8.395921896499415
P0002200,fiber_node,I00063,19.6012880181353
P0002200,water_source,I00064,16.803460368983057
P0002200,highway_interchange,I00065,7.32224150521317
P0002200,data_center,I00067,8.1998743960485
P0002201,transmission_line,I00059,8.234269488782317
P0002201,substation,I00061,5.937145510182166
P0002201,fiber_node,I00063,16.576200874963025
P0002201,water_source,I00064,25.723509161836382
P0002201,highway_interchange,I00065,11.12325741263502
P0002201,data_center,I00067,6.643207392639046
P0002202,transmission_line,I00057,8.859980595343437
P0002202,substation,I00060,24.02105547335592
P0002202,fiber_node,I00063,34.54491269287056
P0002202,water_source,I00064,11.75929290218115
P0002202,highway_interchange,I00065,23.556034279229014
P0002202,data_center,I00067,28.736077613217837
P0002203,transmission_line,I00059,8.463661112288902
P0002203,substation,I00060,9.112184044968576
P0002203,fiber_node,I00063,4.003671458861369
P0002203,water_source,I00064,19.862790671845254
P0002203,highway_interchange,I00066,3.632757703847859
P0002203,data_center,I00067,20.717370487705164
P0002204,transmission_line,I00058,10.285370455498553
P0002204,substation,I00061,9.766018134722739
P0002204,fiber_node,I00063,16.5750625329309
P0002204,water_source,I00064,29.668951233339342
P0002204,highway_interchange,I00066,13.506942496290256
P0002204,data_center,I00067,10.492330614429445
P0002205,transmission_line,I00057,8.345360672132795
P0002205,substation,I00060,7.205320048735605
P0002205,fiber_node,I00063,19.459210228612058
P0002205,water_source,I00064,5.398102160710386
P0002205,highway_interchange,I00065,13.318697274585675
P0002205,data_center,I00067,25.126789702486835
P0002206,transmission_line,I00057,7.378187093563918
P0002206,substation,I00060,18.093445664858468
P0002206,fiber_node,I00063,26.207808556585995
P0002206,water_source,I00064,9.210846152874554
P0002206,highway_interchange,I00065,14.15918820430613
P0002206,data_center,I00067,18.957327792962655
P0002207,transmission_line,I00059,7.775863518646457
P0002207,substation,I00060,6.844722304755171
P0002207,fiber_node,I00063,7.018134076792546
P0002207,water_source,I00064,16.87402548522291
P0002207,highway_interchange,I00066,5.04365032656606
P0002207,data_center,I00067,19.767712055075258
P0002208,transmission_line,I00059,11.018912384847416
P0002208,substation,I00061,8.603178211850118
P0002208,fiber_node,I00063,21.11057099061764
P0002208,water_source,I00064,16.96878156513812
P0002208,highway_interchange,I00065,8.747426336883224
P0002208,data_center,I00067,8.284540324456922
P0002209,transmission_line,I00059,10.806262241470291
P0002209,substation,I00061,3.2466452194917244
P0002209,fiber_node,I00063,21.059974509508038
P0002209,water_source,I00064,22.052247711398408
P0002209,highway_interchange,I00065,10.704240568842147
P0002209,data_center,I00067,2.960285096978956
P0002210,transmission_line,I00059,13.75937397462901
P0002210,substation,I00061,7.687256644643571
P0002210,fiber_node,I00063,24.054000120323593
P0002210,water_source,I00064,19.729633439088563
P0002210,highway_interchange,I00065,12.070334916834843
P0002210,data_center,I00067,7.1263737425679485
P0002211,transmission_line,I00059,11.733511090823312
P0002211,substation,I00060,2.792849628316691
P0002211,fiber_node,I00063,13.067692121053375
P0002211,water_source,I00064,10.947196295216491
P0002211,highway_interchange,I00065,8.929306818035077
P0002211,data_center,I00067,21.85727427086273
P0002212,transmission_line,I00057,10.555988164769362
P0002212,substation,I00060,9.370010306524962
P0002212,fiber_node,I00063,22.154053387466142
P0002212,water_source,I00064,7.807592471361165
P0002212,highway_interchange,I00065,17.841060378878552
P0002212,data_center,I00067,29.859451739485575
P0002213,transmission_line,I00059,1.5193485195505785
P0002213,substation,I00061,10.664681288735581
P0002213,fiber_node,I00063,11.839132539336523
P0002213,water_source,I00064,18.915606871639355
P0002213,highway_interchange,I00065,3.738439852416365
P0002213,data_center,I00067,11.044944897848083
P0002214,transmission_line,I00059,13.551740016210433
P0002214,substation,I00061,5.798912440609937
P0002214,fiber_node,I00063,23.896410698242093
P0002214,water_source,I00064,21.519598673596974
P0002214,highway_interchange,I00065,12.530076059275777
P0002214,data_center,I00067,5.185197729028289
P0002215,transmission_line,I00057,10.197426809948919
P0002215,substation,I00060,6.377285592490416
P0002215,fiber_node,I00063,19.087860938540476
P0002215,water_source,I00064,7.220209924444295
P0002215,highway_interchange,I00065,14.436288546039727
P0002215,data_center,I00067,26.677685201139937
P0002216,transmission_line,I00059,8.188331488220122
P0002216,substation,I00061,3.737683407316257
P0002216,fiber_node,I00063,17.853114302004652
P0002216,water_source,I00064,23.491830827379214
P0002216,highway_interchange,I00065,9.793979424608763
P0002216,data_center,I00067,4.290302186348058
P0002217,transmission_line,I00057,6.558384287518397
P0002217,substation,I00060,21.022191112811488
P0002217,fiber_node,I00063,30.73810248115967
P0002217,water_source,I00064,9.47771627554723
P0002217,highway_interchange,I00065,19.326318265920232
P0002217,data_center,I00067,24.39036688504773
P0002218,transmission_line,I00058,17.806494244056303
P0002218,substation,I00061,26.099808421300896
P0002218,fiber_node,I00063,36.165101913423754
P0002218,water_source,I00064,50.40621409314914
P0002218,highway_interchange,I00066,34.2602093518736
P0002218,data_center,I00067,26.521017203271626
P0002219,transmission_line,I00057,7.272976276169477
P0002219,substation,I00060,12.298069717734199
P0002219,fiber_node,I00063,24.923580190823813
P0002219,water_source,I00064,5.127069299267073
P0002219,highway_interchange,I00065,18.572588727499795
P0002219,data_center,I00067,29.54267855857959
P0002220,transmission_line,I00059,4.925429402807547
P0002220,substation,I00061,7.445865080849678
P0002220,fiber_node,I00063,15.257209772152747
P0002220,water_source,I00064,19.51182632359673
P0002220,highway_interchange,I00065,5.46205861686137
P0002220,data_center,I00067,7.737173615310317
P0002221,transmission_line,I00059,4.102441686667056
P0002221,substation,I00060,9.66868840864456
P0002221,fiber_node,I00063,10.218179422573357
P0002221,water_source,I00064,15.851513494980866
P0002221,highway_interchange,I00065,2.7164411234968933
P0002221,data_center,I00067,15.076934997532371
P0002222,transmission_line,I00057,10.24687764763576
P0002222,substation,I00060,5.327201752355972
P0002222,fiber_node,I00063,16.1507803979977
P0002222,water_source,I00064,7.735563002416186
P0002222,highway_interchange,I00065,9.547276065036446
P0002222,data_center,I00067,21.81261518784866
P0002223,transmission_line,I00057,12.543167614045501
P0002223,substation,I00061,16.658497731056123
P0002223,fiber_node,I00063,28.100917714620337
P0002223,water_source,I00064,14.366827331309317
P0002223,highway_interchange,I00065,15.379544533945076
P0002223,data_center,I00067,16.137586584418006
P0002224,transmission_line,I00057,16.67368037880975
P0002224,substation,I00061,14.071174875549438
P0002224,fiber_node,I00063,28.88779869493221
P0002224,water_source,I00064,18.291001972133405
P0002224,highway_interchange,I00065,16.187636367387036
P0002224,data_center,I00067,13.451056460546564
P0002225,transmission_line,I00059,0.9049295851201867
P0002225,substation,I00061,11.61769142238983
P0002225,fiber_node,I00063,10.212835210813056
P0002225,water_source,I00064,20.37078354452342
P0002225,highway_interchange,I00065,5.287071335155926
P0002225,data_center,I00067,12.090478687323117
P0002226,transmission_line,I00059,5.5936651227551275
P0002226,substation,I00060,10.974183134691975
P0002226,fiber_node,I00063,5.005717906189417
P0002226,water_source,I00064,20.26387685948314
P0002226,highway_interchange,I00066,0.9445398419483838
P0002226,data_center,I00067,17.7698246324004
P0002227,transmission_line,I00059,8.815815588425936
P0002227,substation,I00061,8.111298806609533
P0002227,fiber_node,I00063,15.753214364735689
P0002227,water_source,I00064,27.325631699758823
P0002227,highway_interchange,I00066,12.195006068218953
P0002227,data_center,I00067,8.834520971402862
P0002228,transmission_line,I00057,12.88767618146886
P0002228,substation,I00061,13.280682909875834
P0002228,fiber_node,I00063,24.011264835752012
P0002228,water_source,I00064,13.871738478049652
P0002228,highway_interchange,I00065,11.24127793524359
P0002228,data_center,I00067,12.863191752816332
P0002229,transmission_line,I00059,11.21185294389164
P0002229,substation,I00060,10.975998238819681
P0002229,fiber_node,I00063,2.3114182140781327
P0002229,water_source,I00064,22.558396453463182
P0002229,highway_interchange,I00066,5.66663866195862
P0002229,data_center,I00067,23.336428968981213
P0002230,transmission_line,I00058,16.363586943478772
P0002230,substation,I00061,21.449652205992823
P0002230,fiber_node,I00063,24.62705603830671
P0002230,water_source,I00064,42.38120015864214
P0002230,highway_interchange,I00066,23.58414146055463
P0002230,data_center,I00067,22.101382157471022
P0002231,transmission_line,I00059,6.919757592812782
P0002231,substation,I00060,7.404643699880771
P0002231,fiber_node,I00063,11.595525234314318
P0002231,water_source,I00064,13.18969066311415
P0002231,highway_interchange,I00065,3.9507726021676595
P0002231,data_center,I00067,16.95447745928557
P0002232,transmission_line,I00057,9.930856353178937
P0002232,substation,I00060,7.7050004305382265
P0002232,fiber_node,I00063,16.38570545388382
P0002232,water_source,I00064,8.101278048888021
P0002232,highway_interchange,I00065,7.342581528098925
P0002232,data_center,I00067,18.974564245447674
P0002233,transmission_line,I00058,10.313269666810895
P0002233,substation,I00061,13.583012775730424
P0002233,fiber_node,I00063,20.02238025546091
P0002233,water_source,I00064,34.86871146025723
P0002233,highway_interchange,I00066,17.744305120423004
P0002233,data_center,I00067,14.26116861699144
P0002234,transmission_line,I00059,4.783412929009981
P0002234,substation,I00060,11.661448944798458
P0002234,fiber_node,I00063,13.355522639855463
P0002234,water_source,I00064,14.96781838672842
P0002234,highway_interchange,I00065,0.583784494756279
P0002234,data_center,I00067,12.703296200789232
P0002235,transmission_line,I00058,18.52684044828219
P0002235,substation,I00061,14.09217285801477
P0002235,fiber_node,I00063,33.6360042302718
P0002235,water_source,I00064,26.45072687154221
P0002235,highway_interchange,I00065,21.730042982055
P0002235,data_center,I00067,13.365004935086498
P0002236,transmission_line,I00057,6.408696539730595
P0002236,substation,I00060,9.258253132313872
P0002236,fiber_node,I00063,19.763674030641607
P0002236,water_source,I00064,4.356844333661842
P0002236,highway_interchange,I00065,10.93268221846671
P0002236,data_center,I00067,21.624714101968507
P0002237,transmission_line,I00058,12.686384304355816
P0002237,substation,I00061,14.601136990518151
P0002237,fiber_node,I00063,36.14134066137467
P0002237,water_source,I00064,35.65001505273645
P0002237,highway_interchange,I00065,26.68917329397003
P0002237,data_center,I00067,14.13401431141989
P0002238,transmission_line,I00059,8.954186800601718
P0002238,substation,I00060,12.267214854327399
P0002238,fiber_node,I00063,17.112014018023356
P0002238,water_source,I00064,11.733448764577867
P0002238,highway_interchange,I00065,4.708112471408942
P0002238,data_center,I00067,13.705693914892036
P0002239,transmission_line,I00059,8.073925629946535
P0002239,substation,I00061,4.015794125524586
P0002239,fiber_node,I00063,17.59119923507298
P0002239,water_source,I00064,23.788681982265953
P0002239,highway_interchange,I00065,9.903751011128426
P0002239,data_center,I00067,4.61089097224574
P0002240,transmission_line,I00057,9.429112196243375
P0002240,substation,I00060,8.588358613675952
P0002240,fiber_node,I00063,21.338220876755248
P0002240,water_source,I00064,6.556654395651898
P0002240,highway_interchange,I00065,16.364811537374745
P0002240,data_center,I00067,28.2750588428243
P0002241,transmission_line,I00057,10.149554760558715
P0002241,substation,I00061,19.061144240225495
P0002241,fiber_node,I00063,28.543845914845768
P0002241,water_source,I00064,12.279058608678762
P0002241,highway_interchange,I00065,16.080190427642933
P0002241,data_center,I00067,18.58311686928879
P0002242,transmission_line,I00057,10.991521062509815
P0002242,substation,I00061,14.189502536927975
P0002242,fiber_node,I00063,21.4250702865852
P0002242,water_source,I00064,11.393146032517386
P0002242,highway_interchange,I00065,8.827115343236146
P0002242,data_center,I00067,13.921167168554883
P0002243,transmission_line,I00059,9.010373157677071
P0002243,substation,I00061,8.848457233314914
P0002243,fiber_node,I00063,19.01559140093612
P0002243,water_source,I00064,16.315843980169262
P0002243,highway_interchange,I00065,6.641144044324792
P0002243,data_center,I00067,8.697306412129393
P0002244,transmission_line,I00057,8.2681444940274
P0002244,substation,I00060,7.256820607851935
P0002244,fiber_node,I00063,19.486004854697548
P0002244,water_source,I00064,5.3238633411648895
P0002244,highway_interchange,I00065,13.283955027035187
P0002244,data_center,I00067,25.069435943781002
P0002245,transmission_line,I00059,6.981928054061529
P0002245,substation,I00060,8.555350066136626
P0002245,fiber_node,I00063,12.98921902713563
P0002245,water_source,I00064,12.561305855968708
P0002245,highway_interchange,I00065,3.145229307803856
P0002245,data_center,I00067,15.90863072334889
P0002246,transmission_line,I00059,7.397031488938756
P0002246,substation,I00060,14.935220244045835
P0002246,fiber_node,I00063,4.502298073507037
P0002246,water_source,I00064,24.42043226280374
P0002246,highway_interchange,I00066,3.262292297350929
P0002246,data_center,I00067,18.190233588069525
P0002247,transmission_line,I00057,7.7877077317650985
P0002247,substation,I00060,9.384191190065044
P0002247,fiber_node,I00063,18.626216982177038
P0002247,water_source,I00064,6.264203215623602
P0002247,highway_interchange,I00065,8.92115669497765
P0002247,data_center,I00067,19.500107147166688
P0002248,transmission_line,I00059,10.01109208927399
P0002248,substation,I00060,10.514437036557222
P0002248,fiber_node,I00063,16.970881954955097
P0002248,water_source,I00064,9.824129845853895
P0002248,highway_interchange,I00065,5.6109485034966555
P0002248,data_center,I00067,15.91006993575425
P0002249,transmission_line,I00057,14.012673526602168
P0002249,substation,I00061,15.449683106891596
P0002249,fiber_node,I00063,28.105383217244345
P0002249,water_source,I00064,15.714736214135122
P0002249,highway_interchange,I00065,15.333450265097383
P0002249,data_center,I00067,14.897406834755524
P0002250,transmission_line,I00059,3.8803388743873026
P0002250,substation,I00061,8.342184749374821
P0002250,fiber_node,I00063,13.259596684267027
P0002250,water_source,I00064,21.973293552317173
P0002250,highway_interchange,I00065,6.95890653123171
P0002250,data_center,I00067,8.869511953387823
P0002251,transmission_line,I00059,27.55674923185655
P0002251,substation,I00060,29.928824844244485
P0002251,fiber_node,I00062,18.27546160613798
P0002251,water_source,I00064,41.95414928939102
P0002251,highway_interchange,I00066,22.56908995312004
P0002251,data_center,I00067,37.01466256924072
P0002252,transmission_line,I00059,1.4788600636870128
P0002252,substation,I00060,12.1885427229615
P0002252,fiber_node,I00063,10.173319213059687
P0002252,water_source,I00064,18.111348347759815
P0002252,highway_interchange,I00065,3.292307684989271
P0002252,data_center,I00067,13.147613038024613
P0002253,transmission_line,I00057,10.909484730080278
P0002253,substation,I00060,12.939177028280575
P0002253,fiber_node,I00063,25.715053492157285
P0002253,water_source,I00064,8.772268327940361
P0002253,highway_interchange,I00065,21.043415187789243
P0002253,data_center,I00067,32.631954903771124
P0002254,transmission_line,I00059,20.300770586224317
P0002254,substation,I00061,26.859399398351087
P0002254,fiber_node,I00063,14.55222477220138
P0002254,water_source,I00064,37.92094898372393
P0002254,highway_interchange,I00066,16.79142743370393
P0002254,data_center,I00067,27.57646020205768
P0002255,transmission_line,I00059,15.226598357828218
P0002255,substation,I00060,6.474198464673659
P0002255,fiber_node,I00063,9.462677873045125
P0002255,water_source,I00064,18.80559203001743
P0002255,highway_interchange,I00066,11.087924448942916
P0002255,data_center,I00067,27.27718153657909
P0002256,transmission_line,I00058,1.3124644711957862
P0002256,substation,I00061,9.538883513830525
P0002256,fiber_node,I00063,26.08344905685015
P0002256,water_source,I00064,34.55669428347704
P0002256,highway_interchange,I00065,21.00886564242323
P0002256,data_center,I00067,9.873981894500304
P0002257,transmission_line,I00059,7.256696357270014
P0002257,substation,I00061,12.331303190191742
P0002257,fiber_node,I00063,16.006564384465143
P0002257,water_source,I00064,13.497697677084158
P0002257,highway_interchange,I00065,3.2696810554007243
P0002257,data_center,I00067,12.352080765829768
P0002258,transmission_line,I00058,11.209328071172347
P0002258,substation,I00061,7.301626436180723
P0002258,fiber_node,I00063,28.494191943337217
P0002258,water_source,I00064,27.07347212932402
P0002258,highway_interchange,I00065,18.06383351392437
P0002258,data_center,I00067,6.626763204835442
P0002259,transmission_line,I00059,2.5665395592885383
P0002259,substation,I00061,9.267979420946391
P0002259,fiber_node,I00063,12.759336326715378
P0002259,water_source,I00064,20.079788350542344
P0002259,highway_interchange,I00065,5.031326388432314
P0002259,data_center,I00067,9.690628542887168
P0002260,transmission_line,I00059,14.247098189598535
P0002260,substation,I00060,12.20223368219025
P0002260,fiber_node,I00063,4.534370829392855
P0002260,water_source,I00064,24.33350581876369
P0002260,highway_interchange,I00066,8.664249546391822
P0002260,data_center,I00067,26.342844320747083
P0002261,transmission_line,I00059,13.25551238509804
P0002261,substation,I00060,13.522672986320147
P0002261,fiber_node,I00063,2.95023272548578
P0002261,water_source,I00064,25.310953979090296
P0002261,highway_interchange,I00066,7.566634275330354
P0002261,data_center,I00067,25.077428090107468
P0002262,transmission_line,I00059,10.972660747824003
P0002262,substation,I00061,13.744074346549242
P0002262,fiber_node,I00063,19.5016375049546
P0002262,water_source,I00064,11.431414532926492
P0002262,highway_interchange,I00065,6.942001594928578
P0002262,data_center,I00067,13.569981167748061
P0002263,transmission_line,I00059,8.038513372193528
P0002263,substation,I00061,5.037591869001844
P0002263,fiber_node,I00063,18.352872065291795
P0002263,water_source,I00064,20.372659716856184
P0002263,highway_interchange,I00065,7.952585460139356
P0002263,data_center,I00067,5.12048639355434
P0002264,transmission_line,I00058,11.837490768946223
P0002264,substation,I00061,4.7870065153133465
P0002264,fiber_node,I00063,24.80472915898945
P0002264,water_source,I00064,23.692026223767407
P0002264,highway_interchange,I00065,14.073114052095159
P0002264,data_center,I00067,4.070504021041855
P0002265,transmission_line,I00059,6.297365350328601
P0002265,substation,I00061,15.553452046291294
P0002265,fiber_node,I00063,6.725154451155573
P0002265,water_source,I00064,24.671346804913117
P0002265,highway_interchange,I00066,4.252995079481272
P0002265,data_center,I00067,16.164986038830452
P0002266,transmission_line,I00057,7.455692491170622
P0002266,substation,I00060,10.46966761163804
P0002266,fiber_node,I00063,23.06540487285453
P0002266,water_source,I00064,4.783484882258682
P0002266,highway_interchange,I00065,16.927066318331438
P0002266,data_center,I00067,28.225169172527718
P0002267,transmission_line,I00059,4.907710393321853
P0002267,substation,I00061,8.823176088273271
P0002267,fiber_node,I00063,15.127835320326987
P0002267,water_source,I00064,17.722437162860977
P0002267,highway_interchange,I00065,3.9927822673662074
P0002267,data_center,I00067,9.013972902388888
P0002268,transmission_line,I00057,3.519203210288805
P0002268,substation,I00060,14.039773589247144
P0002268,fiber_node,I00063,23.860448741079516
P0002268,water_source,I00064,4.331035647453326
P0002268,highway_interchange,I00065,13.275532492522707
P0002268,data_center,I00067,21.402429313591607
P0002269,transmission_line,I00059,4.352926440868624
P0002269,substation,I00060,10.576347073055484
P0002269,fiber_node,I00063,12.016990969239817
P0002269,water_source,I00064,15.113096395221051
P0002269,highway_interchange,I00065,0.9160144660712781
P0002269,data_center,I00067,13.817623196575434
P0002270,transmission_line,I00059,2.4362360924541875
P0002270,substation,I00061,9.638653883001602
P0002270,fiber_node,I00063,12.77936696732838
P0002270,water_source,I00064,19.23541884218271
P0002270,highway_interchange,I00065,4.204364860358236
P0002270,data_center,I00067,10.01266577056238
P0002271,transmission_line,I00057,4.756964234216567
P0002271,substation,I00060,15.563060691918464
P0002271,fiber_node,I00063,24.70074630951106
P0002271,water_source,I00064,6.1978591119220345
P0002271,highway_interchange,I00065,13.431682542395157
P0002271,data_center,I00067,20.365619348483435
P0002272,transmission_line,I00059,4.357981498287598
P0002272,substation,I00060,11.853061046658965
P0002272,fiber_node,I00063,6.01875082427581
P0002272,water_source,I00064,20.44325972575902
P0002272,highway_interchange,I00066,1.3544003063628605
P0002272,data_center,I00067,16.449549513917045
P0002273,transmission_line,I00059,4.569563772378292
P0002273,substation,I00060,11.336697126382342
P0002273,fiber_node,I00063,12.919767157306485
P0002273,water_source,I00064,15.034771167228868
P0002273,highway_interchange,I00065,0.17420447915443438
P0002273,data_center,I00067,13.021199837762687
P0002274,transmission_line,I00059,12.566023416903578
P0002274,substation,I00061,4.92208337255968
P0002274,fiber_node,I00063,22.902133423715313
P0002274,water_source,I00064,21.5263879503075
P0002274,highway_interchange,I00065,11.773528064794865
P0002274,data_center,I00067,4.370126512081151
P0002275,transmission_line,I00057,14.315497721473404
P0002275,substation,I00060,12.776538499371604
P0002275,fiber_node,I00062,23.712118549965357
P0002275,water_source,I00064,11.926860847117746
P0002275,highway_interchange,I00065,22.381357559856166
P0002275,data_center,I00067,34.58792946647141
P0002276,transmission_line,I00059,10.2085922374294
P0002276,substation,I00061,5.415426695799966
P0002276,fiber_node,I00063,20.553814180858566
P0002276,water_source,I00064,19.874392814337586
P0002276,highway_interchange,I00065,9.2803895926729
P0002276,data_center,I00067,5.153811469625333
P0002277,transmission_line,I00057,6.412761156452377
P0002277,substation,I00060,12.43203867071525
P0002277,fiber_node,I00063,21.18400597481142
P0002277,water_source,I00064,6.152822791110134
P0002277,highway_interchange,I00065,10.232645981749743
P0002277,data_center,I00067,18.863574695801436
P0002278,transmission_line,I00059,9.99063653092916
P0002278,substation,I00061,12.00133056270429
P0002278,fiber_node,I00063,19.124989539784302
P0002278,water_source,I00064,13.166042855568692
P0002278,highway_interchange,I00065,6.35947127211758
P0002278,data_center,I00067,11.836942970410595
P0002279,transmission_line,I00057,4.839192212505399
P0002279,substation,I00060,19.21442307410571
P0002279,fiber_node,I00063,29.099258690102015
P0002279,water_source,I00064,7.707874546973218
P0002279,highway_interchange,I00065,17.938482686268205
P0002279,data_center,I00067,23.845966711487225
P0002280,transmission_line,I00059,12.569316852305835
P0002280,substation,I00061,5.297300181911822
P0002280,fiber_node,I00063,22.91307154329318
P0002280,water_source,I00064,21.169557458415785
P0002280,highway_interchange,I00065,11.637107384862649
P0002280,data_center,I00067,4.756833875560179
P0002281,transmission_line,I00057,14.519520065102647
P0002281,substation,I00061,22.7820204166643
P0002281,fiber_node,I00063,34.59500845918789
P0002281,water_source,I00064,17.173628545366704
P0002281,highway_interchange,I00065,21.997527410712852
P0002281,data_center,I00067,22.18713777613676
P0002282,transmission_line,I00057,14.247986347644774
P0002282,substation,I00060,1.139074929145305
P0002282,fiber_node,I00063,13.91961575154773
P0002282,water_source,I00064,11.41065340809388
P0002282,highway_interchange,I00065,11.78999628052083
P0002282,data_center,I00067,24.74749602275358
P0002283,transmission_line,I00057,8.077527176619954
P0002283,substation,I00060,10.550651388576238
P0002283,fiber_node,I00063,18.960023714516243
P0002283,water_source,I00064,7.057515545932108
P0002283,highway_interchange,I00065,8.36715530518706
P0002283,data_center,I00067,18.244759583191186
P0002284,transmission_line,I00059,11.31607479289411
P0002284,substation,I00060,3.3605998192266417
P0002284,fiber_node,I00063,13.0952469741337
P0002284,water_source,I00064,10.81906272583553
P0002284,highway_interchange,I00065,8.404412268599
P0002284,data_center,I00067,21.309396646809763
P0002285,transmission_line,I00059,4.348734313381883
P0002285,substation,I00061,11.88573681793779
P0002285,fiber_node,I00063,13.380526525531394
P0002285,water_source,I00064,15.600891226739666
P0002285,highway_interchange,I00065,0.9432501789687862
P0002285,data_center,I00067,12.078859323803075
P0002286,transmission_line,I00058,21.705322552360048
P0002286,substation,I00061,17.997114202733325
P0002286,fiber_node,I00063,37.56657668858511
P0002286,water_source,I00064,28.89737799560377
P0002286,highway_interchange,I00065,25.507883655535483
P0002286,data_center,I00067,17.27301948915527
P0002287,transmission_line,I00057,12.583358287692276
P0002287,substation,I00061,13.18034100148337
P0002287,fiber_node,I00063,23.226802847231035
P0002287,water_source,I00064,13.410132805157907
P0002287,highway_interchange,I00065,10.46338714524464
P0002287,data_center,I00067,12.801310433868787
P0002288,transmission_line,I00057,10.935969655897823
P0002288,substation,I00060,4.418459331630093
P0002288,fiber_node,I00063,15.722969694385698
P0002288,water_source,I00064,8.303699021436609
P0002288,highway_interchange,I00065,9.99396791460128
P0002288,data_center,I00067,22.476154940020784
P0002289,transmission_line,I00057,3.4474300240988685
P0002289,substation,I00060,17.349989911218604
P0002289,fiber_node,I00063,27.2952208777889
P0002289,water_source,I00064,6.08885012428544
P0002289,highway_interchange,I00065,16.354867722014077
P0002289,data_center,I00067,23.060117097860104
P0002290,transmission_line,I00059,11.157695700897074
P0002290,substation,I00061,14.115907361954422
P0002290,fiber_node,I00063,13.533961097504871
P0002290,water_source,I00064,30.623678862687555
P0002290,highway_interchange,I00066,11.631772330370861
P0002290,data_center,I00067,14.841279582407852
P0002291,transmission_line,I00059,9.049611834252293
P0002291,substation,I00061,3.7810777895946757
P0002291,fiber_node,I00063,19.287573007529893
P0002291,water_source,I00064,21.486396815618566
P0002291,highway_interchange,I00065,9.226641953826316
P0002291,data_center,I00067,3.834541257221593
P0002292,transmission_line,I00059,5.14853977301481
P0002292,substation,I00060,13.352299593760756
P0002292,fiber_node,I00063,5.471330519559748
P0002292,water_source,I00064,22.17012472442563
P0002292,highway_interchange,I00066,1.5800913026874797
P0002292,data_center,I00067,16.65752077106105
P0002293,transmission_line,I00059,2.587364245569222
P0002293,substation,I00061,9.242789543703198
P0002293,fiber_node,I00063,12.665038296846628
P0002293,water_source,I00064,20.387807595925057
P0002293,highway_interchange,I00065,5.315816482380231
P0002293,data_center,I00067,9.685357456533387
P0002294,transmission_line,I00059,8.325781916639436
P0002294,substation,I00061,9.037149906930068
P0002294,fiber_node,I00063,18.29210217541935
P0002294,water_source,I00064,16.159605835004573
P0002294,highway_interchange,I00065,5.917840797074057
P0002294,data_center,I00067,8.942437230528249
P0002295,transmission_line,I00059,9.753300884742268
P0002295,substation,I00061,2.8930813235671153
P0002295,fiber_node,I00063,19.91365508006483
P0002295,water_source,I00064,22.314488206754344
P0002295,highway_interchange,I00065,10.110713863308769
P0002295,data_center,I00067,2.930063577507325
P0002296,transmission_line,I00057,15.392297005152251
P0002296,substation,I00060,4.703797257065261
P0002296,fiber_node,I00063,16.5638981955665
P0002296,water_source,I00064,12.415297321017434
P0002296,highway_interchange,I00065,15.835125053993853
P0002296,data_center,I00067,28.769917794699005
P0002297,transmission_line,I00057,11.640229011888147
P0002297,substation,I00061,13.522512272208909
P0002297,fiber_node,I00063,21.038685880453563
P0002297,water_source,I00064,11.956779638156238
P0002297,highway_interchange,I00065,8.365364348168859
P0002297,data_center,I00067,13.264655533054269
P0002298,transmission_line,I00059,7.246338984950999
P0002298,substation,I00061,7.3640672726760625
P0002298,fiber_node,I00063,15.112515701072354
P0002298,water_source,I00064,25.489518496577407
P0002298,highway_interchange,I00065,10.578424286141534
P0002298,data_center,I00067,8.05399241945198
P0002299,transmission_line,I00057,12.984778946441581
P0002299,substation,I00060,23.20593327375776
P0002299,fiber_node,I00063,35.872743190679394
P0002299,water_source,I00064,13.445494384963682
P0002299,highway_interchange,I00065,28.605808848360905
P0002299,data_center,I00067,37.88806817481693
P0002300,transmission_line,I00057,2.962434405409425
P0002300,substation,I00060,13.475925253719343
P0002300,fiber_node,I00063,25.271852321724985
P0002300,water_source,I00064,1.6407501606617887
P0002300,highway_interchange,I00065,16.823151317403
P0002300,data_center,I00067,26.531404881530882
P0002301,transmission_line,I00059,5.844354700095621
P0002301,substation,I00061,8.842912059817325
P0002301,fiber_node,I00063,13.325575636679487
P0002301,water_source,I00064,24.721334083945766
P0002301,highway_interchange,I00066,9.4375817977283
P0002301,data_center,I00067,9.498981340086331
P0002302,transmission_line,I00059,8.80808775180453
P0002302,substation,I00061,17.19501850321504
P0002302,fiber_node,I00063,6.9476104121933115
P0002302,water_source,I00064,27.0617521541335
P0002302,highway_interchange,I00066,6.141427275552582
P0002302,data_center,I00067,17.847852599800333
P0002303,transmission_line,I00057,15.42185723121441
P0002303,substation,I00060,20.108848551768762
P0002303,fiber_node,I00062,31.58694085223398
P0002303,water_source,I00064,14.361123824223062
P0002303,highway_interchange,I00065,28.1462116751162
P0002303,data_center,I00067,39.219579141187396
P0002304,transmission_line,I00059,6.346412859404305
P0002304,substation,I00060,10.297806217822433
P0002304,fiber_node,I00063,13.79933411558385
P0002304,water_source,I00064,13.193366951793088
P0002304,highway_interchange,I00065,1.9918075957400116
P0002304,data_center,I00067,14.228501221832792
P0002305,transmission_line,I00059,9.386429004966118
P0002305,substation,I00061,6.730717084921417
P0002305,fiber_node,I00063,19.680946630428497
P0002305,water_source,I00064,18.45420538753739
P0002305,highway_interchange,I00065,7.975273679365921
P0002305,data_center,I00067,6.5472949389624375
P0002306,transmission_line,I00059,5.7432907420663994
P0002306,substation,I00061,9.94918968046552
P0002306,fiber_node,I00063,15.562917522839342
P0002306,water_source,I00064,16.13516236973906
P0002306,highway_interchange,I00065,3.3464876665689465
P0002306,data_center,I00067,10.049521330131055
P0002307,transmission_line,I00059,7.294949686874277
P0002307,substation,I00060,7.024025530521754
P0002307,fiber_node,I00063,11.657127162303818
P0002307,water_source,I00064,12.941137202221407
P0002307,highway_interchange,I00065,4.334533845433949
P0002307,data_center,I00067,17.333775787530282
P0002308,transmission_line,I00057,4.049415527837021
P0002308,substation,I00060,12.94090413765567
P0002308,fiber_node,I00063,22.799504039072517
P0002308,water_source,I00064,4.042205103537744
P0002308,highway_interchange,I00065,12.447988829454523
P0002308,data_center,I00067,21.149055404254284
P0002309,transmission_line,I00059,10.040994621451071
P0002309,substation,I00061,5.484087019172482
P0002309,fiber_node,I00063,20.385719458070056
P0002309,water_source,I00064,19.771010272593045
P0002309,highway_interchange,I00065,9.104590331206118
P0002309,data_center,I00067,5.242822155326572
P0002310,transmission_line,I00057,8.319786697417191
P0002310,substation,I00060,11.774976035279128
P0002310,fiber_node,I00063,19.578154411635715
P0002310,water_source,I00064,7.756333760613088
P0002310,highway_interchange,I00065,8.311546179921173
P0002310,data_center,I00067,17.296784189150443
P0002311,transmission_line,I00057,11.727478189105485
P0002311,substation,I00061,14.959239479330543
P0002311,fiber_node,I00063,25.129486534043462
P0002311,water_source,I00064,13.006988953059091
P0002311,highway_interchange,I00065,12.41644311689294
P0002311,data_center,I00067,14.52540022011531
P0002312,transmission_line,I00059,6.497716239355903
P0002312,substation,I00060,7.393441724517656
P0002312,fiber_node,I00063,7.960049481990751
P0002312,water_source,I00064,16.257476027427806
P0002312,highway_interchange,I00066,5.009562894296277
P0002312,data_center,I00067,18.29485020020122
P0002313,transmission_line,I00059,6.9513080945176675
P0002313,substation,I00060,11.532890085785729
P0002313,fiber_node,I00063,3.4699358783542333
P0002313,water_source,I00064,21.465244995574672
P0002313,highway_interchange,I00066,1.2930881409569488
P0002313,data_center,I00067,18.971673965593688
P0002314,transmission_line,I00057,5.1777877578706555
P0002314,substation,I00060,15.828879021183376
P0002314,fiber_node,I00063,24.77605636334326
P0002314,water_source,I00064,6.646334175513438
P0002314,highway_interchange,I00065,13.361594641338101
P0002314,data_center,I00067,20.028961232564672
P0002315,transmission_line,I00059,22.832052174314324
P0002315,substation,I00060,13.403378470219138
P0002315,fiber_node,I00062,5.2467429744966
P0002315,water_source,I00064,24.76016576058728
P0002315,highway_interchange,I00066,18.038668109886714
P0002315,data_center,I00067,35.024405059120774
P0002316,transmission_line,I00059,7.839427112232483
P0002316,substation,I00061,5.910335955696844
P0002316,fiber_node,I00063,16.343069759389536
P0002316,water_source,I00064,25.277341314591837
P0002316,highway_interchange,I00065,10.678427836359411
P0002316,data_center,I00067,6.60186423752226
P0002317,transmission_line,I00059,3.274058190178225
P0002317,substation,I00060,10.328274697953661
P0002317,fiber_node,I00063,9.419125593184289
P0002317,water_source,I00064,16.9800895695684
P0002317,highway_interchange,I00065,3.3540473845046077
P0002317,data_center,I00067,14.881478120499189
P0002318,transmission_line,I00057,18.883021048922643
P0002318,substation,I00060,25.21858305957803
P0002318,fiber_node,I00062,36.412195683112536
P0002318,water_source,I00064,18.422498496539657
P0002318,highway_interchange,I00065,32.85784605001256
P0002318,data_center,I00067,43.422186370417265
P0002319,transmission_line,I00058,9.45353547835268
P0002319,substation,I00061,0.9256928716924017
P0002319,fiber_node,I00063,21.968684843498824
P0002319,water_source,I00064,24.607503704786943
P0002319,highway_interchange,I00065,12.68459600222463
P0002319,data_center,I00067,0.3951982053049505
P0002320,transmission_line,I00059,9.01772957898024
P0002320,substation,I00060,10.726636720374893
P0002320,fiber_node,I00063,16.325984517774508
P0002320,water_source,I00064,10.85741404199253
P0002320,highway_interchange,I00065,4.617945354278511
P0002320,data_center,I00067,15.063560441950823
P0002321,transmission_line,I00059,4.142936448649262
P0002321,substation,I00061,11.920349584770564
P0002321,fiber_node,I00063,13.172779576582451
P0002321,water_source,I00064,15.741086974625476
P0002321,highway_interchange,I00065,0.8812887825704755
P0002321,data_center,I00067,12.12605996975404
P0002322,transmission_line,I00059,16.77473062695339
P0002322,substation,I00060,3.7056975025828485
P0002322,fiber_node,I00063,13.86433394323218
P0002322,water_source,I00064,14.489275201015568
P0002322,highway_interchange,I00066,14.127906258016164
P0002322,data_center,I00067,27.933801257837
P0002323,transmission_line,I00057,13.11610249772185
P0002323,substation,I00060,2.8799919313632674
P0002323,fiber_node,I00063,15.667330167364657
P0002323,water_source,I00064,10.19861249764219
P0002323,highway_interchange,I00065,12.866748242877218
P0002323,data_center,I00067,25.690691444002834
P0002324,transmission_line,I00059,6.255560208178362
P0002324,substation,I00061,10.259467546516436
P0002324,fiber_node,I00063,15.93102978269703
P0002324,water_source,I00064,15.610654789706498
P0002324,highway_interchange,I00065,3.46979465033877
P0002324,data_center,I00067,10.322130993298474
P0002325,transmission_line,I00057,6.373027150023768
P0002325,substation,I00060,9.666424922883627
P0002325,fiber_node,I00063,19.825022940767024
P0002325,water_source,I00064,4.605513528339256
P0002325,highway_interchange,I00065,10.586361565630796
P0002325,data_center,I00067,21.040740407904828
P0002326,transmission_line,I00059,8.935624195781786
P0002326,substation,I00061,13.640324290456054
P0002326,fiber_node,I00063,11.49652337790757
P0002326,water_source,I00064,28.37607210514119
P0002326,highway_interchange,I00066,9.277397196520427
P0002326,data_center,I00067,14.345330278966284
P0002327,transmission_line,I00057,7.207446151743369
P0002327,substation,I00060,17.803639377103256
P0002327,fiber_node,I00063,25.953487399123393
P0002327,water_source,I00064,8.97983579708714
P0002327,highway_interchange,I00065,13.942347390480183
P0002327,data_center,I00067,18.931859405321475
P0002328,transmission_line,I00058,19.941909222621856
P0002328,substation,I00061,22.78473179216323
P0002328,fiber_node,I00063,20.151660029141556
P0002328,water_source,I00064,40.404340891020624
P0002328,highway_interchange,I00066,20.120314264926503
P0002328,data_center,I00067,23.499834723641154
P0002329,transmission_line,I00059,6.420189534443785
P0002329,substation,I00060,9.69738061482876
P0002329,fiber_node,I00063,5.009187172298602
P0002329,water_source,I00064,19.406214408979302
P0002329,highway_interchange,I00066,2.192852910515122
P0002329,data_center,I00067,18.674817526828022
P0002330,transmission_line,I00059,9.99254241223267
P0002330,substation,I00060,4.906712207979431
P0002330,fiber_node,I00063,12.97193577384305
P0002330,water_source,I00064,10.953974968949387
P0002330,highway_interchange,I00065,6.84032720532201
P0002330,data_center,I00067,19.70351204243717
P0002331,transmission_line,I00057,7.229739660650736
P0002331,substation,I00060,21.49573107592401
P0002331,fiber_node,I00063,33.17501875470662
P0002331,water_source,I00064,9.319031624443197
P0002331,highway_interchange,I00065,23.6377398483539
P0002331,data_center,I00067,31.097632203376477
P0002332,transmission_line,I00057,17.370072204840326
P0002332,substation,I00061,12.450771108293807
P0002332,fiber_node,I00063,27.85526732656055
P0002332,water_source,I00064,18.76870294637022
P0002332,highway_interchange,I00065,15.262558101094255
P0002332,data_center,I00067,11.828326836604317
P0002333,transmission_line,I00058,6.659064308266816
P0002333,substation,I00061,2.19640472553933
P0002333,fiber_node,I00063,22.19010585707359
P0002333,water_source,I00064,27.280605311171378
P0002333,highway_interchange,I00065,14.449373630729653
P0002333,data_center,I00067,2.635227622197874
P0002334,transmission_line,I00059,1.0964571551611877
P0002334,substation,I00061,11.403039121675535
P0002334,fiber_node,I00063,11.224842467066486
P0002334,water_source,I00064,18.633523162165908
P0002334,highway_interchange,I00065,3.4680851701481483
P0002334,data_center,I00067,11.78225607316111
P0002335,transmission_line,I00058,10.678509093684971
P0002335,substation,I00061,4.510699227263108
P0002335,fiber_node,I00063,25.377920451864828
P0002335,water_source,I00064,25.032161616523535
P0002335,highway_interchange,I00065,15.059675407130575
P0002335,data_center,I00067,3.7887639637759674
P0002336,transmission_line,I00057,3.736937696593782
P0002336,substation,I00060,17.983657115236255
P0002336,fiber_node,I00063,27.98661702587167
P0002336,water_source,I00064,6.527452006387363
P0002336,highway_interchange,I00065,17.02438367595564
P0002336,data_center,I00067,23.525571466552343
P0002337,transmission_line,I00059,5.929261689399304
P0002337,substation,I00060,8.936220394252336
P0002337,fiber_node,I00063,6.293095785184774
P0002337,water_source,I00064,18.17397380068393
P0002337,highway_interchange,I00066,3.1082493892372014
P0002337,data_center,I00067,18.128396840731323
P0002338,transmission_line,I00058,7.5798778669363145
P0002338,substation,I00061,3.6344657102856712
P0002338,fiber_node,I00063,19.757873426700957
P0002338,water_source,I00064,26.97095232015167
P0002338,highway_interchange,I00065,13.175603190966454
P0002338,data_center,I00067,4.348052244314728
P0002339,transmission_line,I00058,6.012298487480417
P0002339,substation,I00061,14.272970118091976
P0002339,fiber_node,I00063,28.144235088636297
P0002339,water_source,I00064,39.00114853925549
P0002339,highway_interchange,I00065,24.912163649593236
P0002339,data_center,I00067,14.665976252459156
P0002340,transmission_line,I00059,2.251363868712893
P0002340,substation,I00061,9.853015789602678
P0002340,fiber_node,I00063,12.59710666571513
P0002340,water_source,I00064,19.138113175021342
P0002340,highway_interchange,I00065,4.066769440154647
P0002340,data_center,I00067,10.226616926725871
P0002341,transmission_line,I00057,19.682492920361856
P0002341,substation,I00060,34.47638856762807
P0002341,fiber_node,I00063,45.846578289994
P0002341,water_source,I00064,22.178795239866595
P0002341,highway_interchange,I00065,35.2856037619031
P0002341,data_center,I00067,39.948446169275776
P0002342,transmission_line,I00059,6.141215211275046
P0002342,substation,I00060,10.888647882456073
P0002342,fiber_node,I00063,4.492422135367573
P0002342,water_source,I00064,20.471485064046423
P0002342,highway_interchange,I00066,1.039187548896454
P0002342,data_center,I00067,18.30506299016257
P0002343,transmission_line,I00057,5.2980489345750446
P0002343,substation,I00060,13.28979933353716
P0002343,fiber_node,I00063,22.41907270321919
P0002343,water_source,I00064,5.503212990740068
P0002343,highway_interchange,I00065,11.507907725222571
P0002343,data_center,I00067,19.72091202374858
P0002344,transmission_line,I00059,11.790118856465963
P0002344,substation,I00060,14.793492649345284
P0002344,fiber_node,I00063,2.1160980094738195
P0002344,water_source,I00064,25.980318430531614
P0002344,highway_interchange,I00066,6.277337019339335
P0002344,data_center,I00067,23.13795283596361
P0002345,transmission_line,I00057,5.134183833572749
P0002345,substation,I00060,12.411670586925752
P0002345,fiber_node,I00063,21.87751172835704
P0002345,water_source,I00064,4.835719819132077
P0002345,highway_interchange,I00065,11.365745230038971
P0002345,data_center,I00067,20.20413417317307
P0002346,transmission_line,I00059,4.811963693202206
P0002346,substation,I00060,10.623538383221247
P0002346,fiber_node,I00063,6.029613002849209
P0002346,water_source,I00064,19.42756997662303
P0002346,highway_interchange,I00066,1.795665900353267
P0002346,data_center,I00067,17.05959176132379
P0002347,transmission_line,I00059,16.51818714044035
P0002347,substation,I00060,15.200810062744708
P0002347,fiber_node,I00063,6.213968156997803
P0002347,water_source,I00064,27.395661202853578
P0002347,highway_interchange,I00066,10.830214214831114
P0002347,data_center,I00067,28.32841176078656
P0002348,transmission_line,I00059,9.277408341960456
P0002348,substation,I00060,8.00938061258727
P0002348,fiber_node,I00063,14.800173771971762
P0002348,water_source,I00064,10.236337721913785
P0002348,highway_interchange,I00065,5.1919279304412225
P0002348,data_center,I00067,17.269439257739887
P0002349,transmission_line,I00059,6.740380796747642
P0002349,substation,I00060,7.47888419316044
P0002349,fiber_node,I00063,11.402457388320258
P0002349,water_source,I00064,13.407799930743218
P0002349,highway_interchange,I00065,3.8833585719621873
P0002349,data_center,I00067,16.88906697893233
P0002350,transmission_line,I00057,9.34952017223147
P0002350,substation,I00060,9.007032995327933
P0002350,fiber_node,I00063,17.290915885982535
P0002350,water_source,I00064,7.868255824436496
P0002350,highway_interchange,I00065,7.3184213083440355
P0002350,data_center,I00067,18.26460570198807
P0002351,transmission_line,I00059,14.863352503380922
P0002351,substation,I00061,22.01715006789631
P0002351,fiber_node,I00063,10.146412307075808
P0002351,water_source,I00064,32.76580629900225
P0002351,highway_interchange,I00066,11.589362133819616
P0002351,data_center,I00067,22.7180331030577
P0002352,transmission_line,I00057,13.240667440322888
P0002352,substation,I00060,12.661123875881097
P0002352,fiber_node,I00062,24.33910402116769
P0002352,water_source,I00064,10.902670028771063
P0002352,highway_interchange,I00065,21.86366477655591
P0002352,data_center,I00067,33.91104037099225
P0002353,transmission_line,I00059,17.125115096198886
P0002353,substation,I00060,14.708288143386964
P0002353,fiber_node,I00062,6.968431393384664
P0002353,water_source,I00064,27.009334305832457
P0002353,highway_interchange,I00066,11.465237152061524
P0002353,data_center,I00067,29.084666480063223
P0002354,transmission_line,I00057,8.803369588980013
P0002354,substation,I00060,16.902868904059886
P0002354,fiber_node,I00063,24.048746817756864
P0002354,water_source,I00064,9.935314504169307
P0002354,highway_interchange,I00065,11.73326792657013
P0002354,data_center,I00067,16.569468516482658
P0002355,transmission_line,I00057,9.77581101529916
P0002355,substation,I00060,5.515099790355779
P0002355,fiber_node,I00063,17.717644499344527
P0002355,water_source,I00064,6.906008580264733
P0002355,highway_interchange,I00065,12.158505875777077
P0002355,data_center,I00067,24.374119981065853
P0002356,transmission_line,I00059,8.002855017123636
P0002356,substation,I00060,11.186726562946598
P0002356,fiber_node,I00063,2.629208542616712
P0002356,water_source,I00064,21.614717607611013
P0002356,highway_interchange,I00066,2.393706343421907
P0002356,data_center,I00067,20.06931229467879
P0002357,transmission_line,I00059,1.341264540721998
P0002357,substation,I00061,11.75168565264355
P0002357,fiber_node,I00063,9.968104919757966
P0002357,water_source,I00064,20.795119889938846
P0002357,highway_interchange,I00066,5.434885415886755
P0002357,data_center,I00067,12.2448891183917
P0002358,transmission_line,I00059,2.309753875511288
P0002358,substation,I00061,12.894249612719456
P0002358,fiber_node,I00063,8.732954341109576
P0002358,water_source,I00064,21.35397800177934
P0002358,highway_interchange,I00066,4.3076903800414055
P0002358,data_center,I00067,13.413309017867467
P0002359,transmission_line,I00059,6.925629127565765
P0002359,substation,I00061,11.466744270265988
P0002359,fiber_node,I00063,16.090862403961033
P0002359,water_source,I00064,14.307106785481848
P0002359,highway_interchange,I00065,3.3298747485632014
P0002359,data_center,I00067,11.493346640305838
P0002360,transmission_line,I00057,7.437376672018681
P0002360,substation,I00060,13.304415494617649
P0002360,fiber_node,I00063,25.949209500047605
P0002360,water_source,I00064,5.636054816053051
P0002360,highway_interchange,I00065,19.52752798187397
P0002360,data_center,I00067,30.339541616389
P0002361,transmission_line,I00059,12.185118566065196
P0002361,substation,I00060,2.606285084874606
P0002361,fiber_node,I00063,10.201234819495054
P0002361,water_source,I00064,14.680652570259127
P0002361,highway_interchange,I00066,9.651773833500478
P0002361,data_center,I00067,23.63543733499607
P0002362,transmission_line,I00059,15.47146506401297
P0002362,substation,I00060,2.7052114344016087
P0002362,fiber_node,I00063,12.778802552044251
P0002362,water_source,I00064,14.368840008450466
P0002362,highway_interchange,I00066,12.85684204497191
P0002362,data_center,I00067,26.698395372048843
P0002363,transmission_line,I00059,10.808627735870944
P0002363,substation,I00061,4.162596577223375
P0002363,fiber_node,I00063,21.127290343475263
P0002363,water_source,I00064,21.22478264220106
P0002363,highway_interchange,I00065,10.334410685236817
P0002363,data_center,I00067,3.838895785199823
P0002364,transmission_line,I00059,1.5218053367337303
P0002364,substation,I00061,12.18296238942636
P0002364,fiber_node,I00063,9.522130737362025
P0002364,water_source,I00064,20.86126398810976
P0002364,highway_interchange,I00066,4.997880478948757
P0002364,data_center,I00067,12.680802340143066
P0002365,transmission_line,I00057,11.194333465625688
P0002365,substation,I00060,4.8505511123451415
P0002365,fiber_node,I00063,17.560468627137222
P0002365,water_source,I00064,8.239922961538333
P0002365,highway_interchange,I00065,13.410876398260116
P0002365,data_center,I00067,25.910760364989528
P0002366,transmission_line,I00059,12.502506067989547
P0002366,substation,I00060,2.533194188038595
P0002366,fiber_node,I00063,13.681731007236099
P0002366,water_source,I00064,10.484519662447198
P0002366,highway_interchange,I00065,9.619199741798033
P0002366,data_center,I00067,22.502265720593858
P0002367,transmission_line,I00057,12.1287391126993
P0002367,substation,I00061,13.299532061112458
P0002367,fiber_node,I00063,22.38744435352347
P0002367,water_source,I00064,12.775719786723517
P0002367,highway_interchange,I00065,9.647018961040384
P0002367,data_center,I00067,12.966852412129109
P0002368,transmission_line,I00057,11.120062138454884
P0002368,substation,I00060,4.215063991117473
P0002368,fiber_node,I00063,16.637394749679242
P0002368,water_source,I00064,8.249027402868185
P0002368,highway_interchange,I00065,12.030676767639605
P0002368,data_center,I00067,24.557762829546157
P0002369,transmission_line,I00059,12.467852194578269
P0002369,substation,I00060,4.989424605211255
P0002369,fiber_node,I00063,8.291898555765625
P0002369,water_source,I00064,17.21779870660418
P0002369,highway_interchange,I00066,8.808528942388358
P0002369,data_center,I00067,24.42791010137228
P0002370,transmission_line,I00059,2.7100733293314
P0002370,substation,I00061,11.870987347100403
P0002370,fiber_node,I00063,9.721571280536036
P0002370,water_source,I00064,22.14820071879507
P0002370,highway_interchange,I00066,5.4730767391718125
P0002370,data_center,I00067,12.421374599546498
P0002371,transmission_line,I00059,7.079702228357729
P0002371,substation,I00060,13.67232893429784
P0002371,fiber_node,I00063,3.7738470010484506
P0002371,water_source,I00064,23.32493603048948
P0002371,highway_interchange,I00066,2.162892935310767
P0002371,data_center,I00067,18.44652023024413
P0002372,transmission_line,I00057,4.118262513223055
P0002372,substation,I00060,19.208075922556727
P0002372,fiber_node,I00063,29.75716312516673
P0002372,water_source,I00064,7.08723893029679
P0002372,highway_interchange,I00065,19.127193154038903
P0002372,data_center,I00067,25.74400402086822
P0002373,transmission_line,I00057,20.041927717157368
P0002373,substation,I00060,13.370777462875868
P0002373,fiber_node,I00062,19.22097378698653
P0002373,water_source,I00064,17.352518702371153
P0002373,highway_interchange,I00065,24.489152930006657
P0002373,data_center,I00067,37.35044257722268
P0002374,transmission_line,I00057,2.908572238722505
P0002374,substation,I00060,14.113251634117155
P0002374,fiber_node,I00063,24.187373446031987
P0002374,water_source,I00064,3.854650813566625
P0002374,highway_interchange,I00065,13.78196498967637
P0002374,data_center,I00067,22.017737140876363
P0002375,transmission_line,I00059,12.679756560026972
P0002375,substation,I00061,7.310022016898184
P0002375,fiber_node,I00063,22.968359981950677
P0002375,water_source,I00064,19.23764085262421
P0002375,highway_interchange,I00065,11.006178409224045
P0002375,data_center,I00067,6.821037483324511
P0002376,transmission_line,I00058,10.753059518506989
P0002376,substation,I00061,12.413011043088641
P0002376,fiber_node,I00063,17.953840541392328
P0002376,water_source,I00064,32.73332299444706
P0002376,highway_interchange,I00066,15.521431613426643
P0002376,data_center,I00067,13.12258847538953
P0002377,transmission_line,I00057,13.912569545000945
P0002377,substation,I00060,1.378385046771753
P0002377,fiber_node,I00063,14.10343638313721
P0002377,water_source,I00064,11.082870108368489
P0002377,highway_interchange,I00065,11.632747269873672
P0002377,data_center,I00067,24.568051081980023
P0002378,transmission_line,I00059,11.723448698518212
P0002378,substation,I00060,2.9209970799087017
P0002378,fiber_node,I00063,9.86704557020525
P0002378,water_source,I00064,14.792216099816219
P0002378,highway_interchange,I00066,9.202812907981832
P0002378,data_center,I00067,23.211424752351775
P0002379,transmission_line,I00059,8.409497469856145
P0002379,substation,I00060,5.8058365182993175
P0002379,fiber_node,I00063,11.748593591827335
P0002379,water_source,I00064,12.383192203893241
P0002379,highway_interchange,I00065,5.5651685862077445
P0002379,data_center,I00067,18.556139195350294
P0002380,transmission_line,I00057,11.83172928838099
P0002380,substation,I00060,3.8032078515178482
P0002380,fiber_node,I00063,16.471502909128276
P0002380,water_source,I00064,8.921200761219447
P0002380,highway_interchange,I00065,12.590121290186579
P0002380,data_center,I00067,25.235352386718084
P0002381,transmission_line,I00058,16.06062519827139
P0002381,substation,I00061,19.838260658865735
P0002381,fiber_node,I00063,21.329016755852894
P0002381,water_source,I00064,39.56005739538155
P0002381,highway_interchange,I00066,20.372815163964063
P0002381,data_center,I00067,20.528471485423598
P0002382,transmission_line,I00057,9.823778094917639
P0002382,substation,I00061,17.15229275363606
P0002382,fiber_node,I00063,25.98223281037758
P0002382,water_source,I00064,11.415201910041494
P0002382,highway_interchange,I00065,13.483604056138066
P0002382,data_center,I00067,16.731752030623735
P0002383,transmission_line,I00058,6.269258304646464
P0002383,substation,I00061,5.101098967058444
P0002383,fiber_node,I00063,26.404317788646736
P0002383,water_source,I00064,29.284848178255576
P0002383,highway_interchange,I00065,17.83611032583829
P0002383,data_center,I00067,4.830105361792575
P0002384,transmission_line,I00059,11.18115638007369
P0002384,substation,I00060,4.778350932062757
P0002384,fiber_node,I00063,8.031663435903292
P0002384,water_source,I00064,16.604658519579846
P0002384,highway_interchange,I00066,7.860400716486186
P0002384,data_center,I00067,23.081169566184897
P0002385,transmission_line,I00059,8.288190769802572
P0002385,substation,I00061,11.729627354607535
P0002385,fiber_node,I00063,17.388291258143028
P0002385,water_source,I00064,13.6123257903442
P0002385,highway_interchange,I00065,4.616180409240278
P0002385,data_center,I00067,11.671266278519349
P0002386,transmission_line,I00057,7.460615904673066
P0002386,substation,I00060,13.354694988508976
P0002386,fiber_node,I00063,21.310981458178045
P0002386,water_source,I00064,7.5370040164321015
P0002386,highway_interchange,I00065,9.757934896676876
P0002386,data_center,I00067,17.558855820271
P0002387,transmission_line,I00059,10.01051188462435
P0002387,substation,I00061,8.990991012924225
P0002387,fiber_node,I00063,16.246739617894423
P0002387,water_source,I00064,28.699611794401193
P0002387,highway_interchange,I00066,12.967456575630738
P0002387,data_center,I00067,9.719175441033341
P0002388,transmission_line,I00057,4.643737185802943
P0002388,substation,I00060,11.207128805211658
P0002388,fiber_node,I00063,21.576645691183955
P0002388,water_source,I00064,3.289230917854158
P0002388,highway_interchange,I00065,12.029015888310933
P0002388,data_center,I00067,21.778706846468047
P0002389,transmission_line,I00059,15.938974963044817
P0002389,substation,I00060,2.7243638688366443
P0002389,fiber_node,I00063,13.541593279574327
P0002389,water_source,I00064,13.820403851747585
P0002389,highway_interchange,I00066,13.513236561053937
P0002389,data_center,I00067,26.99725159482552
P0002390,transmission_line,I00057,16.939594273252666
P0002390,substation,I00060,8.371084627835188
P0002390,fiber_node,I00062,17.353831474360323
P0002390,water_source,I00064,14.031498960358027
P0002390,highway_interchange,I00065,19.491770670654958
P0002390,data_center,I00067,32.38954693998678
P0002391,transmission_line,I00057,2.4097741576486422
P0002391,substation,I00060,13.659807209381366
P0002391,fiber_node,I00063,25.30167946116642
P0002391,water_source,I00064,1.466190792116879
P0002391,highway_interchange,I00065,16.595561708268892
P0002391,data_center,I00067,26.110945187226807
P0002392,transmission_line,I00057,8.963017339154666
P0002392,substation,I00060,23.920179381442665
P0002392,fiber_node,I00063,33.932809909860275
P0002392,water_source,I00064,11.937980629810344
P0002392,highway_interchange,I00065,22.553534702980794
P0002392,data_center,I00067,27.07018597026858
P0002393,transmission_line,I00057,9.987397169901941
P0002393,substation,I00060,5.3272440888355375
P0002393,fiber_node,I00063,16.59658228854172
P0002393,water_source,I00064,7.370023884912428
P0002393,highway_interchange,I00065,10.236414277183748
P0002393,data_center,I00067,22.46614972453285
P0002394,transmission_line,I00057,9.278862747148263
P0002394,substation,I00060,24.19612899687721
P0002394,fiber_node,I00063,35.445220179458225
P0002394,water_source,I00064,11.834182907196427
P0002394,highway_interchange,I00065,25.166416879373468
P0002394,data_center,I00067,31.362695505447256
P0002395,transmission_line,I00059,9.295066621777147
P0002395,substation,I00060,5.280218813958964
P0002395,fiber_node,I00063,7.923064487234701
P0002395,water_source,I00064,16.017877582696975
P0002395,highway_interchange,I00066,6.621286882323186
P0002395,data_center,I00067,21.103249139388303
P0002396,transmission_line,I00059,18.242891685075044
P0002396,substation,I00060,10.659361440756038
P0002396,fiber_node,I00062,5.910492378858137
P0002396,water_source,I00064,22.874104628518612
P0002396,highway_interchange,I00066,13.30919344692814
P0002396,data_center,I00067,30.48300909208969
P0002397,transmission_line,I00057,7.686257538000413
P0002397,substation,I00060,7.489032474566168
P0002397,fiber_node,I00063,19.153255747054338
P0002397,water_source,I00064,4.911495975129507
P0002397,highway_interchange,I00065,12.076828257048833
P0002397,data_center,I00067,23.640420945875565
P0002398,transmission_line,I00059,13.32902463310308
P0002398,substation,I00060,2.4098747322990945
P0002398,fiber_node,I00063,10.830718783827546
P0002398,water_source,I00064,14.782241091095527
P0002398,highway_interchange,I00066,10.639082469161547
P0002398,data_center,I00067,24.768513401779124
P0002399,transmission_line,I00059,9.36882580656633
P0002399,substation,I00060,10.11622510542184
P0002399,fiber_node,I00063,16.244078452257725
P0002399,water_source,I00064,10.311978227140678
P0002399,highway_interchange,I00065,4.978650158664601
P0002399,data_center,I00067,15.774123079521889
P0002400,transmission_line,I00059,5.658268484684298
P0002400,substation,I00061,12.020601242533084
P0002400,fiber_node,I00063,10.46907968027203
P0002400,water_source,I00064,25.11978406257657
P0002400,highway_interchange,I00066,7.1214198337640235
P0002400,data_center,I00067,12.669661345926052
P0002401,transmission_line,I00070,11.671837445546814
P0002401,substation,I00071,3.9086848635865152
P0002401,fiber_node,I00073,24.105524238593322
P0002401,water_source,I00075,7.608146084638452
P0002401,highway_interchange,I00077,18.92994407724825
P0002401,data_center,I00078,11.218745463932223
P0002402,transmission_line,I00068,7.415865502523032
P0002402,substation,I00071,17.261572895701967
P0002402,fiber_node,I00073,22.174079355269694
P0002402,water_source,I00075,18.876934900715074
P0002402,highway_interchange,I00076,18.052358998469035
P0002402,data_center,I00078,23.81773038342512
P0002403,transmission_line,I00068,7.847934902821425
P0002403,substation,I00071,16.430238316315624
P0002403,fiber_node,I00073,11.503760003009186
P0002403,water_source,I00075,20.024309859698647
P0002403,highway_interchange,I00076,6.406379552973743
P0002403,data_center,I00078,11.648123629130966
P0002404,transmission_line,I00070,10.690523094230466
P0002404,substation,I00072,8.692256004904555
P0002404,fiber_node,I00074,8.112567573883231
P0002404,water_source,I00075,19.49323706095647
P0002404,highway_interchange,I00077,20.10978982723413
P0002404,data_center,I00078,22.21086739676525
P0002405,transmission_line,I00068,25.011564914945318
P0002405,substation,I00071,37.31191793049016
P0002405,fiber_node,I00073,9.400038654418145
P0002405,water_source,I00075,40.88681973122596
P0002405,highway_interchange,I00076,14.566910944592651
P0002405,data_center,I00078,28.87603180174356
P0002406,transmission_line,I00069,14.431402138556185
P0002406,substation,I00071,25.372514101274696
P0002406,fiber_node,I00073,11.499068672806748
P0002406,water_source,I00075,29.05510736948811
P0002406,highway_interchange,I00076,10.931217457868883
P0002406,data_center,I00078,13.071661056356604
P0002407,transmission_line,I00069,4.440666006796498
P0002407,substation,I00072,17.30611985536009
P0002407,fiber_node,I00074,24.6590164787508
P0002407,water_source,I00075,20.240391224827977
P0002407,highway_interchange,I00077,3.4001201481318493
P0002407,data_center,I00078,6.651128678099031
P0002408,transmission_line,I00070,7.906343719618525
P0002408,substation,I00071,2.652501053879323
P0002408,fiber_node,I00074,26.483135843418584
P0002408,water_source,I00075,5.464109834486645
P0002408,highway_interchange,I00077,18.43827494831791
P0002408,data_center,I00078,12.162421159339797
P0002409,transmission_line,I00069,7.033593206564954
P0002409,substation,I00071,20.652609680106217
P0002409,fiber_node,I00073,18.255623859009802
P0002409,water_source,I00075,24.093173487397795
P0002409,highway_interchange,I00077,8.703542409038945
P0002409,data_center,I00078,6.526714272038569
P0002410,transmission_line,I00069,5.28991214932442
P0002410,substation,I00072,12.70214175592421
P0002410,fiber_node,I00074,22.490400402761335
P0002410,water_source,I00075,15.584185097493624
P0002410,highway_interchange,I00077,8.208080843892452
P0002410,data_center,I00078,7.040022358589879
P0002411,transmission_line,I00068,20.435416985366604
P0002411,substation,I00071,15.421554242615503
P0002411,fiber_node,I00073,36.46112990214221
P0002411,water_source,I00075,13.443825275226537
P0002411,highway_interchange,I00076,31.583158678021626
P0002411,data_center,I00078,29.051011411662877
P0002412,transmission_line,I00069,2.335105641068997
P0002412,substation,I00071,12.6706364891224
P0002412,fiber_node,I00073,23.66227799559427
P0002412,water_source,I00075,15.678935109017937
P0002412,highway_interchange,I00077,8.585885492907826
P0002412,data_center,I00078,3.29343610519241
P0002413,transmission_line,I00069,1.7639215104678119
P0002413,substation,I00071,16.441031395536847
P0002413,fiber_node,I00073,23.269267260118003
P0002413,water_source,I00075,19.452543435149906
P0002413,highway_interchange,I00077,5.328069534847957
P0002413,data_center,I00078,3.703427992233854
P0002414,transmission_line,I00069,4.048046142520726
P0002414,substation,I00071,13.959644158218525
P0002414,fiber_node,I00074,23.568615698517444
P0002414,water_source,I00075,16.482171215342863
P0002414,highway_interchange,I00077,7.166502264771843
P0002414,data_center,I00078,5.966798762397667
P0002415,transmission_line,I00068,11.306610817322053
P0002415,substation,I00071,4.610089698110113
P0002415,fiber_node,I00073,25.66349381986825
P0002415,water_source,I00075,6.688995643585829
P0002415,highway_interchange,I00076,20.50559894065042
P0002415,data_center,I00078,15.838978480673077
P0002416,transmission_line,I00069,3.703328301359263
P0002416,substation,I00071,12.218391532489179
P0002416,fiber_node,I00074,24.731913771956922
P0002416,water_source,I00075,14.959814717748488
P0002416,highway_interchange,I00077,8.773490035276383
P0002416,data_center,I00078,4.974027735829692
P0002417,transmission_line,I00069,2.1836396684053243
P0002417,substation,I00071,12.91021281605383
P0002417,fiber_node,I00073,21.84955099762042
P0002417,water_source,I00075,16.164804263258457
P0002417,highway_interchange,I00077,9.220796241977968
P0002417,data_center,I00078,1.6832063902285075
P0002418,transmission_line,I00069,7.189846352590755
P0002418,substation,I00072,19.76558699724369
P0002418,fiber_node,I00074,25.114837514808645
P0002418,water_source,I00075,23.423376954712165
P0002418,highway_interchange,I00077,0.6274836450753046
P0002418,data_center,I00078,9.194665699505553
P0002419,transmission_line,I00069,15.467989337964116
P0002419,substation,I00071,27.58977015110789
P0002419,fiber_node,I00073,13.803781535618391
P0002419,water_source,I00075,31.22989286193659
P0002419,highway_interchange,I00076,13.835279906753682
P0002419,data_center,I00078,14.478859460613746
P0002420,transmission_line,I00068,14.002488676507408
P0002420,substation,I00071,24.55713690869527
P0002420,fiber_node,I00073,3.816845760209547
P0002420,water_source,I00075,28.181695200099465
P0002420,highway_interchange,I00076,2.763452251500665
P0002420,data_center,I00078,16.721849878252574
P0002421,transmission_line,I00069,25.516518255412034
P0002421,substation,I00072,33.45317885197085
P0002421,fiber_node,I00074,28.94791126227133
P0002421,water_source,I00075,40.384414116797075
P0002421,highway_interchange,I00077,18.4646197781845
P0002421,data_center,I00078,27.410081516177225
P0002422,transmission_line,I00068,4.76313527403952
P0002422,substation,I00071,19.28513863671295
P0002422,fiber_node,I00073,11.685134399423458
P0002422,water_source,I00075,22.373332959360543
P0002422,highway_interchange,I00076,7.534207676329386
P0002422,data_center,I00078,18.437271452928616
P0002423,transmission_line,I00069,12.399953606005633
P0002423,substation,I00071,27.180386387498974
P0002423,fiber_node,I00073,26.233810124712292
P0002423,water_source,I00075,30.123475541866952
P0002423,highway_interchange,I00077,7.044142989457338
P0002423,data_center,I00078,13.530817419994863
P0002424,transmission_line,I00069,6.067737042199062
P0002424,substation,I00071,13.849870021851551
P0002424,fiber_node,I00073,17.297386127925172
P0002424,water_source,I00075,17.488134509178046
P0002424,highway_interchange,I00077,12.56499698135688
P0002424,data_center,I00078,3.81859623492868
P0002425,transmission_line,I00070,6.405882035572804
P0002425,substation,I00072,8.770180282799961
P0002425,fiber_node,I00074,20.287527547258684
P0002425,water_source,I00075,12.681928615080002
P0002425,highway_interchange,I00077,11.937177647753854
P0002425,data_center,I00078,10.142824180652369
P0002426,transmission_line,I00069,20.14322471482335
P0002426,substation,I00072,24.13012824333853
P0002426,fiber_node,I00074,19.486489405974556
P0002426,water_source,I00075,32.12855372668639
P0002426,highway_interchange,I00077,13.907185120638356
P0002426,data_center,I00078,22.342287331290187
P0002427,transmission_line,I00069,9.66142801771354
P0002427,substation,I00071,20.600903094471793
P0002427,fiber_node,I00073,13.768844222300647
P0002427,water_source,I00075,24.25076640079412
P0002427,highway_interchange,I00076,11.186746903745423
P0002427,data_center,I00078,8.122012959512837
P0002428,transmission_line,I00068,10.572172516835797
P0002428,substation,I00071,18.207234638646018
P0002428,fiber_node,I00073,10.251292514878351
P0002428,water_source,I00075,21.880106192828936
P0002428,highway_interchange,I00076,5.686096007464903
P0002428,data_center,I00078,10.923210398469408
P0002429,transmission_line,I00068,15.816107968401546
P0002429,substation,I00071,29.300230230420624
P0002429,fiber_node,I00073,22.510329350005772
P0002429,water_source,I00075,31.143738814780054
P0002429,highway_interchange,I00076,20.840389453449905
P0002429,data_center,I00078,32.89713097605171
P0002430,transmission_line,I00070,2.6474913453868925
P0002430,substation,I00072,5.59633115925937
P0002430,fiber_node,I00074,20.177522891786445
P0002430,water_source,I00075,9.162251293410828
P0002430,highway_interchange,I00077,16.089358144784104
P0002430,data_center,I00078,13.095620800743841
P0002431,transmission_line,I00068,13.081297032484562
P0002431,substation,I00071,28.11296247438837
P0002431,fiber_node,I00073,14.961707031038777
P0002431,water_source,I00075,30.717964041668843
P0002431,highway_interchange,I00076,14.051025550492117
P0002431,data_center,I00078,28.307503790103272
P0002432,transmission_line,I00069,6.607366940917043
P0002432,substation,I00072,13.551541078512967
P0002432,fiber_node,I00074,21.08489261591994
P0002432,water_source,I00075,17.9288143580574
P0002432,highway_interchange,I00077,6.677767575705733
P0002432,data_center,I00078,8.729787564951959
P0002433,transmission_line,I00069,6.7319633193884725
P0002433,substation,I00071,17.030890515701625
P0002433,fiber_node,I00073,15.8609311022394
P0002433,water_source,I00075,20.65384538393399
P0002433,highway_interchange,I00077,11.823031985996781
P0002433,data_center,I00078,4.812874609172023
P0002434,transmission_line,I00070,11.30060091528174
P0002434,substation,I00071,4.305303145485719
P0002434,fiber_node,I00073,23.999060800467284
P0002434,water_source,I00075,8.005362744731434
P0002434,highway_interchange,I00077,18.056631682585543
P0002434,data_center,I00078,10.421896934106185
P0002435,transmission_line,I00069,7.375165115363153
P0002435,substation,I00072,13.208212800825981
P0002435,fiber_node,I00074,20.331103589896767
P0002435,water_source,I00075,18.067150783817016
P0002435,highway_interchange,I00077,7.061852607536315
P0002435,data_center,I00078,9.492464638407096
P0002436,transmission_line,I00069,11.876674088101488
P0002436,substation,I00072,25.33164155076682
P0002436,fiber_node,I00073,28.16605335642745
P0002436,water_source,I00075,29.03927673701034
P0002436,highway_interchange,I00077,5.417511968480938
P0002436,data_center,I00078,13.398164427445584
P0002437,transmission_line,I00068,5.187307529405285
P0002437,substation,I00071,15.93571202249936
P0002437,fiber_node,I00073,12.360895636619759
P0002437,water_source,I00075,19.355384607673148
P0002437,highway_interchange,I00076,7.229673205136251
P0002437,data_center,I00078,13.633430352273374
P0002438,transmission_line,I00069,15.361739216004276
P0002438,substation,I00071,29.009453143980718
P0002438,fiber_node,I00073,18.271111001100852
P0002438,water_source,I00075,32.51255037955366
P0002438,highway_interchange,I00077,14.223191492902828
P0002438,data_center,I00078,15.00822605968759
P0002439,transmission_line,I00068,11.657050736128737
P0002439,substation,I00071,3.448786141866099
P0002439,fiber_node,I00073,24.84419352820811
P0002439,water_source,I00075,6.679812669906082
P0002439,highway_interchange,I00076,19.679262761868895
P0002439,data_center,I00078,13.48722819057486
P0002440,transmission_line,I00070,16.683762015500168
P0002440,substation,I00072,14.774356686888055
P0002440,fiber_node,I00074,3.464676648272679
P0002440,water_source,I00075,25.567069318246023
P0002440,highway_interchange,I00077,22.288605847041467
P0002440,data_center,I00078,26.31818751765439
P0002441,transmission_line,I00069,8.761637960045066
P0002441,substation,I00071,6.21720579155261
P0002441,fiber_node,I00073,23.852832559932
P0002441,water_source,I00075,9.668817734182632
P0002441,highway_interchange,I00077,15.342040877681852
P0002441,data_center,I00078,8.041623718350998
P0002442,transmission_line,I00070,11.135860415732022
P0002442,substation,I00072,11.8842184583607
P0002442,fiber_node,I00074,16.05917945144432
P0002442,water_source,I00075,19.277641031818266
P0002442,highway_interchange,I00077,10.180843919124356
P0002442,data_center,I00078,13.805214612966193
P0002443,transmission_line,I00069,9.989543914908554
P0002443,substation,I00071,24.80044772469686
P0002443,fiber_node,I00073,24.699054886751654
P0002443,water_source,I00075,27.80090270799701
P0002443,highway_interchange,I00077,5.345819568474551
P0002443,data_center,I00078,11.074171592573446
P0002444,transmission_line,I00070,7.350128697353294
P0002444,substation,I00071,6.276872282806211
P0002444,fiber_node,I00074,24.780492473830794
P0002444,water_source,I00075,8.828143261358607
P0002444,highway_interchange,I00077,14.849437464574995
P0002444,data_center,I00078,9.339982425632874
P0002445,transmission_line,I00069,2.3952633584041907
P0002445,substation,I00071,12.434582264926517
P0002445,fiber_node,I00073,22.79836338361947
P0002445,water_source,I00075,15.579019014183352
P0002445,highway_interchange,I00077,9.156788841786176
P0002445,data_center,I00078,2.6334452788769664
P0002446,transmission_line,I00069,8.613159846142329
P0002446,substation,I00071,20.768751323560306
P0002446,fiber_node,I00073,15.535697324823273
P0002446,water_source,I00075,24.351652274621983
P0002446,highway_interchange,I00077,11.387852221601333
P0002446,data_center,I00078,7.422064516592604
P0002447,transmission_line,I00069,3.9068946324406375
P0002447,substation,I00071,16.125880935383396
P0002447,fiber_node,I00073,18.72142158540172
P0002447,water_source,I00075,19.59304966518177
P0002447,highway_interchange,I00077,9.295697587177417
P0002447,data_center,I00078,2.3043653355120717
P0002448,transmission_line,I00069,2.199448533671428
P0002448,substation,I00071,13.121869657198527
P0002448,fiber_node,I00073,21.493512596821596
P0002448,water_source,I00075,16.412393504951815
P0002448,highway_interchange,I00077,9.25554316941366
P0002448,data_center,I00078,1.327826342057643
P0002449,transmission_line,I00069,8.410858466827854
P0002449,substation,I00071,16.3461504735796
P0002449,fiber_node,I00073,14.359171934483893
P0002449,water_source,I00075,20.03885898439809
P0002449,highway_interchange,I00076,10.320736093735052
P0002449,data_center,I00078,6.244227935072311
P0002450,transmission_line,I00068,10.362882037325038
P0002450,substation,I00071,6.7640451590702275
P0002450,fiber_node,I00073,21.252945316543844
P0002450,water_source,I00075,10.44459019716711
P0002450,highway_interchange,I00076,16.149421903688296
P0002450,data_center,I00078,9.73441333917946
P0002451,transmission_line,I00069,16.5213021234323
P0002451,substation,I00072,26.90226390241554
P0002451,fiber_node,I00074,26.84553047204092
P0002451,water_source,I00075,32.37824853111241
P0002451,highway_interchange,I00077,9.47416102605713
P0002451,data_center,I00078,18.346369679068573
P0002452,transmission_line,I00070,7.443861750724806
P0002452,substation,I00071,8.268014507062901
P0002452,fiber_node,I00074,23.7057971965545
P0002452,water_source,I00075,10.64245808921127
P0002452,highway_interchange,I00077,12.999520123751644
P0002452,data_center,I00078,8.38554305515482
P0002453,transmission_line,I00068,6.511948166941395
P0002453,substation,I00071,21.26115280595409
P0002453,fiber_node,I00073,10.904874709771422
P0002453,water_source,I00075,24.310298615443276
P0002453,highway_interchange,I00076,7.498426721500727
P0002453,data_center,I00078,20.111063882455195
P0002454,transmission_line,I00069,9.806704502776658
P0002454,substation,I00071,15.912383503695205
P0002454,fiber_node,I00073,13.49055675807659
P0002454,water_source,I00075,19.620998733176904
P0002454,highway_interchange,I00076,9.083106960973728
P0002454,data_center,I00078,7.573540089657385
P0002455,transmission_line,I00068,7.608188399980554
P0002455,substation,I00071,10.309226921709815
P0002455,fiber_node,I00073,17.61544955047067
P0002455,water_source,I00075,13.900549380091155
P0002455,highway_interchange,I00076,12.479573491273733
P0002455,data_center,I00078,10.073271001670925
P0002456,transmission_line,I00068,9.41502504088799
P0002456,substation,I00071,8.456676679849197
P0002456,fiber_node,I00073,19.5617655684259
P0002456,water_source,I00075,12.12687942132697
P0002456,highway_interchange,I00076,14.46803926457045
P0002456,data_center,I00078,9.208028925966486
P0002457,transmission_line,I00069,7.17155079671559
P0002457,substation,I00071,17.368684723207497
P0002457,fiber_node,I00073,15.433963162362364
P0002457,water_source,I00075,21.00383385245379
P0002457,highway_interchange,I00076,11.878972862433224
P0002457,data_center,I00078,5.269206929099511
P0002458,transmission_line,I00070,5.029593343504722
P0002458,substation,I00071,6.061793491349875
P0002458,fiber_node,I00074,23.088601317249083
P0002458,water_source,I00075,7.608474911149962
P0002458,highway_interchange,I00077,16.222198872961464
P0002458,data_center,I00078,11.60236522485134
P0002459,transmission_line,I00069,7.542502079656923
P0002459,substation,I00071,8.357931880864726
P0002459,fiber_node,I00073,21.476641891526793
P0002459,water_source,I00075,11.958428384836461
P0002459,highway_interchange,I00077,14.507092826163728
P0002459,data_center,I00078,6.2889598369003075
P0002460,transmission_line,I00070,7.545390011230131
P0002460,substation,I00071,6.166228244850819
P0002460,fiber_node,I00074,24.909776107134277
P0002460,water_source,I00075,2.9380399271653563
P0002460,highway_interchange,I00077,24.057391641897706
P0002460,data_center,I00078,18.97570958418889
P0002461,transmission_line,I00068,13.388202424579157
P0002461,substation,I00071,26.082254047143163
P0002461,fiber_node,I00073,2.960491750653586
P0002461,water_source,I00075,29.554318832367493
P0002461,highway_interchange,I00076,3.658967496722599
P0002461,data_center,I00078,20.155243100692665
P0002462,transmission_line,I00070,4.888365813873858
P0002462,substation,I00071,6.965603356561796
P0002462,fiber_node,I00074,22.496708224084387
P0002462,water_source,I00075,8.509320822706593
P0002462,highway_interchange,I00077,15.427729331316357
P0002462,data_center,I00078,11.209299126718136
P0002463,transmission_line,I00070,6.056820442023978
P0002463,substation,I00071,8.81848217807831
P0002463,fiber_node,I00074,22.080965085112723
P0002463,water_source,I00075,10.672281762438905
P0002463,highway_interchange,I00077,13.245330648538713
P0002463,data_center,I00078,9.686020048641574
P0002464,transmission_line,I00069,2.096196718552535
P0002464,substation,I00071,12.75713268624313
P0002464,fiber_node,I00073,23.12733612877554
P0002464,water_source,I00075,15.843131453617465
P0002464,highway_interchange,I00077,8.69798994843011
P0002464,data_center,I00078,2.7778601087327526
P0002465,transmission_line,I00068,2.8679482684690463
P0002465,substation,I00071,13.544866150706307
P0002465,fiber_node,I00073,18.915509666046308
P0002465,water_source,I00075,16.013879648937564
P0002465,highway_interchange,I00076,14.174165725648175
P0002465,data_center,I00078,18.245262431728374
P0002466,transmission_line,I00069,7.588924037502929
P0002466,substation,I00071,13.997425539311239
P0002466,fiber_node,I00073,16.068768886617992
P0002466,water_source,I00075,17.688093267751466
P0002466,highway_interchange,I00076,11.620657362347716
P0002466,data_center,I00078,5.339748687637397
P0002467,transmission_line,I00070,3.8742187572370828
P0002467,substation,I00072,4.63176669912841
P0002467,fiber_node,I00074,20.981966277734795
P0002467,water_source,I00075,6.325125580799071
P0002467,highway_interchange,I00077,21.74289298960676
P0002467,data_center,I00078,18.06550699969293
P0002468,transmission_line,I00069,10.146057303260605
P0002468,substation,I00071,22.035680765334735
P0002468,fiber_node,I00073,14.491809939382254
P0002468,water_source,I00075,25.650968942742
P0002468,highway_interchange,I00076,12.435175200921949
P0002468,data_center,I00078,8.926843079335388
P0002469,transmission_line,I00068,11.687736865088338
P0002469,substation,I00071,25.526527318550414
P0002469,fiber_node,I00073,5.9490237479374075
P0002469,water_source,I00075,28.833357268063303
P0002469,highway_interchange,I00076,5.197206318806739
P0002469,data_center,I00078,21.37551191593925
P0002470,transmission_line,I00068,6.381934630127199
P0002470,substation,I00071,19.3079957793828
P0002470,fiber_node,I00073,9.701549211005336
P0002470,water_source,I00075,22.64802897400112
P0002470,highway_interchange,I00076,4.995496866039645
P0002470,data_center,I00078,16.418019637776673
P0002471,transmission_line,I00069,23.056470340736936
P0002471,substation,I00071,37.88364963915553
P0002471,fiber_node,I00073,30.826299474505355
P0002471,water_source,I00075,40.933261791497806
P0002471,highway_interchange,I00077,17.83137927065935
P0002471,data_center,I00078,23.8559388307532
P0002472,transmission_line,I00070,8.188652463804765
P0002472,substation,I00072,6.237256055377352
P0002472,fiber_node,I00074,19.010229975505638
P0002472,water_source,I00075,10.761263072054707
P0002472,highway_interchange,I00077,26.33381294182301
P0002472,data_center,I00078,23.691877935821324
P0002473,transmission_line,I00069,11.853667183017537
P0002473,substation,I00072,15.729768878155111
P0002473,fiber_node,I00074,17.812720758400783
P0002473,water_source,I00075,22.636762216068856
P0002473,highway_interchange,I00077,7.995146447770946
P0002473,data_center,I00078,14.097973827424553
P0002474,transmission_line,I00069,7.45349942628828
P0002474,substation,I00071,12.013027410330832
P0002474,fiber_node,I00073,17.610101124058424
P0002474,water_source,I00075,15.702121662441625
P0002474,highway_interchange,I00076,12.930125063893124
P0002474,data_center,I00078,5.3479483007230435
P0002475,transmission_line,I00069,4.139919450483958
P0002475,substation,I00072,17.109008388889382
P0002475,fiber_node,I00074,24.705270530797705
P0002475,water_source,I00075,19.916679689841274
P0002475,highway_interchange,I00077,3.7291128545790686
P0002475,data_center,I00078,6.364681699875314
P0002476,transmission_line,I00070,8.542869566455638
P0002476,substation,I00072,9.891131399430286
P0002476,fiber_node,I00074,17.625921662450345
P0002476,water_source,I00075,16.23148882813527
P0002476,highway_interchange,I00077,10.557106093277971
P0002476,data_center,I00078,11.899698689416882
P0002477,transmission_line,I00069,4.476054490022365
P0002477,substation,I00072,17.963541985385987
P0002477,fiber_node,I00074,25.195257007134423
P0002477,water_source,I00075,20.765134932524166
P0002477,highway_interchange,I00077,2.916596970164811
P0002477,data_center,I00078,6.618204558788249
P0002478,transmission_line,I00068,6.209195442706574
P0002478,substation,I00071,9.134923413226456
P0002478,fiber_node,I00073,19.501215672283962
P0002478,water_source,I00075,12.33369826226822
P0002478,highway_interchange,I00076,14.344822313672566
P0002478,data_center,I00078,13.12890164183588
P0002479,transmission_line,I00070,8.985509699925734
P0002479,substation,I00072,9.673606226165065
P0002479,fiber_node,I00074,15.54524078698663
P0002479,water_source,I00075,17.353892623617444
P0002479,highway_interchange,I00077,11.733290343573657
P0002479,data_center,I00078,13.970628387526055
P0002480,transmission_line,I00068,7.2830324677753016
P0002480,substation,I00071,21.44967637778807
P0002480,fiber_node,I00073,9.333634373363225
P0002480,water_source,I00075,24.64814769916655
P0002480,highway_interchange,I00076,5.768776839345316
P0002480,data_center,I00078,19.138334180463538
P0002481,transmission_line,I00070,10.453698914298123
P0002481,substation,I00071,4.394861132487413
P0002481,fiber_node,I00073,24.499337793859134
P0002481,water_source,I00075,7.995068395573748
P0002481,highway_interchange,I00077,17.281648348955475
P0002481,data_center,I00078,9.944702863057373
P0002482,transmission_line,I00069,3.9430789134021613
P0002482,substation,I00071,12.712224303698429
P0002482,fiber_node,I00074,24.10518359312561
P0002482,water_source,I00075,15.335432497812056
P0002482,highway_interchange,I00077,8.316610461134397
P0002482,data_center,I00078,5.477721004645453
P0002483,transmission_line,I00069,9.850104461335137
P0002483,substation,I00072,16.708997142783108
P0002483,fiber_node,I00074,20.222238266420455
P0002483,water_source,I00075,22.501964258476313
P0002483,highway_interchange,I00077,5.54211459847487
P0002483,data_center,I00078,12.100116415516219
P0002484,transmission_line,I00069,13.154071806880497
P0002484,substation,I00071,21.170507022263344
P0002484,fiber_node,I00073,9.498185799595998
P0002484,water_source,I00075,24.87840471385511
P0002484,highway_interchange,I00076,6.685525371428027
P0002484,data_center,I00078,11.19649535520421
P0002485,transmission_line,I00069,7.4649448183122775
P0002485,substation,I00071,16.71090001209972
P0002485,fiber_node,I00073,15.134802713951034
P0002485,water_source,I00075,20.37178332723878
P0002485,highway_interchange,I00076,11.340987254422119
P0002485,data_center,I00078,5.4021662540126565
P0002486,transmission_line,I00069,12.326224659325518
P0002486,substation,I00072,23.64154537509872
P0002486,fiber_node,I00074,25.8421033695883
P0002486,water_source,I00075,28.408698491075942
P0002486,highway_interchange,I00077,5.273467848859753
P0002486,data_center,I00078,14.188063401976574
P0002487,transmission_line,I00069,9.402421637939321
P0002487,substation,I00071,15.235630963773344
P0002487,fiber_node,I00073,14.128532466412096
P0002487,water_source,I00075,18.944248778937727
P0002487,highway_interchange,I00076,9.640766736908661
P0002487,data_center,I00078,7.1550007513041995
P0002488,transmission_line,I00070,6.036069637025589
P0002488,substation,I00072,7.706044853890836
P0002488,fiber_node,I00074,17.989150712264394
P0002488,water_source,I00075,13.746340803094949
P0002488,highway_interchange,I00077,12.522849682038554
P0002488,data_center,I00078,12.131561656758967
P0002489,transmission_line,I00070,4.032868714154508
P0002489,substation,I00072,3.1584043660847128
P0002489,fiber_node,I00074,19.058245309383654
P0002489,water_source,I00075,8.417396236734934
P0002489,highway_interchange,I00077,22.30512251713103
P0002489,data_center,I00078,19.439987758478185
P0002490,transmission_line,I00068,15.113345960467187
P0002490,substation,I00071,24.891141860244904
P0002490,fiber_node,I00073,4.548805066959678
P0002490,water_source,I00075,28.55389833041507
P0002490,highway_interchange,I00076,4.137411760088897
P0002490,data_center,I00078,16.182592956182923
P0002491,transmission_line,I00069,6.248741113731746
P0002491,substation,I00071,9.402732337169729
P0002491,fiber_node,I00073,21.40332197327679
P0002491,water_source,I00075,12.923042653485107
P0002491,highway_interchange,I00077,13.230865707548514
P0002491,data_center,I00078,5.028399460872882
P0002492,transmission_line,I00069,6.128497973202042
P0002492,substation,I00072,11.848131279653051
P0002492,fiber_node,I00074,21.779618598095215
P0002492,water_source,I00075,15.099619654364966
P0002492,highway_interchange,I00077,8.882206933600058
P0002492,data_center,I00078,7.804145860611672
P0002493,transmission_line,I00069,0.8158229709432656
P0002493,substation,I00071,15.62999611652163
P0002493,fiber_node,I00073,22.688274437987562
P0002493,water_source,I00075,18.71674730158073
P0002493,highway_interchange,I00077,6.322320884815651
P0002493,data_center,I00078,2.74956575389572
P0002494,transmission_line,I00069,5.639990081249766
P0002494,substation,I00071,9.215049563323982
P0002494,fiber_node,I00073,24.088881050067545
P0002494,water_source,I00075,12.307775543630822
P0002494,highway_interchange,I00077,11.954469278081676
P0002494,data_center,I00078,5.523772780924561
P0002495,transmission_line,I00069,11.297219051190647
P0002495,substation,I00072,25.57503733624479
P0002495,fiber_node,I00073,26.86100212391669
P0002495,water_source,I00075,28.77825218742872
P0002495,highway_interchange,I00077,5.386926928420576
P0002495,data_center,I00078,12.65646908420503
P0002496,transmission_line,I00070,9.403806297445273
P0002496,substation,I00072,9.732128953871642
P0002496,fiber_node,I00074,14.418509675388039
P0002496,water_source,I00075,18.024395903296067
P0002496,highway_interchange,I00077,12.490225815379375
P0002496,data_center,I00078,15.103810808245958
P0002497,transmission_line,I00070,4.792786298365465
P0002497,substation,I00072,6.8996989966992555
P0002497,fiber_node,I00074,18.79931289655697
P0002497,water_source,I00075,12.198117520724457
P0002497,highway_interchange,I00077,13.505425324134688
P0002497,data_center,I00078,12.068576728715046
P0002498,transmission_line,I00069,15.058590832089727
P0002498,substation,I00072,19.748056195836924
P0002498,fiber_node,I00074,18.676493339064475
P0002498,water_source,I00075,27.041752002657947
P0002498,highway_interchange,I00077,9.42341581691487
P0002498,data_center,I00078,17.29165242354535
P0002499,transmission_line,I00069,11.776294611463472
P0002499,substation,I00071,22.35316498264577
P0002499,fiber_node,I00073,12.140691893057516
P0002499,water_source,I00075,26.031674003480212
P0002499,highway_interchange,I00076,10.214057286167991
P0002499,data_center,I00078,10.238385890398755
P0002500,transmission_line,I00070,6.89401585573398
P0002500,substation,I00071,3.1260492569363723
P0002500,fiber_node,I00074,25.520797654444003
P0002500,water_source,I00075,5.2057575683517365
P0002500,highway_interchange,I00077,18.457666695570474
P0002500,data_center,I00078,12.626021462479965
P0002501,transmission_line,I00069,6.960468706781257
P0002501,substation,I00071,9.996542977773515
P0002501,fiber_node,I00074,22.86198811275122
P0002501,water_source,I00075,12.257703443733064
P0002501,highway_interchange,I00077,11.444106965894264
P0002501,data_center,I00078,7.897195965878249
P0002502,transmission_line,I00069,16.553825642956323
P0002502,substation,I00071,28.79606971103388
P0002502,fiber_node,I00073,14.187163392301212
P0002502,water_source,I00075,32.4343266783991
P0002502,highway_interchange,I00076,14.605272875154368
P0002502,data_center,I00078,15.624693428844381
P0002503,transmission_line,I00069,3.8869406235191875
P0002503,substation,I00071,13.617390960179064
P0002503,fiber_node,I00073,19.30236251191006
P0002503,water_source,I00075,17.116964443729792
P0002503,highway_interchange,I00077,10.61692028800347
P0002503,data_center,I00078,1.6693493743201158
P0002504,transmission_line,I00069,1.925414660626102
P0002504,substation,I00071,13.322502127319783
P0002504,fiber_node,I00073,23.87550248682728
P0002504,water_source,I00075,16.28318205789483
P0002504,highway_interchange,I00077,7.885040388270309
P0002504,data_center,I00078,3.3686083110402034
P0002505,transmission_line,I00069,11.491988925838783
P0002505,substation,I00071,23.788679263275732
P0002505,fiber_node,I00073,14.655676270453796
P0002505,water_source,I00075,27.39331805568878
P0002505,highway_interchange,I00077,13.092866172498693
P0002505,data_center,I00078,10.468266076327685
P0002506,transmission_line,I00069,9.495612370301014
P0002506,substation,I00071,15.807720128357918
P0002506,fiber_node,I00073,13.752571108121623
P0002506,water_source,I00075,19.51610358155272
P0002506,highway_interchange,I00076,9.378276651266319
P0002506,data_center,I00078,7.263472999617902
P0002507,transmission_line,I00068,7.8805303143252665
P0002507,substation,I00071,10.811245724008446
P0002507,fiber_node,I00073,17.134346702829983
P0002507,water_source,I00075,14.43476614209898
P0002507,highway_interchange,I00076,12.021860207591025
P0002507,data_center,I00078,9.60890228032462
P0002508,transmission_line,I00070,5.211282516453271
P0002508,substation,I00071,4.3622622326487175
P0002508,fiber_node,I00074,23.92141371418975
P0002508,water_source,I00075,5.102684249077664
P0002508,highway_interchange,I00077,18.77365895426764
P0002508,data_center,I00078,13.705566554988218
P0002509,transmission_line,I00069,21.143357237293756
P0002509,substation,I00072,23.733657995195536
P0002509,fiber_node,I00074,17.973933786521833
P0002509,water_source,I00075,32.19760464873883
P0002509,highway_interchange,I00077,15.199464423334506
P0002509,data_center,I00078,23.370974586107796
P0002510,transmission_line,I00069,9.582551752412199
P0002510,substation,I00071,6.714838485031569
P0002510,fiber_node,I00073,21.96895548699186
P0002510,water_source,I00075,10.405191014294498
P0002510,highway_interchange,I00077,16.50095732370982
P0002510,data_center,I00078,8.34385654000537
P0002511,transmission_line,I00069,20.468942339019254
P0002511,substation,I00072,26.350180798730403
P0002511,fiber_node,I00074,22.379064899721744
P0002511,water_source,I00075,33.78348334009878
P0002511,highway_interchange,I00077,13.758065074842394
P0002511,data_center,I00078,22.582902934130914
P0002512,transmission_line,I00068,12.024517170208972
P0002512,substation,I00071,25.151792217173174
P0002512,fiber_node,I00073,4.501083521830597
P0002512,water_source,I00075,28.56289959670096
P0002512,highway_interchange,I00076,3.592851502181931
P0002512,data_center,I00078,20.062513560521797
P0002513,transmission_line,I00069,5.9321991285888185
P0002513,substation,I00072,12.97300932848164
P0002513,fiber_node,I00074,21.648558805567784
P0002513,water_source,I00075,16.715825732541475
P0002513,highway_interchange,I00077,7.422054764397302
P0002513,data_center,I00078,7.91265309169713
P0002514,transmission_line,I00068,5.800978045852397
P0002514,substation,I00071,9.30349607221952
P0002514,fiber_node,I00073,20.035075883602058
P0002514,water_source,I00075,12.260355095715997
P0002514,highway_interchange,I00076,14.913376457245155
P0002514,data_center,I00078,14.36605466913574
P0002515,transmission_line,I00068,1.6588468540679644
P0002515,substation,I00071,16.701459861105423
P0002515,fiber_node,I00073,15.52900157237077
P0002515,water_source,I00075,19.468677585350044
P0002515,highway_interchange,I00076,11.109963873146098
P0002515,data_center,I00078,18.71802052753698
P0002516,transmission_line,I00069,10.70213454751717
P0002516,substation,I00071,25.325987809737814
P0002516,fiber_node,I00073,21.616200879726645
P0002516,water_source,I00075,28.58208576661801
P0002516,highway_interchange,I00077,8.18718051242378
P0002516,data_center,I00078,11.098620041893529
P0002517,transmission_line,I00069,1.6337700392437908
P0002517,substation,I00071,13.335163214068455
P0002517,fiber_node,I00073,22.120169279721477
P0002517,water_source,I00075,16.540406565148672
P0002517,highway_interchange,I00077,8.658510254580875
P0002517,data_center,I00078,1.6893771009063165
P0002518,transmission_line,I00069,5.308811311512922
P0002518,substation,I00071,9.99515877855319
P0002518,fiber_node,I00073,21.771991954056286
P0002518,water_source,I00075,13.419884425319696
P0002518,highway_interchange,I00077,12.255706090338167
P0002518,data_center,I00078,4.277515340083168
P0002519,transmission_line,I00069,7.200094788172777
P0002519,substation,I00072,17.336337014744025
P0002519,fiber_node,I00074,22.757094766460927
P0002519,water_source,I00075,21.702093105439786
P0002519,highway_interchange,I00077,3.1574270088599317
P0002519,data_center,I00078,9.424215403683345
P0002520,transmission_line,I00069,9.635913366426204
P0002520,substation,I00071,10.362217726376834
P0002520,fiber_node,I00073,18.00860719254216
P0002520,water_source,I00075,14.065508490549943
P0002520,highway_interchange,I00076,13.024351579014233
P0002520,data_center,I00078,7.697610563621553
P0002521,transmission_line,I00069,13.388431470489948
P0002521,substation,I00071,27.959046427046157
P0002521,fiber_node,I00073,22.009353316815744
P0002521,water_source,I00075,31.244699961664292
P0002521,highway_interchange,I00077,10.458936132296493
P0002521,data_center,I00078,13.708942532314229
P0002522,transmission_line,I00069,11.979605220019382
P0002522,substation,I00071,22.312220767038667
P0002522,fiber_node,I00073,11.778597719350326
P0002522,water_source,I00075,25.9978175110372
P0002522,highway_interchange,I00076,9.827168198447557
P0002522,data_center,I00078,10.3912686340602
P0002523,transmission_line,I00069,3.173462764902428
P0002523,substation,I00071,13.97506106492151
P0002523,fiber_node,I00074,24.44631485558395
P0002523,water_source,I00075,16.64962461649937
P0002523,highway_interchange,I00077,7.023389511340551
P0002523,data_center,I00078,5.099243807760012
P0002524,transmission_line,I00069,1.1984320163709032
P0002524,substation,I00071,14.933517120337338
P0002524,fiber_node,I00073,21.382882637278758
P0002524,water_source,I00075,18.18219762327952
P0002524,highway_interchange,I00077,7.765604776662428
P0002524,data_center,I00078,1.2213973682565875
P0002525,transmission_line,I00069,5.284607585681044
P0002525,substation,I00071,19.077790958545577
P0002525,fiber_node,I00073,19.10123642318715
P0002525,water_source,I00075,22.470326653651973
P0002525,highway_interchange,I00077,7.836122094699021
P0002525,data_center,I00078,4.859546933318025
P0002526,transmission_line,I00068,4.353997778928523
P0002526,substation,I00071,11.542960703375865
P0002526,fiber_node,I00073,17.152745557283684
P0002526,water_source,I00075,14.782874001426997
P0002526,highway_interchange,I00076,12.019004744669857
P0002526,data_center,I00078,13.383773994969566
P0002527,transmission_line,I00069,16.967508983469852
P0002527,substation,I00072,31.212470018309773
P0002527,fiber_node,I00073,29.056727803930258
P0002527,water_source,I00075,34.613460543051175
P0002527,highway_interchange,I00077,11.18777450817377
P0002527,data_center,I00078,18.09170484480263
P0002528,transmission_line,I00070,13.704867606735972
P0002528,substation,I00072,13.199499771647522
P0002528,fiber_node,I00074,11.129061346699782
P0002528,water_source,I00075,22.646420222910425
P0002528,highway_interchange,I00077,14.618214917051946
P0002528,data_center,I00078,19.272935963173303
P0002529,transmission_line,I00069,7.080685523001137
P0002529,substation,I00071,21.55982206612279
P0002529,fiber_node,I00073,20.46701448955981
P0002529,water_source,I00075,24.850310202449208
P0002529,highway_interchange,I00077,6.757311531117997
P0002529,data_center,I00078,7.318405500116562
P0002530,transmission_line,I00069,10.183850830968643
P0002530,substation,I00071,24.994144077523973
P0002530,fiber_node,I00073,23.33067371651532
P0002530,water_source,I00075,28.11537568252814
P0002530,highway_interchange,I00077,6.537128752501654
P0002530,data_center,I00078,10.968775642202663
P0002531,transmission_line,I00069,5.199068070032499
P0002531,substation,I00071,15.288674035722142
P0002531,fiber_node,I00073,17.468047692149593
P0002531,water_source,I00075,18.868037232766937
P0002531,highway_interchange,I00077,11.139157217903575
P0002531,data_center,I00078,3.0638606982539085
P0002532,transmission_line,I00068,14.357510807908751
P0002532,substation,I00071,6.056594440979315
P0002532,fiber_node,I00073,29.43399780512489
P0002532,water_source,I00075,5.574856768536481
P0002532,highway_interchange,I00076,24.304864912684675
P0002532,data_center,I00078,19.46805966915186
P0002533,transmission_line,I00070,7.520483450193853
P0002533,substation,I00071,3.3331086144461977
P0002533,fiber_node,I00074,25.953041284632356
P0002533,water_source,I00075,1.6948409846769912
P0002533,highway_interchange,I00077,22.087079751510668
P0002533,data_center,I00078,16.385182125510244
P0002534,transmission_line,I00069,9.239312005663374
P0002534,substation,I00072,19.743444635411233
P0002534,fiber_node,I00074,23.53822349687099
P0002534,water_source,I00075,24.445850992381168
P0002534,highway_interchange,I00077,2.814969473492065
P0002534,data_center,I00078,11.343499928276978
P0002535,transmission_line,I00068,13.373027745136886
P0002535,substation,I00071,14.842387815022551
P0002535,fiber_node,I00073,29.313025710787308
P0002535,water_source,I00075,14.837016984049848
P0002535,highway_interchange,I00076,24.70861253321645
P0002535,data_center,I00078,25.856144702439483
P0002536,transmission_line,I00069,6.982904197017679
P0002536,substation,I00072,10.620343548402841
P0002536,fiber_node,I00074,21.690280014803257
P0002536,water_source,I00075,13.538789185947472
P0002536,highway_interchange,I00077,10.439377840225783
P0002536,data_center,I00078,8.333712083582691
P0002537,transmission_line,I00070,3.4842642699152315
P0002537,substation,I00072,2.464954854463037
P0002537,fiber_node,I00074,15.259504334497715
P0002537,water_source,I00075,12.433419331993825
P0002537,highway_interchange,I00077,18.15162736730244
P0002537,data_center,I00078,17.342383573513555
P0002538,transmission_line,I00069,6.879067222427222
P0002538,substation,I00071,7.949075320991101
P0002538,fiber_node,I00073,24.05559860833461
P0002538,water_source,I00075,11.152829950381221
P0002538,highway_interchange,I00077,13.295115872914653
P0002538,data_center,I00078,6.493742520297805
P0002539,transmission_line,I00068,17.17722837953353
P0002539,substation,I00071,24.99331097339478
P0002539,fiber_node,I00073,30.279384643012413
P0002539,water_source,I00075,25.483866253084205
P0002539,highway_interchange,I00076,26.900040513610016
P0002539,data_center,I00078,33.55281118501339
P0002540,transmission_line,I00068,6.524710058747255
P0002540,substation,I00071,21.610094883151017
P0002540,fiber_node,I00073,12.607155015468708
P0002540,water_source,I00075,24.4650102196516
P0002540,highway_interchange,I00076,9.474752670615638
P0002540,data_center,I00078,21.62833534444583
P0002541,transmission_line,I00069,20.88157385108181
P0002541,substation,I00072,24.796847581860632
P0002541,fiber_node,I00074,19.730136630191097
P0002541,water_source,I00075,32.869695925324486
P0002541,highway_interchange,I00077,14.593686099696171
P0002541,data_center,I00078,23.075782461922056
P0002542,transmission_line,I00070,14.684649140698351
P0002542,substation,I00072,14.42674695948736
P0002542,fiber_node,I00074,12.34770740463751
P0002542,water_source,I00075,23.492558319038473
P0002542,highway_interchange,I00077,13.539694039455233
P0002542,data_center,I00078,18.82806999296814
P0002543,transmission_line,I00069,3.248678990657653
P0002543,substation,I00071,17.560975004507217
P0002543,fiber_node,I00073,24.4443863190754
P0002543,water_source,I00075,20.43271940953478
P0002543,highway_interchange,I00077,3.8083147124275496
P0002543,data_center,I00078,5.253303764578317
P0002544,transmission_line,I00069,5.394908279390414
P0002544,substation,I00072,14.544766706722045
P0002544,fiber_node,I00074,22.38774615422685
P0002544,water_source,I00075,18.203968681808153
P0002544,highway_interchange,I00077,5.796506443283073
P0002544,data_center,I00078,7.571615422823558
P0002545,transmission_line,I00068,13.111703465616223
P0002545,substation,I00071,22.969818436460127
P0002545,fiber_node,I00073,5.524818885227319
P0002545,water_source,I00075,26.61418156918103
P0002545,highway_interchange,I00076,2.6934063770851613
P0002545,data_center,I00078,15.045592208131241
P0002546,transmission_line,I00068,3.7045233768161014
P0002546,substation,I00071,12.219655591527625
P0002546,fiber_node,I00073,16.66481347455943
P0002546,water_source,I00075,15.4227784868763
P0002546,highway_interchange,I00076,11.557242082795302
P0002546,data_center,I00078,13.846885665201556
P0002547,transmission_line,I00068,6.932730111916517
P0002547,substation,I00071,21.981070056387164
P0002547,fiber_node,I00073,12.058523847115936
P0002547,water_source,I00075,24.880687582934318
P0002547,highway_interchange,I00076,9.053347017352886
P0002547,data_center,I00078,21.6326208338449
P0002548,transmission_line,I00069,5.376260254024837
P0002548,substation,I00071,9.474693312435235
P0002548,fiber_node,I00073,23.21637349234731
P0002548,water_source,I00075,12.711397035228261
P0002548,highway_interchange,I00077,11.989947239791249
P0002548,data_center,I00078,4.944058271514932
P0002549,transmission_line,I00070,12.347947000906581
P0002549,substation,I00071,2.841824965357466
P0002549,fiber_node,I00073,26.721687129827508
P0002549,water_source,I00075,5.072805408626413
P0002549,highway_interchange,I00076,21.553060855513763
P0002549,data_center,I00078,15.349877933533943
P0002550,transmission_line,I00069,3.52181615463081
P0002550,substation,I00071,12.373555319477754
P0002550,fiber_node,I00073,20.68450905047306
P0002550,water_source,I00075,15.790722294172939
P0002550,highway_interchange,I00077,10.567390203296371
P0002550,data_center,I00078,1.9456549471878009
P0002551,transmission_line,I00068,7.505722292445675
P0002551,substation,I00071,7.707336716685125
P0002551,fiber_node,I00073,20.872284527781318
P0002551,water_source,I00075,10.888777877587371
P0002551,highway_interchange,I00076,15.708172697378519
P0002551,data_center,I00078,13.09965990395272
P0002552,transmission_line,I00070,9.213039224704493
P0002552,substation,I00072,9.340781635271899
P0002552,fiber_node,I00074,13.825641980929708
P0002552,water_source,I00075,17.96936528039108
P0002552,highway_interchange,I00077,13.175555229497235
P0002552,data_center,I00078,15.68981612405122
P0002553,transmission_line,I00069,10.47344634571921
P0002553,substation,I00071,20.003100157122194
P0002553,fiber_node,I00073,12.33766257318371
P0002553,water_source,I00075,23.69435258229164
P0002553,highway_interchange,I00076,9.402379826943616
P0002553,data_center,I00078,8.648518147916183
P0002554,transmission_line,I00070,6.792882223768018
P0002554,substation,I00071,3.89668588857344
P0002554,fiber_node,I00074,25.192921710224915
P0002554,water_source,I00075,2.314381002307325
P0002554,highway_interchange,I00077,21.799487581229183
P0002554,data_center,I00078,16.374769597853252
P0002555,transmission_line,I00070,6.860095109057686
P0002555,substation,I00072,5.385167572561724
P0002555,fiber_node,I00074,19.61791472568069
P0002555,water_source,I00075,9.231519983875913
P0002555,highway_interchange,I00077,25.120860977805844
P0002555,data_center,I00078,22.157567360892287
P0002556,transmission_line,I00068,5.970899716959922
P0002556,substation,I00071,20.413195752705587
P0002556,fiber_node,I00073,10.66946340201345
P0002556,water_source,I00075,23.537632523294032
P0002556,highway_interchange,I00076,6.82219780661285
P0002556,data_center,I00078,18.959445042450028
P0002557,transmission_line,I00068,6.350600513086564
P0002557,substation,I00071,19.837546046088217
P0002557,fiber_node,I00073,18.438994941859022
P0002557,water_source,I00075,22.01539284208852
P0002557,highway_interchange,I00076,14.844840311052579
P0002557,data_center,I00078,23.68604186383424
P0002558,transmission_line,I00069,4.186692277126238
P0002558,substation,I00071,11.33535280014389
P0002558,fiber_node,I00074,24.996015490309397
P0002558,water_source,I00075,14.13054593846049
P0002558,highway_interchange,I00077,9.659956150181232
P0002558,data_center,I00078,5.078738922771531
P0002559,transmission_line,I00069,8.068243135938737
P0002559,substation,I00072,19.37861417657744
P0002559,fiber_node,I00074,24.042228936750675
P0002559,water_source,I00075,23.61863194956928
P0002559,highway_interchange,I00077,1.8199579583435985
P0002559,data_center,I00078,10.16220998033321
P0002560,transmission_line,I00070,4.517479101704483
P0002560,substation,I00072,2.1365642413958925
P0002560,fiber_node,I00074,17.086433590438727
P0002560,water_source,I00075,10.428210667746324
P0002560,highway_interchange,I00077,22.314670639793725
P0002560,data_center,I00078,20.257680569452866
P0002561,transmission_line,I00069,4.667825054816811
P0002561,substation,I00071,15.050780432273863
P0002561,fiber_node,I00073,18.0123929363877
P0002561,water_source,I00075,18.600917253173954
P0002561,highway_interchange,I00077,10.733700391616235
P0002561,data_center,I00078,2.519788685623049
P0002562,transmission_line,I00069,8.324594853393245
P0002562,substation,I00072,22.7365279289301
P0002562,fiber_node,I00073,25.92896508974816
P0002562,water_source,I00075,25.693839249092346
P0002562,highway_interchange,I00077,2.5477602824185412
P0002562,data_center,I00078,9.860392091860442
P0002563,transmission_line,I00069,27.479739374037678
P0002563,substation,I00072,36.64616863240529
P0002563,fiber_node,I00074,32.56391182469419
P0002563,water_source,I00075,43.120630250038616
P0002563,highway_interchange,I00077,20.456915285770013
P0002563,data_center,I00078,29.224278114270064
P0002564,transmission_line,I00069,8.383898345130657
P0002564,substation,I00071,6.61754455463721
P0002564,fiber_node,I00073,23.608169645497
P0002564,water_source,I00075,10.066222500534915
P0002564,highway_interchange,I00077,15.002469676376196
P0002564,data_center,I00078,7.642188180796429
P0002565,transmission_line,I00069,2.8167043481111524
P0002565,substation,I00071,12.384882294727564
P0002565,fiber_node,I00073,24.164367359593886
P0002565,water_source,I00075,15.320721035138792
P0002565,highway_interchange,I00077,8.732468219010512
P0002565,data_center,I00078,3.845170554381776
P0002566,transmission_line,I00068,6.3049509572340785
P0002566,substation,I00071,11.223937226470328
P0002566,fiber_node,I00073,16.776786590086296
P0002566,water_source,I00075,14.724294416486845
P0002566,highway_interchange,I00076,11.612040604574705
P0002566,data_center,I00078,11.17584379644925
P0002567,transmission_line,I00068,9.219450742023465
P0002567,substation,I00071,22.408112618601894
P0002567,fiber_node,I00073,6.923152676126458
P0002567,water_source,I00075,25.776897955528096
P0002567,highway_interchange,I00076,3.3271739571388257
P0002567,data_center,I00078,18.346000364911493
P0002568,transmission_line,I00069,5.974296842651998
P0002568,substation,I00071,19.095446308999364
P0002568,fiber_node,I00073,17.9208947022242
P0002568,water_source,I00075,22.567957383483456
P0002568,highway_interchange,I00077,9.020516116715992
P0002568,data_center,I00078,5.107533837819203
P0002569,transmission_line,I00068,8.475678566084447
P0002569,substation,I00071,8.84093878988873
P0002569,fiber_node,I00073,24.091210454938224
P0002569,water_source,I00075,10.548252828899122
P0002569,highway_interchange,I00076,19.074571990762113
P0002569,data_center,I00078,18.14665919661789
P0002570,transmission_line,I00068,9.22435285202354
P0002570,substation,I00071,8.073627124019287
P0002570,fiber_node,I00073,19.881496056927414
P0002570,water_source,I00075,11.71860068340902
P0002570,highway_interchange,I00076,14.764999824978364
P0002570,data_center,I00078,9.724223815522098
P0002571,transmission_line,I00069,21.78443677524369
P0002571,substation,I00072,32.15359255936159
P0002571,fiber_node,I00074,30.34962800211546
P0002571,water_source,I00075,37.88760172385729
P0002571,highway_interchange,I00077,14.80905873101625
P0002571,data_center,I00078,23.48128923766458
P0002572,transmission_line,I00069,3.0676791975886486
P0002572,substation,I00071,12.083328484114443
P0002572,fiber_node,I00073,21.751812660434595
P0002572,water_source,I00075,15.385666301652874
P0002572,highway_interchange,I00077,10.081456291316401
P0002572,data_center,I00078,2.2612671119195418
P0002573,transmission_line,I00069,3.9782726394004073
P0002573,substation,I00071,12.99174765659022
P0002573,fiber_node,I00074,23.92613850064766
P0002573,water_source,I00075,15.581297935982864
P0002573,highway_interchange,I00077,8.061148994843315
P0002573,data_center,I00078,5.61739943064416
P0002574,transmission_line,I00069,3.94312767339387
P0002574,substation,I00071,13.847531608446115
P0002574,fiber_node,I00074,23.692372772748403
P0002574,water_source,I00075,16.392582713814697
P0002574,highway_interchange,I00077,7.249937149595715
P0002574,data_center,I00078,5.834994883002856
P0002575,transmission_line,I00069,2.1866967267670248
P0002575,substation,I00071,15.546384530160955
P0002575,fiber_node,I00073,20.43820930688737
P0002575,water_source,I00075,18.878398416571585
P0002575,highway_interchange,I00077,8.069248400946
P0002575,data_center,I00078,1.3058163608211184
P0002576,transmission_line,I00068,13.015667624830717
P0002576,substation,I00071,20.524173083696304
P0002576,fiber_node,I00073,8.95582126504078
P0002576,water_source,I00075,24.221120654848804
P0002576,highway_interchange,I00076,5.492765688906235
P0002576,data_center,I00078,11.576586607164115
P0002577,transmission_line,I00069,8.404084241803007
P0002577,substation,I00071,8.51926550437413
P0002577,fiber_node,I00073,20.53401823071535
P0002577,water_source,I00075,12.2021089244949
P0002577,highway_interchange,I00077,15.438285415237399
P0002577,data_center,I00078,6.898095445938941
P0002578,transmission_line,I00069,8.190056100103
P0002578,substation,I00071,18.297457584370864
P0002578,fiber_node,I00073,14.488436087993593
P0002578,water_source,I00075,21.952705138631565
P0002578,highway_interchange,I00076,11.138432852266861
P0002578,data_center,I00078,6.3485840021780175
P0002579,transmission_line,I00068,6.083794202327816
P0002579,substation,I00071,9.6092618353445
P0002579,fiber_node,I00073,18.790096719268792
P0002579,water_source,I00075,12.910932091934672
P0002579,highway_interchange,I00076,13.62653621797243
P0002579,data_center,I00078,12.572824587254186
P0002580,transmission_line,I00069,14.582498289142132
P0002580,substation,I00071,26.82974545233113
P0002580,fiber_node,I00073,14.107748922015693
P0002580,water_source,I00075,30.45814951432787
P0002580,highway_interchange,I00076,13.811187616833934
P0002580,data_center,I00078,13.61841403876489
P0002581,transmission_line,I00069,11.684011512161515
P0002581,substation,I00071,24.508683629503732
P0002581,fiber_node,I00073,15.667029682399024
P0002581,water_source,I00075,28.07719558087887
P0002581,highway_interchange,I00077,12.598515429594617
P0002581,data_center,I00078,10.878226334084703
P0002582,transmission_line,I00068,8.675077647558547
P0002582,substation,I00071,12.852122452682268
P0002582,fiber_node,I00073,15.29214975418068
P0002582,water_source,I00075,16.523519294890335
P0002582,highway_interchange,I00076,10.289091427762884
P0002582,data_center,I00078,8.778301603588304
P0002583,transmission_line,I00069,2.2210888257650128
P0002583,substation,I00071,14.714051918872
P0002583,fiber_node,I00073,24.79926495197306
P0002583,water_source,I00075,17.521573992202576
P0002583,highway_interchange,I00077,6.326766514466986
P0002583,data_center,I00078,4.3565956343370384
P0002584,transmission_line,I00068,11.205683196475869
P0002584,substation,I00071,4.65333718082797
P0002584,fiber_node,I00073,25.549607913126863
P0002584,water_source,I00075,6.781308138499352
P0002584,highway_interchange,I00076,20.391627891819567
P0002584,data_center,I00078,15.765522137556665
P0002585,transmission_line,I00069,13.10983610219526
P0002585,substation,I00071,25.770677350648757
P0002585,fiber_node,I00073,15.149443608339402
P0002585,water_source,I00075,29.36241280227184
P0002585,highway_interchange,I00077,13.850514985300535
P0002585,data_center,I00078,12.268782374580068
P0002586,transmission_line,I00069,13.990785545413146
P0002586,substation,I00072,27.48601521261868
P0002586,fiber_node,I00073,28.946200110265583
P0002586,water_source,I00075,31.27297139984949
P0002586,highway_interchange,I00077,7.658929459011901
P0002586,data_center,I00078,15.402291538722606
P0002587,transmission_line,I00069,8.744833049758396
P0002587,substation,I00071,12.571031045376039
P0002587,fiber_node,I00073,16.399844582064436
P0002587,water_source,I00075,16.279498190242204
P0002587,highway_interchange,I00076,11.62604868558104
P0002587,data_center,I00078,6.573746691213919
P0002588,transmission_line,I00068,9.955234655006658
P0002588,substation,I00071,19.60740689289529
P0002588,fiber_node,I00073,8.390932351139416
P0002588,water_source,I00075,23.21891823836228
P0002588,highway_interchange,I00076,3.4893850738919885
P0002588,data_center,I00078,13.231546895219873
P0002589,transmission_line,I00069,8.743215336689946
P0002589,substation,I00071,6.095671945290594
P0002589,fiber_node,I00073,25.068802377981076
P0002589,water_source,I00075,9.267151399007309
P0002589,highway_interchange,I00077,14.991071121541117
P0002589,data_center,I00078,8.362512530834696
P0002590,transmission_line,I00068,3.7623770401372094
P0002590,substation,I00071,13.323225881244731
P0002590,fiber_node,I00073,19.806740992479682
P0002590,water_source,I00075,15.625497136534731
P0002590,highway_interchange,I00076,15.08092535740253
P0002590,data_center,I00078,18.7780842125456
P0002591,transmission_line,I00069,9.731615767043865
P0002591,substation,I00071,24.531835913497865
P0002591,fiber_node,I00073,23.00907947404515
P0002591,water_source,I00075,27.668188917123384
P0002591,highway_interchange,I00077,6.362337335048816
P0002591,data_center,I00078,10.48406732282159
P0002592,transmission_line,I00069,16.92542318662171
P0002592,substation,I00071,25.61392091580278
P0002592,fiber_node,I00073,7.196805342224973
P0002592,water_source,I00075,29.31973349136894
P0002592,highway_interchange,I00076,7.235452756968138
P0002592,data_center,I00078,15.169403310031818
P0002593,transmission_line,I00069,2.035303059711347
P0002593,substation,I00071,14.592693110817128
P0002593,fiber_node,I00073,20.620091229098428
P0002593,water_source,I00075,17.93130013066094
P0002593,highway_interchange,I00077,8.632227618615769
P0002593,data_center,I00078,0.3805026148902316
P0002594,transmission_line,I00069,6.4998286199907165
P0002594,substation,I00071,21.109266418167856
P0002594,fiber_node,I00073,21.01368120765027
P0002594,water_source,I00075,24.354839528767435
P0002594,highway_interchange,I00077,6.073961186698741
P0002594,data_center,I00078,6.919586714043582
P0002595,transmission_line,I00069,16.08296954250638
P0002595,substation,I00071,29.48612953098941
P0002595,fiber_node,I00073,17.580963849134697
P0002595,water_source,I00075,33.024274276821785
P0002595,highway_interchange,I00077,15.212285225923026
P0002595,data_center,I00078,15.61259313249499
P0002596,transmission_line,I00069,6.198815757907335
P0002596,substation,I00071,10.69767901055692
P0002596,fiber_node,I00073,19.770405274875785
P0002596,water_source,I00075,14.305124070272536
P0002596,highway_interchange,I00077,13.24976328809221
P0002596,data_center,I00078,4.468080286574216
P0002597,transmission_line,I00068,10.333478547033096
P0002597,substation,I00071,19.94373149662182
P0002597,fiber_node,I00073,8.09709939738574
P0002597,water_source,I00075,23.5629651909095
P0002597,highway_interchange,I00076,3.300073327974233
P0002597,data_center,I00078,13.315231071453482
P0002598,transmission_line,I00069,4.1540576766366915
P0002598,substation,I00071,18.07867661235185
P0002598,fiber_node,I00073,25.399902912955042
P0002598,water_source,I00075,20.836091959401667
P0002598,highway_interchange,I00077,3.0004745417285874
P0002598,data_center,I00078,6.235048524483451
P0002599,transmission_line,I00069,6.722968659829165
P0002599,substation,I00071,16.79045193105034
P0002599,fiber_node,I00073,15.858359464619998
P0002599,water_source,I00075,20.418833486867662
P0002599,highway_interchange,I00077,11.955572611285357
P0002599,data_center,I00078,4.750297736894494
P0002600,transmission_line,I00068,4.372141444011514
P0002600,substation,I00071,18.329436651093694
P0002600,fiber_node,I00073,11.697068219218876
P0002600,water_source,I00075,21.50284953088224
P0002600,highway_interchange,I00076,7.169519225088164
P0002600,data_center,I00078,17.179290400238486
P0002601,transmission_line,I00070,11.97931296049632
P0002601,substation,I00071,2.522565897355085
P0002601,fiber_node,I00073,27.153593098589976
P0002601,water_source,I00075,4.60150154036322
P0002601,highway_interchange,I00076,21.985048462942245
P0002601,data_center,I00078,15.487939544981908
P0002602,transmission_line,I00070,3.6838413213784076
P0002602,substation,I00072,3.1397619128771024
P0002602,fiber_node,I00074,15.228906183452034
P0002602,water_source,I00075,12.735963988116842
P0002602,highway_interchange,I00077,17.46481706968156
P0002602,data_center,I00078,16.834208180865073
P0002603,transmission_line,I00068,10.036804635909201
P0002603,substation,I00071,17.00234331483231
P0002603,fiber_node,I00073,11.40490593831947
P0002603,water_source,I00075,20.678301085741143
P0002603,highway_interchange,I00076,6.694730749783578
P0002603,data_center,I00078,10.133510924438744
P0002604,transmission_line,I00068,9.173161438846932
P0002604,substation,I00071,18.100707273082378
P0002604,fiber_node,I00073,9.904739786441791
P0002604,water_source,I00075,21.72004758006215
P0002604,highway_interchange,I00076,4.937539965800671
P0002604,data_center,I00078,12.121777843083404
P0002605,transmission_line,I00070,6.6313134686795285
P0002605,substation,I00072,8.03225613931395
P0002605,fiber_node,I00074,17.376179086152653
P0002605,water_source,I00075,14.563097581570434
P0002605,highway_interchange,I00077,12.260727517839843
P0002605,data_center,I00078,12.492632227140042
P0002606,transmission_line,I00069,9.409955148628745
P0002606,substation,I00071,8.144756623961756
P0002606,fiber_node,I00073,20.375337041078478
P0002606,water_source,I00075,11.852393383803307
P0002606,highway_interchange,I00076,15.373978409504211
P0002606,data_center,I00078,7.857643683358109
P0002607,transmission_line,I00069,5.766996480175239
P0002607,substation,I00071,19.437680640679808
P0002607,fiber_node,I00073,18.74086073157154
P0002607,water_source,I00075,22.85298807519862
P0002607,highway_interchange,I00077,8.165178262669171
P0002607,data_center,I00078,5.2597167554281254
P0002608,transmission_line,I00069,11.751898405899592
P0002608,substation,I00071,25.913483424607943
P0002608,fiber_node,I00073,19.525411813953077
P0002608,water_source,I00075,29.309767874996485
P0002608,highway_interchange,I00077,10.379005870402194
P0002608,data_center,I00078,11.695208654429573
P0002609,transmission_line,I00070,7.393293091953888
P0002609,substation,I00071,2.6816388706154144
P0002609,fiber_node,I00074,26.02951099365291
P0002609,water_source,I00075,5.069017393182184
P0002609,highway_interchange,I00077,18.674327122260234
P0002609,data_center,I00078,12.623743980243153
P0002610,transmission_line,I00069,8.745349948390015
P0002610,substation,I00071,18.917257087371805
P0002610,fiber_node,I00073,14.027338561201978
P0002610,water_source,I00075,22.57860539116741
P0002610,highway_interchange,I00076,10.848128840222339
P0002610,data_center,I00078,6.956730546920048
P0002611,transmission_line,I00069,9.819915398136422
P0002611,substation,I00071,17.86887284320014
P0002611,fiber_node,I00073,12.796992548875934
P0002611,water_source,I00075,21.572223324742453
P0002611,highway_interchange,I00076,9.021340584321313
P0002611,data_center,I00078,7.734523051678443
P0002612,transmission_line,I00069,10.295406113109683
P0002612,substation,I00072,13.94429987059845
P0002612,fiber_node,I00074,18.091119189476284
P0002612,water_source,I00075,20.410798827225204
P0002612,highway_interchange,I00077,7.829860040774067
P0002612,data_center,I00078,12.495354193500924
P0002613,transmission_line,I00068,10.862503077390723
P0002613,substation,I00071,4.7450286672347595
P0002613,fiber_node,I00073,25.101295769892573
P0002613,water_source,I00075,7.09213098773122
P0002613,highway_interchange,I00076,19.94131614141902
P0002613,data_center,I00078,15.384120521208224
P0002614,transmission_line,I00069,7.687223210706498
P0002614,substation,I00071,7.291922343286648
P0002614,fiber_node,I00073,25.346786189889436
P0002614,water_source,I00075,10.253038024503592
P0002614,highway_interchange,I00077,13.713342275440167
P0002614,data_center,I00078,7.58628397345757
P0002615,transmission_line,I00068,8.267808800145813
P0002615,substation,I00071,13.81246611009104
P0002615,fiber_node,I00073,14.244993601059381
P0002615,water_source,I00075,17.46358783350826
P0002615,highway_interchange,I00076,9.218874637170833
P0002615,data_center,I00078,9.491243458173013
P0002616,transmission_line,I00068,22.495075436392426
P0002616,substation,I00071,35.259331457451374
P0002616,fiber_node,I00073,7.431576976837012
P0002616,water_source,I00075,38.78039593583594
P0002616,highway_interchange,I00076,12.485692097591519
P0002616,data_center,I00078,27.661052385634864
P0002617,transmission_line,I00069,9.522080077289498
P0002617,substation,I00071,8.301714051936292
P0002617,fiber_node,I00073,20.151788092106855
P0002617,water_source,I00075,12.010336819053915
P0002617,highway_interchange,I00076,15.143219952603964
P0002617,data_center,I00078,7.926865762164234
P0002618,transmission_line,I00069,4.832703235439014
P0002618,substation,I00071,9.996278669513833
P0002618,fiber_node,I00073,23.36312948076199
P0002618,water_source,I00075,13.171550799179744
P0002618,highway_interchange,I00077,11.38167994809232
P0002618,data_center,I00078,4.583578959745869
P0002619,transmission_line,I00069,8.011585926773185
P0002619,substation,I00071,6.853648268218002
P0002619,fiber_node,I00073,24.029645339280385
P0002619,water_source,I00075,10.182835783096863
P0002619,highway_interchange,I00077,14.506511612837505
P0002619,data_center,I00078,7.438603685796654
P0002620,transmission_line,I00068,3.439853931836877
P0002620,substation,I00071,14.482302146994888
P0002620,fiber_node,I00073,19.307740973237664
P0002620,water_source,I00075,16.77600806815285
P0002620,highway_interchange,I00076,14.723597496380531
P0002620,data_center,I00078,19.502825606045477
P0002621,transmission_line,I00068,8.143946912869959
P0002621,substation,I00071,21.770701824784155
P0002621,fiber_node,I00073,18.71071475383831
P0002621,water_source,I00075,23.89140130323465
P0002621,highway_interchange,I00076,15.556366361763681
P0002621,data_center,I00078,25.422813448408284
P0002622,transmission_line,I00069,3.9256378621501113
P0002622,substation,I00071,11.815766116712117
P0002622,fiber_node,I00074,24.81939434174721
P0002622,water_source,I00075,14.575510068766254
P0002622,highway_interchange,I00077,9.176388660009703
P0002622,data_center,I00078,5.0292363597928
P0002623,transmission_line,I00068,8.31583875397072
P0002623,substation,I00071,13.865425912442856
P0002623,fiber_node,I00073,14.2011367118531
P0002623,water_source,I00075,17.518204534337745
P0002623,highway_interchange,I00076,9.180644668752572
P0002623,data_center,I00078,9.467861061992183
P0002624,transmission_line,I00069,15.701563518780384
P0002624,substation,I00072,26.63027052218685
P0002624,fiber_node,I00074,27.184546143612163
P0002624,water_source,I00075,31.813420350079653
P0002624,highway_interchange,I00077,8.680653625158817
P0002624,data_center,I00078,17.48364115896096
P0002625,transmission_line,I00069,5.433167942005807
P0002625,substation,I00071,16.363978542468054
P0002625,fiber_node,I00073,17.153312964735605
P0002625,water_source,I00075,19.93312721748214
P0002625,highway_interchange,I00077,10.773670231244198
P0002625,data_center,I00078,3.536236726999981
P0002626,transmission_line,I00068,10.212125280782846
P0002626,substation,I00071,8.558009886860665
P0002626,fiber_node,I00073,25.888531801347185
P0002626,water_source,I00075,9.644538617176476
P0002626,highway_interchange,I00076,20.871919302446607
P0002626,data_center,I00078,19.24919757292482
P0002627,transmission_line,I00070,4.21431379121376
P0002627,substation,I00071,5.652341937930494
P0002627,fiber_node,I00074,22.789873657514146
P0002627,water_source,I00075,6.466978532735092
P0002627,highway_interchange,I00077,17.66614636850098
P0002627,data_center,I00078,13.143603921136627
P0002628,transmission_line,I00068,16.637882811757862
P0002628,substation,I00071,31.73237648322722
P0002628,fiber_node,I00073,15.170197157704573
P0002628,water_source,I00075,34.429265703089904
P0002628,highway_interchange,I00076,15.550020818025546
P0002628,data_center,I00078,30.92613089304475
P0002629,transmission_line,I00068,4.45475749461958
P0002629,substation,I00071,12.135990322468176
P0002629,fiber_node,I00073,16.33592292205065
P0002629,water_source,I00075,15.456313333858585
P0002629,highway_interchange,I00076,11.189281688800996
P0002629,data_center,I00078,12.97513504811965
P0002630,transmission_line,I00069,17.805398468785377
P0002630,substation,I00072,23.648252935454675
P0002630,fiber_node,I00074,21.00523867547737
P0002630,water_source,I00075,30.89560136556832
P0002630,highway_interchange,I00077,11.311645699528341
P0002630,data_center,I00078,19.96154405346513
P0002631,transmission_line,I00068,20.721423891548845
P0002631,substation,I00071,35.544583016919006
P0002631,fiber_node,I00073,20.7029481706211
P0002631,water_source,I00075,37.910894352345196
P0002631,highway_interchange,I00076,21.11169447232112
P0002631,data_center,I00078,36.10255714472745
P0002632,transmission_line,I00069,5.6319737497884015
P0002632,substation,I00071,9.504520917200905
P0002632,fiber_node,I00073,25.0209805449786
P0002632,water_source,I00075,12.386625270805835
P0002632,highway_interchange,I00077,11.501226103759324
P0002632,data_center,I00078,5.92373467956383
P0002633,transmission_line,I00069,8.43861930134045
P0002633,substation,I00071,10.352946213053647
P0002633,fiber_node,I00073,18.554289651534827
P0002633,water_source,I00075,14.057500471043527
P0002633,highway_interchange,I00076,13.674173263505827
P0002633,data_center,I00078,6.544825795222061
P0002634,transmission_line,I00069,3.405536965038578
P0002634,substation,I00071,14.207455239769835
P0002634,fiber_node,I00074,24.183233210028025
P0002634,water_source,I00075,16.834905529670216
P0002634,highway_interchange,I00077,6.813181599558109
P0002634,data_center,I00078,5.3922535043662565
P0002635,transmission_line,I00069,5.133786685276194
P0002635,substation,I00071,13.16285319969921
P0002635,fiber_node,I00073,18.483162227337893
P0002635,water_source,I00075,16.749258552626383
P0002635,highway_interchange,I00077,11.881846347343291
P0002635,data_center,I00078,2.9387221865955526
P0002636,transmission_line,I00069,8.854928788006884
P0002636,substation,I00072,19.923677552735974
P0002636,fiber_node,I00074,24.031704424057224
P0002636,water_source,I00075,24.37684710045501
P0002636,highway_interchange,I00077,2.2707060867684827
P0002636,data_center,I00078,10.926344674298175
P0002637,transmission_line,I00069,13.917554556326023
P0002637,substation,I00071,25.5734803643758
P0002637,fiber_node,I00073,12.914844481080811
P0002637,water_source,I00075,29.228376501097813
P0002637,highway_interchange,I00076,12.282896919800136
P0002637,data_center,I00078,12.745119343016443
P0002638,transmission_line,I00068,10.465572954615595
P0002638,substation,I00071,7.465247669958601
P0002638,fiber_node,I00073,20.688187410964552
P0002638,water_source,I00075,11.165060756541575
P0002638,highway_interchange,I00076,15.617315866604564
P0002638,data_center,I00078,8.964862920706095
P0002639,transmission_line,I00069,16.797497439444925
P0002639,substation,I00071,29.37535358023268
P0002639,fiber_node,I00073,15.150778583292329
P0002639,water_source,I00075,32.993058659410785
P0002639,highway_interchange,I00076,15.605724101062023
P0002639,data_center,I00078,15.990586702925224
P0002640,transmission_line,I00069,11.750177144509461
P0002640,substation,I00071,24.048055394720095
P0002640,fiber_node,I00073,14.59390035263121
P0002640,water_source,I00075,27.65471293513668
P0002640,highway_interchange,I00076,13.24096812192606
P0002640,data_center,I00078,10.734606556016274
P0002641,transmission_line,I00068,5.8175554805854075
P0002641,substation,I00071,9.307968899169685
P0002641,fiber_node,I00073,19.85283464568413
P0002641,water_source,I00075,12.325086003600008
P0002641,highway_interchange,I00076,14.722338967730566
P0002641,data_center,I00078,14.088148357345858
P0002642,transmission_line,I00069,4.0282573489589275
P0002642,substation,I00071,11.20389040562772
P0002642,fiber_node,I00073,24.645240138774867
P0002642,water_source,I00075,14.089986634591076
P0002642,highway_interchange,I00077,9.8289355175235
P0002642,data_center,I00078,4.726804773291416
P0002643,transmission_line,I00068,6.187634809933322
P0002643,substation,I00071,9.846860047569583
P0002643,fiber_node,I00073,21.718845206208396
P0002643,water_source,I00075,12.151805143035904
P0002643,highway_interchange,I00076,16.711595053757033
P0002643,data_center,I00078,17.001103628297262
P0002644,transmission_line,I00068,9.72252290348567
P0002644,substation,I00071,7.741566697024307
P0002644,fiber_node,I00073,20.262218239341713
P0002644,water_source,I00075,11.411589029431207
P0002644,highway_interchange,I00076,15.16038954287438
P0002644,data_center,I00078,9.46860069967241
P0002645,transmission_line,I00069,5.643046525105103
P0002645,substation,I00071,13.215622182130511
P0002645,fiber_node,I00073,18.025328177775783
P0002645,water_source,I00075,16.832693940118983
P0002645,highway_interchange,I00077,12.343189690900118
P0002645,data_center,I00078,3.431949221865248
P0002646,transmission_line,I00069,9.710294788230946
P0002646,substation,I00072,13.470214058560812
P0002646,fiber_node,I00074,18.390812945726786
P0002646,water_source,I00075,19.685106837139053
P0002646,highway_interchange,I00077,7.777189760381975
P0002646,data_center,I00078,11.886030475430433
P0002647,transmission_line,I00069,11.778716449675336
P0002647,substation,I00071,24.312785968713044
P0002647,fiber_node,I00073,15.043498931489625
P0002647,water_source,I00075,27.90406839024175
P0002647,highway_interchange,I00077,13.024226788265304
P0002647,data_center,I00078,10.854891148390177
P0002648,transmission_line,I00068,10.540758165149015
P0002648,substation,I00071,24.264424518999224
P0002648,fiber_node,I00073,6.3821675966471325
P0002648,water_source,I00075,27.57859626848715
P0002648,highway_interchange,I00076,4.483377684737803
P0002648,data_center,I00078,20.29696192390159
P0002649,transmission_line,I00069,4.7763277681907255
P0002649,substation,I00071,15.900714614144457
P0002649,fiber_node,I00073,17.8045621348683
P0002649,water_source,I00075,19.440194130468132
P0002649,highway_interchange,I00077,10.364170703264575
P0002649,data_center,I00078,2.844562349316741
P0002650,transmission_line,I00070,19.9397246258347
P0002650,substation,I00072,19.06591602987638
P0002650,fiber_node,I00074,10.442426694830097
P0002650,water_source,I00075,28.95762192825837
P0002650,highway_interchange,I00077,18.30141723044327
P0002650,data_center,I00078,24.625030923397745
P0002651,transmission_line,I00070,10.022321496786171
P0002651,substation,I00071,9.686682921861788
P0002651,fiber_node,I00074,25.257815145181972
P0002651,water_source,I00075,6.0485128770064325
P0002651,highway_interchange,I00077,27.529217074235238
P0002651,data_center,I00078,22.757544375850486
P0002652,transmission_line,I00069,5.7848976301907244
P0002652,substation,I00071,11.868378898145286
P0002652,fiber_node,I00073,18.958675311311154
P0002652,water_source,I00075,15.479077282982972
P0002652,highway_interchange,I00077,12.74880999776423
P0002652,data_center,I00078,3.7925988041541263
P0002653,transmission_line,I00068,14.669993697564923
P0002653,substation,I00071,17.555253008947002
P0002653,fiber_node,I00073,30.26984823274064
P0002653,water_source,I00075,17.497775655384025
P0002653,highway_interchange,I00076,25.89743863301262
P0002653,data_center,I00078,28.267154240185572
P0002654,transmission_line,I00070,4.1076256031180804
P0002654,substation,I00072,7.146308243872214
P0002654,fiber_node,I00074,21.80666282446176
P0002654,water_source,I00075,8.508402489975705
P0002654,highway_interchange,I00077,15.734790182109581
P0002654,data_center,I00078,11.87540633267809
P0002655,transmission_line,I00070,3.4956023333754924
P0002655,substation,I00072,2.3673110787292746
P0002655,fiber_node,I00074,15.23603758480129
P0002655,water_source,I00075,12.415875430963574
P0002655,highway_interchange,I00077,18.272925971053255
P0002655,data_center,I00078,17.449345428459427
P0002656,transmission_line,I00069,2.1822285894184823
P0002656,substation,I00071,15.89646317013941
P0002656,fiber_node,I00073,20.56480161556987
P0002656,water_source,I00075,19.208755992293252
P0002656,highway_interchange,I00077,7.722530520092337
P0002656,data_center,I00078,1.6854412287168028
P0002657,transmission_line,I00070,3.7274125324949323
P0002657,substation,I00072,6.7666483716117405
P0002657,fiber_node,I00074,21.506307642171816
P0002657,water_source,I00075,8.479760312570901
P0002657,highway_interchange,I00077,15.942057331076798
P0002657,data_center,I00078,12.226184684686016
P0002658,transmission_line,I00068,7.860699260871418
P0002658,substation,I00071,22.641520035364668
P0002658,fiber_node,I00073,15.656030074786587
P0002658,water_source,I00075,25.13557469322752
P0002658,highway_interchange,I00076,12.856563240269727
P0002658,data_center,I00078,24.39895222496611
P0002659,transmission_line,I00069,6.172912362062072
P0002659,substation,I00072,19.531657363325532
P0002659,fiber_node,I00074,25.601601925708596
P0002659,water_source,I00075,22.734570105310365
P0002659,highway_interchange,I00077,0.9318988099981417
P0002659,data_center,I00078,8.149556741535356
P0002660,transmission_line,I00068,4.911199280319839
P0002660,substation,I00071,19.936726802484028
P0002660,fiber_node,I00073,12.749326793362822
P0002660,water_source,I00075,22.85237519784301
P0002660,highway_interchange,I00076,8.999941324731694
P0002660,data_center,I00078,20.032799080564953
P0002661,transmission_line,I00069,16.29563107663014
P0002661,substation,I00071,30.32047899267511
P0002661,fiber_node,I00073,20.075292889427413
P0002661,water_source,I00075,33.76504791501415
P0002661,highway_interchange,I00077,14.316616745834896
P0002661,data_center,I00078,16.16956157766452
P0002662,transmission_line,I00069,8.728003317699125
P0002662,substation,I00071,13.292057607883741
P0002662,fiber_node,I00073,15.839012603652064
P0002662,water_source,I00075,17.00021050026226
P0002662,highway_interchange,I00076,11.142242798907043
P0002662,data_center,I00078,6.509644825650673
P0002663,transmission_line,I00069,9.854706511533033
P0002663,substation,I00071,23.939405896370545
P0002663,fiber_node,I00073,19.081452761277863
P0002663,water_source,I00075,27.339155971419945
P0002663,highway_interchange,I00077,9.269972884932349
P0002663,data_center,I00078,9.725903364481608
P0002664,transmission_line,I00069,2.9514484605341225
P0002664,substation,I00071,17.779226548378187
P0002664,fiber_node,I00073,22.51968761389199
P0002664,water_source,I00075,20.874253391220147
P0002664,highway_interchange,I00077,4.974305155734229
P0002664,data_center,I00078,4.2371193063850585
P0002665,transmission_line,I00069,4.8611841818588
P0002665,substation,I00071,17.17657863425164
P0002665,fiber_node,I00073,17.97790380390638
P0002665,water_source,I00075,20.674347042534063
P0002665,highway_interchange,I00077,9.503569865896598
P0002665,data_center,I00078,3.4502483538398323
P0002666,transmission_line,I00070,2.582940879722824
P0002666,substation,I00072,5.175695612094906
P0002666,fiber_node,I00074,19.130909456025353
P0002666,water_source,I00075,10.18615485339272
P0002666,highway_interchange,I00077,15.717181763089641
P0002666,data_center,I00078,13.387751532712413
P0002667,transmission_line,I00069,13.653204450993602
P0002667,substation,I00071,21.766394602663794
P0002667,fiber_node,I00073,9.074790638148977
P0002667,water_source,I00075,25.473958090480856
P0002667,highway_interchange,I00076,6.5624099822858275
P0002667,data_center,I00078,11.72457452470186
P0002668,transmission_line,I00069,7.949867295624009
P0002668,substation,I00072,11.951732696851304
P0002668,fiber_node,I00074,19.629725894795826
P0002668,water_source,I00075,17.063020523981052
P0002668,highway_interchange,I00077,8.306567845904965
P0002668,data_center,I00078,9.946863191264992
P0002669,transmission_line,I00068,20.767925139890888
P0002669,substation,I00071,26.192879976473563
P0002669,fiber_node,I00073,34.65459040196475
P0002669,water_source,I00075,26.028100445306737
P0002669,highway_interchange,I00076,31.05529042518783
P0002669,data_center,I00078,36.258811412427406
P0002670,transmission_line,I00070,8.225773171423366
P0002670,substation,I00072,9.826427831483558
P0002670,fiber_node,I00074,18.39167852436142
P0002670,water_source,I00075,15.594106142281506
P0002670,highway_interchange,I00077,10.439616623522745
P0002670,data_center,I00078,11.174578911761415
P0002671,transmission_line,I00069,19.251775320086672
P0002671,substation,I00072,23.65884784211111
P0002671,fiber_node,I00074,19.675483719315693
P0002671,water_source,I00075,31.464756236846675
P0002671,highway_interchange,I00077,12.9934567401314
P0002671,data_center,I00078,21.4462961304854
P0002672,transmission_line,I00069,21.420825432696468
P0002672,substation,I00072,27.491426962508932
P0002672,fiber_node,I00074,23.204949794875137
P0002672,water_source,I00075,34.920095796144075
P0002672,highway_interchange,I00077,14.627067896142348
P0002672,data_center,I00078,23.51050601379961
P0002673,transmission_line,I00069,15.322260568929446
P0002673,substation,I00071,26.02149437942438
P0002673,fiber_node,I00073,10.848139793239964
P0002673,water_source,I00075,29.713470621331876
P0002673,highway_interchange,I00076,10.651081590460869
P0002673,data_center,I00078,13.924907634858881
P0002674,transmission_line,I00069,11.929473282380915
P0002674,substation,I00072,26.477920377619814
P0002674,fiber_node,I00073,26.63791667204987
P0002674,water_source,I00075,29.535052494583493
P0002674,highway_interchange,I00077,6.267239408720528
P0002674,data_center,I00078,13.179845638725105
P0002675,transmission_line,I00069,6.367868363837753
P0002675,substation,I00071,21.018384730152672
P0002675,fiber_node,I00073,21.20971381268585
P0002675,water_source,I00075,24.24756267137233
P0002675,highway_interchange,I00077,5.853660627175515
P0002675,data_center,I00078,6.8555203027239235
P0002676,transmission_line,I00068,10.589939636223168
P0002676,substation,I00071,5.310047849448612
P0002676,fiber_node,I00073,22.615876531464323
P0002676,water_source,I00075,8.908697263407726
P0002676,highway_interchange,I00076,17.47303557416581
P0002676,data_center,I00078,11.264291322557032
P0002677,transmission_line,I00069,16.621583312149053
P0002677,substation,I00072,26.37493752864594
P0002677,fiber_node,I00074,25.956953306460086
P0002677,water_source,I00075,32.123418289007695
P0002677,highway_interchange,I00077,9.567102125989909
P0002677,data_center,I00078,18.51466308234988
P0002678,transmission_line,I00069,11.403438839868361
P0002678,substation,I00071,21.023849273720565
P0002678,fiber_node,I00073,11.632204491903941
P0002678,water_source,I00075,24.7193155995974
P0002678,highway_interchange,I00076,9.080329724434144
P0002678,data_center,I00078,9.639078982890503
P0002679,transmission_line,I00069,5.355480246205948
P0002679,substation,I00071,11.593030558587158
P0002679,fiber_node,I00073,19.592532147275318
P0002679,water_source,I00075,15.164043823311744
P0002679,highway_interchange,I00077,12.375629927753895
P0002679,data_center,I00078,3.501844789778772
P0002680,transmission_line,I00070,8.270458461253742
P0002680,substation,I00071,5.864888910052598
P0002680,fiber_node,I00074,25.819378608843497
P0002680,water_source,I00075,8.763099459846886
P0002680,highway_interchange,I00077,15.128102670705458
P0002680,data_center,I00078,9.012976467043805
P0002681,transmission_line,I00068,22.77184932105275
P0002681,substation,I00071,35.53579689742235
P0002681,fiber_node,I00073,28.761904076724417
P0002681,water_source,I00075,37.010768031104426
P0002681,highway_interchange,I00076,27.634567891207954
P0002681,data_center,I00078,39.955089417878064
P0002682,transmission_line,I00068,5.112911512120008
P0002682,substation,I00071,11.667217794329238
P0002682,fiber_node,I00073,16.60713766386174
P0002682,water_source,I00075,15.047093257098705
P0002682,highway_interchange,I00076,11.44425802765443
P0002682,data_center,I00078,12.370082830117282
P0002683,transmission_line,I00069,6.495480900944591
P0002683,substation,I00071,21.043669825170078
P0002683,fiber_node,I00073,25.150537222439937
P0002683,water_source,I00075,23.897206804282128
P0002683,highway_interchange,I00077,1.853964552669204
P0002683,data_center,I00078,8.107375594889906
P0002684,transmission_line,I00069,16.86378557859109
P0002684,substation,I00072,31.537573712021615
P0002684,fiber_node,I00073,28.207346770710004
P0002684,water_source,I00075,34.62814333868513
P0002684,highway_interchange,I00077,11.392138772233592
P0002684,data_center,I00078,17.875582250508913
P0002685,transmission_line,I00068,13.900000031324865
P0002685,substation,I00071,22.886266154680538
P0002685,fiber_node,I00073,6.387246527901046
P0002685,water_source,I00075,26.562786538003408
P0002685,highway_interchange,I00076,4.024750952043459
P0002685,data_center,I00078,14.168500798736972
P0002686,transmission_line,I00069,5.250885765435261
P0002686,substation,I00071,10.031683626413688
P0002686,fiber_node,I00073,25.160088463164488
P0002686,water_source,I00075,12.85951017528219
P0002686,highway_interchange,I00077,10.96386318425255
P0002686,data_center,I00078,5.732664431680142
P0002687,transmission_line,I00068,9.299395555122674
P0002687,substation,I00071,21.189267668073455
P0002687,fiber_node,I00073,7.002230220534437
P0002687,water_source,I00075,24.676237765078575
P0002687,highway_interchange,I00076,2.0373434895593774
P0002687,data_center,I00078,16.16086024300916
P0002688,transmission_line,I00070,6.100680164520696
P0002688,substation,I00071,4.3021062183002154
P0002688,fiber_node,I00074,24.53192277580565
P0002688,water_source,I00075,2.999408465520616
P0002688,highway_interchange,I00077,21.349801972880346
P0002688,data_center,I00078,16.15849566228378
P0002689,transmission_line,I00068,6.605685988539745
P0002689,substation,I00071,8.936245983578088
P0002689,fiber_node,I00073,21.70506998349809
P0002689,water_source,I00075,11.434710654431989
P0002689,highway_interchange,I00076,16.632570374920682
P0002689,data_center,I00078,16.019180571035747
P0002690,transmission_line,I00069,1.4797629941643793
P0002690,substation,I00071,13.443604696099673
P0002690,fiber_node,I00073,23.22069508559114
P0002690,water_source,I00075,16.49759631729598
P0002690,highway_interchange,I00077,8.000289761418824
P0002690,data_center,I00078,2.7097157766383257
P0002691,transmission_line,I00068,8.038498068164703
P0002691,substation,I00071,10.456779565521504
P0002691,fiber_node,I00073,17.491918913965854
P0002691,water_source,I00075,14.084324118844066
P0002691,highway_interchange,I00076,12.380134609649032
P0002691,data_center,I00078,9.553893389717471
P0002692,transmission_line,I00069,3.2634778149530046
P0002692,substation,I00071,11.607515547645702
P0002692,fiber_node,I00073,23.505099689791628
P0002692,water_source,I00075,14.67613396209101
P0002692,highway_interchange,I00077,9.689595846330148
P0002692,data_center,I00078,3.604043040183137
P0002693,transmission_line,I00069,8.336418453324308
P0002693,substation,I00071,16.14638580661981
P0002693,fiber_node,I00073,14.48262911332812
P0002693,water_source,I00075,19.83932728139892
P0002693,highway_interchange,I00076,10.399152652780865
P0002693,data_center,I00078,6.154952161543185
P0002694,transmission_line,I00069,10.756296062497448
P0002694,substation,I00071,19.70261570843041
P0002694,fiber_node,I00073,11.909211545268334
P0002694,water_source,I00075,23.403188277344118
P0002694,highway_interchange,I00076,8.776924812548927
P0002694,data_center,I00078,8.841602884184432
P0002695,transmission_line,I00069,1.3188440820257268
P0002695,substation,I00071,13.787337382401404
P0002695,fiber_node,I00073,21.90998632619061
P0002695,water_source,I00075,17.00489908720756
P0002695,highway_interchange,I00077,8.375078051496185
P0002695,data_center,I00078,1.3889673033498033
P0002696,transmission_line,I00069,11.467774766306567
P0002696,substation,I00072,15.83400250115418
P0002696,fiber_node,I00074,18.220990810296666
P0002696,water_source,I00075,22.548383577659052
P0002696,highway_interchange,I00077,7.571584764162899
P0002696,data_center,I00078,13.714584630362697
P0002697,transmission_line,I00068,8.199294924445418
P0002697,substation,I00071,15.929842453267462
P0002697,fiber_node,I00073,12.056559074161662
P0002697,water_source,I00075,19.552367219708085
P0002697,highway_interchange,I00076,7.0156733234068005
P0002697,data_center,I00078,10.891033299677298
P0002698,transmission_line,I00069,5.451704850087389
P0002698,substation,I00071,16.736463730517954
P0002698,fiber_node,I00073,17.176687435486713
P0002698,water_source,I00075,20.29522150619994
P0002698,highway_interchange,I00077,10.545141844947034
P0002698,data_center,I00078,3.673139014330327
P0002699,transmission_line,I00070,19.684368148590337
P0002699,substation,I00071,15.443661719200986
P0002699,fiber_node,I00074,34.66215346714074
P0002699,water_source,I00075,12.360528748425827
P0002699,highway_interchange,I00076,35.05341798678424
P0002699,data_center,I00078,29.697585673527684
P0002700,transmission_line,I00070,7.709802356744836
P0002700,substation,I00071,5.19854816343507
P0002700,fiber_node,I00074,25.575996634352883
P0002700,water_source,I00075,7.951934224470695
P0002700,highway_interchange,I00077,15.837823007163877
P0002700,data_center,I00078,9.867512195073775
P0002701,transmission_line,I00069,8.998221447734
P0002701,substation,I00071,23.816926469109436
P0002701,fiber_node,I00073,23.17974751427421
P0002701,water_source,I00075,26.923820460538217
P0002701,highway_interchange,I00077,5.60045974183915
P0002701,data_center,I00078,9.847492755950451
P0002702,transmission_line,I00069,9.304269258014115
P0002702,substation,I00072,17.4875580022943
P0002702,fiber_node,I00074,21.295295250363665
P0002702,water_source,I00075,22.849149657980686
P0002702,highway_interchange,I00077,4.493627119661563
P0002702,data_center,I00078,11.538049685954622
P0002703,transmission_line,I00069,7.166373385472015
P0002703,substation,I00072,10.877556270951855
P0002703,fiber_node,I00074,20.860063002912355
P0002703,water_source,I00075,14.708464607029349
P0002703,highway_interchange,I00077,9.635239355962236
P0002703,data_center,I00078,8.798672211380083
P0002704,transmission_line,I00069,5.536542696233102
P0002704,substation,I00071,18.06883049301644
P0002704,fiber_node,I00073,17.631100800623553
P0002704,water_source,I00075,21.57331116884502
P0002704,highway_interchange,I00077,9.53095903161495
P0002704,data_center,I00078,4.308275647046728
P0002705,transmission_line,I00068,13.480012636963613
P0002705,substation,I00071,26.006887652937102
P0002705,fiber_node,I00073,2.7227080710319274
P0002705,water_source,I00075,29.49605290224222
P0002705,highway_interchange,I00076,3.452425234257446
P0002705,data_center,I00078,19.891785795814037
P0002706,transmission_line,I00068,10.868142460158102
P0002706,substation,I00071,10.517812830386168
P0002706,fiber_node,I00073,26.844491823494106
P0002706,water_source,I00075,11.137735009878215
P0002706,highway_interchange,I00076,21.944956208463182
P0002706,data_center,I00078,21.36129214033608
P0002707,transmission_line,I00069,28.082908462774178
P0002707,substation,I00072,32.74501982657856
P0002707,fiber_node,I00074,25.37066382577487
P0002707,water_source,I00075,40.95408637573676
P0002707,highway_interchange,I00077,21.284131576149544
P0002707,data_center,I00078,30.177169329065276
P0002708,transmission_line,I00069,11.248151476475485
P0002708,substation,I00071,4.439562529505579
P0002708,fiber_node,I00073,23.897971325650072
P0002708,water_source,I00075,8.137601333508949
P0002708,highway_interchange,I00077,17.940381185309715
P0002708,data_center,I00078,10.285633211031836
P0002709,transmission_line,I00069,13.263821005856384
P0002709,substation,I00071,27.665548809977928
P0002709,fiber_node,I00073,20.95956994432886
P0002709,water_source,I00075,31.008976656498
P0002709,highway_interchange,I00077,10.906002505332367
P0002709,data_center,I00078,13.411958006766604
P0002710,transmission_line,I00070,8.340423197480275
P0002710,substation,I00071,6.158192649117695
P0002710,fiber_node,I00074,25.754433514127395
P0002710,water_source,I00075,9.050469268417977
P0002710,highway_interchange,I00077,14.834299126210906
P0002710,data_center,I00078,8.754946648397352
P0002711,transmission_line,I00070,6.944333469236089
P0002711,substation,I00071,9.036447458593596
P0002711,fiber_node,I00074,22.683388134192214
P0002711,water_source,I00075,11.149010842306737
P0002711,highway_interchange,I00077,12.598855776846436
P0002711,data_center,I00078,8.798361599150848
P0002712,transmission_line,I00069,2.777539472045995
P0002712,substation,I00071,16.522022232639276
P0002712,fiber_node,I00073,24.83594945527914
P0002712,water_source,I00075,19.332348746093366
P0002712,highway_interchange,I00077,4.582644473367446
P0002712,data_center,I00078,4.989525158929155
P0002713,transmission_line,I00069,3.140577707635164
P0002713,substation,I00071,12.823546614743472
P0002713,fiber_node,I00073,20.647404952181326
P0002713,water_source,I00075,16.223870186884536
P0002713,highway_interchange,I00077,10.161986571321806
P0002713,data_center,I00078,1.4745660857601457
P0002714,transmission_line,I00069,4.812597857821062
P0002714,substation,I00071,17.926450444460507
P0002714,fiber_node,I00073,18.519360674328013
P0002714,water_source,I00075,21.37364426316225
P0002714,highway_interchange,I00077,8.67316653909586
P0002714,data_center,I00078,3.867420559756651
P0002715,transmission_line,I00069,9.649279696359066
P0002715,substation,I00071,24.30465371969335
P0002715,fiber_node,I00073,21.605157950153277
P0002715,water_source,I00075,27.543487467017446
P0002715,highway_interchange,I00077,7.334769650599108
P0002715,data_center,I00078,10.098327604277127
P0002716,transmission_line,I00069,8.805339073919697
P0002716,substation,I00071,9.765866992968652
P0002716,fiber_node,I00073,18.951511958650205
P0002716,water_source,I00075,13.473099949512273
P0002716,highway_interchange,I00076,14.020307679376298
P0002716,data_center,I00078,6.9914396921425634
P0002717,transmission_line,I00068,6.290848012154109
P0002717,substation,I00071,17.242003612765277
P0002717,fiber_node,I00073,10.931007588201844
P0002717,water_source,I00075,20.70459342279781
P0002717,highway_interchange,I00076,5.789529349703457
P0002717,data_center,I00078,13.875351533310868
P0002718,transmission_line,I00070,6.841773881999867
P0002718,substation,I00071,3.448498887496332
P0002718,fiber_node,I00074,25.364901918052666
P0002718,water_source,I00075,2.4520224047290546
P0002718,highway_interchange,I00077,21.40718150436839
P0002718,data_center,I00078,15.875403488504963
P0002719,transmission_line,I00069,1.444251371079096
P0002719,substation,I00071,14.32072430194433
P0002719,fiber_node,I00073,21.309989868974906
P0002719,water_source,I00075,17.593142842866435
P0002719,highway_interchange,I00077,8.321007792854612
P0002719,data_center,I00078,0.8184995590484602
P0002720,transmission_line,I00069,23.22580704806667
P0002720,substation,I00072,28.614660452721175
P0002720,fiber_node,I00074,23.246840940419343
P0002720,water_source,I00075,36.371366528623604
P0002720,highway_interchange,I00077,16.470217521940075
P0002720,data_center,I00078,25.33040336472962
P0002721,transmission_line,I00069,16.175077115175124
P0002721,substation,I00071,25.591103242018757
P0002721,fiber_node,I00073,8.521299411600015
P0002721,water_source,I00075,29.299583828614573
P0002721,highway_interchange,I00076,8.386897054766804
P0002721,data_center,I00078,14.526309460127562
P0002722,transmission_line,I00070,7.110283281256137
P0002722,substation,I00072,4.911495577079588
P0002722,fiber_node,I00074,11.632660959138908
P0002722,water_source,I00075,15.740600394988695
P0002722,highway_interchange,I00077,19.79351646930566
P0002722,data_center,I00078,20.336713231746934
P0002723,transmission_line,I00068,4.27807579400034
P0002723,substation,I00071,12.06924838076019
P0002723,fiber_node,I00073,16.505223245491415
P0002723,water_source,I00075,15.357033314292917
P0002723,highway_interchange,I00076,11.366770136356497
P0002723,data_center,I00078,13.201304527664757
P0002724,transmission_line,I00069,12.307553529626734
P0002724,substation,I00072,16.250887964087386
P0002724,fiber_node,I00074,17.80435385546062
P0002724,water_source,I00075,23.251897156629216
P0002724,highway_interchange,I00077,8.132653961929487
P0002724,data_center,I00078,14.556562121582362
P0002725,transmission_line,I00069,3.4385081155190313
P0002725,substation,I00071,16.66964159573366
P0002725,fiber_node,I00074,25.03488065119718
P0002725,water_source,I00075,19.37737289401841
P0002725,highway_interchange,I00077,4.3263233975282045
P0002725,data_center,I00078,5.677037098225503
P0002726,transmission_line,I00069,5.080175558155179
P0002726,substation,I00071,17.564928782254228
P0002726,fiber_node,I00073,17.90602137877649
P0002726,water_source,I00075,21.06017444750045
P0002726,highway_interchange,I00077,9.419220130683305
P0002726,data_center,I00078,3.782986134310973
P0002727,transmission_line,I00068,12.681849128492448
P0002727,substation,I00071,22.450860490023725
P0002727,fiber_node,I00073,5.964042058330421
P0002727,water_source,I00075,26.094194543775764
P0002727,highway_interchange,I00076,2.633891359167771
P0002727,data_center,I00078,14.662362243794385
P0002728,transmission_line,I00070,3.829498064485089
P0002728,substation,I00072,2.9047246082133644
P0002728,fiber_node,I00074,18.866533324087385
P0002728,water_source,I00075,8.561495843467235
P0002728,highway_interchange,I00077,22.092111333347166
P0002728,data_center,I00078,19.304295483195183
P0002729,transmission_line,I00069,8.979631575608995
P0002729,substation,I00071,7.252284892526808
P0002729,fiber_node,I00073,21.70349975720493
P0002729,water_source,I00075,10.924937930193218
P0002729,highway_interchange,I00077,15.921915354030968
P0002729,data_center,I00078,7.714496808812761
P0002730,transmission_line,I00068,7.463043717401138
P0002730,substation,I00071,13.290633878730917
P0002730,fiber_node,I00073,14.656680482339251
P0002730,water_source,I00075,16.90522270456196
P0002730,highway_interchange,I00076,9.556223897054775
P0002730,data_center,I00078,10.074807535693026
P0002731,transmission_line,I00069,8.32179845133554
P0002731,substation,I00071,22.41294184153262
P0002731,fiber_node,I00073,19.13580756811036
P0002731,water_source,I00075,25.79934620607549
P0002731,highway_interchange,I00077,8.37983966257785
P0002731,data_center,I00078,8.1844931677575
P0002732,transmission_line,I00069,4.408042874327044
P0002732,substation,I00071,10.881335154479096
P0002732,fiber_node,I00073,24.871678330342966
P0002732,water_source,I00075,13.735368504806386
P0002732,highway_interchange,I00077,10.128848260082082
P0002732,data_center,I00078,5.067922719101868
P0002733,transmission_line,I00069,6.063073256041583
P0002733,substation,I00071,11.330769305358684
P0002733,fiber_node,I00074,22.70711132033738
P0002733,water_source,I00075,13.629544177620286
P0002733,highway_interchange,I00077,10.092057134787028
P0002733,data_center,I00078,7.321939520199021
P0002734,transmission_line,I00069,9.339619515154938
P0002734,substation,I00071,7.095609527582932
P0002734,fiber_node,I00073,21.645920415227433
P0002734,water_source,I00075,10.785496220957095
P0002734,highway_interchange,I00077,16.290014307377245
P0002734,data_center,I00078,8.044703778239732
P0002735,transmission_line,I00068,6.25372752202922
P0002735,substation,I00071,8.883290483490832
P0002735,fiber_node,I00073,20.756037471053023
P0002735,water_source,I00075,11.714297377234379
P0002735,highway_interchange,I00076,15.641665766329494
P0002735,data_center,I00078,14.79888576138707
P0002736,transmission_line,I00069,9.306983081280645
P0002736,substation,I00071,13.608548730749954
P0002736,fiber_node,I00073,15.290871384062685
P0002736,water_source,I00075,17.31656289326463
P0002736,highway_interchange,I00076,10.554706644557545
P0002736,data_center,I00078,7.078139337339744
P0002737,transmission_line,I00069,19.00717149133951
P0002737,substation,I00072,29.470419838197905
P0002737,fiber_node,I00074,28.566582522377246
P0002737,water_source,I00075,35.04336414864633
P0002737,highway_interchange,I00077,11.999466440346842
P0002737,data_center,I00078,20.754453909402695
P0002738,transmission_line,I00069,10.289309559651993
P0002738,substation,I00071,15.641382756844616
P0002738,fiber_node,I00073,13.351534228598394
P0002738,water_source,I00075,19.34681441665601
P0002738,highway_interchange,I00076,8.787153450624803
P0002738,data_center,I00078,8.043048574712753
P0002739,transmission_line,I00069,13.272526260457223
P0002739,substation,I00072,14.436094703546106
P0002739,fiber_node,I00074,15.686121164410325
P0002739,water_source,I00075,22.196787031266204
P0002739,highway_interchange,I00077,10.071332988088969
P0002739,data_center,I00078,15.478708100746376
P0002740,transmission_line,I00070,8.09356497755998
P0002740,substation,I00072,9.383628104693281
P0002740,fiber_node,I00074,17.32836104319871
P0002740,water_source,I00075,15.923291985441663
P0002740,highway_interchange,I00077,11.075292397067829
P0002740,data_center,I00078,12.231384633418445
P0002741,transmission_line,I00070,6.204446412886139
P0002741,substation,I00071,4.552498607376731
P0002741,fiber_node,I00074,24.51608106644538
P0002741,water_source,I00075,2.8680597651627036
P0002741,highway_interchange,I00077,21.72340425075462
P0002741,data_center,I00078,16.569166899947703
P0002742,transmission_line,I00068,8.086663988286707
P0002742,substation,I00071,12.354050504622567
P0002742,fiber_node,I00073,15.659674783401057
P0002742,water_source,I00075,16.00136459093343
P0002742,highway_interchange,I00076,10.593372482529293
P0002742,data_center,I00078,9.276118322008625
P0002743,transmission_line,I00069,12.31394654007656
P0002743,substation,I00072,18.71573266139156
P0002743,fiber_node,I00074,19.991729888890376
P0002743,water_source,I00075,25.137005946177094
P0002743,highway_interchange,I00077,6.793617146980662
P0002743,data_center,I00078,14.541351820082905
P0002744,transmission_line,I00069,6.461023457666883
P0002744,substation,I00071,8.519951348743424
P0002744,fiber_node,I00073,22.924054876914713
P0002744,water_source,I00075,11.88726296432692
P0002744,highway_interchange,I00077,13.177496828856746
P0002744,data_center,I00078,5.743789064320836
P0002745,transmission_line,I00068,6.797310631464834
P0002745,substation,I00071,19.717502771693596
P0002745,fiber_node,I00073,9.271918169454304
P0002745,water_source,I00075,23.06843602024103
P0002745,highway_interchange,I00076,4.618177341077084
P0002745,data_center,I00078,16.58992634119486
P0002746,transmission_line,I00069,6.5605351581932005
P0002746,substation,I00071,11.868582892353947
P0002746,fiber_node,I00073,18.349956673265
P0002746,water_source,I00075,15.523293210421715
P0002746,highway_interchange,I00077,13.485485819540711
P0002746,data_center,I00078,4.50897974119959
P0002747,transmission_line,I00069,5.708074251400025
P0002747,substation,I00071,12.594300255802345
P0002747,fiber_node,I00073,18.417187670733572
P0002747,water_source,I00075,16.21093383670723
P0002747,highway_interchange,I00077,12.550451714292882
P0002747,data_center,I00078,3.576279453968413
P0002748,transmission_line,I00070,6.5932439375314615
P0002748,substation,I00071,7.798643711890953
P0002748,fiber_node,I00074,23.25808273490596
P0002748,water_source,I00075,9.951549788222845
P0002748,highway_interchange,I00077,13.7314058229977
P0002748,data_center,I00078,9.283943175783818
P0002749,transmission_line,I00069,20.96673336046975
P0002749,substation,I00072,24.021770375651762
P0002749,fiber_node,I00074,18.548694595030515
P0002749,water_source,I00075,32.34577503053191
P0002749,highway_interchange,I00077,14.90676308341461
P0002749,data_center,I00078,23.185024212657925
P0002750,transmission_line,I00068,10.100099871924655
P0002750,substation,I00071,5.008957653392823
P0002750,fiber_node,I00073,23.694167129269136
P0002750,water_source,I00075,8.024616778397156
P0002750,highway_interchange,I00076,18.525986105045654
P0002750,data_center,I00078,13.80459810952071
P0002751,transmission_line,I00068,5.787609729495228
P0002751,substation,I00071,17.91300419726382
P0002751,fiber_node,I00073,19.791065789019132
P0002751,water_source,I00075,19.92939169190644
P0002751,highway_interchange,I00076,15.797404041871284
P0002751,data_center,I00078,22.89897198970169
P0002752,transmission_line,I00069,5.9736648678458755
P0002752,substation,I00071,10.455695948470009
P0002752,fiber_node,I00074,23.54282064065811
P0002752,water_source,I00075,12.922214527190969
P0002752,highway_interchange,I00077,10.719584171924774
P0002752,data_center,I00078,6.92162210289846
P0002753,transmission_line,I00070,19.124976993528705
P0002753,substation,I00072,17.084067489777002
P0002753,fiber_node,I00074,2.206523536434458
P0002753,water_source,I00075,27.92530299082249
P0002753,highway_interchange,I00077,24.445191493894097
P0002753,data_center,I00078,28.798203123847436
P0002754,transmission_line,I00069,19.125693906820086
P0002754,substation,I00072,32.54328553049002
P0002754,fiber_node,I00073,31.535247293502504
P0002754,water_source,I00075,36.54137580645126
P0002754,highway_interchange,I00077,12.928552974034506
P0002754,data_center,I00078,20.38125059693613
P0002755,transmission_line,I00068,10.673588807292601
P0002755,substation,I00071,5.404961156345941
P0002755,fiber_node,I00073,22.52157501471038
P0002755,water_source,I00075,9.031681774016691
P0002755,highway_interchange,I00076,17.385364038883303
P0002755,data_center,I00078,11.007667143869746
P0002756,transmission_line,I00068,6.593442524018511
P0002756,substation,I00071,8.53187924867412
P0002756,fiber_node,I00073,20.96653897609016
P0002756,water_source,I00075,11.390116421081997
P0002756,highway_interchange,I00076,15.840688705565704
P0002756,data_center,I00078,14.608102759753383
P0002757,transmission_line,I00069,7.5819274445066345
P0002757,substation,I00071,22.17729360390559
P0002757,fiber_node,I00073,25.40637118063785
P0002757,water_source,I00075,25.033696948981422
P0002757,highway_interchange,I00077,2.3151353241205226
P0002757,data_center,I00078,9.100814839618693
P0002758,transmission_line,I00069,22.777623505393557
P0002758,substation,I00072,35.84777964668042
P0002758,fiber_node,I00073,34.22297806138754
P0002758,water_source,I00075,40.14593958684305
P0002758,highway_interchange,I00077,16.510925828452947
P0002758,data_center,I00078,24.021146706125958
P0002759,transmission_line,I00069,6.767404997169306
P0002759,substation,I00071,9.776242567367321
P0002759,fiber_node,I00074,23.294865719342702
P0002759,water_source,I00075,12.144034446792492
P0002759,highway_interchange,I00077,11.511378114899058
P0002759,data_center,I00078,7.601466830960991
P0002760,transmission_line,I00069,7.340389110396399
P0002760,substation,I00071,12.990397621648283
P0002760,fiber_node,I00073,16.915628033790288
P0002760,water_source,I00075,16.677329221148383
P0002760,highway_interchange,I00076,12.351911303072955
P0002760,data_center,I00078,5.136722291511162
P0002761,transmission_line,I00069,11.768159951587174
P0002761,substation,I00071,26.409707306925952
P0002761,fiber_node,I00073,22.013590488777275
P0002761,water_source,I00075,29.66030784974662
P0002761,highway_interchange,I00077,8.889960810236998
P0002761,data_center,I00078,12.18344260422847
P0002762,transmission_line,I00069,9.585318911616906
P0002762,substation,I00071,17.83663405517848
P0002762,fiber_node,I00073,13.018251918417405
P0002762,water_source,I00075,21.53702282613319
P0002762,highway_interchange,I00076,9.276512432766534
P0002762,data_center,I00078,7.513024775215762
P0002763,transmission_line,I00069,8.678316621342313
P0002763,substation,I00071,21.650464509440653
P0002763,fiber_node,I00073,16.639795835608997
P0002763,water_source,I00075,25.17710547707414
P0002763,highway_interchange,I00077,10.47590765432166
P0002763,data_center,I00078,7.8514865597197865
P0002764,transmission_line,I00069,4.141071657856187
P0002764,substation,I00071,18.4743442251466
P0002764,fiber_node,I00073,20.413039344162094
P0002764,water_source,I00075,21.767911218335474
P0002764,highway_interchange,I00077,6.646824359957814
P0002764,data_center,I00078,4.247944524155964
P0002765,transmission_line,I00068,5.445214625930188
P0002765,substation,I00071,9.657874522500002
P0002765,fiber_node,I00073,19.80434786701817
P0002765,water_source,I00075,12.592590181190397
P0002765,highway_interchange,I00076,14.694791910632857
P0002765,data_center,I00078,14.555582509726223
P0002766,transmission_line,I00070,11.700814844308296
P0002766,substation,I00072,11.752789371989138
P0002766,fiber_node,I00074,13.43133384028845
P0002766,water_source,I00075,20.400408048628613
P0002766,highway_interchange,I00077,12.505661750309015
P0002766,data_center,I00078,16.469954038532315
P0002767,transmission_line,I00070,14.05664993508745
P0002767,substation,I00072,13.782403564853
P0002767,fiber_node,I00074,12.191957528679833
P0002767,water_source,I00075,22.88563488921894
P0002767,highway_interchange,I00077,13.591712760100839
P0002767,data_center,I00078,18.585793147400082
P0002768,transmission_line,I00069,20.579390445437525
P0002768,substation,I00072,28.086492181231215
P0002768,fiber_node,I00074,24.901735251340437
P0002768,water_source,I00075,34.95747692579473
P0002768,highway_interchange,I00077,13.614185852321905
P0002768,data_center,I00078,22.586094852896615
P0002769,transmission_line,I00069,11.26609604713668
P0002769,substation,I00072,17.490843149063085
P0002769,fiber_node,I00074,19.718107739959297
P0002769,water_source,I00075,23.7579006997377
P0002769,highway_interchange,I00077,6.3660379008192605
P0002769,data_center,I00078,13.511289459411385
P0002770,transmission_line,I00068,13.5794105983385
P0002770,substation,I00071,13.978566406058018
P0002770,fiber_node,I00073,29.594259970395164
P0002770,water_source,I00075,13.84311794306688
P0002770,highway_interchange,I00076,24.903186383203668
P0002770,data_center,I00078,25.36086465751829
P0002771,transmission_line,I00069,5.488109823735781
P0002771,substation,I00072,13.922403785520013
P0002771,fiber_node,I00074,22.14497874399032
P0002771,water_source,I00075,17.56276707306112
P0002771,highway_interchange,I00077,6.459188444849
P0002771,data_center,I00078,7.593530576927707
P0002772,transmission_line,I00068,10.945394649254569
P0002772,substation,I00071,19.68054016525592
P0002772,fiber_node,I00073,8.64196725854745
P0002772,water_source,I00075,23.334843566567415
P0002772,highway_interchange,I00076,4.169052061598675
P0002772,data_center,I00078,12.382549839254017
P0002773,transmission_line,I00070,4.981282523404061
P0002773,substation,I00072,6.999054153752639
P0002773,fiber_node,I00074,18.627144384264323
P0002773,water_source,I00075,12.469262573005413
P0002773,highway_interchange,I00077,13.345796761926438
P0002773,data_center,I00078,12.09278988574224
P0002774,transmission_line,I00070,12.250586079733822
P0002774,substation,I00072,12.100335786945996
P0002774,fiber_node,I00074,12.64380353522105
P0002774,water_source,I00075,21.05356070412762
P0002774,highway_interchange,I00077,13.183662890199512
P0002774,data_center,I00078,17.366532746969856
P0002775,transmission_line,I00069,6.095564813124748
P0002775,substation,I00071,8.816841907826223
P0002775,fiber_node,I00073,23.072946250267464
P0002775,water_source,I00075,12.131433405308536
P0002775,highway_interchange,I00077,12.767355355298092
P0002775,data_center,I00078,5.483495715546565
P0002776,transmission_line,I00068,4.251581050358384
P0002776,substation,I00071,12.399305344984407
P0002776,fiber_node,I00073,16.12156846231995
P0002776,water_source,I00075,15.709311387894127
P0002776,highway_interchange,I00076,10.981469424273062
P0002776,data_center,I00078,13.13706125558957
P0002777,transmission_line,I00068,5.539614341180444
P0002777,substation,I00071,9.651758324672237
P0002777,fiber_node,I00073,19.36270647752953
P0002777,water_source,I00075,12.732673665518211
P0002777,highway_interchange,I00076,14.228771538402718
P0002777,data_center,I00078,13.847653307831967
P0002778,transmission_line,I00070,7.026282236413337
P0002778,substation,I00072,3.9733216614797544
P0002778,fiber_node,I00074,13.831612929876304
P0002778,water_source,I00075,13.898003255142513
P0002778,highway_interchange,I00077,23.094504500504467
P0002778,data_center,I00078,22.311447870602237
P0002779,transmission_line,I00068,8.470834102024666
P0002779,substation,I00071,21.64920018638791
P0002779,fiber_node,I00073,7.618747750923209
P0002779,water_source,I00075,25.007256184607908
P0002779,highway_interchange,I00076,3.62024760076268
P0002779,data_center,I00078,17.886758484341716
P0002780,transmission_line,I00069,14.139869185417604
P0002780,substation,I00072,23.534288184969206
P0002780,fiber_node,I00074,24.12733516293494
P0002780,water_source,I00075,29.231079686327455
P0002780,highway_interchange,I00077,7.179461940078721
P0002780,data_center,I00078,16.14394155890494
P0002781,transmission_line,I00069,10.507828401171842
P0002781,substation,I00071,19.168681502819183
P0002781,fiber_node,I00073,12.092699213222783
P0002781,water_source,I00075,22.8707613486726
P0002781,highway_interchange,I00076,8.746378076058761
P0002781,data_center,I00078,8.536834175794802
P0002782,transmission_line,I00068,9.019687137291687
P0002782,substation,I00071,14.477331512518818
P0002782,fiber_node,I00073,13.754737909648743
P0002782,water_source,I00075,18.15125413053832
P0002782,highway_interchange,I00076,8.828299525129855
P0002782,data_center,I00078,9.096987445014483
P0002783,transmission_line,I00070,12.23048874121699
P0002783,substation,I00071,5.637758607149872
P0002783,fiber_node,I00074,30.119918928280967
P0002783,water_source,I00075,3.2294803025025187
P0002783,highway_interchange,I00077,26.4783485619433
P0002783,data_center,I00078,19.880488692769784
P0002784,transmission_line,I00070,12.190811347930172
P0002784,substation,I00072,12.62496974835327
P0002784,fiber_node,I00074,15.010560092923047
P0002784,water_source,I00075,20.575767717188956
P0002784,highway_interchange,I00077,10.850734500726487
P0002784,data_center,I00078,15.19160600153149
P0002785,transmission_line,I00069,4.709364921529586
P0002785,substation,I00071,10.120862823980524
P0002785,fiber_node,I00073,23.29143214178301
P0002785,water_source,I00075,13.30063102869665
P0002785,highway_interchange,I00077,11.280489631251468
P0002785,data_center,I00078,4.455159326931003
P0002786,transmission_line,I00069,0.42250033365824957
P0002786,substation,I00071,14.991041597312343
P0002786,fiber_node,I00073,22.178674856660976
P0002786,water_source,I00075,18.147773228015822
P0002786,highway_interchange,I00077,7.165044862240161
P0002786,data_center,I00078,1.9521080841786078
P0002787,transmission_line,I00070,15.33462418786182
P0002787,substation,I00071,8.486268371082774
P0002787,fiber_node,I00073,32.781764467249324
P0002787,water_source,I00075,6.4182043023181015
P0002787,highway_interchange,I00076,27.671334163813306
P0002787,data_center,I00078,22.51490903177858
P0002788,transmission_line,I00069,2.659122426842799
P0002788,substation,I00071,16.693474573721783
P0002788,fiber_node,I00073,24.524787850570604
P0002788,water_source,I00075,19.546948001625626
P0002788,highway_interchange,I00077,4.518840438379476
P0002788,data_center,I00078,4.820837020532041
P0002789,transmission_line,I00069,9.18882314763281
P0002789,substation,I00071,23.571171124025973
P0002789,fiber_node,I00073,20.14197575038764
P0002789,water_source,I00075,26.90130373636701
P0002789,highway_interchange,I00077,8.088124876244429
P0002789,data_center,I00078,9.314343087800163
P0002790,transmission_line,I00068,11.358381199020872
P0002790,substation,I00071,11.11073279415127
P0002790,fiber_node,I00073,27.374617088512377
P0002790,water_source,I00075,11.547350639262573
P0002790,highway_interchange,I00076,22.51057673451754
P0002790,data_center,I00078,22.111253784481377
P0002791,transmission_line,I00069,15.224701282320547
P0002791,substation,I00071,30.042490241275573
P0002791,fiber_node,I00073,25.5884978513382
P0002791,water_source,I00075,33.142248694701465
P0002791,highway_interchange,I00077,10.615286764417919
P0002791,data_center,I00078,15.99131726141355
P0002792,transmission_line,I00070,37.12529211286184
P0002792,substation,I00072,35.79432065258561
P0002792,fiber_node,I00074,21.428976723265297
P0002792,water_source,I00075,46.19675545393894
P0002792,highway_interchange,I00077,33.46802987155413
P0002792,data_center,I00078,41.209863563269764
P0002793,transmission_line,I00069,17.519029952821228
P0002793,substation,I00071,31.918134617496026
P0002793,fiber_node,I00073,22.52327068578577
P0002793,water_source,I00075,35.27485928538036
P0002793,highway_interchange,I00077,14.532599133323492
P0002793,data_center,I00078,17.670919065209546
P0002794,transmission_line,I00069,12.667503837703226
P0002794,substation,I00072,19.901153770129707
P0002794,fiber_node,I00074,20.93431764753422
P0002794,water_source,I00075,26.146263784134586
P0002794,highway_interchange,I00077,6.619089507690699
P0002794,data_center,I00078,14.858628702502926
P0002795,transmission_line,I00068,6.823184046913004
P0002795,substation,I00071,9.907952388289877
P0002795,fiber_node,I00073,18.110407615485425
P0002795,water_source,I00075,13.393096412505137
P0002795,highway_interchange,I00076,12.945497832734286
P0002795,data_center,I00078,11.204615944835302
P0002796,transmission_line,I00069,12.427253661234154
P0002796,substation,I00071,26.55714538002741
P0002796,fiber_node,I00073,19.506864333524526
P0002796,water_source,I00075,29.96359694503248
P0002796,highway_interchange,I00077,10.954090820439651
P0002796,data_center,I00078,12.350796414221135
P0002797,transmission_line,I00069,3.044790512216083
P0002797,substation,I00071,13.103258778568932
P0002797,fiber_node,I00073,20.491504838960868
P0002797,water_source,I00075,16.50830744936489
P0002797,highway_interchange,I00077,10.025635900378498
P0002797,data_center,I00078,1.2257430949212567
P0002798,transmission_line,I00069,6.987394735600737
P0002798,substation,I00072,17.675136947850845
P0002798,fiber_node,I00074,23.198167898656116
P0002798,water_source,I00075,21.855489215585003
P0002798,highway_interchange,I00077,2.7317855910104796
P0002798,data_center,I00078,9.192465634188279
P0002799,transmission_line,I00069,23.814898600521087
P0002799,substation,I00072,37.98679185250408
P0002799,fiber_node,I00073,32.85653845297499
P0002799,water_source,I00075,41.54728088813033
P0002799,highway_interchange,I00077,18.11628240386501
P0002799,data_center,I00078,24.794133848672146
P0002800,transmission_line,I00069,18.490903787125827
P0002800,substation,I00072,21.335503130257056
P0002800,fiber_node,I00074,17.34533721542328
P0002800,water_source,I00075,29.51056708943437
P0002800,highway_interchange,I00077,12.829335383602533
P0002800,data_center,I00078,20.73033401674585
P0002801,transmission_line,I00081,12.073690500627727
P0002801,substation,I00082,7.589628648058103
P0002801,fiber_node,I00084,5.282848272808556
P0002801,water_source,I00086,10.069356389747533
P0002801,highway_interchange,I00087,3.4123928428807617
P0002801,data_center,I00089,7.559461405442116
P0002802,transmission_line,I00081,3.9707721308788146
P0002802,substation,I00083,9.85788778344736
P0002802,fiber_node,I00084,11.636797347249258
P0002802,water_source,I00086,5.876132761558143
P0002802,highway_interchange,I00088,1.5024519961731895
P0002802,data_center,I00089,12.527327546802754
P0002803,transmission_line,I00081,13.536710562921307
P0002803,substation,I00082,10.489079094357557
P0002803,fiber_node,I00084,7.8280738617521015
P0002803,water_source,I00086,11.69652954789959
P0002803,highway_interchange,I00087,2.2751186266261465
P0002803,data_center,I00089,6.0356215400956135
P0002804,transmission_line,I00081,5.301858278589418
P0002804,substation,I00083,11.278600743464347
P0002804,fiber_node,I00084,10.760300611431008
P0002804,water_source,I00086,6.1103898255332005
P0002804,highway_interchange,I00088,5.390700194755438
P0002804,data_center,I00089,8.94694854745425
P0002805,transmission_line,I00079,9.447860888117573
P0002805,substation,I00082,15.191296908231035
P0002805,fiber_node,I00084,11.694860438033091
P0002805,water_source,I00086,13.87771735971787
P0002805,highway_interchange,I00087,4.818323702015568
P0002805,data_center,I00089,4.394756959547823
P0002806,transmission_line,I00080,6.259321333028003
P0002806,substation,I00083,13.89936019508324
P0002806,fiber_node,I00084,22.931992316537496
P0002806,water_source,I00086,17.775668461628047
P0002806,highway_interchange,I00088,12.992985846195824
P0002806,data_center,I00089,26.70751217535004
P0002807,transmission_line,I00081,11.431045271744996
P0002807,substation,I00082,8.962205494936072
P0002807,fiber_node,I00084,5.679090463781153
P0002807,water_source,I00086,9.538170387397088
P0002807,highway_interchange,I00087,1.7032287917588298
P0002807,data_center,I00089,5.811549651503993
P0002808,transmission_line,I00081,11.052788774091876
P0002808,substation,I00082,14.14649394858969
P0002808,fiber_node,I00084,9.504430805095359
P0002808,water_source,I00086,9.92896282061406
P0002808,highway_interchange,I00087,4.288355779675781
P0002808,data_center,I00089,0.28620153287508976
P0002809,transmission_line,I00081,14.313281347071193
P0002809,substation,I00082,8.894492557394132
P0002809,fiber_node,I00084,7.482109137202512
P0002809,water_source,I00086,12.326870642102143
P0002809,highway_interchange,I00087,4.280215539901577
P0002809,data_center,I00089,8.36390339228922
P0002810,transmission_line,I00081,8.642646224643475
P0002810,substation,I00082,6.494996536042376
P0002810,fiber_node,I00084,6.694378758396552
P0002810,water_source,I00086,7.542330307518993
P0002810,highway_interchange,I00088,11.760188851360018
P0002810,data_center,I00089,15.828178082313983
P0002811,transmission_line,I00081,6.662570584556569
P0002811,substation,I00083,13.31000884711418
P0002811,fiber_node,I00084,10.07168686731088
P0002811,water_source,I00086,6.711170060069545
P0002811,highway_interchange,I00088,7.736099101796473
P0002811,data_center,I00089,6.493447371741981
P0002812,transmission_line,I00081,13.506758049734643
P0002812,substation,I00083,5.623227906221694
P0002812,fiber_node,I00085,13.81076467448591
P0002812,water_source,I00086,14.937965660425215
P0002812,highway_interchange,I00088,10.929905643086121
P0002812,data_center,I00089,15.731981397465182
P0002813,transmission_line,I00081,7.164038644109407
P0002813,substation,I00083,7.745298197596058
P0002813,fiber_node,I00084,13.961407749569588
P0002813,water_source,I00086,8.674774757779495
P0002813,highway_interchange,I00088,4.964303339054452
P0002813,data_center,I00089,12.165386617868753
P0002814,transmission_line,I00081,0.8005226914856646
P0002814,substation,I00082,11.608100469000613
P0002814,fiber_node,I00084,7.14535270626817
P0002814,water_source,I00086,1.3076251894160678
P0002814,highway_interchange,I00088,4.6836227864605355
P0002814,data_center,I00089,10.723988622634671
P0002815,transmission_line,I00079,5.713589835196284
P0002815,substation,I00082,18.6652295508392
P0002815,fiber_node,I00085,14.075235318496167
P0002815,water_source,I00086,18.199550020806214
P0002815,highway_interchange,I00087,8.898441680176687
P0002815,data_center,I00089,8.466713357947352
P0002816,transmission_line,I00081,7.985847774227717
P0002816,substation,I00082,5.536587603756366
P0002816,fiber_node,I00084,5.112989545015812
P0002816,water_source,I00086,6.589776367299804
P0002816,highway_interchange,I00088,11.428677968534318
P0002816,data_center,I00089,14.320875644709677
P0002817,transmission_line,I00079,17.406553407695565
P0002817,substation,I00082,17.259729946327624
P0002817,fiber_node,I00084,18.308817938470508
P0002817,water_source,I00086,23.605669473745177
P0002817,highway_interchange,I00087,14.94071999799754
P0002817,data_center,I00089,18.08498546413361
P0002818,transmission_line,I00081,15.858542708608281
P0002818,substation,I00082,7.478264343065686
P0002818,fiber_node,I00084,8.18472757846462
P0002818,water_source,I00086,13.784482082710555
P0002818,highway_interchange,I00087,7.369425011058753
P0002818,data_center,I00089,11.538772589137453
P0002819,transmission_line,I00081,9.206989740385538
P0002819,substation,I00083,8.802093174450421
P0002819,fiber_node,I00085,12.733684468331983
P0002819,water_source,I00086,10.266771915470907
P0002819,highway_interchange,I00088,7.824069692908508
P0002819,data_center,I00089,10.87299156382009
P0002820,transmission_line,I00079,20.94994523178364
P0002820,substation,I00082,11.680088651963443
P0002820,fiber_node,I00084,14.122423114098142
P0002820,water_source,I00086,19.890235021867035
P0002820,highway_interchange,I00087,13.272626211733401
P0002820,data_center,I00089,17.263081949153598
P0002821,transmission_line,I00081,20.050530350563932
P0002821,substation,I00082,8.114098841226875
P0002821,fiber_node,I00084,13.359476327485972
P0002821,water_source,I00086,18.279167783010863
P0002821,highway_interchange,I00087,17.671379809075432
P0002821,data_center,I00089,21.66537083321639
P0002822,transmission_line,I00081,27.641421802033587
P0002822,substation,I00082,16.786146637803558
P0002822,fiber_node,I00084,21.981763363562514
P0002822,water_source,I00086,26.152281990033753
P0002822,highway_interchange,I00087,26.831873825031078
P0002822,data_center,I00089,30.76291550594845
P0002823,transmission_line,I00081,4.693574410667066
P0002823,substation,I00083,10.699834248855712
P0002823,fiber_node,I00084,12.44315957334597
P0002823,water_source,I00086,6.732212485898486
P0002823,highway_interchange,I00088,1.8141710588006315
P0002823,data_center,I00089,15.303307953991341
P0002824,transmission_line,I00081,10.17730636332605
P0002824,substation,I00082,3.557008629572045
P0002824,fiber_node,I00084,2.294007891833668
P0002824,water_source,I00086,8.11182863434731
P0002824,highway_interchange,I00087,7.184875225175101
P0002824,data_center,I00089,10.641947946512625
P0002825,transmission_line,I00081,7.733901051768801
P0002825,substation,I00082,5.515308895932257
P0002825,fiber_node,I00084,4.790845582274342
P0002825,water_source,I00086,6.288637073994413
P0002825,highway_interchange,I00088,11.230828452001155
P0002825,data_center,I00089,13.963345260347653
P0002826,transmission_line,I00081,12.134189870336993
P0002826,substation,I00082,3.3843339412989923
P0002826,fiber_node,I00084,4.225790234942297
P0002826,water_source,I00086,10.062282535532916
P0002826,highway_interchange,I00087,7.4972093213211695
P0002826,data_center,I00089,11.37710694833591
P0002827,transmission_line,I00081,9.572315215833116
P0002827,substation,I00082,14.407658751114685
P0002827,fiber_node,I00084,9.41893573572211
P0002827,water_source,I00086,8.710285392757282
P0002827,highway_interchange,I00087,5.587711158581906
P0002827,data_center,I00089,2.227414675256393
P0002828,transmission_line,I00081,18.266140317914555
P0002828,substation,I00082,6.629445396728635
P0002828,fiber_node,I00084,11.875908518946433
P0002828,water_source,I00086,16.54841508184596
P0002828,highway_interchange,I00087,16.716499640644088
P0002828,data_center,I00089,20.582212519967815
P0002829,transmission_line,I00079,11.964498608112752
P0002829,substation,I00082,17.88919805297189
P0002829,fiber_node,I00085,8.802911644486835
P0002829,water_source,I00086,12.240068340715673
P0002829,highway_interchange,I00087,8.05755339805679
P0002829,data_center,I00089,3.874766418688444
P0002830,transmission_line,I00081,5.090695241144138
P0002830,substation,I00082,7.281927234702604
P0002830,fiber_node,I00084,2.974575677715731
P0002830,water_source,I00086,3.096204316661247
P0002830,highway_interchange,I00087,8.650258621161054
P0002830,data_center,I00089,10.274875475779673
P0002831,transmission_line,I00081,9.88171012505114
P0002831,substation,I00082,5.991774933891576
P0002831,fiber_node,I00084,2.6736854124298395
P0002831,water_source,I00086,7.817192169690711
P0002831,highway_interchange,I00087,4.719131582344937
P0002831,data_center,I00089,8.212827600915292
P0002832,transmission_line,I00081,26.471340193973425
P0002832,substation,I00082,14.200728569515213
P0002832,fiber_node,I00084,19.110172082244432
P0002832,water_source,I00086,24.561847021924944
P0002832,highway_interchange,I00087,21.732970272082728
P0002832,data_center,I00089,25.92577307853789
P0002833,transmission_line,I00081,17.642707044226775
P0002833,substation,I00082,8.773330934010385
P0002833,fiber_node,I00084,13.207210604917018
P0002833,water_source,I00086,16.351654378628997
P0002833,highway_interchange,I00087,19.337342826804704
P0002833,data_center,I00089,22.722135965831114
P0002834,transmission_line,I00080,15.746895272786462
P0002834,substation,I00083,7.472356178316018
P0002834,fiber_node,I00085,13.873069207842569
P0002834,water_source,I00086,18.838766370600972
P0002834,highway_interchange,I00088,14.810222616123887
P0002834,data_center,I00089,18.626384592834984
P0002835,transmission_line,I00081,15.557766593589806
P0002835,substation,I00082,6.988037061313458
P0002835,fiber_node,I00084,7.825489410159939
P0002835,water_source,I00086,13.478822138882451
P0002835,highway_interchange,I00087,7.419733152471375
P0002835,data_center,I00089,11.608671143780963
P0002836,transmission_line,I00080,14.704119665399745
P0002836,substation,I00083,10.878961515219956
P0002836,fiber_node,I00085,24.35718075931434
P0002836,water_source,I00086,26.53696687597433
P0002836,highway_interchange,I00088,21.055416997435675
P0002836,data_center,I00089,28.853518768734215
P0002837,transmission_line,I00081,14.63249728748369
P0002837,substation,I00082,5.141175704461625
P0002837,fiber_node,I00084,9.550452712223867
P0002837,water_source,I00086,13.140650266922634
P0002837,highway_interchange,I00087,15.654768921950028
P0002837,data_center,I00089,19.0315055148372
P0002838,transmission_line,I00079,16.547578318664076
P0002838,substation,I00083,17.75140089820639
P0002838,fiber_node,I00085,3.9376374698685894
P0002838,water_source,I00086,21.527135948751308
P0002838,highway_interchange,I00087,19.65607450978117
P0002838,data_center,I00089,15.47607015707267
P0002839,transmission_line,I00080,7.069872437837104
P0002839,substation,I00083,9.534301277397988
P0002839,fiber_node,I00084,16.505087639405463
P0002839,water_source,I00086,10.902169552054568
P0002839,highway_interchange,I00088,5.577383348822221
P0002839,data_center,I00089,19.286530258692533
P0002840,transmission_line,I00081,11.538165979072005
P0002840,substation,I00082,6.090836517208886
P0002840,fiber_node,I00084,4.162408423004683
P0002840,water_source,I00086,9.476028123036317
P0002840,highway_interchange,I00087,4.661867652280742
P0002840,data_center,I00089,8.640498292607711
P0002841,transmission_line,I00079,6.827505902764765
P0002841,substation,I00082,17.530687841522617
P0002841,fiber_node,I00085,14.351356839170842
P0002841,water_source,I00086,17.179370875664528
P0002841,highway_interchange,I00087,7.7829546555941995
P0002841,data_center,I00089,7.620408921780623
P0002842,transmission_line,I00079,7.457148014182606
P0002842,substation,I00082,17.107026753036262
P0002842,fiber_node,I00085,12.872839673971084
P0002842,water_source,I00086,15.71013058854849
P0002842,highway_interchange,I00087,6.808830279606511
P0002842,data_center,I00089,5.840749779473169
P0002843,transmission_line,I00080,8.883606652697626
P0002843,substation,I00083,12.273024372784528
P0002843,fiber_node,I00084,15.820342779595109
P0002843,water_source,I00086,10.668382506877945
P0002843,highway_interchange,I00088,6.553131173212688
P0002843,data_center,I00089,19.979456586199042
P0002844,transmission_line,I00081,6.509961185997442
P0002844,substation,I00083,12.527138632202638
P0002844,fiber_node,I00084,13.410644586644073
P0002844,water_source,I00086,8.239080557729526
P0002844,highway_interchange,I00088,4.7436375731233635
P0002844,data_center,I00089,17.712170475041006
P0002845,transmission_line,I00081,14.72039220111882
P0002845,substation,I00083,14.014843971321806
P0002845,fiber_node,I00085,5.91016923626604
P0002845,water_source,I00086,15.053556281511748
P0002845,highway_interchange,I00087,14.22266388809572
P0002845,data_center,I00089,10.076269352584776
P0002846,transmission_line,I00081,15.542706728991822
P0002846,substation,I00083,14.327144096773855
P0002846,fiber_node,I00085,5.310235372687227
P0002846,water_source,I00086,15.891926619391288
P0002846,highway_interchange,I00087,14.921991785279001
P0002846,data_center,I00089,10.753288812904252
P0002847,transmission_line,I00079,11.783626065961368
P0002847,substation,I00082,17.322204121754744
P0002847,fiber_node,I00085,9.388900197904354
P0002847,water_source,I00086,12.003757543123163
P0002847,highway_interchange,I00087,7.392461033316637
P0002847,data_center,I00089,3.227833430293202
P0002848,transmission_line,I00081,13.46626129781607
P0002848,substation,I00082,4.762989505509789
P0002848,fiber_node,I00084,8.692662302470499
P0002848,water_source,I00086,12.009736482119168
P0002848,highway_interchange,I00087,15.028072694609842
P0002848,data_center,I00089,18.25713529596983
P0002849,transmission_line,I00081,8.086368635918578
P0002849,substation,I00083,12.20297103821329
P0002849,fiber_node,I00084,12.009549245285857
P0002849,water_source,I00086,8.44409068828184
P0002849,highway_interchange,I00088,8.33848231505751
P0002849,data_center,I00089,7.374807378557279
P0002850,transmission_line,I00081,7.3171622707090895
P0002850,substation,I00083,14.467920650096888
P0002850,fiber_node,I00084,9.654228506718548
P0002850,water_source,I00086,7.032146615085771
P0002850,highway_interchange,I00087,7.954639210144636
P0002850,data_center,I00089,5.278691291086254
P0002851,transmission_line,I00081,3.5640617866157576
P0002851,substation,I00083,11.753892845679186
P0002851,fiber_node,I00084,11.209301499358485
P0002851,water_source,I00086,5.550228355616909
P0002851,highway_interchange,I00088,1.9517174257224037
P0002851,data_center,I00089,14.513318713547394
P0002852,transmission_line,I00081,12.121668659789968
P0002852,substation,I00083,17.290778111193642
P0002852,fiber_node,I00085,9.120233455702964
P0002852,water_source,I00086,11.597153320502178
P0002852,highway_interchange,I00087,8.041905363906348
P0002852,data_center,I00089,3.8514881940133803
P0002853,transmission_line,I00080,11.85185184721761
P0002853,substation,I00083,3.501553812754008
P0002853,fiber_node,I00085,16.371758114640365
P0002853,water_source,I00086,16.427904259910644
P0002853,highway_interchange,I00088,11.637113129752523
P0002853,data_center,I00089,18.33233285571069
P0002854,transmission_line,I00079,19.684908410740675
P0002854,substation,I00082,11.546312144983526
P0002854,fiber_node,I00084,13.523409262376044
P0002854,water_source,I00086,19.2162550693675
P0002854,highway_interchange,I00087,12.185772207760126
P0002854,data_center,I00089,16.11483831252202
P0002855,transmission_line,I00079,9.561032964953208
P0002855,substation,I00083,20.072224876719353
P0002855,fiber_node,I00085,5.015954227215604
P0002855,water_source,I00086,16.790136233984335
P0002855,highway_interchange,I00087,11.853521983277243
P0002855,data_center,I00089,7.988579669279536
P0002856,transmission_line,I00080,8.726569285328255
P0002856,substation,I00083,3.781432124088462
P0002856,fiber_node,I00084,17.67918471390441
P0002856,water_source,I00086,11.966646079612406
P0002856,highway_interchange,I00088,6.415519473621587
P0002856,data_center,I00089,16.725521742079717
P0002857,transmission_line,I00079,8.973351565763856
P0002857,substation,I00082,18.842289756149935
P0002857,fiber_node,I00085,8.637206510638014
P0002857,water_source,I00086,14.612738129835693
P0002857,highway_interchange,I00087,8.350806598698664
P0002857,data_center,I00089,4.840953752777244
P0002858,transmission_line,I00081,4.379348490931867
P0002858,substation,I00082,8.244789961221352
P0002858,fiber_node,I00084,3.5375889204895876
P0002858,water_source,I00086,2.3002372146727534
P0002858,highway_interchange,I00088,8.290468638640307
P0002858,data_center,I00089,9.518966349583089
P0002859,transmission_line,I00081,12.336501515975831
P0002859,substation,I00082,8.999301798634269
P0002859,fiber_node,I00084,6.2419916357591365
P0002859,water_source,I00086,10.419070647182995
P0002859,highway_interchange,I00087,2.1920835356212733
P0002859,data_center,I00089,6.388056033597226
P0002860,transmission_line,I00081,6.474565459656302
P0002860,substation,I00082,9.461285754615288
P0002860,fiber_node,I00084,4.249752331311633
P0002860,water_source,I00086,4.731811186465336
P0002860,highway_interchange,I00087,5.097987119925709
P0002860,data_center,I00089,6.030453448463756
P0002861,transmission_line,I00081,32.444217426904814
P0002861,substation,I00082,20.79939785054539
P0002861,fiber_node,I00084,26.050556021690962
P0002861,water_source,I00086,30.79034553975482
P0002861,highway_interchange,I00087,29.95637369476975
P0002861,data_center,I00089,34.073812883606124
P0002862,transmission_line,I00081,11.763031752467443
P0002862,substation,I00083,16.853284192791627
P0002862,fiber_node,I00085,9.244238758201336
P0002862,water_source,I00086,11.291970743698906
P0002862,highway_interchange,I00087,8.160137708953936
P0002862,data_center,I00089,4.000359847628146
P0002863,transmission_line,I00080,20.88000563611974
P0002863,substation,I00083,16.0590372937486
P0002863,fiber_node,I00085,24.863337985612375
P0002863,water_source,I00086,31.152131587950336
P0002863,highway_interchange,I00088,26.094812291081325
P0002863,data_center,I00089,31.803826329315328
P0002864,transmission_line,I00081,12.09705004620752
P0002864,substation,I00082,0.2751859706618264
P0002864,fiber_node,I00084,5.19688347279733
P0002864,water_source,I00086,10.206180069080371
P0002864,highway_interchange,I00087,10.695497092832767
P0002864,data_center,I00089,14.239636889142794
P0002865,transmission_line,I00081,15.250258172173428
P0002865,substation,I00083,13.790623263380008
P0002865,fiber_node,I00085,5.816619201259562
P0002865,water_source,I00086,15.661066409813687
P0002865,highway_interchange,I00088,14.725820398053017
P0002865,data_center,I00089,10.885243047080422
P0002866,transmission_line,I00081,7.475104655946287
P0002866,substation,I00082,13.927654100815827
P0002866,fiber_node,I00084,8.716957187490717
P0002866,water_source,I00086,6.835049572550146
P0002866,highway_interchange,I00087,6.711154478038744
P0002866,data_center,I00089,4.309045551659841
P0002867,transmission_line,I00079,23.444460967697086
P0002867,substation,I00083,18.774362089540688
P0002867,fiber_node,I00085,11.209430982030216
P0002867,water_source,I00086,27.03628082072726
P0002867,highway_interchange,I00088,24.6367728762444
P0002867,data_center,I00089,22.481798742344797
P0002868,transmission_line,I00081,20.370288639410894
P0002868,substation,I00083,14.118967384251183
P0002868,fiber_node,I00085,8.14059096564888
P0002868,water_source,I00086,21.179537961960058
P0002868,highway_interchange,I00088,18.87174636604068
P0002868,data_center,I00089,17.295629367163254
P0002869,transmission_line,I00079,6.771206517035671
P0002869,substation,I00082,17.701530905560972
P0002869,fiber_node,I00085,14.96144311114008
P0002869,water_source,I00086,17.727803057771453
P0002869,highway_interchange,I00087,8.207066548854348
P0002869,data_center,I00089,8.294628954876783
P0002870,transmission_line,I00081,14.186957638071135
P0002870,substation,I00082,18.698331161692014
P0002870,fiber_node,I00084,18.128649049949765
P0002870,water_source,I00086,15.072530395605746
P0002870,highway_interchange,I00088,13.784013992165903
P0002870,data_center,I00089,25.23902727736376
P0002871,transmission_line,I00081,6.752975057069276
P0002871,substation,I00082,5.850960101275322
P0002871,fiber_node,I00084,3.8816526380774845
P0002871,water_source,I00086,5.1571526192396915
P0002871,highway_interchange,I00088,10.407623481827772
P0002871,data_center,I00089,12.77147951850513
P0002872,transmission_line,I00081,10.141764433364104
P0002872,substation,I00082,5.566020452641042
P0002872,fiber_node,I00084,2.6773127458322348
P0002872,water_source,I00086,8.066379728160124
P0002872,highway_interchange,I00087,5.084543637418231
P0002872,data_center,I00089,8.658182515183539
P0002873,transmission_line,I00081,7.746564048703473
P0002873,substation,I00083,11.420861793047766
P0002873,fiber_node,I00084,12.239864486971252
P0002873,water_source,I00086,8.30415414951036
P0002873,highway_interchange,I00088,7.675610903854938
P0002873,data_center,I00089,8.151797076884046
P0002874,transmission_line,I00079,11.612007028901333
P0002874,substation,I00082,16.123566198122354
P0002874,fiber_node,I00085,10.685834751397941
P0002874,water_source,I00086,11.550384986560688
P0002874,highway_interchange,I00087,6.000080823562392
P0002874,data_center,I00089,1.9319837044399515
P0002875,transmission_line,I00079,8.021397304578523
P0002875,substation,I00082,16.882305893528333
P0002875,fiber_node,I00085,12.256109478681891
P0002875,water_source,I00086,14.948041367132609
P0002875,highway_interchange,I00087,6.4016105544582285
P0002875,data_center,I00089,4.95014784966956
P0002876,transmission_line,I00081,5.026692033255597
P0002876,substation,I00082,8.519197173235291
P0002876,fiber_node,I00084,3.3778018427172922
P0002876,water_source,I00086,3.0108507519949512
P0002876,highway_interchange,I00087,7.020721472152435
P0002876,data_center,I00089,8.189602257536256
P0002877,transmission_line,I00079,14.490223470230022
P0002877,substation,I00082,14.593894550716891
P0002877,fiber_node,I00084,14.669204042437135
P0002877,water_source,I00086,19.64718290216665
P0002877,highway_interchange,I00087,10.63055053951909
P0002877,data_center,I00089,13.699878429300826
P0002878,transmission_line,I00081,11.311781378057196
P0002878,substation,I00082,10.055275464629801
P0002878,fiber_node,I00084,11.036079042479587
P0002878,water_source,I00086,10.851039136217722
P0002878,highway_interchange,I00088,13.470586724227047
P0002878,data_center,I00089,19.987877356306527
P0002879,transmission_line,I00079,4.6640834619217415
P0002879,substation,I00082,27.181475645426055
P0002879,fiber_node,I00085,16.889275074677506
P0002879,water_source,I00086,26.95169895419728
P0002879,highway_interchange,I00087,17.787390158084325
P0002879,data_center,I00089,16.91452079070529
P0002880,transmission_line,I00081,10.262533032940986
P0002880,substation,I00082,3.475716885584403
P0002880,fiber_node,I00084,2.3851838110194428
P0002880,water_source,I00086,8.19849033509995
P0002880,highway_interchange,I00087,7.244301230830619
P0002880,data_center,I00089,10.719749551948578
P0002881,transmission_line,I00081,8.410769358538344
P0002881,substation,I00082,5.5585197637938535
P0002881,fiber_node,I00084,5.579280666164706
P0002881,water_source,I00086,7.074443538994034
P0002881,highway_interchange,I00088,11.780050639044621
P0002881,data_center,I00089,14.845922448311088
P0002882,transmission_line,I00081,9.88524485992753
P0002882,substation,I00082,6.162946154084691
P0002882,fiber_node,I00084,2.7830360491849833
P0002882,water_source,I00086,7.826854690820454
P0002882,highway_interchange,I00087,4.547500751861531
P0002882,data_center,I00089,8.044763805555903
P0002883,transmission_line,I00081,6.176877510918243
P0002883,substation,I00082,13.909976832430585
P0002883,fiber_node,I00084,8.65247854947136
P0002883,water_source,I00086,5.804912834398056
P0002883,highway_interchange,I00087,7.793187627788199
P0002883,data_center,I00089,5.7585519393733575
P0002884,transmission_line,I00081,24.27610286861557
P0002884,substation,I00082,12.349157390142988
P0002884,fiber_node,I00084,16.462158201947386
P0002884,water_source,I00086,22.241754545060395
P0002884,highway_interchange,I00087,17.693516707244495
P0002884,data_center,I00089,21.867341684038514
P0002885,transmission_line,I00081,14.892783940778495
P0002885,substation,I00082,9.671413771506051
P0002885,fiber_node,I00084,8.22637021430208
P0002885,water_source,I00086,12.932842504664212
P0002885,highway_interchange,I00087,4.389095908978173
P0002885,data_center,I00089,8.308409671961622
P0002886,transmission_line,I00079,28.413805876000954
P0002886,substation,I00082,18.751191926169398
P0002886,fiber_node,I00084,22.42266666946689
P0002886,water_source,I00086,28.259490561618506
P0002886,highway_interchange,I00087,22.32921157108514
P0002886,data_center,I00089,26.308571356690575
P0002887,transmission_line,I00081,10.548192542792776
P0002887,substation,I00083,9.189665535786473
P0002887,fiber_node,I00085,11.474427838892328
P0002887,water_source,I00086,11.50105561621577
P0002887,highway_interchange,I00088,9.249707058288024
P0002887,data_center,I00089,10.977993567434734
P0002888,transmission_line,I00079,9.089469914691355
P0002888,substation,I00082,20.118959372777876
P0002888,fiber_node,I00085,7.207752524107636
P0002888,water_source,I00086,15.359064659466362
P0002888,highway_interchange,I00087,9.700853255562519
P0002888,data_center,I00089,5.984917827133098
P0002889,transmission_line,I00079,11.834871589218416
P0002889,substation,I00083,17.983957257986376
P0002889,fiber_node,I00085,8.414691169690267
P0002889,water_source,I00086,12.573800077367666
P0002889,highway_interchange,I00087,8.420196897849399
P0002889,data_center,I00089,4.2461541578655995
P0002890,transmission_line,I00080,25.790443502488266
P0002890,substation,I00083,17.927356011280764
P0002890,fiber_node,I00085,14.70373331175236
P0002890,water_source,I00086,28.391796729430972
P0002890,highway_interchange,I00088,25.220201882220515
P0002890,data_center,I00089,25.07971903133321
P0002891,transmission_line,I00081,11.262232571642787
P0002891,substation,I00082,15.015168504365462
P0002891,fiber_node,I00084,10.286534974585958
P0002891,water_source,I00086,10.28980283125544
P0002891,highway_interchange,I00087,5.220891557025416
P0002891,data_center,I00089,1.0447133847644938
P0002892,transmission_line,I00081,10.461852906345602
P0002892,substation,I00082,3.0875713121655384
P0002892,fiber_node,I00084,5.328790334839683
P0002892,water_source,I00086,8.821083683046579
P0002892,highway_interchange,I00087,11.926384124666168
P0002892,data_center,I00089,14.935425635489217
P0002893,transmission_line,I00081,11.424289901454015
P0002893,substation,I00082,17.336821212247045
P0002893,fiber_node,I00084,16.07003720306776
P0002893,water_source,I00086,12.471426896010604
P0002893,highway_interchange,I00088,10.8584626062957
P0002893,data_center,I00089,22.6093251858955
P0002894,transmission_line,I00081,8.717447429117486
P0002894,substation,I00082,13.01607182001078
P0002894,fiber_node,I00084,8.011276370191716
P0002894,water_source,I00086,7.637376374863417
P0002894,highway_interchange,I00087,4.729963450723244
P0002894,data_center,I00089,2.5982553121258
P0002895,transmission_line,I00079,7.078106785212
P0002895,substation,I00082,22.413327117274086
P0002895,fiber_node,I00085,6.50939169264489
P0002895,water_source,I00086,18.1171893495409
P0002895,highway_interchange,I00087,11.84366244688097
P0002895,data_center,I00089,8.505378721344202
P0002896,transmission_line,I00079,11.17463796762622
P0002896,substation,I00082,13.284122326979489
P0002896,fiber_node,I00084,10.037307283013554
P0002896,water_source,I00086,12.830120995373909
P0002896,highway_interchange,I00087,3.206169268024902
P0002896,data_center,I00089,4.5368647543099465
P0002897,transmission_line,I00079,8.075039656102632
P0002897,substation,I00082,16.31964858789393
P0002897,fiber_node,I00084,13.119443871482224
P0002897,water_source,I00086,15.510651983688641
P0002897,highway_interchange,I00087,6.247141607366232
P0002897,data_center,I00089,5.969629583069754
P0002898,transmission_line,I00079,8.804389618376762
P0002898,substation,I00082,15.723230181761641
P0002898,fiber_node,I00084,13.214843393458079
P0002898,water_source,I00086,16.397446040919025
P0002898,highway_interchange,I00087,6.647764110106244
P0002898,data_center,I00089,7.645924863802989
P0002899,transmission_line,I00079,9.830100727692145
P0002899,substation,I00083,25.808638873104794
P0002899,fiber_node,I00085,6.387396651343551
P0002899,water_source,I00086,25.016579764820698
P0002899,highway_interchange,I00087,19.402766738747697
P0002899,data_center,I00089,15.957913771903684
P0002900,transmission_line,I00079,12.958040118109723
P0002900,substation,I00082,11.43482682047591
P0002900,fiber_node,I00084,9.127685874854706
P0002900,water_source,I00086,13.059402603323127
P0002900,highway_interchange,I00087,3.4635820415554015
P0002900,data_center,I00089,6.696813509571651
P0002901,transmission_line,I00080,10.977835810276508
P0002901,substation,I00083,2.990621610669157
P0002901,fiber_node,I00085,16.500742484864663
P0002901,water_source,I00086,14.338278938307269
P0002901,highway_interchange,I00088,9.472669527883593
P0002901,data_center,I00089,16.947035961228448
P0002902,transmission_line,I00079,8.683925348226502
P0002902,substation,I00083,21.50764383121908
P0002902,fiber_node,I00085,4.341965094125883
P0002902,water_source,I00086,18.76997556951311
P0002902,highway_interchange,I00087,13.454387377446636
P0002902,data_center,I00089,9.767087561067978
P0002903,transmission_line,I00081,15.663833784125574
P0002903,substation,I00082,7.07428384713282
P0002903,fiber_node,I00084,7.9338006649100965
P0002903,water_source,I00086,13.585133708777
P0002903,highway_interchange,I00087,7.479288519138723
P0002903,data_center,I00089,11.665448685325908
P0002904,transmission_line,I00079,8.241834204053204
P0002904,substation,I00082,17.45765743627827
P0002904,fiber_node,I00085,10.947015882201752
P0002904,water_source,I00086,14.638548889982724
P0002904,highway_interchange,I00087,6.861687692571442
P0002904,data_center,I00089,4.47414652545683
P0002905,transmission_line,I00081,18.600418674543544
P0002905,substation,I00082,8.233413022517745
P0002905,fiber_node,I00084,10.705099868809059
P0002905,water_source,I00086,16.516501062808764
P0002905,highway_interchange,I00087,10.843724884439405
P0002905,data_center,I00089,15.007253514263525
P0002906,transmission_line,I00079,5.9551484957653
P0002906,substation,I00082,19.013981132659293
P0002906,fiber_node,I00085,11.293982245607838
P0002906,water_source,I00086,16.91793502804908
P0002906,highway_interchange,I00087,8.567696927604784
P0002906,data_center,I00089,6.779613642325962
P0002907,transmission_line,I00081,10.514912067123735
P0002907,substation,I00082,4.025075177601314
P0002907,fiber_node,I00084,2.6084001536576737
P0002907,water_source,I00086,8.43462238573218
P0002907,highway_interchange,I00087,6.598205436695312
P0002907,data_center,I00089,10.190793440261734
P0002908,transmission_line,I00079,7.723442946249911
P0002908,substation,I00082,22.78223093330107
P0002908,fiber_node,I00085,19.958483004566983
P0002908,water_source,I00086,24.690270786329084
P0002908,highway_interchange,I00087,14.907696818516744
P0002908,data_center,I00089,15.550552019801247
P0002909,transmission_line,I00081,2.0228080396838184
P0002909,substation,I00082,12.576649132482808
P0002909,fiber_node,I00084,7.708115397284534
P0002909,water_source,I00086,2.4208542726676945
P0002909,highway_interchange,I00088,4.718403400422947
P0002909,data_center,I00089,9.439470680099548
P0002910,transmission_line,I00079,0.7461931788664231
P0002910,substation,I00082,23.596592518498138
P0002910,fiber_node,I00085,12.607428436150897
P0002910,water_source,I00086,22.17959445242691
P0002910,highway_interchange,I00087,13.51958300434183
P0002910,data_center,I00089,12.034752873142276
P0002911,transmission_line,I00081,10.1155662249392
P0002911,substation,I00082,2.163775436661599
P0002911,fiber_node,I00084,3.5515492031163474
P0002911,water_source,I00086,8.22870931111684
P0002911,highway_interchange,I00087,9.836948966820918
P0002911,data_center,I00089,13.025160011178416
P0002912,transmission_line,I00081,11.38419327659037
P0002912,substation,I00083,5.635126279259641
P0002912,fiber_node,I00085,14.208117528008088
P0002912,water_source,I00086,12.83780669356316
P0002912,highway_interchange,I00088,8.864767520032398
P0002912,data_center,I00089,14.354149047225551
P0002913,transmission_line,I00079,16.47507483395567
P0002913,substation,I00083,17.410997282257487
P0002913,fiber_node,I00085,3.8158994111250206
P0002913,water_source,I00086,21.09177971855732
P0002913,highway_interchange,I00087,19.295287170043704
P0002913,data_center,I00089,15.110305558784166
P0002914,transmission_line,I00081,6.561690158467334
P0002914,substation,I00082,9.339528124773812
P0002914,fiber_node,I00084,7.9397417183252506
P0002914,water_source,I00086,6.181687485667727
P0002914,highway_interchange,I00088,9.047556597204334
P0002914,data_center,I00089,15.835415343062193
P0002915,transmission_line,I00079,8.02984479988409
P0002915,substation,I00082,18.276990090323476
P0002915,fiber_node,I00084,16.45317060157923
P0002915,water_source,I00086,20.014708200057356
P0002915,highway_interchange,I00087,10.204146751174722
P0002915,data_center,I00089,11.280122591079536
P0002916,transmission_line,I00081,16.191844713061887
P0002916,substation,I00082,9.401827460686244
P0002916,fiber_node,I00084,12.98250765947075
P0002916,water_source,I00086,15.159044339817068
P0002916,highway_interchange,I00088,18.97020080033368
P0002916,data_center,I00089,22.590178669785665
P0002917,transmission_line,I00079,11.86013843706814
P0002917,substation,I00082,15.079152378646494
P0002917,fiber_node,I00084,10.557413656934303
P0002917,water_source,I00086,11.060129789040227
P0002917,highway_interchange,I00087,4.870520914819684
P0002917,data_center,I00089,0.9642333322758817
P0002918,transmission_line,I00081,9.419264404391402
P0002918,substation,I00083,14.564908430158896
P0002918,fiber_node,I00085,10.839703482084968
P0002918,water_source,I00086,9.249520855988878
P0002918,highway_interchange,I00087,8.747463752023492
P0002918,data_center,I00089,5.157513009214004
P0002919,transmission_line,I00080,18.6156945345193
P0002919,substation,I00083,11.471903079100668
P0002919,fiber_node,I00085,17.519194625173196
P0002919,water_source,I00086,24.8845700560619
P0002919,highway_interchange,I00088,20.491005795161513
P0002919,data_center,I00089,24.45946223876657
P0002920,transmission_line,I00081,5.7660457388986455
P0002920,substation,I00083,12.887965333101398
P0002920,fiber_node,I00084,9.785785617490289
P0002920,water_source,I00086,5.969108082013722
P0002920,highway_interchange,I00088,6.808471096764454
P0002920,data_center,I00089,7.217456996963293
P0002921,transmission_line,I00081,10.562572816932573
P0002921,substation,I00082,5.605508840907626
P0002921,fiber_node,I00084,3.0893124589051215
P0002921,water_source,I00086,8.488991489129546
P0002921,highway_interchange,I00087,4.9961527792839275
P0002921,data_center,I00089,8.70488655206269
P0002922,transmission_line,I00081,10.02059889123798
P0002922,substation,I00083,15.258653526999105
P0002922,fiber_node,I00085,10.417278559311665
P0002922,water_source,I00086,9.733737420138183
P0002922,highway_interchange,I00087,8.402171446635034
P0002922,data_center,I00089,4.618767315388311
P0002923,transmission_line,I00081,20.44706275807857
P0002923,substation,I00082,8.586379623747296
P0002923,fiber_node,I00084,13.839072372473426
P0002923,water_source,I00086,18.6967066124636
P0002923,highway_interchange,I00087,18.21103231381043
P0002923,data_center,I00089,22.198321499201317
P0002924,transmission_line,I00079,10.753733286943527
P0002924,substation,I00082,18.134004506195314
P0002924,fiber_node,I00085,8.70445551690799
P0002924,water_source,I00086,13.116724047956122
P0002924,highway_interchange,I00087,7.950493512894102
P0002924,data_center,I00089,3.943370215237602
P0002925,transmission_line,I00081,12.656407073507806
P0002925,substation,I00082,9.986112494144344
P0002925,fiber_node,I00084,7.030671765945059
P0002925,water_source,I00086,10.810802903866765
P0002925,highway_interchange,I00087,1.6082903368569192
P0002925,data_center,I00089,5.6783991443730715
P0002926,transmission_line,I00081,7.604868312122355
P0002926,substation,I00083,12.491711577215447
P0002926,fiber_node,I00084,11.418784534960475
P0002926,water_source,I00086,7.889562293667928
P0002926,highway_interchange,I00088,8.07824146411486
P0002926,data_center,I00089,7.08985271815078
P0002927,transmission_line,I00080,26.449261081030972
P0002927,substation,I00083,20.27025566839278
P0002927,fiber_node,I00085,23.33842713691936
P0002927,water_source,I00086,33.93546727463016
P0002927,highway_interchange,I00088,29.59864219122379
P0002927,data_center,I00089,32.57259336635355
P0002928,transmission_line,I00079,8.796506213738342
P0002928,substation,I00082,15.649615561727447
P0002928,fiber_node,I00084,13.032114988474406
P0002928,water_source,I00086,16.12013453551193
P0002928,highway_interchange,I00087,6.402698759616796
P0002928,data_center,I00089,7.291441123279269
P0002929,transmission_line,I00079,11.507856776260343
P0002929,substation,I00082,15.319219922338183
P0002929,fiber_node,I00084,14.278592303343515
P0002929,water_source,I00086,18.614184210197518
P0002929,highway_interchange,I00087,8.987871493605489
P0002929,data_center,I00089,11.362047962305782
P0002930,transmission_line,I00079,8.631795354952192
P0002930,substation,I00082,18.985742268504797
P0002930,fiber_node,I00084,17.475634247747713
P0002930,water_source,I00086,21.244432428884163
P0002930,highway_interchange,I00087,11.422935417540433
P0002930,data_center,I00089,12.676273539726674
P0002931,transmission_line,I00079,20.696664675588586
P0002931,substation,I00083,34.071879507881704
P0002931,fiber_node,I00085,16.83581040628244
P0002931,water_source,I00086,36.85831477723985
P0002931,highway_interchange,I00087,31.862075886586883
P0002931,data_center,I00089,28.33446114833597
P0002932,transmission_line,I00081,6.1707168883535335
P0002932,substation,I00082,13.575330490883708
P0002932,fiber_node,I00084,8.318457336194065
P0002932,water_source,I00086,5.67370408168373
P0002932,highway_interchange,I00087,7.45435658673127
P0002932,data_center,I00089,5.5564510309042054
P0002933,transmission_line,I00079,13.468461416160476
P0002933,substation,I00083,16.014953262383063
P0002933,fiber_node,I00085,6.289888890971326
P0002933,water_source,I00086,13.802155064254304
P0002933,highway_interchange,I00087,11.413433909909113
P0002933,data_center,I00089,7.219705383094655
P0002934,transmission_line,I00081,10.213451166001969
P0002934,substation,I00082,14.827109781357462
P0002934,fiber_node,I00084,13.873186025469
P0002934,water_source,I00086,10.897254725267702
P0002934,highway_interchange,I00088,10.537874955390315
P0002934,data_center,I00089,21.049820587239154
P0002935,transmission_line,I00081,4.013962396643246
P0002935,substation,I00083,13.111005377216232
P0002935,fiber_node,I00084,8.685952688242647
P0002935,water_source,I00086,4.271945176554507
P0002935,highway_interchange,I00088,5.611642706204043
P0002935,data_center,I00089,8.105712643686863
P0002936,transmission_line,I00079,11.021543211106877
P0002936,substation,I00082,13.320666889833486
P0002936,fiber_node,I00084,10.528094750851858
P0002936,water_source,I00086,13.762616711378206
P0002936,highway_interchange,I00087,3.961505034903737
P0002936,data_center,I00089,5.80063769156669
P0002937,transmission_line,I00081,10.17624475609486
P0002937,substation,I00082,8.444788569619421
P0002937,fiber_node,I00084,4.600895883518761
P0002937,water_source,I00086,8.266523294859498
P0002937,highway_interchange,I00087,2.305600033514776
P0002937,data_center,I00089,5.832117128655853
P0002938,transmission_line,I00081,15.308504825474918
P0002938,substation,I00082,7.094737317753502
P0002938,fiber_node,I00084,7.635874544651773
P0002938,water_source,I00086,13.23390418947371
P0002938,highway_interchange,I00087,7.0026317575287385
P0002938,data_center,I00089,11.189861881635645
P0002939,transmission_line,I00081,6.747666632820407
P0002939,substation,I00082,14.207514658964733
P0002939,fiber_node,I00084,11.962497009215912
P0002939,water_source,I00086,7.8227449029032305
P0002939,highway_interchange,I00088,6.792101024355584
P0002939,data_center,I00089,17.93168901886702
P0002940,transmission_line,I00079,14.354587839682466
P0002940,substation,I00082,22.368973627949934
P0002940,fiber_node,I00084,22.33572062144833
P0002940,water_source,I00086,26.970777702808125
P0002940,highway_interchange,I00087,17.38329118485388
P0002940,data_center,I00089,19.419585088825656
P0002941,transmission_line,I00079,20.61651250970558
P0002941,substation,I00083,25.540412777603198
P0002941,fiber_node,I00085,11.327875857910866
P0002941,water_source,I00086,30.7978469983553
P0002941,highway_interchange,I00087,27.951192312329596
P0002941,data_center,I00089,23.91906476803498
P0002942,transmission_line,I00079,10.207640243249196
P0002942,substation,I00083,33.44974073275315
P0002942,fiber_node,I00085,14.038627270427378
P0002942,water_source,I00086,31.025690807851777
P0002942,highway_interchange,I00087,23.70803025193412
P0002942,data_center,I00089,21.145301959491533
P0002943,transmission_line,I00079,6.574217883313806
P0002943,substation,I00082,18.11830804721986
P0002943,fiber_node,I00085,12.12796136056631
P0002943,water_source,I00086,16.40754494144627
P0002943,highway_interchange,I00087,7.7529078251258925
P0002943,data_center,I00089,6.368189372839227
P0002944,transmission_line,I00079,13.492564769659012
P0002944,substation,I00083,17.214247466654115
P0002944,fiber_node,I00085,2.583589384174209
P0002944,water_source,I00086,17.64148230400238
P0002944,highway_interchange,I00087,15.004549738497882
P0002944,data_center,I00089,10.833780462997241
P0002945,transmission_line,I00079,11.815008413988576
P0002945,substation,I00082,12.538470511450264
P0002945,fiber_node,I00084,9.929252777545694
P0002945,water_source,I00086,13.448333274130325
P0002945,highway_interchange,I00087,3.636573817049325
P0002945,data_center,I00089,6.114354250178533
P0002946,transmission_line,I00079,19.14173715020962
P0002946,substation,I00083,24.077892195102116
P0002946,fiber_node,I00085,9.397681990646007
P0002946,water_source,I00086,28.880597360434663
P0002946,highway_interchange,I00087,26.035440668461774
P0002946,data_center,I00089,21.990343772917704
P0002947,transmission_line,I00081,5.156510206861631
P0002947,substation,I00082,11.21406270618202
P0002947,fiber_node,I00084,5.959922380901019
P0002947,water_source,I00086,3.9411939935959146
P0002947,highway_interchange,I00087,6.637841218546815
P0002947,data_center,I00089,6.245091728712674
P0002948,transmission_line,I00081,9.180322852076298
P0002948,substation,I00082,12.587630572478009
P0002948,fiber_node,I00084,11.834603438230266
P0002948,water_source,I00086,9.481865943996562
P0002948,highway_interchange,I00088,10.327173450020297
P0002948,data_center,I00089,19.502564369345592
P0002949,transmission_line,I00079,6.524952999682862
P0002949,substation,I00082,23.25722441981449
P0002949,fiber_node,I00085,6.506946008681561
P0002949,water_source,I00086,19.090067031730364
P0002949,highway_interchange,I00087,12.668207400806587
P0002949,data_center,I00089,9.432792174332016
P0002950,transmission_line,I00081,19.03337845716097
P0002950,substation,I00083,10.812057219727887
P0002950,fiber_node,I00085,11.161163928573234
P0002950,water_source,I00086,20.156071366843374
P0002950,highway_interchange,I00088,16.93644508916441
P0002950,data_center,I00089,18.112688830287972
P0002951,transmission_line,I00081,8.023330453522753
P0002951,substation,I00082,14.390843889344875
P0002951,fiber_node,I00084,9.204358289750719
P0002951,water_source,I00086,7.421531553830202
P0002951,highway_interchange,I00087,6.774120410666166
P0002951,data_center,I00089,4.011807850820933
P0002952,transmission_line,I00081,13.532873774790357
P0002952,substation,I00083,8.844582114112665
P0002952,fiber_node,I00085,10.59788086465801
P0002952,water_source,I00086,14.574389182881486
P0002952,highway_interchange,I00088,11.815124182923885
P0002952,data_center,I00089,13.321634504200139
P0002953,transmission_line,I00079,11.70338737118334
P0002953,substation,I00082,12.789981069199293
P0002953,fiber_node,I00084,10.547405581365034
P0002953,water_source,I00086,14.316113494418062
P0002953,highway_interchange,I00087,4.548454309036439
P0002953,data_center,I00089,7.0845736518775
P0002954,transmission_line,I00079,16.48903221229701
P0002954,substation,I00083,18.49875888480701
P0002954,fiber_node,I00085,4.066265266183258
P0002954,water_source,I00086,22.273169309077304
P0002954,highway_interchange,I00087,20.183470296392013
P0002954,data_center,I00089,16.018859897983948
P0002955,transmission_line,I00080,16.269241268568777
P0002955,substation,I00083,7.965619560492554
P0002955,fiber_node,I00085,13.30693262019538
P0002955,water_source,I00086,18.855420859903763
P0002955,highway_interchange,I00088,14.98391905851457
P0002955,data_center,I00089,18.330469942940802
P0002956,transmission_line,I00081,6.692050374327666
P0002956,substation,I00082,9.786507479448773
P0002956,fiber_node,I00084,4.603618820081741
P0002956,water_source,I00086,5.018492661686578
P0002956,highway_interchange,I00087,4.858280087711174
P0002956,data_center,I00089,5.62185404344295
P0002957,transmission_line,I00081,11.648505941513264
P0002957,substation,I00082,8.010967263601074
P0002957,fiber_node,I00084,5.218253236172601
P0002957,water_source,I00086,9.67730674804961
P0002957,highway_interchange,I00087,2.770938324208792
P0002957,data_center,I00089,6.880484945707397
P0002958,transmission_line,I00081,4.830858191844349
P0002958,substation,I00082,7.456471926455102
P0002958,fiber_node,I00084,3.7843282502856863
P0002958,water_source,I00086,3.0720408687910292
P0002958,highway_interchange,I00088,8.646957189634618
P0002958,data_center,I00089,11.271430311033763
P0002959,transmission_line,I00079,13.125858630964702
P0002959,substation,I00083,18.277929290912034
P0002959,fiber_node,I00085,1.259870667083206
P0002959,water_source,I00086,18.93312790394582
P0002959,highway_interchange,I00087,15.913355239119376
P0002959,data_center,I00089,11.78743066581515
P0002960,transmission_line,I00081,12.506161616693827
P0002960,substation,I00082,3.0402231845926786
P0002960,fiber_node,I00084,7.050424427138513
P0002960,water_source,I00086,10.883946888340871
P0002960,highway_interchange,I00087,13.263866487085648
P0002960,data_center,I00089,16.554771698189757
P0002961,transmission_line,I00081,11.64392882245037
P0002961,substation,I00083,6.421939132232619
P0002961,fiber_node,I00085,13.329673730656866
P0002961,water_source,I00086,12.989273481070883
P0002961,highway_interchange,I00088,9.363509169872337
P0002961,data_center,I00089,13.862489411980247
P0002962,transmission_line,I00081,14.52977018443289
P0002962,substation,I00083,12.685221874883009
P0002962,fiber_node,I00085,6.923530550812391
P0002962,water_source,I00086,15.061668736643943
P0002962,highway_interchange,I00088,13.805746851265852
P0002962,data_center,I00089,11.059027688052918
P0002963,transmission_line,I00081,9.06478654007902
P0002963,substation,I00082,3.251400548720801
P0002963,fiber_node,I00084,2.4028415036557575
P0002963,water_source,I00086,7.124680574087952
P0002963,highway_interchange,I00087,8.982620654204714
P0002963,data_center,I00089,11.977021763862908
P0002964,transmission_line,I00081,11.745527057851818
P0002964,substation,I00082,5.68912494763136
P0002964,fiber_node,I00084,4.1944000343876136
P0002964,water_source,I00086,9.672407678769025
P0002964,highway_interchange,I00087,5.1334742505887405
P0002964,data_center,I00089,9.123056042077256
P0002965,transmission_line,I00081,10.065081917134085
P0002965,substation,I00082,5.884347258032963
P0002965,fiber_node,I00084,2.7746492408717645
P0002965,water_source,I00086,7.9978302861329125
P0002965,highway_interchange,I00087,4.779983931508882
P0002965,data_center,I00089,8.338253114742976
P0002966,transmission_line,I00079,8.120602403650684
P0002966,substation,I00082,16.286833888209966
P0002966,fiber_node,I00084,13.06287134424012
P0002966,water_source,I00086,15.430043780944311
P0002966,highway_interchange,I00087,6.187610691052036
P0002966,data_center,I00089,5.8764653478555555
P0002967,transmission_line,I00081,6.078741875571917
P0002967,substation,I00083,13.841821248883452
P0002967,fiber_node,I00084,9.196421869381028
P0002967,water_source,I00086,5.945039702348633
P0002967,highway_interchange,I00088,7.571411906407898
P0002967,data_center,I00089,6.293105919527729
P0002968,transmission_line,I00079,6.0330134220667935
P0002968,substation,I00083,25.95167290678635
P0002968,fiber_node,I00085,7.310382113779342
P0002968,water_source,I00086,22.746079971623413
P0002968,highway_interchange,I00087,16.080557570346024
P0002968,data_center,I00089,13.054124476229681
P0002969,transmission_line,I00079,13.72891540374352
P0002969,substation,I00082,12.730756596167645
P0002969,fiber_node,I00084,12.127730800183878
P0002969,water_source,I00086,16.899298416917805
P0002969,highway_interchange,I00087,7.790802719505868
P0002969,data_center,I00089,10.986821890216527
P0002970,transmission_line,I00079,14.03812977541996
P0002970,substation,I00082,12.102824542949838
P0002970,fiber_node,I00084,11.475145035537563
P0002970,water_source,I00086,16.285541533628624
P0002970,highway_interchange,I00087,7.292542000588159
P0002970,data_center,I00089,10.633756238343254
P0002971,transmission_line,I00079,31.450078022586222
P0002971,substation,I00082,20.05457232421333
P0002971,fiber_node,I00084,24.171381903318526
P0002971,water_source,I00086,29.969699066313915
P0002971,highway_interchange,I00087,24.74373859620635
P0002971,data_center,I00089,28.810502259416356
P0002972,transmission_line,I00079,10.562728016943257
P0002972,substation,I00082,13.975961364523139
P0002972,fiber_node,I00084,10.593849585724408
P0002972,water_source,I00086,13.113142775479432
P0002972,highway_interchange,I00087,3.715137028618444
P0002972,data_center,I00089,4.281013900126261
P0002973,transmission_line,I00079,20.26101785133622
P0002973,substation,I00082,10.40524725526223
P0002973,fiber_node,I00084,12.629094885319256
P0002973,water_source,I00086,18.383106655651037
P0002973,highway_interchange,I00087,11.845978875375332
P0002973,data_center,I00089,15.885661705658178
P0002974,transmission_line,I00081,19.987781808680154
P0002974,substation,I00083,12.593017491938584
P0002974,fiber_node,I00085,9.830131964192653
P0002974,water_source,I00086,20.965480530378116
P0002974,highway_interchange,I00088,18.161558533432267
P0002974,data_center,I00089,18.000312846436305
P0002975,transmission_line,I00079,33.99068321906132
P0002975,substation,I00082,25.714992448299025
P0002975,fiber_node,I00084,29.546066108523554
P0002975,water_source,I00086,35.380175201078046
P0002975,highway_interchange,I00087,29.324001361431804
P0002975,data_center,I00089,33.21822510695183
P0002976,transmission_line,I00081,7.802072170977303
P0002976,substation,I00083,6.311483193711408
P0002976,fiber_node,I00084,15.107323561073098
P0002976,water_source,I00086,9.557015998624209
P0002976,highway_interchange,I00088,4.7745668494814995
P0002976,data_center,I00089,13.88775347494742
P0002977,transmission_line,I00080,16.07910692576367
P0002977,substation,I00083,8.19711985359674
P0002977,fiber_node,I00085,15.452184409815791
P0002977,water_source,I00086,20.914477778789724
P0002977,highway_interchange,I00088,16.604884360325546
P0002977,data_center,I00089,20.878489966722153
P0002978,transmission_line,I00081,7.2498172651933
P0002978,substation,I00083,11.468540234678235
P0002978,fiber_node,I00084,11.835292914392275
P0002978,water_source,I00086,7.814600028032878
P0002978,highway_interchange,I00088,7.265497460422462
P0002978,data_center,I00089,8.13755930183329
P0002979,transmission_line,I00079,21.82564736676154
P0002979,substation,I00083,22.195160386526926
P0002979,fiber_node,I00085,10.716575673614864
P0002979,water_source,I00086,28.85658189652121
P0002979,highway_interchange,I00088,27.13281296658665
P0002979,data_center,I00089,23.019938502927275
P0002980,transmission_line,I00081,14.45352495093077
P0002980,substation,I00082,8.336765221219919
P0002980,fiber_node,I00084,11.473850429269394
P0002980,water_source,I00086,13.429685765761963
P0002980,highway_interchange,I00088,17.261122970997807
P0002980,data_center,I00089,21.05857865562339
P0002981,transmission_line,I00079,8.943336362505931
P0002981,substation,I00083,21.534869015336636
P0002981,fiber_node,I00085,3.8984474356029675
P0002981,water_source,I00086,19.189115781199277
P0002981,highway_interchange,I00087,14.00635098940005
P0002981,data_center,I00089,10.290967902640023
P0002982,transmission_line,I00081,13.308941466839817
P0002982,substation,I00082,1.211585636118737
P0002982,fiber_node,I00084,5.9708197069091264
P0002982,water_source,I00086,11.356963972118738
P0002982,highway_interchange,I00087,10.607948727266844
P0002982,data_center,I00089,14.39515040784462
P0002983,transmission_line,I00081,9.890262991131902
P0002983,substation,I00083,11.330989876031206
P0002983,fiber_node,I00085,10.677944577971747
P0002983,water_source,I00086,10.451031937796898
P0002983,highway_interchange,I00088,9.487670084821065
P0002983,data_center,I00089,8.681748135840238
P0002984,transmission_line,I00081,8.807339808843075
P0002984,substation,I00083,15.132018118877278
P0002984,fiber_node,I00084,10.534122017578987
P0002984,water_source,I00086,8.446956095538496
P0002984,highway_interchange,I00087,7.779018104583844
P0002984,data_center,I00089,4.443710077259831
P0002985,transmission_line,I00081,12.440943736391535
P0002985,substation,I00082,11.201536488874293
P0002985,fiber_node,I00084,7.723161117229829
P0002985,water_source,I00086,10.733022242069474
P0002985,highway_interchange,I00087,0.9234629184132032
P0002985,data_center,I00089,4.263120679967204
P0002986,transmission_line,I00080,23.383246878384263
P0002986,substation,I00083,15.57554103118338
P0002986,fiber_node,I00085,14.67827298924683
P0002986,water_source,I00086,26.660551281891824
P0002986,highway_interchange,I00088,23.19687481236196
P0002986,data_center,I00089,24.089502956902596
P0002987,transmission_line,I00081,7.071807185370979
P0002987,substation,I00083,12.924177078395152
P0002987,fiber_node,I00084,10.683937777824434
P0002987,water_source,I00086,7.237490542150536
P0002987,highway_interchange,I00088,7.86117788412886
P0002987,data_center,I00089,6.741032175817749
P0002988,transmission_line,I00081,2.757454022601746
P0002988,substation,I00082,9.538021701003263
P0002988,fiber_node,I00084,5.231048815759938
P0002988,water_source,I00086,0.9318404400045721
P0002988,highway_interchange,I00088,6.6592280995377235
P0002988,data_center,I00089,10.572432837043893
P0002989,transmission_line,I00080,5.05640842518777
P0002989,substation,I00083,12.744341168020107
P0002989,fiber_node,I00084,22.79545001451643
P0002989,water_source,I00086,17.486161478008327
P0002989,highway_interchange,I00088,12.444656243453533
P0002989,data_center,I00089,26.151547579704438
P0002990,transmission_line,I00079,17.802687486225903
P0002990,substation,I00082,17.42667063937447
P0002990,fiber_node,I00084,18.580185031714027
P0002990,water_source,I00086,23.912968282191645
P0002990,highway_interchange,I00087,15.310769322076762
P0002990,data_center,I00089,18.484697109107675
P0002991,transmission_line,I00081,5.402754442492435
P0002991,substation,I00082,8.322774004473809
P0002991,fiber_node,I00084,6.132162962599285
P0002991,water_source,I00086,4.5500638529495765
P0002991,highway_interchange,I00088,8.543718142573915
P0002991,data_center,I00089,13.91686490199683
P0002992,transmission_line,I00081,9.525010636117653
P0002992,substation,I00082,11.620769769084513
P0002992,fiber_node,I00084,6.947629005776565
P0002992,water_source,I00086,8.073757890806478
P0002992,highway_interchange,I00087,2.755440955667217
P0002992,data_center,I00089,2.662501268397906
P0002993,transmission_line,I00081,7.241935524515559
P0002993,substation,I00082,12.202184827396062
P0002993,fiber_node,I00084,7.035944993137525
P0002993,water_source,I00086,6.130335205887079
P0002993,highway_interchange,I00087,5.307981198217552
P0002993,data_center,I00089,4.079319786650703
P0002994,transmission_line,I00081,10.982135013616855
P0002994,substation,I00082,1.6099058965344375
P0002994,fiber_node,I00084,3.670082703191169
P0002994,water_source,I00086,9.00914798771809
P0002994,highway_interchange,I00087,9.177383800107085
P0002994,data_center,I00089,12.649060340862741
P0002995,transmission_line,I00079,18.226023601110384
P0002995,substation,I00082,13.847195985485952
P0002995,fiber_node,I00084,15.258639217852238
P0002995,water_source,I00086,20.763415393164323
P0002995,highway_interchange,I00087,12.807493524396046
P0002995,data_center,I00089,16.415264439716413
P0002996,transmission_line,I00079,12.623070114600232
P0002996,substation,I00082,16.62803104786279
P0002996,fiber_node,I00084,16.1966253160268
P0002996,water_source,I00086,20.815158626415833
P0002996,highway_interchange,I00087,11.332179252869983
P0002996,data_center,I00089,13.811895671107616
P0002997,transmission_line,I00080,21.835855327876075
P0002997,substation,I00083,13.657616260310133
P0002997,fiber_node,I00085,11.90914841759047
P0002997,water_source,I00086,23.508934398930077
P0002997,highway_interchange,I00088,20.351060625319743
P0002997,data_center,I00089,20.763508828780694
P0002998,transmission_line,I00081,16.24429989351367
P0002998,substation,I00082,6.288470296915422
P0002998,fiber_node,I00084,11.011155526706945
P0002998,water_source,I00086,14.751461389569462
P0002998,highway_interchange,I00087,16.887378767968205
P0002998,data_center,I00089,20.392383081110957
P0002999,transmission_line,I00079,10.416556100970656
P0002999,substation,I00082,17.874432127978686
P0002999,fiber_node,I00085,9.080586533085171
P0002999,water_source,I00086,13.179746649807155
P0002999,highway_interchange,I00087,7.58563115788451
P0002999,data_center,I00089,3.6975155429902826
P0003000,transmission_line,I00081,5.078132756896456
P0003000,substation,I00083,9.494413518747901
P0003000,fiber_node,I00084,11.966702391680936
P0003000,water_source,I00086,6.57845033831715
P0003000,highway_interchange,I00088,3.5452633425365825
P0003000,data_center,I00089,11.247122709876884
P0003001,transmission_line,I00080,4.746338319094645
P0003001,substation,I00083,9.406361898683837
P0003001,fiber_node,I00084,19.080595323619026
P0003001,water_source,I00086,13.492885705474764
P0003001,highway_interchange,I00088,8.054338132950045
P0003001,data_center,I00089,21.691974935053885
P0003002,transmission_line,I00079,10.688591092228963
P0003002,substation,I00083,18.82829387299247
P0003002,fiber_node,I00085,6.960492959199623
P0003002,water_source,I00086,14.308055203560986
P0003002,highway_interchange,I00087,9.696389681217395
P0003002,data_center,I00089,5.652428842914566
P0003003,transmission_line,I00081,4.329582106902214
P0003003,substation,I00082,13.018924365476371
P0003003,fiber_node,I00084,7.825175404217477
P0003003,water_source,I00086,4.051599745518773
P0003003,highway_interchange,I00088,6.511565996825371
P0003003,data_center,I00089,7.256866231857309
P0003004,transmission_line,I00079,14.514945464850474
P0003004,substation,I00083,27.171398476939142
P0003004,fiber_node,I00085,8.866397628254026
P0003004,water_source,I00086,28.819221072731835
P0003004,highway_interchange,I00087,24.055122716765425
P0003004,data_center,I00089,20.392004791949667
P0003005,transmission_line,I00081,11.510117101730566
P0003005,substation,I00082,9.240488198649588
P0003005,fiber_node,I00084,5.909946270403149
P0003005,water_source,I00086,9.639776117154865
P0003005,highway_interchange,I00087,1.4378221374487958
P0003005,data_center,I00089,5.57680009044199
P0003006,transmission_line,I00081,7.087995536892528
P0003006,substation,I00082,5.5084629944314
P0003006,fiber_node,I00084,1.11301508471849
P0003006,water_source,I00086,5.0507333815154585
P0003006,highway_interchange,I00087,7.787737894934613
P0003006,data_center,I00089,10.197930460150577
P0003007,transmission_line,I00081,4.191770895179267
P0003007,substation,I00082,8.776971073904852
P0003007,fiber_node,I00084,5.750821811033953
P0003007,water_source,I00086,3.245524301895639
P0003007,highway_interchange,I00088,7.575269432678634
P0003007,data_center,I00089,12.821890353523907
P0003008,transmission_line,I00081,3.8356798262838447
P0003008,substation,I00083,11.877590410028853
P0003008,fiber_node,I00084,11.37407545270838
P0003008,water_source,I00086,5.7781482011285235
P0003008,highway_interchange,I00088,2.2623707414054106
P0003008,data_center,I00089,14.862771501124039
P0003009,transmission_line,I00081,17.895628097644455
P0003009,substation,I00082,8.035508346779993
P0003009,fiber_node,I00084,12.816244185867141
P0003009,water_source,I00086,16.462302148978367
P0003009,highway_interchange,I00087,18.631852623146838
P0003009,data_center,I00089,22.179177409778777
P0003010,transmission_line,I00081,11.866538472615797
P0003010,substation,I00082,3.416017277697777
P0003010,fiber_node,I00084,6.8157117592945795
P0003010,water_source,I00086,10.30157955015294
P0003010,highway_interchange,I00087,13.246745599624541
P0003010,data_center,I00089,16.396516768166443
P0003011,transmission_line,I00081,18.67178002052968
P0003011,substation,I00082,8.405325054896004
P0003011,fiber_node,I00084,10.785451284962164
P0003011,water_source,I00086,16.58722770769112
P0003011,highway_interchange,I00087,10.779424498597905
P0003011,data_center,I00089,14.933362328815436
P0003012,transmission_line,I00079,4.897576747708717
P0003012,substation,I00082,25.414448219666067
P0003012,fiber_node,I00085,7.916666178045537
P0003012,water_source,I00086,21.853819458110923
P0003012,highway_interchange,I00087,14.83297936607156
P0003012,data_center,I00089,11.988362527711807
P0003013,transmission_line,I00081,13.24797348218881
P0003013,substation,I00083,12.987663002765313
P0003013,fiber_node,I00085,7.371818225023234
P0003013,water_source,I00086,13.646634440698616
P0003013,highway_interchange,I00088,12.863892073518121
P0003013,data_center,I00089,9.476666690836876
P0003014,transmission_line,I00079,16.42807619184592
P0003014,substation,I00083,23.400867603353973
P0003014,fiber_node,I00085,6.907604913173973
P0003014,water_source,I00086,26.7943168167796
P0003014,highway_interchange,I00087,23.432690102244035
P0003014,data_center,I00089,19.445451553155866
P0003015,transmission_line,I00080,12.738718299380613
P0003015,substation,I00083,6.660376583831792
P0003015,fiber_node,I00085,20.161626062709278
P0003015,water_source,I00086,21.951131465727663
P0003015,highway_interchange,I00088,16.718479733741887
P0003015,data_center,I00089,23.96704642226289
P0003016,transmission_line,I00081,14.417097082473916
P0003016,substation,I00082,6.543557507914
P0003016,fiber_node,I00084,6.751547234552587
P0003016,water_source,I00086,12.341898952387144
P0003016,highway_interchange,I00087,6.446373406974014
P0003016,data_center,I00089,10.64310741979959
P0003017,transmission_line,I00079,7.397980631140436
P0003017,substation,I00082,18.769436944546175
P0003017,fiber_node,I00085,9.891048534309002
P0003017,water_source,I00086,15.632566875977156
P0003017,highway_interchange,I00087,8.170502818981147
P0003017,data_center,I00089,5.496790737817889
P0003018,transmission_line,I00079,6.868923188307351
P0003018,substation,I00082,20.750150966013464
P0003018,fiber_node,I00085,8.064928968843388
P0003018,water_source,I00086,16.97623160120841
P0003018,highway_interchange,I00087,10.156181450231527
P0003018,data_center,I00089,7.067250118849326
P0003019,transmission_line,I00079,5.389000440048673
P0003019,substation,I00082,21.176965892842915
P0003019,fiber_node,I00085,16.914557540476
P0003019,water_source,I00086,21.986272954329532
P0003019,highway_interchange,I00087,12.359096821417403
P0003019,data_center,I00089,12.500615001733257
P0003020,transmission_line,I00079,10.080415563636494
P0003020,substation,I00083,20.280834956987807
P0003020,fiber_node,I00085,3.1847530810977465
P0003020,water_source,I00086,18.408911553560536
P0003020,highway_interchange,I00087,13.83718661468024
P0003020,data_center,I00089,9.939344365821153
P0003021,transmission_line,I00081,3.0494988451851546
P0003021,substation,I00083,10.860234247551194
P0003021,fiber_node,I00084,10.583252380912429
P0003021,water_source,I00086,4.858206733311519
P0003021,highway_interchange,I00088,2.0380856176286715
P0003021,data_center,I00089,11.688026808650141
P0003022,transmission_line,I00081,5.433232311253815
P0003022,substation,I00082,13.830400077905086
P0003022,fiber_node,I00084,8.586827145707309
P0003022,water_source,I00086,5.22025202095001
P0003022,highway_interchange,I00088,7.201233417034347
P0003022,data_center,I00089,6.533232153249739
P0003023,transmission_line,I00081,14.933892408404715
P0003023,substation,I00082,6.906666918082092
P0003023,fiber_node,I00084,7.276131989521931
P0003023,water_source,I00086,12.860020779406002
P0003023,highway_interchange,I00087,6.712380350962766
P0003023,data_center,I00089,10.906052658174465
P0003024,transmission_line,I00081,8.935181644757076
P0003024,substation,I00082,12.822371818924605
P0003024,fiber_node,I00084,7.87477894130612
P0003024,water_source,I00086,7.784048680109404
P0003024,highway_interchange,I00087,4.35486962362449
P0003024,data_center,I00089,2.39057990784145
P0003025,transmission_line,I00081,3.2889529651693543
P0003025,substation,I00083,11.690659202730474
P0003025,fiber_node,I00084,9.739356932999097
P0003025,water_source,I00086,4.447649363651395
P0003025,highway_interchange,I00088,3.792678346498669
P0003025,data_center,I00089,9.945366920577595
P0003026,transmission_line,I00081,11.64758253528622
P0003026,substation,I00082,7.52065632306735
P0003026,fiber_node,I00084,4.939529044777366
P0003026,water_source,I00086,9.646243276759213
P0003026,highway_interchange,I00087,3.27034411187008
P0003026,data_center,I00089,7.354018801849849
P0003027,transmission_line,I00081,8.478014530077026
P0003027,substation,I00083,11.522661685258258
P0003027,fiber_node,I00084,15.641095769976289
P0003027,water_source,I00086,10.333126982655273
P0003027,highway_interchange,I00088,5.890096208344694
P0003027,data_center,I00089,19.439001495057
P0003028,transmission_line,I00079,20.553800531581036
P0003028,substation,I00083,16.161748074127228
P0003028,fiber_node,I00085,7.914388998891389
P0003028,water_source,I00086,22.987192833414127
P0003028,highway_interchange,I00088,20.902136988211677
P0003028,data_center,I00089,18.414657022136236
P0003029,transmission_line,I00081,11.881286243138018
P0003029,substation,I00083,16.500926099471073
P0003029,fiber_node,I00085,8.872459295574666
P0003029,water_source,I00086,11.498435633460835
P0003029,highway_interchange,I00087,8.67984420352609
P0003029,data_center,I00089,4.526380092385605
P0003030,transmission_line,I00080,15.003233310862434
P0003030,substation,I00083,6.6660292701473125
P0003030,fiber_node,I00085,13.915635747745041
P0003030,water_source,I00086,17.811512161320458
P0003030,highway_interchange,I00088,13.738852161161855
P0003030,data_center,I00089,17.920405341222413
P0003031,transmission_line,I00080,22.593959873621255
P0003031,substation,I00083,30.099763075303454
P0003031,fiber_node,I00084,30.756524975762154
P0003031,water_source,I00086,27.893059810191236
P0003031,highway_interchange,I00088,25.87263695255323
P0003031,data_center,I00089,38.055302472759955
P0003032,transmission_line,I00081,9.381745070842912
P0003032,substation,I00082,8.8000079502314
P0003032,fiber_node,I00084,4.478917187514238
P0003032,water_source,I00086,7.521542521295628
P0003032,highway_interchange,I00087,2.5286695581418943
P0003032,data_center,I00089,5.3924191621461
P0003033,transmission_line,I00081,1.4739280074293746
P0003033,substation,I00083,12.845758609657159
P0003033,fiber_node,I00084,9.271263440760974
P0003033,water_source,I00086,3.504927542122032
P0003033,highway_interchange,I00088,2.702381057261764
P0003033,data_center,I00089,12.589775047761858
P0003034,transmission_line,I00081,5.799458813173274
P0003034,substation,I00083,8.354256920661673
P0003034,fiber_node,I00084,13.69191957302492
P0003034,water_source,I00086,7.85593937350648
P0003034,highway_interchange,I00088,1.9047660688769341
P0003034,data_center,I00089,14.863318549848465
P0003035,transmission_line,I00079,9.672142655772127
P0003035,substation,I00082,14.91718272584065
P0003035,fiber_node,I00084,11.469544092274756
P0003035,water_source,I00086,13.755822562791515
P0003035,highway_interchange,I00087,4.587481943254155
P0003035,data_center,I00089,4.418923730543148
P0003036,transmission_line,I00081,7.89073246720961
P0003036,substation,I00082,9.543961330022366
P0003036,fiber_node,I00084,4.606019148668184
P0003036,water_source,I00086,6.157011047078466
P0003036,highway_interchange,I00087,3.6705649510824365
P0003036,data_center,I00089,5.069115735598028
P0003037,transmission_line,I00079,9.94025980833946
P0003037,substation,I00083,19.70320958788964
P0003037,fiber_node,I00085,4.850620872538765
P0003037,water_source,I00086,16.6196805322818
P0003037,highway_interchange,I00087,11.910512042233757
P0003037,data_center,I00089,7.984947536095505
P0003038,transmission_line,I00081,12.04903397995784
P0003038,substation,I00083,16.987313181399763
P0003038,fiber_node,I00085,8.984701076306585
P0003038,water_source,I00086,11.580987450747433
P0003038,highway_interchange,I00087,8.310234420008747
P0003038,data_center,I00089,4.130015886006048
P0003039,transmission_line,I00081,10.684986435227314
P0003039,substation,I00082,13.60570913538502
P0003039,fiber_node,I00084,8.955776789962275
P0003039,water_source,I00086,9.497769078528055
P0003039,highway_interchange,I00087,3.8756232431583677
P0003039,data_center,I00089,0.694692514029601
P0003040,transmission_line,I00081,1.5960342263802858
P0003040,substation,I00082,11.838545344173376
P0003040,fiber_node,I00084,7.079009932500115
P0003040,water_source,I00086,1.5841935238620761
P0003040,highway_interchange,I00088,4.9827496654371
P0003040,data_center,I00089,9.720422516387643
P0003041,transmission_line,I00081,26.957355434202224
P0003041,substation,I00082,14.695955677992727
P0003041,fiber_node,I00084,19.43275273817679
P0003041,water_source,I00086,25.00614937304863
P0003041,highway_interchange,I00087,21.601147576065358
P0003041,data_center,I00089,25.797759547329235
P0003042,transmission_line,I00079,7.91465976390874
P0003042,substation,I00082,20.496543976693427
P0003042,fiber_node,I00084,18.9061167194667
P0003042,water_source,I00086,22.52628017187406
P0003042,highway_interchange,I00087,12.716163469790134
P0003042,data_center,I00089,13.652352298277215
P0003043,transmission_line,I00079,8.779703227246344
P0003043,substation,I00082,18.802174217545613
P0003043,fiber_node,I00084,17.317664921605044
P0003043,water_source,I00086,21.11718733119578
P0003043,highway_interchange,I00087,11.29622957840185
P0003043,data_center,I00089,12.605572601144301
P0003044,transmission_line,I00080,18.436359349694737
P0003044,substation,I00083,14.32768681891275
P0003044,fiber_node,I00085,25.413402313067394
P0003044,water_source,I00086,29.800275622571558
P0003044,highway_interchange,I00088,24.492369228604364
P0003044,data_center,I00089,31.29509761153272
P0003045,transmission_line,I00081,12.905389658316686
P0003045,substation,I00083,11.578389918421921
P0003045,fiber_node,I00085,8.431050649916157
P0003045,water_source,I00086,13.51834087809859
P0003045,highway_interchange,I00088,12.120562453722227
P0003045,data_center,I00089,10.454123355553813
P0003046,transmission_line,I00079,10.417167798653924
P0003046,substation,I00082,14.062856379478726
P0003046,fiber_node,I00084,10.761557547103514
P0003046,water_source,I00086,13.358719744155936
P0003046,highway_interchange,I00087,3.8949277096449224
P0003046,data_center,I00089,4.551081034779751
P0003047,transmission_line,I00081,9.322972000643249
P0003047,substation,I00082,3.970233224779797
P0003047,fiber_node,I00084,4.857763639579466
P0003047,water_source,I00086,7.734419385766933
P0003047,highway_interchange,I00087,11.668400132074204
P0003047,data_center,I00089,14.421242125347922
P0003048,transmission_line,I00081,10.463267394050392
P0003048,substation,I00082,2.07567266599119
P0003048,fiber_node,I00084,4.342209974247932
P0003048,water_source,I00086,8.655250986221194
P0003048,highway_interchange,I00087,10.691603277556553
P0003048,data_center,I00089,13.86491338008047
P0003049,transmission_line,I00080,8.346807246051668
P0003049,substation,I00083,2.7917349783379763
P0003049,fiber_node,I00084,18.67475948232048
P0003049,water_source,I00086,12.966887320447857
P0003049,highway_interchange,I00088,7.391174268104172
P0003049,data_center,I00089,17.523951233057755
P0003050,transmission_line,I00080,7.32668728864245
P0003050,substation,I00083,11.529446393213847
P0003050,fiber_node,I00084,17.351881667915
P0003050,water_source,I00086,12.060683111616372
P0003050,highway_interchange,I00088,7.411517620203956
P0003050,data_center,I00089,21.065742586748435
P0003051,transmission_line,I00081,6.515576161473395
P0003051,substation,I00083,11.398044858530257
P0003051,fiber_node,I00084,11.37427050299379
P0003051,water_source,I00086,7.145291548679257
P0003051,highway_interchange,I00088,6.577959214982406
P0003051,data_center,I00089,8.351040061449059
P0003052,transmission_line,I00081,19.279985018590754
P0003052,substation,I00082,8.406349150821192
P0003052,fiber_node,I00084,11.366602758710794
P0003052,water_source,I00086,17.20191228822344
P0003052,highway_interchange,I00087,11.91248295303889
P0003052,data_center,I00089,16.08797826662122
P0003053,transmission_line,I00081,19.501086926398337
P0003053,substation,I00083,13.398380426627117
P0003053,fiber_node,I00085,8.112990017669812
P0003053,water_source,I00086,20.326941484909398
P0003053,highway_interchange,I00088,17.99261805121457
P0003053,data_center,I00089,16.65627760217125
P0003054,transmission_line,I00079,11.307867937853327
P0003054,substation,I00082,16.58590450829027
P0003054,fiber_node,I00085,10.248201673622857
P0003054,water_source,I00086,11.956994607900421
P0003054,highway_interchange,I00087,6.418031866270996
P0003054,data_center,I00089,2.3943150211007387
P0003055,transmission_line,I00081,8.482302582831815
P0003055,substation,I00082,8.18202234175143
P0003055,fiber_node,I00084,3.520603460466942
P0003055,water_source,I00086,6.559835117272112
P0003055,highway_interchange,I00087,3.617139305206967
P0003055,data_center,I00089,6.131034545898207
P0003056,transmission_line,I00081,2.7846120172171855
P0003056,substation,I00082,10.82810343323201
P0003056,fiber_node,I00084,5.886423932753074
P0003056,water_source,I00086,1.4735596221427891
P0003056,highway_interchange,I00088,6.333578196064219
P0003056,data_center,I00089,8.767843951500137
P0003057,transmission_line,I00081,1.5890202104851274
P0003057,substation,I00082,11.31263946138601
P0003057,fiber_node,I00084,7.43496231819285
P0003057,water_source,I00086,2.184158939315433
P0003057,highway_interchange,I00088,4.830135107455834
P0003057,data_center,I00089,12.264494933547306
P0003058,transmission_line,I00081,2.0896956667022817
P0003058,substation,I00083,12.46002445532302
P0003058,fiber_node,I00084,8.924076280153512
P0003058,water_source,I00086,3.3745199287440784
P0003058,highway_interchange,I00088,3.5625048615561132
P0003058,data_center,I00089,10.284100298327152
P0003059,transmission_line,I00081,10.219205687900539
P0003059,substation,I00082,3.0535697281890894
P0003059,fiber_node,I00084,2.465436671248282
P0003059,water_source,I00086,8.175426420405953
P0003059,highway_interchange,I00087,7.75227592711914
P0003059,data_center,I00089,11.17413400773274
P0003060,transmission_line,I00079,25.315636100721736
P0003060,substation,I00082,17.348076908793097
P0003060,fiber_node,I00084,20.48966161118969
P0003060,water_source,I00086,26.307759397449495
P0003060,highway_interchange,I00087,19.72356653190996
P0003060,data_center,I00089,23.600437332415055
P0003061,transmission_line,I00079,12.63450446520671
P0003061,substation,I00083,17.163440388427354
P0003061,fiber_node,I00085,4.25198863252162
P0003061,water_source,I00086,15.859001852914362
P0003061,highway_interchange,I00087,12.870302208942677
P0003061,data_center,I00089,8.697507792952496
P0003062,transmission_line,I00079,15.063680361860069
P0003062,substation,I00082,9.702620987804144
P0003062,fiber_node,I00084,8.474714006257855
P0003062,water_source,I00086,13.272791287491486
P0003062,highway_interchange,I00087,4.799410927028813
P0003062,data_center,I00089,8.701803807463222
P0003063,transmission_line,I00081,4.1373095164015785
P0003063,substation,I00082,8.793123675996672
P0003063,fiber_node,I00084,5.726298140366303
P0003063,water_source,I00086,3.178466393827103
P0003063,highway_interchange,I00088,7.537870909331828
P0003063,data_center,I00089,12.760149229276369
P0003064,transmission_line,I00081,16.002170129930644
P0003064,substation,I00082,5.695663164401311
P0003064,fiber_node,I00084,10.524122779631236
P0003064,water_source,I00086,14.452573251608095
P0003064,highway_interchange,I00087,16.29426211508045
P0003064,data_center,I00089,19.842151063318287
P0003065,transmission_line,I00081,11.776990588669006
P0003065,substation,I00082,9.824687226636154
P0003065,fiber_node,I00084,6.449358947733507
P0003065,water_source,I00086,9.952958470121049
P0003065,highway_interchange,I00087,0.9561816311061206
P0003065,data_center,I00089,5.152650636735308
P0003066,transmission_line,I00081,10.59748733300368
P0003066,substation,I00083,8.564090915881394
P0003066,fiber_node,I00085,11.9309542339808
P0003066,water_source,I00086,11.652615747449882
P0003066,highway_interchange,I00088,9.067463523004147
P0003066,data_center,I00089,11.554745083236044
P0003067,transmission_line,I00080,20.97539796087487
P0003067,substation,I00083,13.036529200093657
P0003067,fiber_node,I00085,13.866988045239127
P0003067,water_source,I00086,24.1996982928372
P0003067,highway_interchange,I00088,20.605906020948698
P0003067,data_center,I00089,22.19069575193799
P0003068,transmission_line,I00081,1.1757255829023416
P0003068,substation,I00082,12.972789324632528
P0003068,fiber_node,I00084,8.336177194578266
P0003068,water_source,I00086,2.6063106024767935
P0003068,highway_interchange,I00088,3.6835931300272806
P0003068,data_center,I00089,10.603262066260054
P0003069,transmission_line,I00079,15.182458974542426
P0003069,substation,I00082,21.98936839099582
P0003069,fiber_node,I00084,22.18070581682671
P0003069,water_source,I00086,26.954400581206908
P0003069,highway_interchange,I00087,17.47374095902325
P0003069,data_center,I00089,19.699766037338616
P0003070,transmission_line,I00079,11.451056327369365
P0003070,substation,I00082,15.165592474128943
P0003070,fiber_node,I00084,10.74203074393219
P0003070,water_source,I00086,11.440522447738598
P0003070,highway_interchange,I00087,4.815418848002114
P0003070,data_center,I00089,1.2780569017992074
P0003071,transmission_line,I00080,6.338952350405547
P0003071,substation,I00083,5.304644996793962
P0003071,fiber_node,I00084,17.95681238603596
P0003071,water_source,I00086,12.119093775440788
P0003071,highway_interchange,I00088,6.1331491755779854
P0003071,data_center,I00089,18.517844558450342
P0003072,transmission_line,I00079,11.163955451178321
P0003072,substation,I00082,19.55852871776233
P0003072,fiber_node,I00084,18.814235802274826
P0003072,water_source,I00086,23.10356103434081
P0003072,highway_interchange,I00087,13.374298125986103
P0003072,data_center,I00089,15.193297920270107
P0003073,transmission_line,I00079,19.15564076459664
P0003073,substation,I00082,14.53639218955217
P0003073,fiber_node,I00084,16.23625184167789
P0003073,water_source,I00086,21.80693215905739
P0003073,highway_interchange,I00087,13.993884772849551
P0003073,data_center,I00089,17.61929514698751
P0003074,transmission_line,I00079,29.983359065070857
P0003074,substation,I00083,26.578088577341322
P0003074,fiber_node,I00085,19.098311720616866
P0003074,water_source,I00086,36.083926324154284
P0003074,highway_interchange,I00088,33.4770526322543
P0003074,data_center,I00089,31.1851040853978
P0003075,transmission_line,I00081,12.591157408374603
P0003075,substation,I00082,3.684908428482259
P0003075,fiber_node,I00084,4.677745977061684
P0003075,water_source,I00086,10.514903619822181
P0003075,highway_interchange,I00087,7.475522614094261
P0003075,data_center,I00089,11.437846708238945
P0003076,transmission_line,I00079,21.83458876525974
P0003076,substation,I00083,20.87683319017497
P0003076,fiber_node,I00085,10.242365236060557
P0003076,water_source,I00086,27.815333009210715
P0003076,highway_interchange,I00088,25.945046920458502
P0003076,data_center,I00089,22.304244341393186
P0003077,transmission_line,I00081,15.902124053235454
P0003077,substation,I00083,13.404355248759229
P0003077,fiber_node,I00085,6.022445488769311
P0003077,water_source,I00086,16.423601655855755
P0003077,highway_interchange,I00088,15.129429903141682
P0003077,data_center,I00089,11.99000211064393
P0003078,transmission_line,I00081,4.127997872994112
P0003078,substation,I00082,12.446004826499326
P0003078,fiber_node,I00084,9.533288155254468
P0003078,water_source,I00086,5.069378887372649
P0003078,highway_interchange,I00088,5.334276500646127
P0003078,data_center,I00089,15.190628549336493
P0003079,transmission_line,I00081,8.612409685873935
P0003079,substation,I00082,11.714122955465427
P0003079,fiber_node,I00084,6.801819131957528
P0003079,water_source,I00086,7.2515487070109055
P0003079,highway_interchange,I00087,3.6834427801398206
P0003079,data_center,I00089,3.0581544264417078
P0003080,transmission_line,I00081,18.14485257687035
P0003080,substation,I00083,12.704337801302119
P0003080,fiber_node,I00085,7.746280276539858
P0003080,water_source,I00086,18.946699346966273
P0003080,highway_interchange,I00088,16.72554384831819
P0003080,data_center,I00089,15.385770315751317
P0003081,transmission_line,I00081,10.378002923507859
P0003081,substation,I00082,15.26603554774512
P0003081,fiber_node,I00084,10.323366770357827
P0003081,water_source,I00086,9.596731082184542
P0003081,highway_interchange,I00087,6.070771986044532
P0003081,data_center,I00089,2.1834335480194778
P0003082,transmission_line,I00079,7.05742875873114
P0003082,substation,I00082,20.1492791921547
P0003082,fiber_node,I00085,8.528482498622724
P0003082,water_source,I00086,16.501127776010442
P0003082,highway_interchange,I00087,9.553475220787963
P0003082,data_center,I00089,6.526765844156535
P0003083,transmission_line,I00079,10.967913370418515
P0003083,substation,I00083,18.63797500757021
P0003083,fiber_node,I00085,7.534270147045137
P0003083,water_source,I00086,13.711169048642208
P0003083,highway_interchange,I00087,9.141355583565339
P0003083,data_center,I00089,5.061101056588737
P0003084,transmission_line,I00081,7.4950679901635775
P0003084,substation,I00082,7.0974638303027
P0003084,fiber_node,I00084,2.0029257909509393
P0003084,water_source,I00086,5.453811774867791
P0003084,highway_interchange,I00087,5.284182821368624
P0003084,data_center,I00089,7.638153782429393
P0003085,transmission_line,I00081,4.28438080772914
P0003085,substation,I00082,8.61972684660607
P0003085,fiber_node,I00084,5.596332921602818
P0003085,water_source,I00086,3.2620112492133777
P0003085,highway_interchange,I00088,7.707863418183188
P0003085,data_center,I00089,12.75005724755912
P0003086,transmission_line,I00079,2.027113933476226
P0003086,substation,I00082,23.83424564792284
P0003086,fiber_node,I00085,14.587420872833993
P0003086,water_source,I00086,23.2478298916163
P0003086,highway_interchange,I00087,14.165300569817935
P0003086,data_center,I00089,13.21440914849454
P0003087,transmission_line,I00079,16.178398344880115
P0003087,substation,I00082,16.060260661921152
P0003087,fiber_node,I00084,16.77317899301226
P0003087,water_source,I00086,21.969526459035087
P0003087,highway_interchange,I00087,13.186069951422189
P0003087,data_center,I00089,16.313815449329795
P0003088,transmission_line,I00079,5.967769006118311
P0003088,substation,I00083,27.06570108783141
P0003088,fiber_node,I00085,8.20522904791594
P0003088,water_source,I00086,23.900786447474207
P0003088,highway_interchange,I00087,17.04986336823456
P0003088,data_center,I00089,14.14199654114616
P0003089,transmission_line,I00081,8.370006606369625
P0003089,substation,I00082,14.675044480230438
P0003089,fiber_node,I00084,9.505644395562655
P0003089,water_source,I00086,7.786363099644052
P0003089,highway_interchange,I00087,6.826432431228206
P0003089,data_center,I00089,3.85020631502102
P0003090,transmission_line,I00081,8.13855628850775
P0003090,substation,I00082,6.48360562917361
P0003090,fiber_node,I00084,1.6641891906454411
P0003090,water_source,I00086,6.07555626494312
P0003090,highway_interchange,I00087,5.256007199256365
P0003090,data_center,I00089,7.989704869256332
P0003091,transmission_line,I00081,6.13872249424845
P0003091,substation,I00082,14.562478009313224
P0003091,fiber_node,I00084,11.966691424083262
P0003091,water_source,I00086,7.425897344219983
P0003091,highway_interchange,I00088,5.831944486375495
P0003091,data_center,I00089,17.421657433740787
P0003092,transmission_line,I00079,15.68069817662064
P0003092,substation,I00083,17.435777284976105
P0003092,fiber_node,I00085,3.0105454419377073
P0003092,water_source,I00086,20.418560491104678
P0003092,highway_interchange,I00087,18.396098771718037
P0003092,data_center,I00089,14.216660237494308
P0003093,transmission_line,I00081,10.64037572317383
P0003093,substation,I00082,15.953940183782057
P0003093,fiber_node,I00085,10.81804744946903
P0003093,water_source,I00086,9.982774456449278
P0003093,highway_interchange,I00087,6.769295140036633
P0003093,data_center,I00089,2.7755683267404105
P0003094,transmission_line,I00081,11.08418174421978
P0003094,substation,I00082,13.792902316100822
P0003094,fiber_node,I00084,9.21757032744575
P0003094,water_source,I00086,9.887359289332046
P0003094,highway_interchange,I00087,3.8509154664387206
P0003094,data_center,I00089,0.3992362388169698
P0003095,transmission_line,I00079,1.731458505492314
P0003095,substation,I00082,24.008031457629368
P0003095,fiber_node,I00085,10.96761720975167
P0003095,water_source,I00086,21.839278394608296
P0003095,highway_interchange,I00087,13.670515523689414
P0003095,data_center,I00089,11.679644224757803
P0003096,transmission_line,I00079,15.017519951917645
P0003096,substation,I00083,14.890734677520483
P0003096,fiber_node,I00085,5.222964814712271
P0003096,water_source,I00086,15.330892521255107
P0003096,highway_interchange,I00087,13.910207046107109
P0003096,data_center,I00089,9.728651950687988
P0003097,transmission_line,I00080,11.389494044785629
P0003097,substation,I00083,3.9225261757248076
P0003097,fiber_node,I00085,15.95757321906458
P0003097,water_source,I00086,13.16576783346893
P0003097,highway_interchange,I00088,8.497466618377121
P0003097,data_center,I00089,15.767487545819057
P0003098,transmission_line,I00081,7.371609375012934
P0003098,substation,I00083,9.419703413282305
P0003098,fiber_node,I00084,13.15712019082942
P0003098,water_source,I00086,8.441745444807403
P0003098,highway_interchange,I00088,6.273835399190321
P0003098,data_center,I00089,10.205954826519246
P0003099,transmission_line,I00081,22.336650348204255
P0003099,substation,I00082,12.170525298583893
P0003099,fiber_node,I00084,17.16811867048391
P0003099,water_source,I00086,20.93145935339982
P0003099,highway_interchange,I00087,22.642453539682258
P0003099,data_center,I00089,26.35827646777807
P0003100,transmission_line,I00081,4.025593657509093
P0003100,substation,I00083,12.422609511268258
P0003100,fiber_node,I00084,11.291615964533534
P0003100,water_source,I00086,5.848575289349066
P0003100,highway_interchange,I00088,2.9189883254210085
P0003100,data_center,I00089,15.21582473203522
P0003101,transmission_line,I00081,8.063095583499907
P0003101,substation,I00082,15.414672356987348
P0003101,fiber_node,I00084,13.361642898172555
P0003101,water_source,I00086,9.230818252113323
P0003101,highway_interchange,I00088,7.624593965162851
P0003101,data_center,I00089,19.307906358309676
P0003102,transmission_line,I00081,12.083386735294383
P0003102,substation,I00082,9.746516257154827
P0003102,fiber_node,I00084,6.561658660012879
P0003102,water_source,I00086,10.239329698481207
P0003102,highway_interchange,I00087,1.2646011853600214
P0003102,data_center,I00089,5.451336435031212
P0003103,transmission_line,I00081,6.285626531282512
P0003103,substation,I00082,11.79707166904642
P0003103,fiber_node,I00084,9.919024852448437
P0003103,water_source,I00086,6.706757199804039
P0003103,highway_interchange,I00088,7.694258559244012
P0003103,data_center,I00089,16.833547895472464
P0003104,transmission_line,I00079,19.09445925300622
P0003104,substation,I00083,20.397582270893295
P0003104,fiber_node,I00085,7.489500183592231
P0003104,water_source,I00086,25.814484863908227
P0003104,highway_interchange,I00087,23.90530803346608
P0003104,data_center,I00089,19.7492304032822
P0003105,transmission_line,I00081,16.543555297514025
P0003105,substation,I00082,4.637141778771177
P0003105,fiber_node,I00084,8.851237076468127
P0003105,water_source,I00086,14.53416964305377
P0003105,highway_interchange,I00087,11.789633993960347
P0003105,data_center,I00089,15.90133779659992
P0003106,transmission_line,I00079,13.788700864384502
P0003106,substation,I00083,16.693632761338783
P0003106,fiber_node,I00085,3.176203328252414
P0003106,water_source,I00086,17.10554233274228
P0003106,highway_interchange,I00087,14.70739068470409
P0003106,data_center,I00089,10.521027171698943
P0003107,transmission_line,I00081,7.677329564034607
P0003107,substation,I00082,14.161465499108123
P0003107,fiber_node,I00084,8.956807893353563
P0003107,water_source,I00086,7.071695839351195
P0003107,highway_interchange,I00087,6.798792431371197
P0003107,data_center,I00089,4.236373706749162
P0003108,transmission_line,I00079,17.15313434422503
P0003108,substation,I00082,9.430583456834182
P0003108,fiber_node,I00084,9.959873140965021
P0003108,water_source,I00086,15.392521164948155
P0003108,highway_interchange,I00087,7.917901821900414
P0003108,data_center,I00089,11.903757857710952
P0003109,transmission_line,I00079,18.46438698617193
P0003109,substation,I00083,20.144909874309338
P0003109,fiber_node,I00085,6.773487069317403
P0003109,water_source,I00086,25.201700865971777
P0003109,highway_interchange,I00087,23.196076415108838
P0003109,data_center,I00089,19.04330437244804
P0003110,transmission_line,I00081,12.664845902171546
P0003110,substation,I00083,14.11964365682987
P0003110,fiber_node,I00085,7.461342516139992
P0003110,water_source,I00086,12.823324966847716
P0003110,highway_interchange,I00087,11.907122384914615
P0003110,data_center,I00089,7.82656897635245
P0003111,transmission_line,I00081,9.308576534386392
P0003111,substation,I00082,9.832315033089714
P0003111,fiber_node,I00084,5.3302190623701815
P0003111,water_source,I00086,7.580932920218098
P0003111,highway_interchange,I00087,2.2454442559623264
P0003111,data_center,I00089,4.373756361128176
P0003112,transmission_line,I00081,12.502681423564635
P0003112,substation,I00082,8.18250793079213
P0003112,fiber_node,I00084,10.363902397899848
P0003112,water_source,I00086,11.612127291720745
P0003112,highway_interchange,I00088,15.195510080678147
P0003112,data_center,I00089,19.802621616646523
P0003113,transmission_line,I00081,10.038180663599178
P0003113,substation,I00082,6.8065408596589405
P0003113,fiber_node,I00084,3.328417930009407
P0003113,water_source,I00086,8.00971630265389
P0003113,highway_interchange,I00087,3.873533653428245
P0003113,data_center,I00089,7.432403061283332
P0003114,transmission_line,I00081,7.737750510712854
P0003114,substation,I00083,6.5132825708742885
P0003114,fiber_node,I00084,15.60821998531248
P0003114,water_source,I00086,9.779730355131088
P0003114,highway_interchange,I00088,3.8580313314392307
P0003114,data_center,I00089,16.16376338214373
P0003115,transmission_line,I00079,13.927875236226049
P0003115,substation,I00082,18.69788610691591
P0003115,fiber_node,I00084,18.71771302291641
P0003115,water_source,I00086,23.49733534767103
P0003115,highway_interchange,I00087,14.088494577232973
P0003115,data_center,I00089,16.54371596292337
P0003116,transmission_line,I00081,13.770933254732755
P0003116,substation,I00082,6.458596382584677
P0003116,fiber_node,I00084,9.921043243387812
P0003116,water_source,I00086,12.524428193874058
P0003116,highway_interchange,I00087,16.480718380057887
P0003116,data_center,I00089,19.530646180981012
P0003117,transmission_line,I00081,5.634188023519187
P0003117,substation,I00082,12.833337651752911
P0003117,fiber_node,I00084,7.576205707825492
P0003117,water_source,I00086,4.966068008508606
P0003117,highway_interchange,I00087,7.2348399130781615
P0003117,data_center,I00089,5.809609819424482
P0003118,transmission_line,I00079,8.17570572726145
P0003118,substation,I00082,16.28829280995854
P0003118,fiber_node,I00084,13.64718235613657
P0003118,water_source,I00086,16.64251000201832
P0003118,highway_interchange,I00087,6.974517224650721
P0003118,data_center,I00089,7.605626826344841
P0003119,transmission_line,I00081,4.280350295564088
P0003119,substation,I00082,11.406417307732793
P0003119,fiber_node,I00084,6.200845337487361
P0003119,water_source,I00086,3.223361144368766
P0003119,highway_interchange,I00088,7.304122504509902
P0003119,data_center,I00089,7.065363679930766
P0003120,transmission_line,I00079,19.602935244057516
P0003120,substation,I00083,18.758353144317663
P0003120,fiber_node,I00085,7.4101364790117765
P0003120,water_source,I00086,24.69991694915669
P0003120,highway_interchange,I00088,23.05194957970019
P0003120,data_center,I00089,19.16950357296347
P0003121,transmission_line,I00081,32.47151682370732
P0003121,substation,I00082,20.204175209944637
P0003121,fiber_node,I00084,25.1004872007678
P0003121,water_source,I00086,30.56699277171834
P0003121,highway_interchange,I00087,27.373004440060637
P0003121,data_center,I00089,31.567866378305915
P0003122,transmission_line,I00081,14.446002468381682
P0003122,substation,I00082,2.5395234373277247
P0003122,fiber_node,I00084,6.873381761790789
P0003122,water_source,I00086,12.456181233580569
P0003122,highway_interchange,I00087,10.713796386938613
P0003122,data_center,I00089,14.670707327742372
P0003123,transmission_line,I00081,11.610376096029222
P0003123,substation,I00082,7.541261296605867
P0003123,fiber_node,I00084,4.924249859260599
P0003123,water_source,I00086,9.610771455742924
P0003123,highway_interchange,I00087,3.234424611133775
P0003123,data_center,I00089,7.312479502089749
P0003124,transmission_line,I00079,14.692633876594773
P0003124,substation,I00082,12.595898380826677
P0003124,fiber_node,I00084,12.474753188705705
P0003124,water_source,I00086,17.477362296968547
P0003124,highway_interchange,I00087,8.667280295643662
P0003124,data_center,I00089,12.030894193008187
P0003125,transmission_line,I00081,13.874930241593304
P0003125,substation,I00082,9.712580542080953
P0003125,fiber_node,I00084,7.592189451080794
P0003125,water_source,I00086,11.956601833316977
P0003125,highway_interchange,I00087,3.154702373757175
P0003125,data_center,I00089,7.127593011332512
P0003126,transmission_line,I00080,20.256281719257817
P0003126,substation,I00083,17.64684422790992
P0003126,fiber_node,I00085,29.73438498365511
P0003126,water_source,I00086,33.337882770050115
P0003126,highway_interchange,I00088,27.796158098232016
P0003126,data_center,I00089,35.426367219146144
P0003127,transmission_line,I00081,11.339536540713297
P0003127,substation,I00082,4.406136712101724
P0003127,fiber_node,I00084,3.485883749649227
P0003127,water_source,I00086,9.25482443531798
P0003127,highway_interchange,I00087,6.2550618438786705
P0003127,data_center,I00089,10.076414076274942
P0003128,transmission_line,I00081,8.464513503173
P0003128,substation,I00082,12.358781338849619
P0003128,fiber_node,I00084,7.362963006181802
P0003128,water_source,I00086,7.2589949701768814
P0003128,highway_interchange,I00087,4.334763224177657
P0003128,data_center,I00089,2.9078072970144238
P0003129,transmission_line,I00079,8.356059600869855
P0003129,substation,I00083,28.963176664578086
P0003129,fiber_node,I00085,9.580884083595318
P0003129,water_source,I00086,26.92292197571819
P0003129,highway_interchange,I00087,20.26611407431846
P0003129,data_center,I00089,17.29735247684472
P0003130,transmission_line,I00079,12.502317276517688
P0003130,substation,I00083,17.59170145666409
P0003130,fiber_node,I00085,3.368543486739586
P0003130,water_source,I00086,16.73877219654658
P0003130,highway_interchange,I00087,13.623100222024679
P0003130,data_center,I00089,9.472021570307929
P0003131,transmission_line,I00081,15.905440385374943
P0003131,substation,I00082,4.988029463854611
P0003131,fiber_node,I00084,10.013706481035113
P0003131,water_source,I00086,14.266991071389787
P0003131,highway_interchange,I00087,15.542789167591689
P0003131,data_center,I00089,19.179554915300034
P0003132,transmission_line,I00079,14.93199259374855
P0003132,substation,I00082,20.709836098204562
P0003132,fiber_node,I00084,20.92184597166303
P0003132,water_source,I00086,25.741319400644503
P0003132,highway_interchange,I00087,16.3227446886256
P0003132,data_center,I00089,18.680307343590478
P0003133,transmission_line,I00081,12.3264168241588
P0003133,substation,I00082,1.4468566797124238
P0003133,fiber_node,I00084,4.762250695585972
P0003133,water_source,I00086,10.326840140395603
P0003133,highway_interchange,I00087,9.355020494367984
P0003133,data_center,I00089,13.094501738896929
P0003134,transmission_line,I00079,5.606755485817583
P0003134,substation,I00083,25.85393696135105
P0003134,fiber_node,I00085,7.457721078486842
P0003134,water_source,I00086,22.323512661775215
P0003134,highway_interchange,I00087,15.54036406476956
P0003134,data_center,I00089,12.56884506709838
P0003135,transmission_line,I00081,5.225714974978075
P0003135,substation,I00083,9.48638816597703
P0003135,fiber_node,I00084,12.016708976198187
P0003135,water_source,I00086,6.681272201591409
P0003135,highway_interchange,I00088,3.763260316139222
P0003135,data_center,I00089,11.120190312942134
P0003136,transmission_line,I00079,7.707699179822633
P0003136,substation,I00082,16.680498563605124
P0003136,fiber_node,I00084,13.486164060341675
P0003136,water_source,I00086,15.841053045481347
P0003136,highway_interchange,I00087,6.612321498903441
P0003136,data_center,I00089,6.224373764963568
P0003137,transmission_line,I00079,23.38341014602522
P0003137,substation,I00083,31.020262967375714
P0003137,fiber_node,I00085,16.25233875402567
P0003137,water_source,I00086,36.12070649351008
P0003137,highway_interchange,I00087,32.564519741608024
P0003137,data_center,I00089,28.680586914679907
P0003138,transmission_line,I00081,14.114632577026597
P0003138,substation,I00082,3.064193623425825
P0003138,fiber_node,I00084,8.016983868200754
P0003138,water_source,I00086,12.405476219402667
P0003138,highway_interchange,I00087,13.663383568706015
P0003138,data_center,I00089,17.22747208409968
P0003139,transmission_line,I00081,3.5700191544146436
P0003139,substation,I00083,10.772623283366372
P0003139,fiber_node,I00084,11.470590120097757
P0003139,water_source,I00086,5.654620115864257
P0003139,highway_interchange,I00088,0.6695925225422562
P0003139,data_center,I00089,13.847258769999549
P0003140,transmission_line,I00081,4.649034577408858
P0003140,substation,I00083,10.0085078826481
P0003140,fiber_node,I00084,12.537291452910427
P0003140,water_source,I00086,6.732100175095579
P0003140,highway_interchange,I00088,1.066442930038402
P0003140,data_center,I00089,14.776792752623807
P0003141,transmission_line,I00080,7.920797062327671
P0003141,substation,I00083,11.938428504490222
P0003141,fiber_node,I00084,16.894976358218738
P0003141,water_source,I00086,11.67858723495896
P0003141,highway_interchange,I00088,7.24937844971145
P0003141,data_center,I00089,20.830346568678262
P0003142,transmission_line,I00079,26.105628283333612
P0003142,substation,I00082,25.328701315123347
P0003142,fiber_node,I00084,27.635272559183033
P0003142,water_source,I00086,33.2582047253799
P0003142,highway_interchange,I00087,25.160285494692634
P0003142,data_center,I00089,28.41099362201598
P0003143,transmission_line,I00081,19.50695915769094
P0003143,substation,I00082,8.284068145031782
P0003143,fiber_node,I00084,11.602767627423658
P0003143,water_source,I00086,17.438257429731845
P0003143,highway_interchange,I00087,12.551761279479164
P0003143,data_center,I00089,16.740219836309368
P0003144,transmission_line,I00081,26.905996512516356
P0003144,substation,I00082,15.479837260920126
P0003144,fiber_node,I00084,20.734278967282844
P0003144,water_source,I00086,25.289440103369504
P0003144,highway_interchange,I00087,25.13358180986678
P0003144,data_center,I00089,29.157833433138954
P0003145,transmission_line,I00081,4.520556088647744
P0003145,substation,I00082,10.780896411543718
P0003145,fiber_node,I00084,5.56162595934791
P0003145,water_source,I00086,3.1708052114339957
P0003145,highway_interchange,I00087,7.095420511334032
P0003145,data_center,I00089,6.997169416310286
P0003146,transmission_line,I00081,2.8433216195810194
P0003146,substation,I00083,12.595833280016857
P0003146,fiber_node,I00084,10.31279066978344
P0003146,water_source,I00086,4.730197024883554
P0003146,highway_interchange,I00088,2.548869103129379
P0003146,data_center,I00089,14.03107988689376
P0003147,transmission_line,I00081,3.426591289246189
P0003147,substation,I00083,12.798044561683758
P0003147,fiber_node,I00084,8.776146981513488
P0003147,water_source,I00086,3.9543854799356914
P0003147,highway_interchange,I00088,4.9410325713468595
P0003147,data_center,I00089,8.779680894280796
P0003148,transmission_line,I00079,13.757087557577858
P0003148,substation,I00083,15.798725570794296
P0003148,fiber_node,I00085,5.738040578377089
P0003148,water_source,I00086,14.358290402713973
P0003148,highway_interchange,I00087,12.18014235798612
P0003148,data_center,I00089,7.986289916195912
P0003149,transmission_line,I00079,27.02846144541874
P0003149,substation,I00082,15.685358283372832
P0003149,fiber_node,I00084,19.444500581649102
P0003149,water_source,I00086,25.27532199287212
P0003149,highway_interchange,I00087,19.752549117706955
P0003149,data_center,I00089,23.82134692777886
P0003150,transmission_line,I00081,1.3713792681337642
P0003150,substation,I00082,11.093310670350807
P0003150,fiber_node,I00084,7.031229110038687
P0003150,water_source,I00086,1.6132189552329732
P0003150,highway_interchange,I00088,5.00662525445173
P0003150,data_center,I00089,11.692921196088093
P0003151,transmission_line,I00081,8.51341062412859
P0003151,substation,I00082,4.760889292546424
P0003151,fiber_node,I00084,0.6086984651257715
P0003151,water_source,I00086,6.440446872158879
P0003151,highway_interchange,I00087,6.885534308745681
P0003151,data_center,I00089,9.83766533578466
P0003152,transmission_line,I00081,8.62007205218632
P0003152,substation,I00082,14.521007927939147
P0003152,fiber_node,I00084,9.387613886188902
P0003152,water_source,I00086,7.945754152817217
P0003152,highway_interchange,I00087,6.447303119798548
P0003152,data_center,I00089,3.427889062593736
P0003153,transmission_line,I00079,5.316998914565679
P0003153,substation,I00082,23.977124208230887
P0003153,fiber_node,I00085,7.412920559822562
P0003153,water_source,I00086,20.26348739920317
P0003153,highway_interchange,I00087,13.380043480485378
P0003153,data_center,I00089,10.42264974444861
P0003154,transmission_line,I00081,10.895685169656415
P0003154,substation,I00083,10.835474228882429
P0003154,fiber_node,I00085,10.141495727472504
P0003154,water_source,I00086,11.565158585232659
P0003154,highway_interchange,I00088,10.162935582599664
P0003154,data_center,I00089,9.658002062273908
P0003155,transmission_line,I00079,9.46124176195767
P0003155,substation,I00083,20.20934086030167
P0003155,fiber_node,I00085,4.913046561450255
P0003155,water_source,I00086,16.989053026833815
P0003155,highway_interchange,I00087,12.011433460544335
P0003155,data_center,I00089,8.164657437353897
P0003156,transmission_line,I00079,17.016470364419135
P0003156,substation,I00082,11.601233259278008
P0003156,fiber_node,I00084,12.452375967675792
P0003156,water_source,I00086,17.863948789166592
P0003156,highway_interchange,I00087,9.91821738619065
P0003156,data_center,I00089,13.655092491539142
P0003157,transmission_line,I00081,7.776491134706298
P0003157,substation,I00082,4.625864923795685
P0003157,fiber_node,I00084,3.1962963819581183
P0003157,water_source,I00086,6.0180923693189525
P0003157,highway_interchange,I00087,10.078342500308954
P0003157,data_center,I00089,12.590510526551208
P0003158,transmission_line,I00081,15.030015694633361
P0003158,substation,I00082,6.1434825780691416
P0003158,fiber_node,I00084,10.36996300254603
P0003158,water_source,I00086,13.637914171395792
P0003158,highway_interchange,I00087,16.601969786960947
P0003158,data_center,I00089,19.909101122219298
P0003159,transmission_line,I00081,3.1341798314092197
P0003159,substation,I00083,12.20700063881038
P0003159,fiber_node,I00084,9.24634852121968
P0003159,water_source,I00086,4.072067250948799
P0003159,highway_interchange,I00088,4.1851977936455285
P0003159,data_center,I00089,9.532019727951731
P0003160,transmission_line,I00081,18.240089020537223
P0003160,substation,I00082,6.931599500007515
P0003160,fiber_node,I00084,10.354058381347324
P0003160,water_source,I00086,16.17928634508287
P0003160,highway_interchange,I00087,11.811636983237824
P0003160,data_center,I00089,16.00818764928242
P0003161,transmission_line,I00080,6.242333612378269
P0003161,substation,I00083,5.689258135495108
P0003161,fiber_node,I00085,24.66065106880575
P0003161,water_source,I00086,20.270125218682608
P0003161,highway_interchange,I00088,14.340114308140258
P0003161,data_center,I00089,25.171402153860345
P0003162,transmission_line,I00079,14.54384431511833
P0003162,substation,I00083,15.357326054753235
P0003162,fiber_node,I00085,4.909057960461619
P0003162,water_source,I00086,15.460528586366593
P0003162,highway_interchange,I00087,13.723145209339055
P0003162,data_center,I00089,9.5309169039635
P0003163,transmission_line,I00079,5.882413105716956
P0003163,substation,I00082,19.60059064683157
P0003163,fiber_node,I00085,16.2978121929202
P0003163,water_source,I00086,20.282845340436193
P0003163,highway_interchange,I00087,10.647057012278815
P0003163,data_center,I00089,10.888183068861366
P0003164,transmission_line,I00081,10.635602532615927
P0003164,substation,I00082,15.218875872988747
P0003164,fiber_node,I00084,14.323316154145473
P0003164,water_source,I00086,11.344738890494494
P0003164,highway_interchange,I00088,10.866390448064875
P0003164,data_center,I00089,21.500279080981826
P0003165,transmission_line,I00081,7.87296337168149
P0003165,substation,I00083,12.839738662320164
P0003165,fiber_node,I00084,14.602309020911775
P0003165,water_source,I00086,9.563500845331545
P0003165,highway_interchange,I00088,5.976269963180548
P0003165,data_center,I00089,19.083808457097295
P0003166,transmission_line,I00079,19.056048650917077
P0003166,substation,I00082,12.083865197807663
P0003166,fiber_node,I00084,13.813438477025882
P0003166,water_source,I00086,19.4433762575211
P0003166,highway_interchange,I00087,12.079876262869645
P0003166,data_center,I00089,15.923730307513205
P0003167,transmission_line,I00081,13.795569267910402
P0003167,substation,I00082,9.104577774079969
P0003167,fiber_node,I00084,11.644854174755453
P0003167,water_source,I00086,12.952039843520135
P0003167,highway_interchange,I00088,16.379711240088714
P0003167,data_center,I00089,21.125801397916792
P0003168,transmission_line,I00079,9.40098377406262
P0003168,substation,I00082,15.929235258530348
P0003168,fiber_node,I00084,14.026117494885323
P0003168,water_source,I00086,17.70671701616429
P0003168,highway_interchange,I00087,7.885701329981776
P0003168,data_center,I00089,9.45428912748216
P0003169,transmission_line,I00081,10.42117897871751
P0003169,substation,I00082,14.421727046558967
P0003169,fiber_node,I00084,9.592652291821603
P0003169,water_source,I00086,9.438211140959242
P0003169,highway_interchange,I00087,5.010584128696694
P0003169,data_center,I00089,1.245419714195732
P0003170,transmission_line,I00081,19.010493379089112
P0003170,substation,I00082,6.746344056146182
P0003170,fiber_node,I00084,11.777417534639243
P0003170,water_source,I00086,17.112720356602658
P0003170,highway_interchange,I00087,15.40468075135474
P0003170,data_center,I00089,19.48540691732589
P0003171,transmission_line,I00079,9.513834706406843
P0003171,substation,I00083,20.149423324988128
P0003171,fiber_node,I00085,4.918707728447556
P0003171,water_source,I00086,16.932564502104864
P0003171,highway_interchange,I00087,11.982138082922326
P0003171,data_center,I00089,8.12618667616345
P0003172,transmission_line,I00079,12.68124583809688
P0003172,substation,I00083,17.013039855977073
P0003172,fiber_node,I00085,8.108905959765028
P0003172,water_source,I00086,12.372417358149246
P0003172,highway_interchange,I00087,9.079304001522972
P0003172,data_center,I00089,4.883060339771326
P0003173,transmission_line,I00079,12.531823837511377
P0003173,substation,I00083,30.397217020933624
P0003173,fiber_node,I00085,11.221360039414597
P0003173,water_source,I00086,30.21363412169965
P0003173,highway_interchange,I00087,24.19408537198304
P0003173,data_center,I00089,20.972356830034645
P0003174,transmission_line,I00081,11.788175812842827
P0003174,substation,I00082,4.187855638499489
P0003174,fiber_node,I00084,7.258438553569597
P0003174,water_source,I00086,10.324226048569333
P0003174,highway_interchange,I00087,13.825177802740992
P0003174,data_center,I00089,16.86635086669694
P0003175,transmission_line,I00079,11.856094562217034
P0003175,substation,I00083,18.786008892789923
P0003175,fiber_node,I00085,2.1132904059005697
P0003175,water_source,I00086,18.152645476046114
P0003175,highway_interchange,I00087,14.556502786194265
P0003175,data_center,I00089,10.481535662918317
P0003176,transmission_line,I00080,15.310808483066532
P0003176,substation,I00083,7.070610883622878
P0003176,fiber_node,I00085,14.362287128375298
P0003176,water_source,I00086,18.852249190518606
P0003176,highway_interchange,I00088,14.691644188716928
P0003176,data_center,I00089,18.901374032220637
P0003177,transmission_line,I00081,6.647609626252742
P0003177,substation,I00082,7.147788428591919
P0003177,fiber_node,I00084,1.8904326213654556
P0003177,water_source,I00086,4.5821281671674985
P0003177,highway_interchange,I00087,6.151729380963974
P0003177,data_center,I00089,8.182524497003019
P0003178,transmission_line,I00080,14.344278966808034
P0003178,substation,I00083,6.235111137634114
P0003178,fiber_node,I00085,15.519391807088926
P0003178,water_source,I00086,18.99238313535733
P0003178,highway_interchange,I00088,14.53643159690704
P0003178,data_center,I00089,19.623189545375244
P0003179,transmission_line,I00081,12.113600006249284
P0003179,substation,I00082,13.588144368662066
P0003179,fiber_node,I00084,9.360263863685592
P0003179,water_source,I00086,10.769090709470643
P0003179,highway_interchange,I00087,3.136231996716129
P0003179,data_center,I00089,1.486764101676444
P0003180,transmission_line,I00081,17.8684447391576
P0003180,substation,I00082,12.939528739905104
P0003180,fiber_node,I00084,15.99636530773242
P0003180,water_source,I00086,17.201829077365346
P0003180,highway_interchange,I00088,20.08193612794913
P0003180,data_center,I00089,25.51390049352397
P0003181,transmission_line,I00081,8.179107892417099
P0003181,substation,I00082,4.130859318559515
P0003181,fiber_node,I00084,2.8407995511843
P0003181,water_source,I00086,6.348279410197904
P0003181,highway_interchange,I00087,9.706326499778518
P0003181,data_center,I00089,12.374928132763792
P0003182,transmission_line,I00081,13.23218087155573
P0003182,substation,I00082,7.095970434656134
P0003182,fiber_node,I00084,5.942844733036968
P0003182,water_source,I00086,11.186841429858221
P0003182,highway_interchange,I00087,4.750837091259984
P0003182,data_center,I00089,8.943262871780838
P0003183,transmission_line,I00081,15.709810473478795
P0003183,substation,I00083,9.463354204390802
P0003183,fiber_node,I00085,10.262700947956699
P0003183,water_source,I00086,16.767163315565913
P0003183,highway_interchange,I00088,13.854547263978004
P0003183,data_center,I00089,15.013954825922005
P0003184,transmission_line,I00079,11.688243745463142
P0003184,substation,I00083,20.21410244365911
P0003184,fiber_node,I00085,0.998275678074086
P0003184,water_source,I00086,20.19020768317403
P0003184,highway_interchange,I00087,16.26460792264391
P0003184,data_center,I00089,12.281113038853837
P0003185,transmission_line,I00081,1.4546763193366536
P0003185,substation,I00082,11.095773115552523
P0003185,fiber_node,I00084,6.533767550647898
P0003185,water_source,I00086,0.7294686830975459
P0003185,highway_interchange,I00088,5.309952285231124
P0003185,data_center,I00089,10.241607063530019
P0003186,transmission_line,I00081,10.410232595638691
P0003186,substation,I00082,16.58332518448376
P0003186,fiber_node,I00084,15.142726304828386
P0003186,water_source,I00086,11.458595488446978
P0003186,highway_interchange,I00088,9.937890887104675
P0003186,data_center,I00089,21.59343319338316
P0003187,transmission_line,I00081,11.409093957773116
P0003187,substation,I00083,16.523338528668308
P0003187,fiber_node,I00085,9.457189157350273
P0003187,water_source,I00086,10.971379894175017
P0003187,highway_interchange,I00087,8.178632183909013
P0003187,data_center,I00089,4.065529672518066
P0003188,transmission_line,I00081,13.727231172685299
P0003188,substation,I00082,8.090308407744466
P0003188,fiber_node,I00084,6.7161227079639225
P0003188,water_source,I00086,11.714584459869087
P0003188,highway_interchange,I00087,4.316918335080683
P0003188,data_center,I00089,8.495016474684668
P0003189,transmission_line,I00079,17.233925915993154
P0003189,substation,I00082,9.883181096275088
P0003189,fiber_node,I00084,10.580353713286856
P0003189,water_source,I00086,16.03144758163028
P0003189,highway_interchange,I00087,8.488423978031365
P0003189,data_center,I00089,12.428350050342322
P0003190,transmission_line,I00080,13.043937920193141
P0003190,substation,I00083,19.117287223929644
P0003190,fiber_node,I00084,20.19588454362092
P0003190,water_source,I00086,16.385234865007945
P0003190,highway_interchange,I00088,13.872650844469641
P0003190,data_center,I00089,26.434635952233887
P0003191,transmission_line,I00081,9.904253040907777
P0003191,substation,I00082,3.015850907905447
P0003191,fiber_node,I00084,2.298006568910486
P0003191,water_source,I00086,7.877320098012929
P0003191,highway_interchange,I00087,8.015208635028788
P0003191,data_center,I00089,11.329964346619544
P0003192,transmission_line,I00081,19.473968845240197
P0003192,substation,I00082,9.08615511668415
P0003192,fiber_node,I00084,11.585495881257872
P0003192,water_source,I00086,17.38948501052025
P0003192,highway_interchange,I00087,11.46594514861007
P0003192,data_center,I00089,15.59759519529749
P0003193,transmission_line,I00081,9.818169111785357
P0003193,substation,I00082,11.351433255107004
P0003193,fiber_node,I00084,6.803799721593749
P0003193,water_source,I00086,8.29890538256269
P0003193,highway_interchange,I00087,2.270362827979403
P0003193,data_center,I00089,2.8499918257387105
P0003194,transmission_line,I00079,11.962877777898727
P0003194,substation,I00082,14.294577821506278
P0003194,fiber_node,I00084,9.924056707851832
P0003194,water_source,I00086,10.909104134553845
P0003194,highway_interchange,I00087,3.9442915304971615
P0003194,data_center,I00089,0.9312087099304195
P0003195,transmission_line,I00079,11.251401215491187
P0003195,substation,I00082,13.384693842155146
P0003195,fiber_node,I00084,11.275676179457756
P0003195,water_source,I00086,15.065590961802478
P0003195,highway_interchange,I00087,5.284928360571205
P0003195,data_center,I00089,7.615953499032033
P0003196,transmission_line,I00081,9.966286765613429
P0003196,substation,I00082,13.08225179717417
P0003196,fiber_node,I00084,8.3292193191888
P0003196,water_source,I00086,8.755259739830729
P0003196,highway_interchange,I00087,3.7908885797719387
P0003196,data_center,I00089,1.4338368826984444
P0003197,transmission_line,I00081,11.495097636665108
P0003197,substation,I00082,1.874301410058925
P0003197,fiber_node,I00084,3.8759281490463344
P0003197,water_source,I00086,9.480554785695338
P0003197,highway_interchange,I00087,8.726282000167185
P0003197,data_center,I00089,12.360286633061735
P0003198,transmission_line,I00079,8.433630116414784
P0003198,substation,I00082,32.497900408804696
P0003198,fiber_node,I00085,17.545699578692822
P0003198,water_source,I00086,31.241672278722692
P0003198,highway_interchange,I00087,22.653647606307967
P0003198,data_center,I00089,21.075184829220962
P0003199,transmission_line,I00081,20.075138937782732
P0003199,substation,I00082,13.971859956774127
P0003199,fiber_node,I00084,17.579764334608697
P0003199,water_source,I00086,19.28989299146624
P0003199,highway_interchange,I00088,22.421186787954333
P0003199,data_center,I00089,27.17612211019673
P0003200,transmission_line,I00079,13.470907346149023
P0003200,substation,I00082,11.091228118297382
P0003200,fiber_node,I00084,9.232430572867528
P0003200,water_source,I00086,13.506218993848968
P0003200,highway_interchange,I00087,4.182290903270068
P0003200,data_center,I00089,7.625632265914976
