parcel_id,county_id,acres,lat,lon,current_land_use,soil_quality,slope_pct,flood_risk,wetland_share,solar_irradiance,zoning_class
P0000001,VA001,792.8208413343024,39.26448446112816,-77.73892433505588,mixed_ag,43.04836997244495,2.536163764117126,0.3345767217307421,0.08192301733882806,4.993351255777426,RURAL
P0000002,VA001,32.11089720328313,38.9300954754609,-77.44067528879717,timber,48.548216323180405,13.35170300986989,0.033902720409541884,0.018710430735519156,4.468345375069465,AG
P0000003,VA001,42.79066137059602,39.05298262560253,-77.68023874900089,timber,56.67009171771476,5.881360936007728,0.14662602342886277,0.03636870012649835,5.150674215866334,AG
P0000004,VA001,67.70762721324458,38.96555885280166,-77.53448570469111,timber,72.20215105087416,0.691528373446843,0.21186782192848988,0.089278414826503,4.6533968792358635,INDUSTRIAL
P0000005,VA001,17.505198817263945,39.05311497354903,-77.63594875786275,timber,59.42128128018065,0.6797667258427137,0.2895211604134575,0.0855796491885881,4.803929334695697,AG
P0000006,VA001,290.1942886489318,39.120708667892956,-77.47920654738321,cropland,77.41982265195588,3.2809124608122247,0.10424800588916798,0.05436284955669658,4.855771141898526,MIXED
P0000007,VA001,114.12300559098308,38.95959928074052,-77.70542798423662,cropland,74.56300716346544,2.293476839183602,0.16801061924846475,0.0323118107664663,4.70652835516059,RURAL
P0000008,VA001,163.67937058748845,39.23842096816512,-77.85992382768048,mixed_ag,73.86359484190032,0.8628758438525603,0.20650879938049774,0.1802872512246989,4.297829157341216,AG
P0000009,VA001,107.02900189066204,39.115139386435345,-77.55361757530896,pasture,63.124864545206336,11.010163536141357,0.045163310173811776,0.18193057619745143,5.41467858512113,RURAL
P0000010,VA001,26.704978901467427,39.23722543615171,-77.69936994309568,timber,84.64326027290791,0.8397399374747304,0.01659230029940043,0.21839260072054645,4.434878388226582,INDUSTRIAL
P0000011,VA001,203.15250688936501,39.090624143205865,-77.57758669146241,mixed_ag,72.950970584022,2.281050542263477,0.1736199567821856,0.048917870048669404,4.146234685173833,AG
P0000012,VA001,20.84845099951597,39.00897355598448,-77.57865661002722,mixed_ag,67.96685122912778,8.763445380915908,0.12877893242083926,0.10746706428194865,4.289153151193221,AG
P0000013,VA001,219.24295694009328,39.248876983116595,-77.7918181515377,timber,49.39184091263698,5.894197912570263,0.015469445578886762,0.018071838818253902,4.715031700798868,AG
P0000014,VA001,323.1084367673709,39.04252138491356,-77.80128578168457,cropland,60.02767741854118,8.898573551055696,0.06663454599437264,0.06502385452429729,4.716574630416389,RURAL
P0000015,VA001,151.85451151282035,38.99346311940506,-77.8125567493309,cropland,48.23923830515588,2.854696746258086,0.4731565367766194,0.050048088511748814,4.481259530640594,AG
P0000016,VA001,50.95985027522158,39.07743390623622,-77.39383262734042,pasture,86.49821759909258,4.469081703809156,0.16244402233516586,0.024276324818497837,4.979850451556068,AG
P0000017,VA001,96.81531480996657,39.12219655793087,-77.68446730555463,timber,37.52890873677315,3.1746476933345895,0.017190830031573484,0.010476012828835292,4.752209495012276,AG
P0000018,VA001,170.08561023467064,38.92070416470055,-77.68333233626976,cropland,63.708490222684276,7.2755977790719495,0.164093504821347,0.016406438367887386,5.091337487223295,AG
P0000019,VA001,357.37152431008974,39.089948581680545,-77.62777711766773,pasture,59.57344283833743,1.8075158337676496,0.15283485081497344,0.24700847284352123,4.310819686772616,RURAL
P0000020,VA001,104.90674091145834,39.0514622431052,-77.669518487138,timber,49.87195937085338,6.889707623907101,0.16096287919075103,0.09499490860370643,4.164434874339623,AG
P0000021,VA001,81.62727535779418,38.98792026867691,-77.6606680381652,mixed_ag,65.76713087828243,2.152105256353169,0.2649255247946068,0.10025194884240443,4.285106824729286,RURAL
P0000022,VA001,40.30094342945124,39.21041861000121,-77.52880500149405,cropland,70.4518150675861,3.288602488687201,0.30432063745005633,0.14835617806976542,5.237454597784588,RURAL
P0000023,VA001,87.31798265060696,38.91162408518207,-77.78170692068458,cropland,57.19117380716884,7.3780777934801325,0.017171153718081717,0.034074656386600156,4.756834777377671,AG
P0000024,VA001,179.65126818413427,38.97336919483256,-77.63007238884117,cropland,71.69483221314596,2.0679102121824617,0.2582466736880034,0.046878165208137666,4.764897702689975,AG
P0000025,VA001,88.12559396339623,39.213064263980336,-77.75765860525124,mixed_ag,89.16405492517842,18.99878935346054,0.01088563011678987,0.016275583000598965,4.84471885609321,MIXED
P0000026,VA001,136.51875331479087,39.043067483793145,-77.66780032144075,cropland,39.03992591739173,4.720074259545747,0.2538915665900949,0.17568770253531396,5.02438159289106,AG
P0000027,VA001,33.73445625775974,39.07504371735225,-77.74384230947925,timber,63.77618345472319,0.7301762059601378,0.4112359572791478,0.15762190532418038,4.72227271789615,INDUSTRIAL
P0000028,VA001,160.18334770645114,39.11881885987249,-77.6148296858738,cropland,77.25163800801187,6.527247464277094,0.09775845537755345,0.0315754889917372,4.451329195272418,AG
P0000029,VA001,99.80024295889989,39.172005365313986,-77.87877772906191,timber,53.26375499057831,0.26844390791318623,0.037127164535371356,0.016089833646768255,4.281298790627493,AG
P0000030,VA001,101.63009033226702,39.14154846907095,-77.65496467917953,timber,49.47382828939038,4.127785196370663,0.02842009959654087,0.01596029380747354,4.076176458533835,RURAL
P0000031,VA001,359.0192085697772,39.10505869829193,-77.57686827595387,timber,48.20696187094211,5.7855343560631765,0.18061152990184404,0.2492758211747365,4.950610889178027,AG
P0000032,VA001,55.81398572119451,38.89081645934544,-77.64369651789927,mixed_ag,91.96391783651472,6.06501669583448,0.060654059653628196,0.16097200450086702,4.754890968471418,AG
P0000033,VA001,193.2568435791596,39.15080142363043,-77.58990937166277,timber,38.245833054287246,4.442421541164466,0.018754060775928207,0.10402075319189823,4.217285020338306,AG
P0000034,VA001,125.55968071722253,38.946534788316555,-77.65871971118166,timber,91.9634174996696,7.77035889184181,0.16986007940398942,0.10462914667722248,4.736942630976632,INDUSTRIAL
P0000035,VA001,109.45114273968608,39.17637013858999,-77.54767762611037,mixed_ag,65.5836981035219,1.9910988085886574,0.11797170877523816,0.07922958473831182,4.529270864113708,RURAL
P0000036,VA001,145.0611465695353,39.02640422585894,-77.71640660837254,mixed_ag,58.97011129806193,5.005209214862828,0.025048924686594986,0.21149334172620057,4.610188481301834,AG
P0000037,VA001,109.8684346383719,39.19821898289285,-77.92088344331029,cropland,88.4215730270536,1.4837989706493788,0.07203933297554956,0.1895859188351575,5.213791859345378,MIXED
P0000038,VA001,132.3943689906876,39.11334744726428,-77.33571463206324,cropland,54.39103205072804,8.141813888744867,0.08428349481595829,0.0737501867151004,4.833300434013337,AG
P0000039,VA001,40.68125377415948,39.07095887561413,-77.64520189966855,timber,77.46547786501961,1.1625979641760242,0.07050486685870845,0.2611612543132542,4.595688247474741,AG
P0000040,VA001,111.04401537255887,39.07400175434697,-77.63104401604897,mixed_ag,48.333426486236625,1.413290018452089,0.18746989943664652,0.006351969701164339,4.61350339304332,AG
P0000041,VA001,263.61677816288835,39.00919826943186,-77.73983179594755,timber,41.96536895110821,5.555185315754687,0.14321215793982228,0.06376428004438243,4.336885453265275,AG
P0000042,VA001,182.03123791958114,39.014583229974576,-77.55485948549536,mixed_ag,86.54452634844937,6.119548882799659,0.01540431420869805,0.02533280465061418,4.744827311016574,AG
P0000043,VA001,127.01138254102423,39.077401668043606,-77.60876759340267,pasture,89.71090996404993,5.247977168101807,0.028728371340455302,0.0873433088965992,4.7012757049349885,AG
P0000044,VA001,154.373144130277,38.78374056241472,-77.61531142636149,cropland,39.14804888891873,5.801435636294968,0.02475145770127292,0.31610707768339624,4.645859490667696,AG
P0000045,VA001,110.51996175523615,39.07323892638099,-77.79007416522015,timber,53.86711859003845,7.918695929564608,0.09654610054377448,0.01667775939507156,4.104105267591094,AG
P0000046,VA001,169.86756385664899,38.92372847427433,-77.63065182845364,cropland,70.61579677559395,6.557315564072809,0.1416575679888429,0.031591186568409944,5.060182755027066,AG
P0000047,VA001,156.33980336499243,39.15348228717842,-77.64148220507005,mixed_ag,77.35629697814272,3.978246499894918,0.09158804851001699,0.1191499989309118,4.1678154195809825,AG
P0000048,VA001,82.4286594220723,38.91129046568148,-77.75810437095863,cropland,65.782599779863,3.3438400780982853,0.1869788567248,0.15522938071243553,4.612620974379228,RURAL
P0000049,VA001,262.8650937032341,39.195563439272114,-77.63332249517477,cropland,72.27741668818607,2.684514966134121,0.2036909883162845,0.02016351664750795,4.333186789690322,AG
P0000050,VA001,80.17765099216344,39.131059446329196,-77.74916251674014,mixed_ag,46.37366706682411,3.542131955831448,0.33503984497992223,0.10531790377501718,5.10891756351011,INDUSTRIAL
P0000051,VA001,280.5263533584109,39.012363287978694,-77.65962518464012,timber,71.8253558052128,10.787570504010889,0.12059480406662171,0.01805693420328669,4.394695220225184,MIXED
P0000052,VA001,144.07098119350246,39.06167523532536,-77.61034055482739,timber,66.65593588418328,2.982840591422304,0.02361386513494436,0.0787016982172233,5.029202534477132,AG
P0000053,VA001,173.88762100635307,39.17416635113441,-77.52940400031862,pasture,74.21148765668936,6.411537029707485,0.06987942069801184,0.1536165393149479,4.196712905553131,MIXED
P0000054,VA001,129.5433035657247,39.084698871634,-77.54023195212433,timber,70.28051707704387,1.7210700389569937,0.1426501787268722,0.063854889243492,3.86589216483645,INDUSTRIAL
P0000055,VA001,98.51281827075996,39.008214732382335,-77.51542924066221,pasture,84.32666373977378,4.369007251809416,0.0737611682287703,0.002025593732391314,4.765580519309616,AG
P0000056,VA001,257.6944324658293,39.17981954031527,-77.63519421687285,mixed_ag,69.08967895148193,2.6045114650079326,0.09348881415933775,0.011913730367379272,4.072436023279433,AG
P0000057,VA001,62.919773847005814,39.322542409207585,-77.47342580522528,timber,59.54625064539802,1.4493311893751502,0.12323573651905653,0.02979681950361113,4.137828855545036,AG
P0000058,VA001,65.84694082107109,39.14008579146073,-77.65466386766181,timber,60.25703443128218,5.4606133613081305,0.08630375855868921,0.09360458442283914,4.275713411094997,AG
P0000059,VA001,54.25965531026856,38.94454588667083,-77.7022194130699,timber,63.46404940083355,2.3999278849031542,0.03371402052606696,0.1788530035065605,3.671902082778279,AG
P0000060,VA001,30.862064166724156,38.85182162220484,-77.77313589742981,mixed_ag,64.33345748443469,9.874072243658642,0.19509088475744443,0.036180666162255966,4.207031048705152,AG
P0000061,VA001,128.04360874576867,39.10950098687893,-77.73285258304578,timber,73.55805554207728,6.4972792163946345,0.1915958617487502,0.21036031739774977,4.539952421424278,AG
P0000062,VA001,247.88530755684707,39.22847926571392,-77.73329109892967,cropland,54.11912716988037,2.4495970449604405,0.1494142320275627,0.10325717379322523,4.559575392245373,INDUSTRIAL
P0000063,VA001,197.16735654773663,39.141824900557836,-77.59424453050944,timber,86.74017201854456,3.0699102804373357,0.09119332389561083,0.08273212414348712,3.895064091797148,AG
P0000064,VA001,125.56745181742075,39.10184463002607,-77.78623961033185,mixed_ag,95.05264115602013,7.4330028877597005,0.19293186292404843,0.19817476153763097,4.262127081816932,INDUSTRIAL
P0000065,VA001,25.133211190528346,39.138227043835705,-77.57821449300663,cropland,27.789372350231872,1.707160363605479,0.04802416097148278,0.14274639150854007,4.080230582305397,RURAL
P0000066,VA001,67.83715859771847,39.020724583591225,-77.65582477948492,cropland,68.43155043393406,8.134090168236185,0.01534533360713516,0.018798843700133294,5.250823182668158,AG
P0000067,VA001,196.54821115530285,39.347874552721834,-77.67498045580905,pasture,71.41694597370699,5.750166017578681,0.04111698314415511,0.1856685636936208,4.147841206118908,AG
P0000068,VA001,206.2090796049166,39.26809548077318,-77.60698223378027,pasture,57.39342079357637,2.9776603893898446,0.17471369859723992,0.07843231167613882,5.0359722360601555,RURAL
P0000069,VA001,38.52955699612051,39.15971210710661,-77.61311449123643,mixed_ag,64.63553924343776,5.4574088024281835,0.0985996754672488,0.10437220768678528,5.037065220343677,AG
P0000070,VA001,154.43795760680828,38.98521765227036,-77.72079120236796,cropland,56.86163269832262,5.843567056502446,0.38844678782950604,0.01196082526294696,4.42792053476208,AG
P0000071,VA001,202.04586003364466,39.10239068501042,-77.58842518585969,cropland,72.69799716615772,2.955763227118692,0.17661721297812308,0.19064262380376196,4.736685708711831,AG
P0000072,VA001,137.47985622300692,38.98565563768627,-77.5711572937615,timber,74.81989292671679,7.0656107323235675,0.09634778650763784,0.2043127452201035,4.992294227991108,AG
P0000073,VA001,157.26550647058755,38.93773145700247,-77.50972945176407,cropland,69.35060594725303,17.08311226814719,0.11295013114344182,0.04902010754062631,5.404856182563061,RURAL
P0000074,VA001,457.82203487100213,39.11253194227106,-77.55730394267505,mixed_ag,52.193611661188825,5.833436972665775,0.21262299685773264,0.0031416193539905647,3.8088548349317515,MIXED
P0000075,VA001,106.20726289461278,39.28639987502254,-77.79931379129195,timber,90.58779020816846,5.794233990643436,0.11436189753588208,0.1550602348718247,4.3842974191327615,AG
P0000076,VA001,75.23274900789485,38.96962986731383,-77.68896147416136,pasture,69.84196196139872,1.447924503156507,0.047030826830635725,0.09685055417770129,4.584903243625682,AG
P0000077,VA001,132.52239136516633,39.08359131691693,-77.59878716203578,timber,35.03799960665211,0.7540062399774811,0.07485199058027152,0.01550373301449357,4.451438051576336,AG
P0000078,VA001,294.8248998165753,39.05976115766439,-77.86706936674769,pasture,73.33040342762862,5.247117063412098,0.05463360955493887,0.20272165961214803,4.563264645399939,AG
P0000079,VA001,100.48391091578732,38.89872618924365,-77.73392400919516,timber,70.93263659543763,0.8794020168911253,0.12641150014484515,0.027431368059350883,4.462786071445244,AG
P0000080,VA001,65.04376897888001,38.96211679178325,-77.74762212089257,timber,47.54789300311593,4.711902992523742,0.02143582024847939,0.12031503112425204,4.960073321910928,MIXED
P0000081,VA001,155.5219186498048,39.19576220052876,-77.66890258762062,mixed_ag,54.45396378653297,3.7931655076309516,0.004676643828806428,0.011968713828299348,4.7322898492981444,AG
P0000082,VA001,152.64713911311432,39.10066007909284,-77.49582317950681,cropland,64.17597700695623,8.995790643912226,0.016792685818612787,0.11076105428563453,4.511669056255431,AG
P0000083,VA001,127.28654087582248,39.00899284715065,-77.60038706261186,timber,38.34520041010887,5.302339059681632,0.1605628474570362,0.20693362347523292,4.731271753162319,INDUSTRIAL
P0000084,VA001,48.06647430272143,38.993723011839464,-77.63900617058552,timber,69.24602882014985,8.73855544247537,0.26504548197814876,0.14642508155280493,4.0777629575844525,AG
P0000085,VA001,109.74012983953682,39.193753814729384,-77.67146551690139,cropland,57.40095956043196,9.772986916760317,0.16306122187150887,0.004335553491876837,4.214952556196493,RURAL
P0000086,VA001,462.29698927188326,39.19593896402914,-77.72322120515798,pasture,65.02999034622631,5.144532238922866,0.1176374924007679,0.04885575770220825,4.345894715804658,AG
P0000087,VA001,38.93874189819208,38.97425898722221,-77.70738113463571,pasture,55.407449136687866,6.593328947684664,0.12332073683822739,0.008840866085276022,4.7435742054878425,RURAL
P0000088,VA001,712.2625940616067,38.90302854048628,-77.63323668212902,mixed_ag,57.59897989425982,4.639965129201617,0.18202122759236322,0.21737296793141725,4.82434675178824,AG
P0000089,VA001,56.1473145813391,39.08945967102777,-77.71196803568061,timber,74.09436734163063,1.1678327276594576,0.014762215409069336,0.10588518960243633,4.613133131318859,MIXED
P0000090,VA001,117.256912078629,39.055362489029484,-77.797797873564,pasture,78.7193608098027,1.126918511925214,0.06824408575589792,0.10714941940257257,4.398051270017863,RURAL
P0000091,VA001,82.9867683803766,39.166085581632295,-77.73105100615133,mixed_ag,55.15443659677837,2.594718278088484,0.11157160562812997,0.11145819935873158,4.229995794051604,AG
P0000092,VA001,107.69234008077852,38.95512815816136,-77.56938730408623,pasture,100.0,2.8730233838711006,0.0220260199518647,0.01794760651369317,4.88321815614861,AG
P0000093,VA001,19.30202466530055,38.978458402134095,-77.58482388684001,pasture,81.63754717238197,0.8511591774647086,0.2569218234699163,0.06617510727796094,4.548174658408286,MIXED
P0000094,VA001,86.0761722312458,39.0728293717653,-77.60935453950303,cropland,58.85526607447997,4.471902263319674,0.18467072279913405,0.002231803664928942,4.659561930117176,AG
P0000095,VA001,197.5036368223458,39.17006388429911,-77.60520177060485,cropland,33.38465918578396,7.175115551130019,0.17186600919044082,0.06393166639944407,4.745115699759346,AG
P0000096,VA001,128.1836389478042,39.09875849271799,-77.67947059016858,cropland,51.489617244309855,2.5440213756377417,0.3435028768711358,0.09530101528222809,4.375460047726003,RURAL
P0000097,VA001,95.8695402928854,39.14401143150964,-77.6060871932652,cropland,62.47022369899321,8.524719278574889,0.040887378877410126,0.17876058031910366,4.837483382990009,AG
P0000098,VA001,143.18953120759718,39.16399343665194,-77.70978065435256,cropland,47.084517789133116,1.5888396593018497,0.1482454136377713,0.17237322281318726,3.897237432218365,RURAL
P0000099,VA001,54.04526551497336,39.09676350179115,-77.80972029221888,cropland,80.36769013140035,2.1156530359722883,0.007039898496697522,0.1689344965968012,4.974956588625365,MIXED
P0000100,VA001,108.85015336732222,39.13871050184648,-77.76969119563867,timber,67.20983495729706,2.8267925270269596,0.05203733117007513,0.24199744975872411,4.488949646161646,RURAL
P0000101,VA001,52.835797634963605,39.17949057463206,-77.84575045305486,pasture,64.17346851436567,1.3814719925494356,0.03673752464529583,0.0366278799459472,5.161480186639754,AG
P0000102,VA001,50.20130076407687,39.00907258159907,-77.73376188407684,mixed_ag,66.42240289595563,3.0574691635965277,0.08764740324364399,0.15213376835635456,4.675355920479529,INDUSTRIAL
P0000103,VA001,237.11348718857727,38.956530341409895,-77.68223661358651,timber,67.46480989072874,2.4225054319499204,0.09279374603995127,0.05984114464981878,4.4926559492609215,AG
P0000104,VA001,428.3462033794916,38.942764379197875,-77.57661431069447,timber,68.25909737342936,11.597890169535916,0.1493162786492812,0.030284226237246213,4.31780136276036,AG
P0000105,VA001,160.86017547789345,39.131332326196706,-77.63043395557635,cropland,66.31801455621091,5.564257629294,0.06430830584970201,0.035270364338371586,4.9929373890973086,AG
P0000106,VA001,52.1588266088954,39.19567841143539,-77.59103244284039,pasture,91.65774260386587,6.6751115911572745,0.18388032766135287,0.15794365737623245,4.575570424983251,INDUSTRIAL
P0000107,VA001,39.79067066013618,39.13331533788097,-77.91378883150517,pasture,57.828754133692634,9.975862909861771,0.2029789804833903,0.06804961444603772,4.922923902975748,AG
P0000108,VA001,505.1348383825851,39.00045606826893,-77.79151492513486,mixed_ag,74.90663849822656,5.989166041531436,0.0641228433381029,0.10049860581917057,4.389048222939421,RURAL
P0000109,VA001,40.53793938175017,39.249035994199566,-77.62631374819742,pasture,60.36466452205626,3.6332607969662667,0.13691143992837093,0.011791459430266712,4.39922391972141,AG
P0000110,VA001,116.93703107826319,39.082175256299045,-77.86920080060594,timber,71.10895840603203,5.544897665687324,0.11838696532436568,0.04274611633925026,4.82029140213577,MIXED
P0000111,VA001,221.75312322725838,39.08625925329577,-77.57513112838683,timber,52.932100546627794,5.0511365182563885,0.07402242438493056,0.28417774328510925,4.736659226218858,AG
P0000112,VA001,237.67882231144836,39.09665786206815,-77.60466160610616,pasture,65.94047454855071,4.523457258571783,0.2214612773219679,0.08306146938107338,4.416679527510567,AG
P0000113,VA001,267.4247700207698,39.086600191409936,-77.41981548808278,cropland,69.8613383348007,2.083716983633746,0.1450738528568011,0.0362897016451088,4.348181458907508,AG
P0000114,VA001,59.1739734104406,39.170456935585676,-77.69003772928932,pasture,64.04736988342597,7.0015217299668215,0.03549024815248062,0.03957377834443566,4.269616266347299,MIXED
P0000115,VA001,185.27910552929436,39.2069158348652,-77.59025784589726,mixed_ag,83.70817131713676,2.2090272306915013,0.0637892572525329,0.09772593607248221,4.811052398699337,RURAL
P0000116,VA001,588.9547141822733,39.10024311164821,-77.83984847526247,mixed_ag,38.89245516458277,4.222864723076509,0.07288874086809873,0.025575944240492313,3.9502909515099396,AG
P0000117,VA001,121.27319432642742,39.05528508342289,-77.73493904123467,pasture,62.34711209640806,4.466646711658448,0.299488275535766,0.11280487156526596,5.052090262980535,AG
P0000118,VA001,62.65726515516993,39.07818982093325,-77.65247223033813,pasture,55.26105620584796,0.9759758823574239,0.08368726500309288,0.08699674494654372,4.697051335923796,AG
P0000119,VA001,53.480694918169675,38.94810925594636,-77.49531705532266,timber,49.34083892797037,4.041745092166879,0.03639873012851826,0.00956889357350795,4.046241544355579,AG
P0000120,VA001,115.1762328770129,39.19336720898838,-77.75725819748696,cropland,75.12716989842347,0.238073095536178,0.03447287578426474,0.16686576485563515,4.531757039858074,AG
P0000121,VA001,216.9174051233535,39.137645173642966,-77.67502749425545,pasture,58.167781267177745,5.660134855939414,0.19873360324347158,0.0168559136734198,5.032336585908595,AG
P0000122,VA001,274.84219854670226,39.10449586752193,-77.60774408637879,cropland,75.46232467881501,16.68648555758467,0.01371347541860413,0.03940996231463267,4.3374993923130205,AG
P0000123,VA001,95.38319943908067,39.02777778499612,-77.74260207497636,timber,58.47950789415299,5.476066545665127,0.2867468855366724,0.11456280285395841,4.7736422478310745,RURAL
P0000124,VA001,96.66753810842877,39.11729823189247,-77.43016137538022,pasture,71.29197339279872,9.687184110324097,0.11375557899122349,0.19021089443538855,4.056622384344981,AG
P0000125,VA001,117.01348245477378,39.027645917384284,-77.64513387192672,mixed_ag,77.51788321053587,8.554689818177282,0.5244921997468026,0.1695129910167446,5.125710238145095,AG
P0000126,VA001,195.6147587067068,39.138960131312096,-77.65732492525521,mixed_ag,47.22223129201524,0.3440668756289362,0.10749399431861728,0.020057442570728643,5.11803472129987,AG
P0000127,VA001,89.71614808620403,38.98848003688449,-77.57470921166167,timber,61.42345473529546,3.8070922943933683,0.0826112058039958,0.09304687219270646,4.063497292576552,AG
P0000128,VA001,200.44104780856287,39.01539152246556,-77.814480670927,cropland,81.84641945662308,4.023125865470403,0.197668487413357,0.018666976823991547,4.8060461473753024,RURAL
P0000129,VA001,250.293667014094,39.10491731656435,-77.72335572065963,cropland,73.6397730562103,1.9501633277557853,0.3506655088922155,0.04853862919464826,4.988489375086995,AG
P0000130,VA001,68.63170079719367,39.013591417719105,-77.59197646034467,mixed_ag,37.08209473241666,3.3246927031582922,0.06298470052040224,0.02555180476930223,4.959653374693837,INDUSTRIAL
P0000131,VA001,129.58616388980954,39.05253809525997,-77.74940116007012,timber,39.860318806453925,1.7309795513134247,0.24895088016382852,0.018946181478259473,4.468363533304146,RURAL
P0000132,VA001,213.62371932764623,39.15871041689121,-77.70710871533767,timber,73.11696257327061,2.025743794549006,0.17161838259428486,0.004346334505948389,4.183891946240838,AG
P0000133,VA001,67.14989296810629,39.0327492139152,-77.52134956684769,pasture,65.24194122914005,2.8488038163146827,0.2232965937068358,0.09781661528790615,4.676104145356141,AG
P0000134,VA001,111.30436682073557,39.06536778319953,-77.64288949699905,pasture,85.66604354412117,4.15940825260847,0.08896800580075175,0.5352740344905397,5.031156297001256,AG
P0000135,VA001,144.6297374537866,39.17766683559548,-77.60515465607516,cropland,78.79135514970478,11.260297180025391,0.2853365961577878,0.09729648082511498,4.60384401240384,INDUSTRIAL
P0000136,VA001,181.9845509332309,38.905652684026954,-77.67512444565762,mixed_ag,61.79304707225066,0.6384669387175432,0.2364622992230549,0.03810591794105732,4.650930181867458,RURAL
P0000137,VA001,262.88635616036316,38.990265716789814,-77.81579251268302,pasture,74.46857492100722,5.916775122846019,0.10167787145175824,0.10436678748515511,4.012311350331698,MIXED
P0000138,VA001,86.6841566005364,38.86829717033201,-77.61469624095662,timber,33.51190486158134,7.506200836569015,0.31771491806561286,0.3366927028826487,4.753830650502,AG
P0000139,VA001,170.63251987535753,39.30409918259794,-77.58960638341992,pasture,67.74372095193057,3.9347948258229266,0.03998203285197635,0.02415981500052139,4.761076523802272,AG
P0000140,VA001,127.68041629850187,39.21781619953019,-77.622658716024,cropland,52.5010611269413,15.738328893472499,0.274242771777787,0.08053715660391733,5.093960945056849,AG
P0000141,VA001,139.91313381654152,39.19469545785916,-77.74334929708546,mixed_ag,62.05252369402839,7.447126445927948,0.021331072170324566,0.003372126247685861,4.3300694418178765,RURAL
P0000142,VA001,71.81366114844454,39.008490819841484,-77.49986424481021,timber,56.71962906482635,3.685764106833017,0.32135552401022377,0.02365299037511442,5.02259875990892,AG
P0000143,VA001,102.20973063054561,39.14322923020556,-77.7121188448927,pasture,63.68140268946178,1.7557205737952122,0.2115199207301407,0.1476346741040501,4.656879927885776,INDUSTRIAL
P0000144,VA001,64.54643670885231,39.07472936358938,-77.71219182104515,timber,50.741956892213864,3.6124766949460634,0.053511685492178954,0.05882319457367493,4.593034415182695,AG
P0000145,VA001,201.49985608783774,39.22039781248018,-77.70003803921954,pasture,61.40574266848029,5.461091119069591,0.1672919088983864,0.08097397718403113,4.649409156591424,AG
P0000146,VA001,100.2496407973922,39.20548422626455,-77.84457629057462,mixed_ag,49.51951632257634,3.9656256603444073,0.2729489422765023,0.09276238802266115,4.892381947865781,MIXED
P0000147,VA001,140.5608082882845,39.0591786941038,-77.61356900916903,mixed_ag,69.53387327728191,3.8114213561627146,0.2998403430121359,0.083806749806027,4.219887906438048,RURAL
P0000148,VA001,315.7462917006772,38.90333885030628,-77.63563533192199,cropland,59.43934423290342,1.8755158911258807,0.48060375918283,0.2770785518618801,4.269451992558918,RURAL
P0000149,VA001,758.3723159806369,39.21600709209742,-77.73889378177923,cropland,52.527158410004354,0.6610105255955557,0.3121727759390348,0.17235622158103414,4.639856317949704,AG
P0000150,VA001,48.876686592981464,39.1406759381676,-77.62044583048663,cropland,78.0796324957851,2.3031696978649525,0.09796799041596793,0.0029172507469832254,4.938703885372815,RURAL
P0000151,VA001,99.90753431681426,39.06042358958778,-77.69635643645921,pasture,73.33868046949163,2.841860631813698,0.05976702385138129,0.186621632277672,4.580245616089512,AG
P0000152,VA001,85.65941736557916,39.22475903736509,-77.66445366326852,mixed_ag,57.25553604707737,8.822669203350879,0.08534310303558494,0.029474541681481937,4.256331553917218,MIXED
P0000153,VA001,130.19305110125725,39.249413237466946,-77.84515651644689,timber,44.35935002640278,2.4363791012515468,0.0909300065351773,0.007619282936497774,4.060742926307571,AG
P0000154,VA001,199.23317742835798,38.97367979315604,-77.65268267518178,timber,92.63225987852395,13.975569310040983,0.37632379269936567,0.024137304067655064,4.680735305833219,MIXED
P0000155,VA001,126.98149918543166,39.060012593057365,-77.54399357669428,timber,75.97720091481332,2.3687326268441997,0.06111812371799071,0.047700727846156615,4.3123378799599354,MIXED
P0000156,VA001,114.63219855385087,39.089416519643095,-77.68756050256066,timber,42.97040854527062,6.5611889127973715,0.02057380068225562,0.16432751259090023,3.9367339525182414,AG
P0000157,VA001,22.317497824107257,38.94458040339126,-77.70731937940134,timber,70.94612753310602,5.23278511394813,0.22172233651125262,0.14471244772682973,4.313854560584511,AG
P0000158,VA001,111.830056046759,39.01048262493632,-77.71982448193246,timber,79.68262011855799,4.425589569749862,0.34121081644970547,0.04454291140041994,4.607013051803209,INDUSTRIAL
P0000159,VA001,180.44021351946722,39.028301027573825,-77.46480760284705,mixed_ag,31.474467531520006,5.429755239280857,0.4253516853549677,0.0537130012339854,4.363313655922735,AG
P0000160,VA001,218.7722171149008,39.10448197293308,-77.78864214180554,cropland,53.80825275585911,7.650989345885979,0.5409899781844165,0.2838051276495762,5.042805980920914,RURAL
P0000161,VA001,96.29721751718174,39.06358987871869,-77.63088372016125,cropland,71.3370113635584,6.9766286232628625,0.04237797804366712,0.12475858778638646,4.155818634799066,AG
P0000162,VA001,150.7794819372226,39.00317268834616,-77.6507673254917,timber,86.14859325912542,2.3312178071773784,0.1308305036964083,0.038561703960884576,4.129400784857858,AG
P0000163,VA001,109.25760372716901,39.01579011339429,-77.42363359303852,mixed_ag,88.17848227544839,3.5666514721190614,0.019293230111328427,0.1857917500747623,5.16959046881264,MIXED
P0000164,VA001,720.6537425194119,39.028260379708584,-77.73024618341977,timber,99.96537007337105,7.410466236652146,0.17624958534736407,0.11940892208852032,4.505361205468824,AG
P0000165,VA001,704.3819090617505,39.04147563081724,-77.69571529826571,cropland,79.80871029475114,2.5921906847329215,0.45315250541149094,0.2961895091580739,4.604632835480584,MIXED
P0000166,VA001,43.32778853163243,38.99270508613295,-77.62630442451366,cropland,73.57788773955065,1.3248843190827595,0.2570108343910771,0.020689011209234196,4.288568603728056,RURAL
P0000167,VA001,139.50904888809393,39.039448600281915,-77.60506967169368,timber,78.33474770606972,10.656861765757506,0.05337355983085974,0.02133591919137047,4.489473679845748,RURAL
P0000168,VA001,139.34045760961453,39.323980907605545,-77.63654918139804,cropland,65.061993239823,5.05052465811373,0.3335315112622127,0.005094928480604414,4.59687314623781,AG
P0000169,VA001,46.68331862718865,39.181602957761726,-77.70024165060074,timber,68.44190546687645,2.6977910671876986,0.2849644122964687,0.21483950777388938,4.325550197285357,AG
P0000170,VA001,51.272957745054754,39.20964788107917,-77.71924861068187,cropland,73.86981093278726,1.672505128573719,0.2298529046813244,0.22387063798063758,4.6822919801030825,AG
P0000171,VA001,403.21848478354383,39.154752942077145,-77.62487092389637,timber,54.998737246897164,3.6914242656972562,0.032009185937076925,0.11406446950428809,4.74451198832784,MIXED
P0000172,VA001,158.3442067171121,39.1436417685286,-77.72056814280722,timber,55.645962355559604,2.6879133653672795,0.2532136568496607,0.08659355911543955,4.689317673114606,AG
P0000173,VA001,158.6556154840927,39.160361492788624,-77.6649916393053,cropland,68.58723926950191,5.102042446269291,0.2158184290498395,0.5278329449554781,4.581951256183325,MIXED
P0000174,VA001,181.92402121754913,39.14446145517765,-77.71808603066373,mixed_ag,51.859108038341326,2.469678231987223,0.029532062848259134,0.14905694715531118,4.6619919405017605,AG
P0000175,VA001,159.57423179605192,38.97809448454631,-77.8034039775391,timber,73.47375921909368,6.814352926396884,0.05557900388156046,0.010207128665209862,4.559468771509882,MIXED
P0000176,VA001,45.20270543130761,39.056155424158945,-77.55112432662492,cropland,56.39495463712372,9.162900986106813,0.2939324278314422,0.1296384368100051,4.578469512138376,AG
P0000177,VA001,55.623587502411354,39.17849770482378,-77.60696712278296,cropland,83.1239423822075,16.3362335904781,0.47040850057119565,0.13705320890815234,4.8154548507514505,AG
P0000178,VA001,85.69834617461741,39.22778706831203,-77.76112883802213,mixed_ag,57.72903857676509,6.188111856467025,0.306402798616365,0.026946171177080668,4.717934836621066,INDUSTRIAL
P0000179,VA001,43.60148387300011,39.16403486799618,-77.63501654224811,mixed_ag,64.32900598718199,1.0779330127508406,0.11884564677626047,0.02722097402954355,4.7156818350056575,AG
P0000180,VA001,83.06680156841963,39.11631428190317,-77.92854353860385,pasture,60.30436571110692,2.043930748612484,0.11287872494480347,0.03910576332727819,4.460097980298582,AG
P0000181,VA001,213.56571136961034,39.02108294729469,-77.52314863028845,timber,80.13649705601009,1.1397318245811034,0.09930150476811572,0.057157120640043226,4.754777721712809,AG
P0000182,VA001,86.18145441352077,39.091954079576524,-77.59857462569663,pasture,79.09130632697271,8.1771364899953,0.1566291309451711,0.04178835466863789,4.648378198916006,RURAL
P0000183,VA001,229.25955663985334,39.060627899695874,-77.72059950968782,mixed_ag,76.608367713648,0.8353130214442324,0.11454046113901417,0.16574722163541458,4.6066469153240375,AG
P0000184,VA001,29.17499668212651,39.037051666507054,-77.64797943469108,pasture,61.29764306732621,5.948433026344046,0.01419235506617325,0.16862403245896979,4.6621568909232565,AG
P0000185,VA001,60.322491824629566,39.08329430875507,-77.61156771702238,mixed_ag,52.91422750080812,3.1490062059669723,0.10634287335587687,0.07303239617405999,4.76999113571668,AG
P0000186,VA001,122.73120595959834,39.04848366711135,-77.62328981150496,cropland,61.172537374678186,0.9150965048950728,0.09529316451645382,0.06679578885868374,4.713709651588604,AG
P0000187,VA001,72.66135955299293,39.06945213384096,-77.61098760531806,cropland,57.4907278101702,0.8999258291455432,0.05796806978944994,0.17703803010470778,3.9496150682606124,MIXED
P0000188,VA001,161.85941799153497,39.159293788961406,-77.72490470816913,cropland,42.264621177297926,1.2978253474466916,0.3496778299202501,0.0021118671057064192,4.622936403290518,AG
P0000189,VA001,243.66726928080504,39.09046022830127,-77.53076056316655,timber,63.26997507788996,8.632155210754766,0.10334471880624005,0.08629211879498229,4.372018998476356,RURAL
P0000190,VA001,96.97153567223175,39.269301280173586,-77.45537396998544,pasture,65.95966567053281,3.073865756325467,0.07324014511755758,0.06470851558674164,4.852428880479927,AG
P0000191,VA001,63.619189125518126,39.10043242820282,-77.74791599243693,mixed_ag,76.58317216028757,4.504006524420542,0.026162329660070635,0.1617539286516244,4.0591450190649345,AG
P0000192,VA001,272.90767506281964,39.13184335109348,-77.7845095052388,mixed_ag,32.93749105879118,3.4880924913429827,0.1023955735927944,0.16980975231890802,4.692935027190765,RURAL
P0000193,VA001,100.43863595065812,38.95556317069403,-77.74913115088198,timber,68.62178239403644,10.761343363079309,0.2711870100935291,0.0529838230876213,4.656533628253846,AG
P0000194,VA001,104.74915237373821,39.121571503009505,-77.59901211622608,timber,72.66061923820271,1.0928469230092135,0.2736815774780651,0.060728247810061795,4.8298864843520475,MIXED
P0000195,VA001,123.68574656713292,39.045573180539336,-77.81216033746003,timber,88.52309670595749,5.535783292148285,0.012938111719024623,0.19655190845502282,4.928133022612415,AG
P0000196,VA001,229.2495350479214,38.995383001801386,-77.635895065249,cropland,62.689500251362006,5.613459803134843,0.05165845241895742,0.19023334793604338,4.003565131023407,INDUSTRIAL
P0000197,VA001,99.28058252273075,39.05564533969194,-77.61262487803766,mixed_ag,52.60485234756638,6.93890832086217,0.021553114365244288,0.13241876405086964,4.853997794161552,AG
P0000198,VA001,157.58091182357404,39.06955876611694,-77.7144367495904,timber,70.09462650070026,4.7964579350028265,0.015630024803066123,0.0443565768972164,4.671122426687866,AG
P0000199,VA001,79.61784109922127,39.071840969211806,-77.51886767583864,cropland,71.7221321694006,3.065568077313148,0.16993766660059878,0.2621336860876352,4.6245474314281445,AG
P0000200,VA001,34.871116773783,39.22360818226653,-77.57494832486681,cropland,74.67669031491683,2.1521883159877806,0.08368180920960089,0.20253950254801747,4.507060833879767,RURAL
P0000201,VA001,74.94906967579517,38.98845748439123,-77.54839251139762,cropland,95.33163426280214,4.317925735910036,0.2366575086350174,0.04090166493514343,4.507743447444614,INDUSTRIAL
P0000202,VA001,143.37955153712517,38.9421938672155,-77.8091839411665,cropland,63.64521484617305,2.4069803890908954,0.027566121993864035,0.08030174127437463,4.8516825661309175,AG
P0000203,VA001,155.77966432207774,39.05351492838844,-77.46205653084272,cropland,65.0646146351474,4.214895516622876,0.09555016926299177,0.14376601878652337,4.770759169706848,MIXED
P0000204,VA001,183.6202512531583,38.88354109790594,-77.78970169279074,timber,49.29186859884446,6.465433528632892,0.11856344661587591,0.04645993492377484,4.749618364742293,AG
P0000205,VA001,330.33896079679215,39.148634788689414,-77.66216072977411,mixed_ag,45.16570406149724,9.829559196843062,0.09960856228306145,0.09813145365783628,4.782826074842063,AG
P0000206,VA001,104.95826205163925,39.13649458973089,-77.66780396082329,cropland,72.05675533355256,6.716737264410248,0.18529704438714945,0.11331724674482417,4.843744161787969,RURAL
P0000207,VA001,237.67703270747762,39.0667222084054,-77.51490072700912,timber,74.48564288848698,5.145022657959574,0.02822106021207596,0.10199444085165528,4.364460143795387,AG
P0000208,VA001,36.48393858528154,39.00103882754578,-77.82443998929533,pasture,100.0,3.0917244215473443,0.17030976598458866,0.031813205364171565,4.426146354022203,AG
P0000209,VA001,107.64925554687558,38.94961448154991,-77.6138968397706,timber,58.33817818451727,7.129534656673341,0.14480978902593977,0.09981068998302697,4.129635380908033,AG
P0000210,VA001,180.73984301505303,39.18584719911386,-77.74723212750453,timber,71.89850399461656,3.9411709631161305,0.23295524373823392,0.03514240933302204,4.4330905919383525,RURAL
P0000211,VA001,90.59507740034975,39.14902017089664,-77.80131429651124,mixed_ag,74.30118264598525,0.777720675272316,0.2545864660570713,0.049300616113296836,4.308883589008016,AG
P0000212,VA001,111.42418514947106,39.11713762425267,-77.62684597138734,mixed_ag,57.097202060192345,3.4234785919410187,0.09274934703540394,0.2020097648474051,4.577686007253273,AG
P0000213,VA001,93.75654621872896,39.05121768657574,-77.56817601394232,cropland,68.52934563754805,1.4879494702191152,0.057184943051771686,0.07524256934122608,4.569225406703035,AG
P0000214,VA001,480.7460500280655,39.08539990650052,-77.88701770422102,cropland,100.0,7.634983483358511,0.30020459300453983,0.1277938767847946,4.457139388403865,AG
P0000215,VA001,48.25456802035186,39.14821137485533,-77.77197590970601,timber,39.26362573432525,1.54165549044647,0.3023861957584038,0.03329426381277495,4.740612121761911,AG
P0000216,VA001,152.49887940012508,38.94661772477789,-77.62396169798832,pasture,86.09923300475967,5.301226256920721,0.0909368440420095,0.09207522491607809,3.781088159502411,AG
P0000217,VA001,192.11846083473097,38.91695014679867,-77.79041228462533,mixed_ag,55.45255925227619,5.291103628164546,0.2244349958822479,0.45835105097664275,4.076168833146991,INDUSTRIAL
P0000218,VA001,738.2833312417347,39.029225088068735,-77.78564231468444,pasture,61.33836922216848,3.2267365455354935,0.141979274319958,0.019443056830983522,4.8765264423152805,RURAL
P0000219,VA001,40.92843636816603,39.00124592812595,-77.75922654082906,mixed_ag,70.26964513981876,8.816355205972993,0.13463939358481558,0.26186620622671897,4.669206191848905,AG
P0000220,VA001,303.4690563121853,39.07174125985666,-77.52280843762202,pasture,64.16819937788128,4.038595939652098,0.48062236261609576,0.22304446819829812,4.379869125773529,AG
P0000221,VA001,320.4210685862293,39.210825440095185,-77.60190095278388,mixed_ag,61.407934023255144,2.0728687286386975,0.06593732693879224,0.06372069598570906,4.703635206368144,AG
P0000222,VA001,99.19757534822149,39.15123335887497,-77.57607708131492,timber,61.16540442428307,3.1159884969824283,0.09075304587149523,0.19281884342872033,4.493277240171293,AG
P0000223,VA001,188.46521974680888,39.00892118261578,-77.55243395862934,cropland,55.255944356077535,1.2894237051920983,0.13390890841996,0.05170284528017179,5.00820090728637,MIXED
P0000224,VA001,145.4505150371415,39.145495366777084,-77.4813170116631,mixed_ag,63.304394436929236,11.179208146197205,0.0940280027083257,0.016191449333712662,4.3746615951096235,RURAL
P0000225,VA001,105.72008307506279,39.09643946050102,-77.77603034100423,timber,73.8088649261726,6.396945390569263,0.1505476225482491,0.07205952635787721,4.094793621072106,RURAL
P0000226,VA001,107.28515771779661,39.060273202997756,-77.710218927486,timber,65.91522283121309,7.746911660208482,0.15006525870533027,0.14365037294461683,4.685728729465564,AG
P0000227,VA001,73.58460375422126,39.01395922213031,-77.63545686020497,timber,52.638402511039935,3.9299994270038767,0.005076262764688735,0.2882757240483553,4.43167916683905,RURAL
P0000228,VA001,81.85986816188267,39.18756773394838,-77.56753824776631,cropland,59.440804196902064,8.433739844752488,0.06964762533550412,0.4093971827643325,4.793184213706959,RURAL
P0000229,VA001,181.31766874078554,39.15857116062629,-77.60997205467672,pasture,73.47410980320223,4.74307606320392,0.31102168270567176,0.21549363461573343,4.7954803135626465,AG
P0000230,VA001,180.87993558716684,38.995936953012745,-77.71447569236453,pasture,79.61986536050304,2.2773758943951443,0.10298524397765502,0.11822953499239805,4.525150539652129,INDUSTRIAL
P0000231,VA001,257.33397464496295,39.00014795530211,-77.61862281822849,timber,49.208254053325064,2.4937591109642914,0.1406496025596071,0.10049807181649144,5.298049973138375,AG
P0000232,VA001,32.704607146066834,39.03720820355894,-77.5081481959041,mixed_ag,52.41715835731223,2.323275786167407,0.12746548046115758,0.14014008036963646,4.2018421016230585,RURAL
P0000233,VA001,111.82117509545843,39.1271650287524,-77.54744812295863,cropland,66.10484892488292,2.192539500530777,0.07470112636257957,0.031426835481677295,5.424537413559353,AG
P0000234,VA001,160.0909693762366,39.116752475604514,-77.69035954661602,timber,96.82512477598911,8.31559862311802,0.13933299028998494,0.20082204748070506,4.316815256481782,AG
P0000235,VA001,179.99856344411805,39.28880807710508,-77.51464397414199,timber,65.13267960045418,7.738583426124697,0.08902573690243586,0.07079017794776434,5.02333224585501,RURAL
P0000236,VA001,435.6431937285196,39.038155423777354,-77.49130265513706,cropland,100.0,1.3813381116026713,0.10426221762655288,0.14328510353507115,5.092715581838969,INDUSTRIAL
P0000237,VA001,188.13882715413948,39.097234768720895,-77.63098919899556,pasture,74.61177701378963,4.267963953015147,0.05998189249411159,0.09529215822381398,4.380437675929092,AG
P0000238,VA001,98.1707807286961,39.03345730152185,-77.60536137626676,cropland,53.14198325415621,8.202878062193367,0.29790320747790955,0.25048224713840245,4.3650979217042645,AG
P0000239,VA001,65.89017853661525,39.111064719919476,-77.53780309474344,pasture,45.931262601313954,1.5580938206819996,0.40416937076156195,0.08663241260073852,3.7112772288765177,MIXED
P0000240,VA001,84.7480756182884,39.035765926854836,-77.48436848438821,cropland,54.79896268957385,3.759830940504324,0.12000805751175868,0.09558823128673312,5.1871493074563935,AG
P0000241,VA001,86.05308154690657,39.186414236635535,-77.72583603588673,mixed_ag,65.15370026025347,4.167538484660981,0.6509500689099981,0.07668706951726159,4.58996259931382,AG
P0000242,VA001,190.0476632878259,39.02259192028055,-77.74836863356391,timber,54.2621383432815,4.498305725780945,0.1662308560846485,0.2122268524994146,4.182841541170343,INDUSTRIAL
P0000243,VA001,258.1780962366492,39.134533274178466,-77.73909847809084,timber,57.9361788403271,4.26109598434134,0.007931132654036669,0.05833798174360583,4.742495431122896,RURAL
P0000244,VA001,103.31348133833774,38.962009712481,-77.64470644591107,cropland,49.591541049685105,2.1830800886767725,0.05351760210633218,0.13355496119411328,4.939059186173245,MIXED
P0000245,VA001,104.91151156765997,39.06307732981637,-77.5799855737739,pasture,56.15178002669292,1.4700230846050077,0.36318028539762515,0.028308344674933164,4.7661857130020815,AG
P0000246,VA001,206.2723438500535,39.0387567239018,-77.68193431737075,mixed_ag,40.565036524095504,11.738605779357094,0.3705279421726995,0.11908984752067449,4.1566913055942045,AG
P0000247,VA001,84.6310870292793,39.008239300764174,-77.49889105138683,cropland,84.05064400890387,2.6716920421510797,0.08237186453802031,0.1614175954938769,5.032599468967187,AG
P0000248,VA001,158.02952581142105,39.2126184147105,-77.53796587031009,cropland,43.67408979443806,2.3005319606316674,0.32618708618793796,0.015942925880981368,4.7322869191119254,AG
P0000249,VA001,226.6476728871955,39.03450857441775,-77.57179299067255,pasture,50.56291094478372,5.337017996009955,0.12415039048829021,0.08262753998347379,4.330975018263486,RURAL
P0000250,VA001,43.78601372403872,39.11741372547054,-77.59461497536847,mixed_ag,55.67246014093393,3.360747617203299,0.1580015611631495,0.03458726400125483,4.489772175734998,AG
P0000251,VA001,65.02262294993359,39.10659331769684,-77.7286219070242,timber,78.30239493198806,2.3383794240886253,0.12839823520667445,0.08914397858190767,4.620682666558756,AG
P0000252,VA001,427.44106676521966,38.971758005665144,-77.61083637811203,timber,91.3932090417395,1.8780286508263544,0.08258809936897454,0.0344174948275058,4.878930291509875,MIXED
P0000253,VA001,398.88385177474447,39.151755053892614,-77.7544047870874,pasture,74.08287807836464,3.375917968582887,0.28455887748116754,0.17448918617771134,4.230314252567181,AG
P0000254,VA001,108.21068361794825,39.08429270785662,-77.5496746390366,timber,61.45729546651025,4.805887201020768,0.2914967535797823,0.007880624063581462,4.705250089636205,MIXED
P0000255,VA001,201.42351506501862,39.18258347681289,-77.62636665988717,pasture,50.49809718250948,6.267924196214337,0.1092718991455826,0.02220175623646674,4.725899024616437,AG
P0000256,VA001,217.2645948455791,38.951101632463065,-77.58918516628479,timber,69.77717100194872,3.4747918574876637,0.13713925944504074,0.18236185915852396,4.753185655067587,INDUSTRIAL
P0000257,VA001,157.5017379100754,38.98699822465858,-77.89743374137797,cropland,76.41418288821674,3.1277932597171425,0.16252742703672277,0.21313792359129938,4.537027960063326,AG
P0000258,VA001,382.57094095393484,39.100807151264206,-77.68287041644214,timber,70.4533769759189,7.119073307614803,0.06696075909137314,0.15617042313913002,4.559514505132192,AG
P0000259,VA001,54.27613048509841,39.206505719649115,-77.76761847271486,mixed_ag,66.46389891277721,14.461959444746457,0.04232090479364909,0.019257497960522726,4.58532870623883,RURAL
P0000260,VA001,226.35072507474436,39.26075020028225,-77.61474483187207,timber,76.80626663147306,2.2949462796265854,0.02003302913224602,0.12596220001478153,5.1318336377582146,AG
P0000261,VA001,232.33593968397042,39.07490174003191,-77.65783047256726,mixed_ag,64.1182602262885,2.153017804254867,0.07956699949245558,0.05169542386111934,4.624673680157407,AG
P0000262,VA001,59.07402781037022,38.91452326697335,-77.68946073535386,cropland,54.580109699317106,9.953257842344115,0.6409875047682855,0.12428622988467543,4.733720151061874,AG
P0000263,VA001,59.312476869453974,38.967260631078396,-77.49218860769754,cropland,55.651562248307975,2.465691555018748,0.11651988566352492,0.03840089723108855,4.339907857355942,AG
P0000264,VA001,157.31380532320298,39.14841957397127,-77.66298918265183,timber,65.11983963361914,7.285153938213805,0.010025255002380152,0.15212054411176884,4.7492565956693955,MIXED
P0000265,VA001,275.76798680569016,38.98851344854524,-77.7119523378791,cropland,78.0287290660087,3.114714433788046,0.198438861975587,0.04052296480789778,4.229820821356997,AG
P0000266,VA001,93.92759716981033,39.06119364991781,-77.68277737191531,timber,31.389436085030823,3.0347935549916443,0.04785860754174023,0.06394132293056863,4.534200314469119,RURAL
P0000267,VA001,211.11453189558114,38.95377398524014,-77.7586663899233,timber,77.995961005364,5.02792475546938,0.03229540587778865,0.1931000458764607,5.600115576412646,AG
P0000268,VA001,400.31935087225406,39.19736731451919,-77.61679899635054,mixed_ag,80.89630416227352,0.9606673755956978,0.09088262731844327,0.11897039893246592,4.142906169524337,AG
P0000269,VA001,122.8748052165112,39.04196156489377,-77.53087088533577,timber,69.69748410998524,4.389911257917268,0.016424041200122908,0.0039708906460270985,4.999443089328629,AG
P0000270,VA001,156.04604378615093,39.161417346302784,-77.69834636382065,pasture,65.37894246647586,6.1750240980486035,0.36088576915483606,0.0421897263073937,4.464660725129101,AG
P0000271,VA001,116.47423260792867,39.09428193270208,-77.88934874589873,cropland,62.79067529698164,6.335592555535156,0.05506131851951857,0.17622805617934534,5.049345794390255,AG
P0000272,VA001,44.73445796390207,38.88206948343102,-77.76235021197614,timber,40.782781188644165,2.2179797586960577,0.04084044808826818,0.03371763018249036,4.903861872904334,AG
P0000273,VA001,192.56832284830338,39.00304431359321,-77.6511450167596,timber,61.98215354757875,14.806037197179885,0.178609941993161,0.07735501468966924,4.8332005488796,AG
P0000274,VA001,62.4715646156175,39.08545107907873,-77.7435440239569,mixed_ag,97.30201890756317,4.483216360344744,0.2222515406205826,0.04261160510789739,4.21537640204331,RURAL
P0000275,VA001,147.1559005779888,39.01396800146116,-77.6814366440301,pasture,59.768409781980466,4.939685188442596,0.09606558171498689,0.025852563656426065,4.8151254168286375,AG
P0000276,VA001,151.20296288078987,39.032232044394675,-77.86182412436298,mixed_ag,65.38655290542486,4.785391487695191,0.3679568194838114,0.0646320014056351,4.219092272430857,AG
P0000277,VA001,129.57041689188284,38.903892885325774,-77.6587342858345,cropland,79.5918854215361,3.169618208330727,0.2397632707032329,0.14323751072533447,4.839270055317902,AG
P0000278,VA001,439.68708614327795,39.13043014322083,-77.69218387746116,pasture,68.85175672270785,0.7657006216191895,0.0610096943234265,0.019580150804995918,4.724067634248409,AG
P0000279,VA001,226.02432716487215,39.189797039410756,-77.73658183822074,pasture,37.670626556478794,8.944198817117016,0.11694233178935685,0.035362982927961466,4.372638028589417,RURAL
P0000280,VA001,88.26931850223481,38.9658762866397,-77.68685631814783,pasture,62.3284479977055,1.067035757728954,0.062014915536963054,0.03364856926136122,5.265189089401938,AG
P0000281,VA001,164.36913094455915,39.11579599441977,-77.62603632176709,mixed_ag,77.40878976710754,0.8870791584203959,0.06867322755975075,0.05619132879409786,4.509716767365627,AG
P0000282,VA001,71.16469284400954,39.119648292865584,-77.63013538122952,pasture,40.22711007140963,5.693120772679157,0.24653279755938787,0.29636567743397824,4.421345702882451,RURAL
P0000283,VA001,232.77000739650458,38.999124884639365,-77.54424654117837,timber,49.34974724574028,2.9366718929779303,0.09273703688197696,0.14853785161249872,4.954863891935964,AG
P0000284,VA001,204.84987969010743,38.99968372379001,-77.8187401832423,mixed_ag,65.08296707943906,2.0323062990230776,0.008235600840579517,0.022837876050889227,4.746720212901711,AG
P0000285,VA001,272.83229537456236,39.00372875247988,-77.65048215513353,pasture,60.90856928493436,3.0309502918764,0.10645427263980954,0.05902848821154051,4.91181843522531,RURAL
P0000286,VA001,299.6047823198109,39.02898350754838,-77.6584843585734,mixed_ag,60.83992686809498,9.580361579321643,0.14034504863822028,0.023047517962911365,4.8485962067649115,AG
P0000287,VA001,57.7205342559134,39.00340512083861,-77.79722394183128,mixed_ag,69.5700424868274,5.914985958570943,0.14293648926442457,0.4367620480557265,5.162169706005772,AG
P0000288,VA001,108.40192849990332,39.080455966440084,-77.73525436261967,timber,59.30147263837169,3.3823780523049796,0.11246052909506131,0.21937724344497286,4.352270747890949,AG
P0000289,VA001,136.44510345381946,38.93453713512503,-77.68640696234256,pasture,57.34313199457282,11.011891181172338,0.2990019311492021,0.127469325507721,4.486851090519273,AG
P0000290,VA001,169.61044826075434,39.01866815180348,-77.60671303974581,mixed_ag,21.955699627175647,2.7899103749525893,0.33431223918580966,0.2593294654281144,4.831517438125918,AG
P0000291,VA001,73.84979992135874,39.12629313045233,-77.7160121055063,mixed_ag,64.20138802041383,0.982551012815406,0.18849725013242688,0.010391170327145887,4.56778511148264,AG
P0000292,VA001,58.563982973605135,39.282776589933974,-77.67247487018643,timber,85.9027926441509,0.6952286983139957,0.07211354609283285,0.10940572455873528,4.599449798435781,RURAL
P0000293,VA001,54.81068036042817,39.08744861946027,-77.60246010038256,mixed_ag,73.55301355868137,10.590893319583701,0.16902968700080354,0.1376289726372905,4.022087784330564,RURAL
P0000294,VA001,39.85479248948178,38.97674743158426,-77.69299018728442,pasture,70.69628282748046,7.041424549242064,0.11428194678489141,0.17805464944995322,3.907952446121423,RURAL
P0000295,VA001,161.0215698476703,39.17787813840057,-77.61488382208836,cropland,60.87036181456918,5.467498670861613,0.2751709201216106,0.05340078195725524,4.342307288450232,MIXED
P0000296,VA001,226.81657355166948,39.00692365811852,-77.57473888807347,mixed_ag,80.82434142078941,4.63691968196051,0.09803638373105251,0.04640767076481584,4.874817307355366,RURAL
P0000297,VA001,172.9258873953865,38.9526597621947,-77.80234711933808,cropland,72.84799170904625,7.815254928060371,0.19959012700651374,0.0026002433626161315,4.987921652258013,RURAL
P0000298,VA001,186.83484853061057,39.010684327138634,-77.83818788746268,pasture,57.93689180426359,2.9015708388992456,0.03199301284174652,0.14346702196262492,4.92453767757106,AG
P0000299,VA001,172.03924264453826,38.987057927922855,-77.61970614775379,pasture,66.53634216078368,10.889607054689222,0.11283319577674852,0.021896157938908693,5.231375669138504,RURAL
P0000300,VA001,95.0204669151338,39.21189909387785,-77.58229307181485,mixed_ag,49.49546501721633,5.964565455087979,0.10251176010737838,0.0021154462311541223,4.37078652554151,AG
P0000301,VA001,121.96881180110492,39.23958539686941,-77.4513410595335,timber,72.89835875740361,6.242906085858727,0.11014782021885704,0.016015668845530105,4.995998529675955,RURAL
P0000302,VA001,139.46902499913045,39.088924054467704,-77.85542440857996,cropland,54.97624138318144,1.3906875186003944,0.22485082616610177,0.05209772783609863,4.579850583158108,MIXED
P0000303,VA001,108.54006304336201,39.02663714436281,-77.63983753947927,cropland,60.14116289107174,5.1808530310440295,0.07997426466549225,0.1575165818301148,4.626527042487523,AG
P0000304,VA001,118.82575418876426,39.045137719493816,-77.67867825341777,cropland,83.37742182649784,2.3630585747149198,0.12583356391713327,0.06770624713150927,4.102089772925944,AG
P0000305,VA001,74.30198142419498,38.99394458465664,-77.6248689397424,mixed_ag,71.561726522923,9.22959194296068,0.23171289630256792,0.05969789225484825,4.610763391987216,MIXED
P0000306,VA001,175.32015785603278,39.15452165364561,-77.5248829757492,cropland,78.90839728533186,10.283107624067839,0.21950856640594307,0.18525202540837654,4.8504383180963995,AG
P0000307,VA001,71.81217113915646,39.08669154787631,-77.55296095223802,pasture,42.38778200331838,5.269544850646493,0.3082222706518527,0.06620830143998793,4.1345381421457965,AG
P0000308,VA001,115.32713533028783,39.192973479001466,-77.724373877948,mixed_ag,64.48960995975388,9.90501968869643,0.06602716967020268,0.06608862214144873,4.818467589976074,RURAL
P0000309,VA001,182.37764352679,39.06068764825436,-77.75991487101554,cropland,50.37145532371048,5.94092294841031,0.2548769612708854,0.05476689088267176,4.228582733732602,AG
P0000310,VA001,193.26237440203724,39.16546900754061,-77.75216561689666,timber,57.00896490447088,4.220164233646631,0.1375529927499805,0.025705287851503812,4.527400117156116,AG
P0000311,VA001,216.0071628183469,39.112041937901004,-77.71366966277694,timber,75.84894589735654,2.1458564008321632,0.006155657494105693,0.0380883285664576,4.749000108104718,RURAL
P0000312,VA001,121.11767476320671,38.922692700349856,-77.71559536638928,pasture,58.95057030619062,4.413382894626268,0.19041194391880983,0.03288208923780416,4.759320953622999,AG
P0000313,VA001,101.16304486986017,39.07305469150167,-77.72550854788885,cropland,64.34824048236611,4.727296427591753,0.09309377831783841,0.014252122235129311,4.178594080157379,RURAL
P0000314,VA001,419.977886362265,39.24823146799843,-77.5548676905973,timber,49.92340416731933,6.942972131687207,0.20735121524651426,0.12282604728787881,5.168674763964928,AG
P0000315,VA001,167.8477428955703,38.944400790526984,-77.73091951168429,mixed_ag,85.11673417521929,1.3500261769211637,0.17081356065886838,0.14398317738696917,4.433928069700525,RURAL
P0000316,VA001,259.1251120551365,39.11554958478145,-77.60456314005981,mixed_ag,49.1773649852214,2.626888609677988,0.08406886399087618,0.06732957595233088,4.761401236975942,AG
P0000317,VA001,104.2013256922903,39.005178088488876,-77.62471616483406,timber,90.34733930661523,10.173167380364148,0.2578174562613561,0.07928259330690465,4.357746074907496,MIXED
P0000318,VA001,356.25054185899717,39.15389815891931,-77.69267709421332,pasture,63.45929079987652,4.269404736730708,0.40631315272749835,0.042672992434520274,4.941298141303256,AG
P0000319,VA001,198.9411683372532,39.268616439462875,-77.85319075861197,pasture,23.420665540611076,7.986438370131901,0.002134676045426545,0.23620158849676495,5.212413871806203,MIXED
P0000320,VA001,27.020203678851203,38.925310559278905,-77.73819677417973,cropland,65.66284879334059,5.569757956690937,0.2625011192192772,0.0742400085244933,4.507479705957015,AG
P0000321,VA001,254.42745284354652,39.067250192669036,-77.62184051091683,pasture,55.29861625280643,6.092342635856039,0.1926085046993704,0.041689533327283194,4.897384588356973,AG
P0000322,VA001,497.2184475824081,39.03882640521503,-77.74111096421947,mixed_ag,38.991163951555066,11.32886225215227,0.12300656275687868,0.05115313272993337,4.687052791111657,AG
P0000323,VA001,75.84092694037903,38.89210038228094,-77.68145957728062,pasture,73.98251258984104,4.23255475597262,0.13807476066493754,0.10044460405573667,5.499612693330609,INDUSTRIAL
P0000324,VA001,100.12953039503694,39.076008900987524,-77.69985828140565,mixed_ag,72.08676521532952,4.677796878064745,0.12770205922002445,0.003671320901240409,3.8448549889943155,AG
P0000325,VA001,335.47590088619654,39.081038122869614,-77.68721246026263,timber,71.7838118405329,6.686066383478532,0.20334584272165263,0.11426007815463024,4.074629198232469,AG
P0000326,VA001,108.8669630194874,39.11561369233082,-77.62113183467712,timber,82.22742947870526,1.937650386873431,0.05182080740532195,0.41419648187172114,4.478399090329831,AG
P0000327,VA001,83.27554136454714,39.24199918374433,-77.66409847063059,cropland,83.05673229538169,6.354888747300852,0.24763963449070459,0.11560842554959326,4.061894967805675,AG
P0000328,VA001,81.38099269435175,39.07120630059396,-77.47669166742298,timber,51.318822347153095,2.23107928654568,0.30505468216122156,0.01231468627596112,4.328536682258438,AG
P0000329,VA001,84.35087678304069,38.93738841562466,-77.58349639731279,cropland,60.33639991891141,3.063882464656361,0.16307698503068133,0.09798077434780993,4.455411516521149,AG
P0000330,VA001,98.07366496225997,39.120646362477665,-77.61943091140418,cropland,45.060519156173015,4.656690099918093,0.007850386676765004,0.07694453691709918,4.670811363195424,AG
P0000331,VA001,105.24535423246587,38.87893343331106,-77.56096232521668,timber,64.48015472880532,1.0499670002675319,0.08932722960613895,0.1047755158349053,4.5871524815333515,MIXED
P0000332,VA001,268.33835617860393,39.1416565837966,-77.7990627597036,mixed_ag,60.87718843954274,7.223376328800844,0.2001936425757666,0.025335002499982114,4.387364835665604,AG
P0000333,VA001,96.72659531343704,39.209273696562725,-77.60752579898815,mixed_ag,67.65845217902168,18.111947509272717,0.09635130022420332,0.027825590149675616,4.473233103080756,AG
P0000334,VA001,114.73222609326446,39.155051818067236,-77.49824353315057,timber,94.62336628036037,7.784945215026491,0.2299133977414861,0.12072701699497133,4.617989249010982,RURAL
P0000335,VA001,106.26020633335109,39.09034259852455,-77.48179000037601,timber,65.78918113867071,1.9512573916074372,0.2891341018811856,0.06411880414619185,4.648213792296995,AG
P0000336,VA001,96.24311293135824,39.05255032079219,-77.48286379863285,mixed_ag,46.93449577198935,1.280340360089875,0.1009972054905564,0.1404085907288559,4.045524281394851,AG
P0000337,VA001,51.74445086963992,39.15321082236838,-77.62906450514275,cropland,37.40517515296304,0.9784249801494491,0.017556127892655714,0.17655812185256037,4.527629742756837,AG
P0000338,VA001,60.56559760186738,39.15485411094965,-77.79843578379703,mixed_ag,58.86124540084726,3.9530764794354627,0.2906284200195553,0.2386735095407135,4.582305037450876,INDUSTRIAL
P0000339,VA001,120.33394537614062,39.03730027287018,-77.71005071656137,cropland,43.96856005935852,2.183756896693093,0.26557931560129305,0.06611493569928166,3.856643778039075,MIXED
P0000340,VA001,143.99159269271132,39.04540575452521,-77.75021853720725,timber,68.35839060602086,11.844590353032833,0.02839885138706098,0.11999819407121476,4.102394940492955,AG
P0000341,VA001,163.32140588146225,38.91272653897131,-77.58314235829424,timber,65.70464294449246,1.946889272424412,0.19477425468672166,0.07806227786948622,4.132256469251806,AG
P0000342,VA001,128.28456148909325,39.01242443861677,-77.56813269135087,mixed_ag,70.20021123115563,11.883455237759161,0.21365027845478896,0.10790802197780225,4.578340867705411,RURAL
P0000343,VA001,43.769322963957634,39.15445655517116,-77.65957461789604,timber,56.99548626260976,7.463541024659968,0.10113627879321795,0.062353234579961454,4.41209580349522,RURAL
P0000344,VA001,100.6935110878916,39.18691925333792,-77.70567317913982,mixed_ag,67.33196366553716,5.993687581215,0.1393102643552134,0.038475804696290736,4.701517532082314,AG
P0000345,VA001,17.16640637440049,39.28234768586186,-77.74302720041536,pasture,43.261377790230256,2.056193627167592,0.24049374659385772,0.09906035284508989,4.67658677986638,AG
P0000346,VA001,93.33661510577417,39.02491546867188,-77.60715500425046,timber,79.8660003624725,1.9955072685232331,0.16025040566630153,0.2663873868120385,5.456092514003309,AG
P0000347,VA001,69.8741073670888,39.04943849452954,-77.67502445433709,timber,54.48161011052847,5.7494679164783395,0.03687940765184831,0.25315195411416236,4.499790307624615,RURAL
P0000348,VA001,215.68023424887394,39.12590546048088,-77.52500026353216,cropland,62.87331280699404,4.739935137944745,0.02438304619302963,0.21907575163094403,4.584970620965139,RURAL
P0000349,VA001,85.54722615158234,39.02534011607158,-77.72135091168806,mixed_ag,84.30638389920367,2.419937989890572,0.021485598525930218,0.008422061452945868,4.700307741552874,RURAL
P0000350,VA001,126.71260295607586,39.02905813785923,-77.49217539056251,pasture,75.04735131374657,0.12582442396535262,0.5893146067967103,0.01511526828282256,4.719097435638283,MIXED
P0000351,VA001,123.1139316764238,38.81606344709315,-77.76209613034565,pasture,77.68513052679984,0.51695191969984,0.2403708451743196,0.28491384157046135,4.135777966182729,AG
P0000352,VA001,178.8855466507832,39.05471167934491,-77.69917250108405,cropland,77.72609673444256,6.2233332778883,0.04653462892157873,0.032012606948797796,4.02926983221271,AG
P0000353,VA001,67.13649709974997,39.17940719701535,-77.71573766080475,cropland,63.16804900448364,2.4563531254765567,0.2069854970325129,0.06307249422990842,5.119804720728248,RURAL
P0000354,VA001,121.8600391138916,39.15267280206543,-77.65121355788104,timber,64.54964828287292,7.768427666998204,0.09120671965874437,0.30224816601011567,4.139175499969696,INDUSTRIAL
P0000355,VA001,80.59942983480721,39.19038298488501,-77.6569126059362,pasture,83.39802118409892,11.445887156332418,0.032552162826862546,0.046457890415990105,4.676803985516976,AG
P0000356,VA001,50.263360053457184,39.07803454574261,-77.76503896530507,timber,56.55349883779544,5.904055826681555,0.10843878361609251,0.20989496571298544,3.8900357034089588,MIXED
P0000357,VA001,1228.9385343613878,39.064532377888526,-77.66551250337163,timber,89.67999002296943,8.17196665315582,0.16539914142995268,0.07615459174988883,4.6259852721422074,AG
P0000358,VA001,79.6510882864916,39.225415064586045,-77.64325428351063,cropland,47.82158043669916,0.5748792670698673,0.17203070488672806,0.05051918321916973,5.3341287149155985,INDUSTRIAL
P0000359,VA001,92.56121332336315,39.203277984705004,-77.79829455214255,cropland,83.32208300311356,4.424283205018544,0.36395177112353483,0.041753382769138786,4.6359414198340625,RURAL
P0000360,VA001,148.0214123805799,39.333251331829274,-77.66575985903465,cropland,80.22997736572779,4.988739487842042,0.26721374025858263,0.011792792764988087,4.304650723678481,MIXED
P0000361,VA001,65.6356096121697,38.97826219959301,-77.53476500793946,cropland,61.47605857627592,6.598674328580473,0.09839455315469228,0.20879687000432015,5.001398114302516,AG
P0000362,VA001,268.86739259959,39.26144398509114,-77.67946929792419,pasture,57.148300362797684,3.1455814369815687,0.02854545898477835,0.31918358662554536,4.650155409026693,AG
P0000363,VA001,200.57889493024769,39.10914740834923,-77.6593554662466,mixed_ag,51.57869018947851,6.984294682367125,0.12605533284372003,0.04611727407799812,4.734860583015721,INDUSTRIAL
P0000364,VA001,504.3325133458144,39.05147712973825,-77.53679966146734,timber,49.57986053155238,6.956773147452624,0.0841211407459893,0.17591470356758326,4.373074555231276,RURAL
P0000365,VA001,236.1659334745251,39.08409248917171,-77.75383077666505,mixed_ag,41.03858568250157,1.675768297769754,0.12099964542174614,0.13502745317215675,5.120113612730301,AG
P0000366,VA001,51.27600882829517,39.201013861862755,-77.67983145255809,timber,67.95654876306803,3.5458962866363883,0.13105133135733585,0.13476072674547387,5.03371022173081,AG
P0000367,VA001,123.02980339433725,39.24895769172969,-77.49140758720448,timber,58.19672634041575,10.897769775510604,0.15169211107698036,0.03519979243184007,4.916338991013331,AG
P0000368,VA001,248.36886823135018,39.0491751614786,-77.57801784958116,mixed_ag,46.46381032151072,6.7368647450607435,0.40971097665365663,0.1649461486167509,4.583299043640349,AG
P0000369,VA001,79.77820912665655,39.05203869668755,-77.67514265534854,timber,59.87729278427899,12.574455794350524,0.08002386482273038,0.03768746915726945,4.584900879575695,AG
P0000370,VA001,27.3294144527334,39.07272536421828,-77.56680200656517,mixed_ag,98.44692672792456,9.649456136476726,0.48183827283522995,0.05385031856133803,4.371831819193063,AG
P0000371,VA001,163.62818881743144,39.06302885592194,-77.84635211357167,mixed_ag,47.79100262807805,1.9172132406582645,0.12489780668012583,0.10388332552875913,4.731633378643896,AG
P0000372,VA001,20.658989693124308,39.047753682585956,-77.68417904656518,timber,88.57092495426154,1.0200153391674396,0.041372894464404925,0.006230386127798591,4.448290634577747,RURAL
P0000373,VA001,117.2925649928151,39.24559954414684,-77.93702447826333,mixed_ag,65.08311264187697,1.5533019421938077,0.11660508514073757,0.067662559021515,3.990888152132952,INDUSTRIAL
P0000374,VA001,85.56196246796965,39.202953507481105,-77.59449465243576,timber,49.834943094276376,3.0792875389086536,0.042566594619346726,0.041799980995332296,4.038949971465046,AG
P0000375,VA001,27.818821280396456,39.03212025938611,-77.63739081914412,timber,62.87422856684252,3.0941642127441984,0.16202257485633265,0.20741500064728793,4.416535982810749,AG
P0000376,VA001,107.74984148042483,38.97599750421971,-77.52700663734431,mixed_ag,60.414832080477396,6.599891980244265,0.2265599614509022,0.29502138861881794,4.578633205001182,AG
P0000377,VA001,424.24148565795235,39.13507464406581,-77.64544697207685,pasture,81.5627507325454,2.53754687749936,0.020309946370539466,0.030834669761819936,4.412935282400589,AG
P0000378,VA001,154.7348748007688,39.04099457207893,-77.69897577347628,pasture,66.16460864790754,3.60871194263856,0.12484026002538261,0.08898834456203489,4.606877533297799,AG
P0000379,VA001,128.96416784328753,38.980254332208816,-77.8196991889007,mixed_ag,57.88378106951233,2.006945514443352,0.20336564335209614,0.11800002864886353,3.6527818647029706,AG
P0000380,VA001,69.9850374774859,39.05032282290953,-77.6954385069616,timber,63.31145139548014,1.8639768734716013,0.3147984962321205,0.020000878560143556,4.791830696428749,MIXED
P0000381,VA001,185.38636821479326,38.924963485245996,-77.79201234270084,pasture,60.976502007001,0.7138262752898737,0.024073476197113426,0.1026605127487164,4.219467637444076,AG
P0000382,VA001,84.62085392047648,39.04428405969962,-77.55863200971837,cropland,91.02534499660814,1.186345349175085,0.055746270932563236,0.11759797997620232,4.6644893278415935,INDUSTRIAL
P0000383,VA001,57.044348452997944,38.96216990942713,-77.69735733069841,timber,36.32277260372743,4.018844146274033,0.3921104560463619,0.11545346798407323,4.56482190711503,RURAL
P0000384,VA001,42.953113792129315,39.13637479067117,-77.58598626152231,cropland,80.12075394290889,2.5287802570006814,0.03791070808984047,0.1425101169161063,4.594585233007119,RURAL
P0000385,VA001,202.24813462238797,39.062402789077886,-77.73343347787387,timber,64.04021516557152,5.952192937176708,0.02196529918542487,0.036443676678814194,4.378605387278445,AG
P0000386,VA001,115.78482151775864,39.25364253285138,-77.793439191069,pasture,96.06623898824922,4.263426259797506,0.05061972562130719,0.27343268336010224,4.471923895533498,AG
P0000387,VA001,32.005355028110785,39.01220348681062,-77.799063812253,timber,76.16613100546573,3.0687112519688924,0.07916312294800858,0.09445458641654379,4.432977679869297,AG
P0000388,VA001,109.41046252892639,39.137957936502076,-77.5864987572789,cropland,81.37859653642778,2.1657436981369065,0.1094870225382786,0.020165769561141564,4.580740211763396,AG
P0000389,VA001,75.5824378655554,39.063924142427034,-77.75415519408949,mixed_ag,80.88677990312277,5.111685221563915,0.010292332770616338,0.049281003107262265,4.739870740156025,AG
P0000390,VA001,155.72999793262377,39.02482280492464,-77.51528648601378,timber,91.61273335255653,2.1008795259224127,0.10353221915265005,0.13724669396619124,4.1475778193007375,MIXED
P0000391,VA001,121.03262402571629,38.976096177571485,-77.48874252770261,timber,72.17421051095266,4.131702333835731,0.35299271916088976,0.034880732872718874,4.980480516238352,AG
P0000392,VA001,286.1718167366461,39.05668638221584,-77.66721997087839,mixed_ag,76.39635459527214,1.9309651415752085,0.23289239016334523,0.16981296156281714,4.55591384860855,AG
P0000393,VA001,116.77303161558248,39.17620731700059,-77.7587175947267,mixed_ag,44.27553014097384,8.003298025385202,0.06561650889846814,0.03125682083454296,4.343408584051091,INDUSTRIAL
P0000394,VA001,64.0885472435063,39.15275337457632,-77.75620820009313,cropland,65.79276964803424,17.099864277674236,0.04007365619892747,0.03384027972080205,4.1435187070423645,AG
P0000395,VA001,41.286488601074886,39.05677871903775,-77.54901694082393,timber,50.30908749645846,1.153662405799028,0.10653509979656298,0.06173598668155845,4.345964156843372,INDUSTRIAL
P0000396,VA001,103.86550236017393,39.067703510520865,-77.73666977366017,timber,56.58606498681443,5.439235834573894,0.2314215885528983,0.09734758725897398,4.847233051248605,RURAL
P0000397,VA001,116.33672432780561,39.043016266864974,-77.59147483891049,cropland,62.13340685330135,3.4948268978688315,0.2228346722423969,0.34996747665580447,4.1909777899037195,AG
P0000398,VA001,354.48978845965615,38.8900939819105,-77.59755422250412,mixed_ag,94.53838725233244,2.6092623640427313,0.030911269684659525,0.21611462466521963,4.7178475171147065,AG
P0000399,VA001,123.11874935351777,39.14642074618361,-77.5453578548383,cropland,49.33666976635762,4.417117451202791,0.03201927432760149,0.05734382799708872,4.483138915970988,AG
P0000400,VA001,40.306342477231134,39.01612511573524,-77.69370438174191,pasture,67.27822224933936,2.3754007484883632,0.18307422171301593,0.17284600221819005,5.122048280757068,AG
P0000401,VA002,139.10460738782965,39.177471737898394,-78.21253940903205,timber,90.20460658967502,4.425093704128375,0.07336012089725051,0.18883118097703447,3.846713527381727,AG
P0000402,VA002,87.22821498178006,39.21780953821621,-78.20605507744837,timber,69.10825907389523,8.285852211597982,0.22835577415952707,0.0047669630280082675,4.609377705091803,AG
P0000403,VA002,71.60268402399872,39.266274454308956,-78.28851905453944,cropland,71.58002251125514,7.9762020874631565,0.11479073055468503,0.039513668139709836,4.806272675573419,AG
P0000404,VA002,60.5369032023208,39.23735442242759,-78.14045487031913,timber,62.97330453640057,7.68038058252427,0.15109153516333965,0.13473558427159232,4.408627552207522,AG
P0000405,VA002,304.07425245667145,39.07280755231465,-78.26771373805128,pasture,70.69614313441942,9.582105287655562,0.20937515437404103,0.10205155312239025,4.256309693034522,AG
P0000406,VA002,287.8901876158382,39.222308289369025,-78.41261553065496,timber,67.91608815410852,1.4566926404662919,0.02522057923367883,0.09815940218556746,4.319482209739942,AG
P0000407,VA002,80.14713078676903,39.2055825096581,-78.24840415345751,pasture,58.65020676505221,3.1323088307051643,0.10409440514588901,0.02858022413759529,5.163207739089653,AG
P0000408,VA002,248.94545615148795,39.24719196795199,-78.30764445237931,pasture,83.13823089026691,4.6168358867398425,0.2187426348905341,0.013859879456245866,4.718186956546643,INDUSTRIAL
P0000409,VA002,214.38225525575098,39.27001123810657,-78.24648467124152,timber,91.86084108021755,3.7252880962496704,0.06126355156761364,0.10325179925858546,4.533421978586915,RURAL
P0000410,VA002,86.19597066684223,39.22892642640034,-78.24277790743784,mixed_ag,55.71294563786587,6.904551444178903,0.1139027824382475,0.016806589418936802,4.534150060201666,AG
P0000411,VA002,224.12527266476036,39.2883736244191,-78.18930540958765,pasture,66.10383666529215,2.6930491967345356,0.35069543385781204,0.056816592959004125,4.266612166796509,RURAL
P0000412,VA002,37.13794107873013,39.16655738723053,-78.2717094970425,timber,74.76109141485841,3.9586762060097724,0.10929380282138215,0.10305977216060246,4.97188673070847,AG
P0000413,VA002,72.18010596181826,39.241793494684856,-78.14615029065732,timber,65.6204924552131,13.357541085953425,0.2396112690913831,0.029389103861420525,4.917260342284327,MIXED
P0000414,VA002,58.01937613362284,39.15628133841452,-78.35978123191842,timber,66.53135937332122,3.2550031796792505,0.09673235419650263,0.2290174834972597,4.747412679282479,RURAL
P0000415,VA002,190.4622849389379,39.389949217205235,-78.21602993349373,pasture,75.08232467301062,1.0064389134729381,0.023977531942079106,0.04679226163589224,5.037168258795158,AG
P0000416,VA002,37.1994493569548,39.25809896143226,-78.30284658820464,cropland,55.907195785488,8.563698860266438,0.050507592852807544,0.11357133644601627,4.624942650452497,RURAL
P0000417,VA002,76.58275981222312,39.14818282756502,-78.27505875888248,timber,58.41725990080075,5.302062834309141,0.0892564490706108,0.09691367147439942,4.174661287494043,AG
P0000418,VA002,59.42621276306218,39.17595964152438,-78.51919165663024,mixed_ag,86.958896067715,7.4624662059087115,0.3440774567009809,0.11001276992318618,5.290513549173168,AG
P0000419,VA002,326.8587729898536,39.37336917372324,-78.36549499281807,timber,49.505311614522036,1.3242272306781753,0.0940650527270555,0.19131435642448205,5.079778796267344,AG
P0000420,VA002,24.404404992871196,39.209412761345355,-78.24312931418383,mixed_ag,67.21235981649409,3.1067218664661302,0.23734693239580945,0.20779787385416112,4.762003387789217,AG
P0000421,VA002,195.0756351445757,39.27238669613348,-78.20257697941156,timber,51.85821752451292,3.5394714456838057,0.07262974091768568,0.07498089374723112,4.981700755580847,RURAL
P0000422,VA002,202.29760471332418,39.224021376229466,-78.40340710392441,timber,46.465638510069745,3.827359272325377,0.17454618768173333,0.17174421522278205,5.141494197839968,AG
P0000423,VA002,60.59211893126495,39.48414624927361,-78.29050972839559,mixed_ag,56.26174784977751,7.364780795355562,0.16194808490695847,0.07100397652756421,4.675009720072527,AG
P0000424,VA002,181.16072369376266,39.22373995004803,-78.24253099275039,cropland,72.38887327467309,3.1874292682957877,0.18331772935189003,0.2901712091889386,4.638984771465878,AG
P0000425,VA002,289.3576599420934,39.11754411191222,-78.30561552582309,timber,48.29595752577684,3.8232128248303803,0.11133626423261991,0.17080288092215826,5.114349743516528,RURAL
P0000426,VA002,74.06002854896771,39.198455423350445,-78.22810870301899,pasture,80.73902523328715,2.0830295778222,0.022628325047809372,0.0896685961670432,4.378662885102726,AG
P0000427,VA002,300.6025928093542,39.26725104445203,-78.36549651662224,timber,29.39335919696861,2.5752290952678014,0.3435930941157811,0.08600846400058962,4.5420204655815475,MIXED
P0000428,VA002,102.93529515015621,39.07754249376022,-78.44798701198054,cropland,87.63027361705957,3.353016423299456,0.06176400662481428,0.05349036021993438,4.3457356384148955,AG
P0000429,VA002,65.8034174248486,39.12882420123803,-78.3405093495155,timber,46.795958327912864,5.215519051455119,0.2015114778946218,0.2727600697777387,4.75091409411373,RURAL
P0000430,VA002,80.94681683274108,39.352672225221035,-78.3091877815737,timber,73.91954337506118,12.539751662744376,0.04427358991029211,0.11269051659182878,4.531433748752458,AG
P0000431,VA002,89.17408289334695,39.16344103972454,-78.32190243910671,timber,88.88752450508444,5.2075339803818625,0.20581210082040396,0.07556409524757987,4.5228619272763595,AG
P0000432,VA002,83.85302701303556,39.242831360042736,-78.22180915892609,mixed_ag,52.8826642203276,3.1257791612977757,0.022514556852183554,0.11224165554994617,4.758578026140716,AG
P0000433,VA002,103.85295695222169,39.193476427203784,-78.26544243082698,cropland,64.70509719372369,8.74395554101766,0.15452433525388987,0.21086861347030014,4.26505592660666,RURAL
P0000434,VA002,131.14544622929,39.161687994163984,-78.26768288843301,timber,64.79368430586155,1.5580377160890095,0.3682946449181942,0.06596138341674702,4.192018531033,AG
P0000435,VA002,118.45417306807545,39.19556147955178,-78.30371051717306,timber,57.126822377869395,0.9049045030495612,0.3187363507095214,0.16163976671281424,4.308839567617664,AG
P0000436,VA002,151.24132898488315,39.035003376139144,-78.28213203225678,cropland,80.42102029940483,0.5986433190702609,0.08707860206532533,0.13592480146741856,4.900788631671647,MIXED
P0000437,VA002,64.69731881293704,39.24926899185549,-78.14062435512764,cropland,85.61706823985624,3.730549987647457,0.10703245375230395,0.01909953722532011,4.323792355254658,RURAL
P0000438,VA002,75.29729144620768,39.116728263767506,-78.31743915094683,pasture,63.00805320589011,2.303064788677022,0.31529968133551745,0.06289548027669993,4.3808333708059966,AG
P0000439,VA002,68.37932201809801,39.17499031918044,-78.2099767313735,timber,37.03440203366921,2.1926955700113693,0.14727537389082804,0.14588327388244487,4.886309713803319,AG
P0000440,VA002,76.03777777392592,39.3216362312693,-78.3125582251328,cropland,57.336310073499874,3.4847680959159595,0.11667844539212871,0.023651632820950487,4.9609945720292465,MIXED
P0000441,VA002,70.94445767249599,39.13139924572768,-78.37891286485939,cropland,81.81506610374454,3.833886618355264,0.025993052605172828,0.06252280427599224,4.8271661451344885,AG
P0000442,VA002,96.35008458645156,39.19083057614553,-78.35845115680935,cropland,87.6015288817784,1.74131683743198,0.07494339282861535,0.11976389972267816,4.520603645655539,AG
P0000443,VA002,191.37086028736928,39.073858952103805,-78.38016643960935,timber,67.79323793537202,0.44755738786991106,0.14290155860551274,0.04305801978610272,4.397580081298459,RURAL
P0000444,VA002,347.4051855224505,39.1998939876558,-78.20779351635541,mixed_ag,68.68285371492551,3.9762962661514716,0.057863935177642586,0.027631498622722166,4.721340854608965,AG
P0000445,VA002,104.08251154033985,39.18522396294737,-78.2866931866288,mixed_ag,97.25328821634093,3.496215435687202,0.11500718362359062,0.050000441872841875,4.3979984878558005,INDUSTRIAL
P0000446,VA002,191.48801650880205,39.11385595332459,-78.11894696059882,mixed_ag,73.43449767089206,8.147685111656603,0.02108672334877413,0.10558612043045432,4.273215225453734,AG
P0000447,VA002,205.1388554200671,39.140765538943555,-78.53821484920051,mixed_ag,49.456080678968476,5.8634989167415466,0.12760647774958367,0.01701704098600116,5.003276648828434,AG
P0000448,VA002,566.5243747735674,39.41591975042722,-78.23499280037727,cropland,82.87507153436957,1.3895240281493684,0.3064511957066664,0.025123616426478364,4.738410527079699,INDUSTRIAL
P0000449,VA002,186.88137415982536,39.26663979455233,-78.13868073462312,cropland,39.61158989642587,3.0344201552087515,0.1622784317620723,0.027457234983476003,4.169993424430854,MIXED
P0000450,VA002,105.99311050976534,39.125048488600086,-78.17582337459437,cropland,80.93971046047706,3.5683174655534193,0.0628650173304353,0.10567562883395704,4.898087955630167,AG
P0000451,VA002,375.4806891403108,39.08829322737458,-78.41081767733118,timber,44.230835779485304,1.107592244237497,0.14887042218865015,0.36348669876831036,4.524485531828263,MIXED
P0000452,VA002,80.86956221780554,39.288298417975675,-78.15498026694007,pasture,53.85618848136446,7.046661883596963,0.07556450806610622,0.10843418571207848,4.432714380601351,AG
P0000453,VA002,131.08799292397617,39.26204681266318,-78.03623874307148,timber,81.73103994645419,2.020981100035576,0.09679757509295435,0.0028916344297513085,4.914360126677551,RURAL
P0000454,VA002,271.8135268258966,39.13036056653219,-78.31728976902627,mixed_ag,73.89829071056165,7.171627011414804,0.1822836317728848,0.00983783859569905,5.047218227257081,AG
P0000455,VA002,411.7922519373016,39.20147267213655,-78.2314481821497,mixed_ag,39.993906312150045,3.732124928998697,0.12169995122303419,0.24707532354370326,4.312931943696694,AG
P0000456,VA002,127.0128181059169,39.24978508462996,-78.28996070080191,mixed_ag,88.68189109774794,3.7571441606681697,0.06405090379789335,0.12980378919051722,4.6512013411379804,AG
P0000457,VA002,113.9840630697396,39.19469897410764,-78.29996996212464,pasture,55.341286814543295,19.9687131906349,0.0415385401908648,0.10993596757824663,4.5174500202380425,AG
P0000458,VA002,85.5648119165752,39.223101744949396,-78.44961020321522,timber,53.09015858252121,3.5936042746715877,0.1704265760961017,0.024522766432754403,5.145904496375451,AG
P0000459,VA002,369.3410565336585,39.057149434382104,-78.1885899665455,mixed_ag,51.04549786041025,6.4811439961096875,0.234391436227089,0.10275790218285909,4.03047726770735,MIXED
P0000460,VA002,42.504369074426975,39.231370201760484,-78.09900698241462,mixed_ag,66.90878045445822,7.116160082673423,0.24541815611236822,0.17756595786324175,4.675286482047512,AG
P0000461,VA002,94.70354761931785,39.21528126829221,-78.32643703864159,mixed_ag,87.82339114253303,10.395570153026599,0.042335415388307256,0.05664504027403487,5.082610344862173,RURAL
P0000462,VA002,204.15607673743813,39.06549784503789,-78.24346698690539,mixed_ag,51.97082614336574,3.978562810316536,0.2530067696088666,0.22141844133424923,4.962596315685072,AG
P0000463,VA002,169.06621254741108,39.16345691220983,-78.1416995980918,timber,80.50274737355001,6.771244229514133,0.17475459505219382,0.02731475907790814,4.544408549236111,AG
P0000464,VA002,327.1822892186869,39.19879457265386,-78.43585004256023,cropland,80.38530026350197,3.8202479698075793,0.06570849154705276,0.1962767096287533,4.688381968611025,AG
P0000465,VA002,80.48308129530224,39.124189469752025,-78.12712811124591,timber,83.77191063770937,10.046835248916281,0.07435350769350323,0.02023231762429517,4.836642677355026,AG
P0000466,VA002,372.3768703256933,39.26061364418675,-78.15734189462655,cropland,79.69893664545782,1.2401379935955266,0.11152898683101319,0.1454150300471381,4.722406485814842,RURAL
P0000467,VA002,103.77510300771031,39.02937003222926,-78.25966293856526,timber,56.382995744669934,11.65877834053279,0.16017445346719708,0.021054824226637462,4.348158581864653,AG
P0000468,VA002,111.14175105405798,39.25222119476453,-78.38697962194624,mixed_ag,62.60491875766278,3.567050513300502,0.1391438181270412,0.044475105175017564,4.831270272245576,RURAL
P0000469,VA002,188.31190449351598,39.37438579241673,-78.2070361127859,timber,81.58988412691942,2.4436794744383445,0.03140179917818927,0.00698265294499787,4.476812449911422,RURAL
P0000470,VA002,127.02007708549623,39.112076499892126,-78.13630548585668,pasture,62.7248506536007,6.383418762497968,0.048410646423891576,0.23280911073282073,4.283693955418788,AG
P0000471,VA002,236.74877633564782,39.16161551539947,-78.20558053106565,mixed_ag,54.910307732157605,4.5143576924467155,0.11894018155674418,0.056160417212151495,4.669425708561591,AG
P0000472,VA002,56.72958491299754,39.243588180594806,-78.1160326699329,timber,58.82497381284509,4.933472700664616,0.03376355450664632,0.04481179056077712,4.529215968693529,RURAL
P0000473,VA002,184.52530070484198,39.12962333962354,-78.24382905338648,cropland,41.68881768469068,5.03661131619813,0.13506165185522695,0.013855221017347244,4.760791943669729,AG
P0000474,VA002,190.20327826947752,39.3167937796255,-78.29390720588525,mixed_ag,60.28523856149549,6.912797569791234,0.19897290647839228,0.20142629944311008,4.372247569235319,AG
P0000475,VA002,103.90919948778212,39.3602788549239,-78.30500746289812,timber,74.09889736339142,1.9346032320880018,0.12162620055776349,0.03787329656302301,4.781709303449254,INDUSTRIAL
P0000476,VA002,192.20463541435763,39.15298083568691,-78.26236327467436,mixed_ag,66.83573485407224,7.931541538862538,0.0645497041287023,0.2538654518948194,4.40218419011919,RURAL
P0000477,VA002,100.51126674403702,39.18181989297373,-78.23939606208836,timber,77.96583414018397,1.387690826681388,0.21733828921516127,0.274689568072321,3.9625990452893713,RURAL
P0000478,VA002,36.053718890007154,39.23238308701467,-78.34756933477797,cropland,68.57532639917858,3.179517949645102,0.08668348091199334,0.2788191473457721,4.495542876078463,AG
P0000479,VA002,81.58945110306547,39.227463386704166,-78.26447560504812,mixed_ag,57.10710881012193,5.186863329900452,0.17699238520602587,0.12367578154478093,4.609691017376625,INDUSTRIAL
P0000480,VA002,27.59204979539875,39.19407901381072,-78.11753111490837,pasture,61.80741784361494,5.3316770314757465,0.24140900789651532,0.050308410174860006,4.464942660535663,AG
P0000481,VA002,174.42337788513052,39.08932842220257,-78.18614977861442,pasture,82.38644666141276,3.0233025600454027,0.14674285989749,0.15053266779002783,4.32934623164603,RURAL
P0000482,VA002,196.1751865341197,39.173375097058944,-78.16955707205335,cropland,80.35114666172433,5.6876383984113215,0.06579103453896563,0.12683310477096893,5.0206055108638425,AG
P0000483,VA002,140.93972387558293,39.1335129496449,-78.28049715462649,timber,77.75920384353692,7.082706825509657,0.3290043574820042,0.20300520580293757,5.088520253484288,AG
P0000484,VA002,44.33283215445961,39.40468077489711,-78.15663431105199,pasture,49.55562391463886,6.0175355015003635,0.20102411530904502,0.11202616321657108,4.511736046433876,AG
P0000485,VA002,189.036690059278,39.12486420291267,-78.3800264369318,timber,73.41549195529113,5.6159402332637045,0.15549545091973108,0.14735381648696427,4.520782598438752,AG
P0000486,VA002,138.8203786648192,39.31769719860629,-78.25472167135992,timber,63.235165118202765,3.1356895381335375,0.006601909070329336,0.15807937544548242,5.303042774101437,AG
P0000487,VA002,219.51602025713507,39.207215057939045,-78.24222810857327,timber,43.27748718046014,1.485392532179303,0.10409611480098023,0.019065113940893608,4.924334557671578,AG
P0000488,VA002,27.06232393157182,39.204028578444905,-78.25358728106076,mixed_ag,56.91539737581359,1.8507620140781196,0.09950053567392701,0.33590096963379185,4.855990575301375,RURAL
P0000489,VA002,138.77755653849988,39.21373342898371,-78.32079939022337,timber,95.42968756136888,9.422859313970466,0.2527456461223936,0.2746045426300448,4.63369143741914,AG
P0000490,VA002,140.13899208822636,39.22831802823254,-78.29374908876599,timber,85.36666325456,1.639382797902928,0.2783157235233109,0.18536320877450882,4.286581681332455,RURAL
P0000491,VA002,122.86016435375868,39.10701239082693,-78.33479739247255,pasture,71.82589785369817,0.496103352749381,0.023772175697289587,0.4059849579735521,4.2538600462668406,INDUSTRIAL
P0000492,VA002,110.21018077607269,39.32652911569331,-78.20323411257796,cropland,75.57550996115003,0.3101951920593266,0.0636435765132113,0.0587193948545082,4.500476864188404,AG
P0000493,VA002,222.98051713184512,39.14809741092773,-78.26914027306726,mixed_ag,48.458589840989646,3.1484499298804316,0.4629797940181115,0.09382842725019784,4.620005942600639,INDUSTRIAL
P0000494,VA002,261.4958310266915,39.33460609482794,-78.28197080613917,mixed_ag,48.476468293327905,7.16633753479517,0.02376716123785034,0.19093045586676033,4.678865035021221,AG
P0000495,VA002,197.08015875774228,39.22877406199113,-78.33711845378218,mixed_ag,90.97484891488091,2.552200339639498,0.1970144533924187,0.05143219757760481,4.6105243614397535,AG
P0000496,VA002,48.939404105865655,39.21762299216596,-78.37614280006909,cropland,74.53303986401016,6.789326338657347,0.13793850218108267,0.1286368846140455,4.628323831638257,RURAL
P0000497,VA002,279.4243047135645,39.19184358470285,-78.28300461707248,pasture,74.7109242341401,3.1992253841466027,0.12720043131517622,0.0748836708271328,4.403274843711458,AG
P0000498,VA002,187.08949890812326,39.108975009977065,-78.29299758828094,mixed_ag,58.278187885166844,7.372477109499021,0.20328982365514187,0.011240089524679087,4.389250271776129,AG
P0000499,VA002,102.05157025994026,39.26098281233876,-78.31096253033546,mixed_ag,44.819071049634644,2.5804291605455894,0.09833167661306877,0.23209018823001515,5.401325215371013,AG
P0000500,VA002,94.12055628683935,39.299312791477504,-78.19296972129786,mixed_ag,55.06478316980156,5.281372990730895,0.1613297993784862,0.09278107988185795,5.121396412859503,AG
P0000501,VA002,181.75272719679305,39.24691836246602,-78.26239021886511,timber,45.47603973334111,2.120171114278736,0.31230095336014607,0.002102564066115619,4.902329305044353,AG
P0000502,VA002,125.0759543101846,39.32516838488929,-78.29779516301666,pasture,86.27105831187146,4.315440279672493,0.06340402532085745,0.0933770228360404,4.935841121925675,RURAL
P0000503,VA002,39.060484209825965,39.035757626501066,-78.43587181523203,timber,47.72743532939833,5.212170390787659,0.11921546072380687,0.036711925994017666,4.12289732024516,RURAL
P0000504,VA002,37.07361877721594,39.355688507511005,-78.16191437918515,timber,67.49142291890315,10.399835317622033,0.3021233761746042,0.17834310097649989,5.182440638069362,RURAL
P0000505,VA002,98.49041523613887,39.238793307645466,-78.21454010022514,timber,93.25280945516066,5.682837279483258,0.3659064707746943,0.055500949924988004,4.503025742536511,MIXED
P0000506,VA002,212.42554578089377,39.09012039131101,-78.24278321325474,cropland,38.26588883889137,6.791291170436965,0.0779497872822876,0.006986279529114939,4.784035319704197,AG
P0000507,VA002,55.164024643563245,39.14617817295792,-78.18297776078448,mixed_ag,81.54173370991359,3.6912967550856077,0.12384239074621192,0.009547155912622195,4.1982555701473645,AG
P0000508,VA002,86.84477321950934,39.08552448777954,-78.1104028821277,timber,59.272982534342326,1.454812085007645,0.09867896423609353,0.030544956566554475,4.792423091343767,AG
P0000509,VA002,55.28487542002582,39.229874609471715,-78.39815967909864,pasture,53.022894008450486,2.752802705178623,0.09612100124575614,0.32276202415628247,4.397679091044105,AG
P0000510,VA002,205.92814569884956,39.07992741917027,-78.19207053152063,cropland,84.0398797705675,7.749991606747587,0.06502247528579705,0.006442480526337363,4.949756294895772,AG
P0000511,VA002,82.50286509370746,39.01630521928567,-78.18515890417713,mixed_ag,45.83271730951029,6.055601843308027,0.09780653130097837,0.016377285107409507,4.709223248427614,RURAL
P0000512,VA002,201.39071235598632,39.20356189197717,-78.31147374443233,timber,54.64614232414431,7.744131937175942,0.02892288305641462,0.004177693057905533,3.717489605291244,AG
P0000513,VA002,278.4699209479387,39.362826196980016,-78.35028272643612,pasture,31.58101406274948,3.088096986403472,0.21480797251870093,0.2665960874523948,4.388087076682372,AG
P0000514,VA002,104.83810121722279,39.07518179075451,-78.28401719287088,timber,63.75723309998679,0.896758940963912,0.27600912986674303,0.02917323754149146,4.190999975050099,RURAL
P0000515,VA002,412.31338482877527,39.209622589428456,-78.24245935145989,pasture,56.04497362218428,5.8395226840975765,0.005011990157168863,0.053411295884803096,4.85784810722299,AG
P0000516,VA002,85.73184964786776,39.346279547357724,-78.26247875371664,pasture,40.37302499673368,0.840039551374195,0.20477170851626253,0.06991237228539209,4.239782854855124,AG
P0000517,VA002,196.17090110408697,39.351928979936176,-78.28315869211639,cropland,66.07431542766025,2.451515805262382,0.09894264358689348,0.17643162698907733,4.738408642153795,AG
P0000518,VA002,124.57318515674345,39.44443257214748,-78.12040202308916,pasture,76.46429288555021,12.842346443067676,0.35123476373114876,0.24139529052109032,4.5347718983564995,AG
P0000519,VA002,1578.827015049104,39.24563207085259,-78.33671964381622,mixed_ag,60.12119129621591,1.8091294867867547,0.10585583900054267,0.05641724620677024,4.749973767647633,INDUSTRIAL
P0000520,VA002,72.86880363591045,39.29550819603504,-78.17272708498436,mixed_ag,39.97346011657186,1.8710162247030637,0.0006370741157965274,0.06059759703170787,4.361005553937067,AG
P0000521,VA002,97.92855225109334,39.17538956843438,-78.0757868100139,mixed_ag,70.16225324287788,2.568343795922337,0.025302696739779983,0.22236244663162538,4.507503017053257,AG
P0000522,VA002,85.82668237807698,39.198948302780025,-78.11767716036077,timber,53.59862216274797,4.700896441481196,0.273443736093443,0.05748917675245737,4.493882326317086,AG
P0000523,VA002,62.34569727666406,39.07164780066305,-78.58272866845608,pasture,52.67680340759847,5.586767567544232,0.10395481451957862,0.03680215933366053,4.632372343962212,AG
P0000524,VA002,85.1115369735309,39.26739553630869,-78.36532535834826,timber,59.211738524577875,3.8418917928022984,0.008537467447823646,0.09749602841502593,4.269776270587235,RURAL
P0000525,VA002,144.5073739313439,39.21328075111559,-78.28121346301175,cropland,71.34032436963278,5.878583380908106,0.17548126247062623,0.024147382694054084,5.181337068921291,AG
P0000526,VA002,62.1491668208141,39.16628434056108,-78.14992376938933,mixed_ag,49.129393979310635,3.733182433954024,0.07748095583870536,0.16056531402150748,4.441221083814051,AG
P0000527,VA002,389.6075822570069,39.126370428699396,-78.35218216362186,cropland,55.65449157623431,3.358557399212394,0.12751271959405036,0.005337571547186335,5.357799908167985,MIXED
P0000528,VA002,53.3817511959081,39.09788028976579,-78.23752413199621,cropland,60.36026596918233,13.118462370762579,0.0725775888799989,0.062437138838021516,5.020709549389665,AG
P0000529,VA002,576.8641132329468,39.06137411756465,-78.13433693183241,cropland,57.44448354329278,2.980171368047302,0.1665853352439401,0.02342744944237113,4.7513662169139455,AG
P0000530,VA002,527.5535228268224,38.982654698628004,-78.21626590337858,timber,77.2350551355795,6.93319454335408,0.12555665920035003,0.18025026906293445,4.544281317894066,MIXED
P0000531,VA002,1356.430627812952,39.32568708241504,-78.31973257858897,cropland,75.09993749086226,1.8371977826387733,0.21505190473454233,0.09310288549690247,5.423257726707309,AG
P0000532,VA002,26.196320282244848,39.19780872205027,-78.3766458928246,timber,63.89409681568,3.5662095639523876,0.13227435895732698,0.02590431192567428,4.127513351098328,MIXED
P0000533,VA002,31.634212118328957,39.34491933783329,-78.24722836156045,cropland,49.47851089174121,7.152585869988611,0.1281567323208851,0.018915575255474437,4.278003551740998,MIXED
P0000534,VA002,110.17707326594338,39.109395480525905,-78.2246692329287,timber,55.56321208781902,4.303693387041615,0.18008196375683141,0.033897423989803006,4.664964727691843,MIXED
P0000535,VA002,78.17752478348187,39.26728132621887,-78.50287357694472,mixed_ag,36.88976337604491,1.064565636270431,0.3706370753561244,0.04236798208891339,4.904254841089097,AG
P0000536,VA002,126.94454144392371,39.11579027764859,-78.30416358289156,timber,48.240382060848994,4.719518153371088,0.07513687338295702,0.09967636978171772,4.745333972896567,AG
P0000537,VA002,133.8723944339914,39.101017986322645,-78.30687716067786,pasture,46.29809135135176,5.546050911288472,0.04127086373701038,0.0012343958219845606,4.361370983019501,INDUSTRIAL
P0000538,VA002,209.28233859047697,39.18475198690139,-78.28924462837705,timber,78.16183733230461,5.584962865610698,0.1054677348382761,0.1282690283771846,4.851524782358739,AG
P0000539,VA002,71.31950472897955,39.24225588055484,-78.26990079364681,pasture,100.0,0.9118354801023132,0.026091893814819887,0.022030610291872036,4.909419722829105,AG
P0000540,VA002,195.97732678956768,39.07078108681999,-78.44388315021543,cropland,41.472382429436074,11.23882293557972,0.05619196170072322,0.3311722961270183,4.848608203188302,AG
P0000541,VA002,64.54682726416317,39.171117278255664,-78.28589224335418,timber,47.47517127712098,14.66356963114928,0.20084220570555644,0.033569760943968345,4.325955636638568,MIXED
P0000542,VA002,89.36821613011567,39.30298388786963,-78.24171238263895,timber,43.504328450469814,1.4597248211267861,0.1889945553542218,0.030399441031891794,5.037625938580949,RURAL
P0000543,VA002,198.54374903277494,39.16143409294928,-78.20342091154704,timber,89.45414076092544,5.612413389613301,0.23166737498474468,0.08576540108060819,4.828779860954974,AG
P0000544,VA002,136.1820362304338,39.31712170301658,-78.33040169285661,timber,45.449500851259764,3.034732925306444,0.26742192779533663,0.08009483419685905,4.264564313755506,AG
P0000545,VA002,49.94939673322653,39.27660172528625,-78.26462806123969,pasture,66.64248688341421,0.751097976641516,0.0768289914489148,0.0028777692468446303,4.596389869251946,AG
P0000546,VA002,96.9037829987168,39.18573325117193,-78.26646270225089,mixed_ag,69.67437133511898,1.600986411634919,0.28547899384918873,0.10222414099984237,4.4706468506093495,RURAL
P0000547,VA002,193.80065370795865,39.18059684116254,-78.16830625056832,timber,57.43660372814517,4.840417711170995,0.21781598052718057,0.041661748423263534,4.825254882801594,RURAL
P0000548,VA002,162.4765410975835,39.1271787955412,-78.32595686027358,timber,55.50658032108613,2.6125326616124744,0.32162336932891533,0.06965816550645298,4.4544949499802895,INDUSTRIAL
P0000549,VA002,71.93976729594497,39.189603813850944,-78.30470381087835,timber,66.84849845227319,3.6053771760985036,0.14393811816688595,0.017354340271052107,3.911587712192683,AG
P0000550,VA002,84.00340796155332,39.299284858261316,-78.19592372318334,timber,88.12115057126152,3.0880005220658657,0.03523324104940815,0.10170037314584997,4.619617131203434,AG
P0000551,VA002,73.00329522785518,39.13307936925098,-78.21575705601566,timber,58.89029124043579,3.9051524492867706,0.16335819757065753,0.14031371144477475,4.855930640658085,RURAL
P0000552,VA002,251.0667234768659,39.36069781961072,-78.28016931665663,timber,74.9557811552813,7.227718898980491,0.24991567829256922,0.013605761867676402,4.6190796152083795,AG
P0000553,VA002,111.55231912067711,39.297202019073254,-78.53551543128751,timber,83.03734668728843,13.585497448211035,0.34803209380892985,0.0958036352323098,4.784931983202835,AG
P0000554,VA002,91.58588401943878,39.14703162431627,-78.21269436538003,cropland,48.04229005242226,1.2393216633711621,0.01673795329687564,0.08649079843699496,4.437482513371777,AG
P0000555,VA002,93.17938319814286,39.3276778308607,-78.26713540603102,timber,60.87988003631094,2.697553079273271,0.12265445365800741,0.30734243353009744,5.614580214745832,RURAL
P0000556,VA002,79.17471647303596,39.246151213443135,-78.19044130925563,mixed_ag,85.54438803551908,3.649330059047897,0.17152649746167356,0.12077980662129273,4.802682866228058,AG
P0000557,VA002,191.0920533554204,39.44473344887834,-78.32202396276568,cropland,58.428192931810244,8.080442817613186,0.25435490369730845,0.07379986202222809,4.527595124416963,RURAL
P0000558,VA002,93.33436824791181,39.03538550220517,-78.17900516674673,cropland,61.7352941714645,6.627711134985446,0.011839943884286367,0.3801389269511178,4.412019858133529,RURAL
P0000559,VA002,106.54926388189652,39.326755797593165,-78.38952526178127,pasture,52.43177608195007,4.453849311527874,0.22242178746407681,0.035777038970260286,4.994252903801506,AG
P0000560,VA002,140.88211824746682,39.0155627517615,-78.17302949186777,mixed_ag,52.95198014586144,4.156342395839817,0.08432027403542268,0.020189505790539682,5.307768269923949,AG
P0000561,VA002,260.21327052882174,38.89540802369431,-78.28270024154904,pasture,78.86765402471127,1.339649859583103,0.0074414340075782725,0.12183101341391725,4.817872418133968,AG
P0000562,VA002,30.41829148446202,39.191507168333295,-78.28432432796113,timber,55.257387646455065,13.696814681563305,0.11748373757539309,0.21115789632841542,4.573379439144494,MIXED
P0000563,VA002,185.36912840662032,39.20570169021835,-78.20501350655458,cropland,64.83883144386958,1.1641399901411948,0.01795992355639313,0.010410019384328681,4.6411821116468905,AG
P0000564,VA002,166.9920461300629,39.263962681487975,-78.26439108508858,timber,48.90396009406528,2.9015945192404757,0.06028254002607406,0.020084958417742122,4.478517386259685,AG
P0000565,VA002,85.64765438682856,39.18456803999438,-78.30623179624722,timber,55.218464423103384,3.0515382589208273,0.2120114562210431,0.10785044174464883,4.534229740657448,AG
P0000566,VA002,118.50649663154698,39.23857019980186,-78.29475200012467,mixed_ag,73.4529831604612,5.987749360052841,0.023321077975644984,0.09282469867573365,4.82300334535867,AG
P0000567,VA002,27.237704542112024,39.33140810621866,-78.22209773324575,mixed_ag,53.1835543976259,4.958380104770174,0.1620570328970334,0.0010138885510477976,4.6821066638806546,AG
P0000568,VA002,101.62217987179014,39.2510339890833,-78.41949808516391,timber,86.52339611675373,1.620896313744979,0.16302745384735676,0.14429484456089928,5.134608321092828,AG
P0000569,VA002,44.44386660102967,39.2287248975659,-78.15558249749121,cropland,63.54476513679131,1.02227274960589,0.3045882537546982,0.031879257025285754,4.258116582734706,AG
P0000570,VA002,146.09879488793462,39.153108095851735,-78.07936876203132,pasture,94.8603469159406,1.8093867080146706,0.2615833061517852,0.1334538532571262,4.508855900249656,INDUSTRIAL
P0000571,VA002,143.14055042088705,39.221793657666375,-78.26777135724667,timber,62.016611946724005,1.0136905684171678,0.0870281581432838,0.083839309020938,4.442046515173317,AG
P0000572,VA002,262.3646475785224,39.28324892582045,-78.16102489123483,timber,91.00284557663166,6.576630848969742,0.06213469118391351,0.14771038135715167,4.782951936830644,RURAL
P0000573,VA002,92.99122809164278,39.30741349386753,-78.13722221430965,cropland,62.47655430911712,0.3734166426338725,0.08095759390513196,0.015104538492733554,4.600116068839723,AG
P0000574,VA002,238.22600822273668,39.283184820491535,-78.23291334854984,cropland,85.59632198909232,5.694464683781017,0.10143055134813873,0.05614774850395375,4.661696962504864,AG
P0000575,VA002,56.03395561878872,39.29361234839991,-78.41042706158336,pasture,77.4372994306868,4.381996631848607,0.01556322560575315,0.054295449268142164,4.352603068732745,MIXED
P0000576,VA002,236.4078432131879,39.0871043073642,-78.2829947631935,mixed_ag,71.26938657564146,4.138655802345317,0.3105488396802712,0.03234637382702516,4.792843800080984,AG
P0000577,VA002,68.4838274790426,39.041757625656516,-78.36825529960716,pasture,50.38509595074633,4.47632497651784,0.19710360977834748,0.012270429242442257,4.782039281347978,MIXED
P0000578,VA002,103.9881729072041,39.085620996718,-78.26428023894333,timber,65.29951874804028,2.020476856157012,0.053821439764254124,0.0013112254394818976,4.841171867655349,INDUSTRIAL
P0000579,VA002,57.200715241504916,39.21901719072596,-78.02743007699736,cropland,67.04328948808778,5.435481375316151,0.3234407199846276,0.004623791547925467,4.402373736825836,AG
P0000580,VA002,337.89021619980826,39.19669161989723,-78.43887338533628,timber,45.83692973962805,3.7557658978222523,0.08185809870637917,0.06691710859841946,4.240794807466484,RURAL
P0000581,VA002,33.043989027161665,39.23315628438278,-78.45373037695647,pasture,44.7312238385547,3.053225523552304,0.44605106537459893,0.022197423647755583,5.3872594443947985,RURAL
P0000582,VA002,56.25999684042605,39.16702948178549,-78.34338469900399,cropland,40.41830515152121,1.1642853213778475,0.14551402374877956,0.10818270237086539,4.75282315219027,AG
P0000583,VA002,114.2640152082661,39.21566270158728,-78.23838804408217,cropland,77.48112782437597,4.828246008612934,0.15280193582667603,0.12065378367870352,4.866095347932198,AG
P0000584,VA002,140.98594123405474,39.307119009576674,-78.13603148033653,pasture,63.28081461499516,7.7721079496469425,0.12693117816528462,0.02632045817257096,4.479721353251935,AG
P0000585,VA002,114.75174071890257,39.158996904237284,-78.34051944576387,pasture,33.43391446599946,3.5373650689003484,0.20883992275837976,0.26276616399724695,4.910117973431241,AG
P0000586,VA002,113.1267126669423,39.20278795474737,-78.30177830599207,pasture,58.80902810828677,5.793376824577241,0.22973124851140836,0.02008576837279811,3.755235685022175,AG
P0000587,VA002,65.75398321798887,39.17906269562519,-78.09910934945057,mixed_ag,62.54995096697205,1.3268916257484584,0.10440294523351933,0.0734697672028842,5.290781312964,AG
P0000588,VA002,59.17444217602582,39.19862768659112,-78.29597998000158,pasture,65.4033809258778,1.2796416602601,0.15746427763400556,0.22980982507303793,5.0224755106601675,AG
P0000589,VA002,210.32958439181192,39.15744537583082,-78.28343537597455,cropland,64.22992996194806,4.266007820210232,0.036968720767193375,0.25595864321891487,4.54236199214413,AG
P0000590,VA002,219.01001653257265,39.128745008603474,-78.40321022782176,cropland,64.16196305182334,1.047079263907433,0.09127279052934055,0.1602330602812126,4.995841049732195,RURAL
P0000591,VA002,335.9035711690526,39.382048487018686,-78.33707191368545,cropland,61.423572080408015,8.528704975069285,0.0652441117158329,0.08320019316090009,4.46337497887676,AG
P0000592,VA002,222.02965738667996,39.30337926857008,-78.28935385113758,pasture,73.7606061388299,3.0462224839551895,0.04874543949810272,0.013541713653366469,4.415161312614025,AG
P0000593,VA002,41.616524415387765,39.252040731597326,-78.27933990745966,mixed_ag,61.107301632768554,8.965125448915206,0.05666618628743148,0.13074195095225266,5.006817798733904,AG
P0000594,VA002,49.32287737574803,39.334191101784434,-78.29899352541976,pasture,62.4600845484729,7.465944704249164,0.10164287658343572,0.03688832360226793,4.896506522574326,RURAL
P0000595,VA002,396.06624347762437,39.06340100148453,-78.281270859639,cropland,50.36866219433992,2.784754086460408,0.26758256355357934,0.04839579077069337,4.567911441733713,INDUSTRIAL
P0000596,VA002,87.79756552956509,39.30647297751471,-78.10091587526358,pasture,52.97910861141267,1.9730272880270991,0.03505031963995148,0.23431909194680825,4.120324277230965,RURAL
P0000597,VA002,618.7638032956409,39.26700209482869,-78.2357465162889,cropland,78.66876201475769,1.1413427896493917,0.04444601977451463,0.03676939336347812,4.876344688968919,MIXED
P0000598,VA002,103.4848582119239,39.25930278747595,-78.33326388678465,cropland,57.39151882723162,5.8324375903705175,0.2330734294782817,0.07023570046667577,5.0583893253333425,AG
P0000599,VA002,259.7095587359862,39.23386747188097,-78.31676672712321,cropland,75.9413950089826,9.32709398871171,0.05796421886632499,0.029305010783998203,4.243620632739631,AG
P0000600,VA002,130.71995720242236,39.265779743914734,-78.14393277665843,pasture,65.01160563852112,8.404503533185563,0.017080906976884285,0.020484212083785914,3.9961287340093414,MIXED
P0000601,VA002,66.28124979923174,39.28027418774366,-78.2836947442973,timber,75.75099511558132,8.078380111805313,0.06489442083567726,0.04314163964867992,5.067714150917344,RURAL
P0000602,VA002,82.07503637815346,39.30773262322197,-78.21663352977217,pasture,69.6515433274203,6.848443297546338,0.11102236098095164,0.22772159603416925,4.136972069983886,MIXED
P0000603,VA002,79.96679872883655,39.30044404601379,-78.23554491425574,mixed_ag,63.238281870914946,2.106178980256834,0.27262048120861065,0.05197641214225474,4.53508200843351,AG
P0000604,VA002,82.53478175500173,39.171215680462815,-78.28053668553856,pasture,37.48926594343341,6.00447237741927,0.058666812924700946,0.06907599580072712,4.408832642098473,MIXED
P0000605,VA002,174.4943280557966,39.12213685663534,-78.42014388940542,mixed_ag,66.04783235168227,5.204507548275776,0.18316450300526693,0.01690998989896376,4.095267450941543,MIXED
P0000606,VA002,56.64808972741205,39.31578876630611,-78.30391766804266,pasture,33.13761998721746,4.6170348165771005,0.34753121821393795,0.0494071649454755,4.561160926534421,MIXED
P0000607,VA002,102.12233519133899,39.10367958000142,-78.16018146013985,timber,49.38219243044388,1.230107710072956,0.15594371928330952,0.031229192769763173,4.057526306309619,AG
P0000608,VA002,255.83660615205577,39.13207254333301,-78.18174961785485,cropland,56.609125105352206,3.6377297434239035,0.026999413160153887,0.08918602734424731,5.046639214331245,AG
P0000609,VA002,106.69008988276143,39.215007236183645,-78.20510946344702,cropland,56.65378778931347,11.342026943369847,0.28491631775611925,0.0757008549649434,4.801765948940806,RURAL
P0000610,VA002,66.13441055814808,39.23368523441741,-78.27853037153382,pasture,74.02582058908452,8.777615056682997,0.16132151503963688,0.161270702492402,4.511492535692366,AG
P0000611,VA002,327.7637342622022,39.17151015862143,-78.2126102939997,timber,46.32026736424791,1.8405921541296653,0.1709039999490863,0.11605012605691155,4.546633662730445,AG
P0000612,VA002,264.541522228341,39.25134275002946,-78.40897983780778,pasture,100.0,4.220153105325905,0.0358187280468388,0.13350538867697662,4.700468730240457,AG
P0000613,VA002,152.41758487079827,39.14114882582638,-78.25679261610796,pasture,30.185469000945993,7.466958603529349,0.06904708253999152,0.2823936946663342,4.150076553253234,AG
P0000614,VA002,19.170875527561577,39.14507471427242,-78.26090696494323,pasture,58.22366115390768,13.368981732685528,0.10954348731002006,0.061511091399921065,4.937099340611268,AG
P0000615,VA002,90.73910135690737,39.40232646804895,-78.26254138439005,mixed_ag,56.90690534935612,6.813538638903081,0.10741540891396704,0.026431060960931015,4.947818486769697,AG
P0000616,VA002,130.95050674683492,39.27873155893169,-78.07920619100081,mixed_ag,50.61198649735888,1.66917397321058,0.4765376226504368,0.1265427277977956,4.9549311936484175,AG
P0000617,VA002,186.29647327142374,39.219606568302666,-78.21076318363892,pasture,51.078880577963275,5.490426596741562,0.3549249681019653,0.053134268099782,4.2045979879897315,AG
P0000618,VA002,11.563869625041256,39.19052181770451,-78.03117696248572,cropland,50.32652881815543,4.66944490435472,0.03365457557158632,0.11490715751207992,4.217165622658427,RURAL
P0000619,VA002,38.9883343925759,39.26862478011282,-78.29699078480883,timber,64.05366570974586,1.296056109573211,0.05506352202445007,0.08563589837302465,4.134629712254296,MIXED
P0000620,VA002,83.33499734647822,39.238645122328414,-78.17120111544484,cropland,70.23079588234211,6.601723786264091,0.3093981876169446,0.041264114071181135,4.177365405892971,AG
P0000621,VA002,351.0194040227568,39.04072574537109,-78.16096750047835,cropland,58.995700547277295,13.376989794957604,0.2485860159416123,0.12817178921946543,4.275075473211734,RURAL
P0000622,VA002,279.511598228784,39.20636515020008,-78.31875671964265,timber,56.551593845819056,2.8169194131515796,0.1364151043396832,0.10737370991365404,5.342151640510748,INDUSTRIAL
P0000623,VA002,60.440297996291775,39.097759672300796,-78.15749460600277,timber,68.5951136539445,14.506252291493693,0.2552357057797468,0.060200694427890694,4.450632487185012,AG
P0000624,VA002,100.73491745097273,39.15290257627585,-78.18419889013882,timber,54.38543853351055,2.855009104314382,0.3826196172346566,0.008614997158244429,4.964493152704425,AG
P0000625,VA002,113.53227606655386,39.177647043620375,-78.39322263451334,pasture,66.77801362169508,6.6418880993948815,0.16472468279435099,0.27542828821767845,3.592752447030864,AG
P0000626,VA002,29.51432622991656,39.15120326521007,-78.39450246617542,timber,77.58190547551743,0.5873679147186162,0.07227866196500156,0.039633112512942645,4.506525311565919,AG
P0000627,VA002,80.15844972689464,39.03267878436783,-78.330962171539,timber,59.28283269408237,3.8422224813015293,0.33416287299523106,0.07985668251405632,4.910817827534644,RURAL
P0000628,VA002,120.0080130542532,39.27457335516559,-78.34564660488127,cropland,66.09325219566983,3.6561342002252086,0.056125936311719166,0.20516157642336033,4.289293257360026,MIXED
P0000629,VA002,207.98794914755064,39.23117236484498,-78.2960702625136,cropland,91.63068941154971,6.556796085712337,0.08702601911691747,0.2317843619899642,3.988473931936333,AG
P0000630,VA002,81.90822148050697,39.25287481922017,-78.06494029645137,cropland,99.11277545477601,3.4587817372113716,0.02610668234721164,0.001981894726256043,5.010969770975453,AG
P0000631,VA002,74.19302964945615,39.36321138587974,-78.25867050356749,pasture,66.48471833904097,4.394410071527649,0.06939599859865611,0.21926203876473763,5.279924667249111,AG
P0000632,VA002,20.507593393371867,39.306716550848535,-78.1131496886382,cropland,80.57522006373992,9.372002947433824,0.00564963865568116,0.10922211879622054,5.243351980168124,AG
P0000633,VA002,119.7619945279234,39.23185236050929,-78.3612858057037,cropland,91.394737574213,0.9233942194605161,0.12319742293789479,0.0629341845753564,4.6947849549083545,AG
P0000634,VA002,141.2015435765699,39.11558187905138,-78.30955606398557,timber,52.363340676039435,5.262744568476409,0.294380402085335,0.07330171064359745,5.01013303825026,AG
P0000635,VA002,122.41506606872657,39.116456402251096,-78.07067869222408,timber,58.150115279114154,10.65842745996284,0.39037168769956265,0.19430807768506045,4.606071106311743,RURAL
P0000636,VA002,109.672797567595,39.20394647610997,-78.36908901931153,mixed_ag,79.36713883247873,4.983708281760069,0.10900776090022041,0.12493634729332419,4.993443569733939,AG
P0000637,VA002,454.1855200174129,39.21676143975793,-78.18686908244975,timber,71.44822359742224,1.5705951805224059,0.605168754236645,0.02568045171139015,4.72093781874851,AG
P0000638,VA002,95.0496731823963,39.35794818668441,-78.23254224623354,timber,100.0,4.78586440163713,0.21867051337432064,0.010136627086004957,4.345191601813078,MIXED
P0000639,VA002,85.16221409518671,39.16264400861656,-78.30051442729462,timber,41.395428561469416,2.6571081355158794,0.0925453295203816,0.20513744180500085,4.8049525694205135,AG
P0000640,VA002,191.48434250824323,39.19158245286239,-78.18451377601578,timber,78.20240576101313,4.064196652098573,0.052331881021738844,0.009876915366485708,4.7518664535708615,AG
P0000641,VA002,69.7506360063215,39.20902054324489,-78.22397196704209,cropland,61.36081430278929,5.865697940856406,0.02027968790338647,0.0885981181084104,5.346306593994984,RURAL
P0000642,VA002,91.07645122617852,39.18801173654808,-78.22026374916067,cropland,57.037195887841364,2.1686129718491665,0.16570007707552045,0.17356351089064465,4.62298583809964,AG
P0000643,VA002,48.672856503789006,39.16113515000701,-78.04207974257437,timber,63.073811257530394,25.36675155910373,0.29488823332873404,0.1143762132774405,4.401515359449023,AG
P0000644,VA002,222.0511915784408,39.05537787911038,-78.33804143416744,cropland,74.45230129142477,10.642853802195425,0.09046999108577294,0.0524520910594553,4.329744668881883,MIXED
P0000645,VA002,12.406221322770937,39.14333218263383,-78.37833094994073,timber,58.38600856185655,2.6063214232718304,0.07401076669878745,0.07472764645917053,4.707310178425037,AG
P0000646,VA002,212.18272298421383,39.28010476398247,-78.16573108617213,timber,74.55623150433493,15.94562892677348,0.025909012287847782,0.028975333919808884,4.149444230531891,AG
P0000647,VA002,609.7979057366688,39.234937328692006,-78.21775866940814,timber,71.98677385577035,0.9412668821076685,0.15767570641565204,0.08187081775365128,4.650661466508594,AG
P0000648,VA002,42.77828366666122,39.209953341283374,-78.29269501950726,timber,32.64657669788824,6.781593701025059,0.15697153947459305,0.11989054659204532,3.9766013499208377,AG
P0000649,VA002,101.37333051550577,39.326066482035195,-78.31382293279069,cropland,68.38636014627129,9.131169019933843,0.3083336444225634,0.04017278657930341,4.402758319862866,AG
P0000650,VA002,354.34330098321027,39.373082812762206,-78.18381915101587,cropland,85.03074046550188,3.394283748693638,0.125566098624488,0.12991678741834412,5.265593931422725,AG
P0000651,VA002,48.8503081458364,39.14161784531369,-78.132427930803,timber,61.34256124217642,2.0963054630352214,0.19216839484093634,0.14622318538717669,4.931656348595089,RURAL
P0000652,VA002,174.75502917626747,39.14033977512149,-78.24557122411002,timber,63.052580287307094,3.2105789438751264,0.012201411952551375,0.10992395103150138,4.6287645232237145,AG
P0000653,VA002,206.58123953368377,39.04307281010544,-78.17420129674332,timber,61.77918697098705,0.7953636697061557,0.26165399859754085,0.07762142466712535,4.712215154514756,INDUSTRIAL
P0000654,VA002,92.84704898680002,39.25741941459816,-78.2843437595278,timber,93.55201412938334,1.789327886988341,0.03077092347908684,0.05787777946465507,4.083249570731204,AG
P0000655,VA002,50.765084974579764,39.195901949810555,-78.31330794696075,cropland,55.116897831665895,1.820428828967435,0.4765837350963597,0.11830345294611665,4.776192819535759,AG
P0000656,VA002,168.1972204299602,39.066250602535895,-78.35744685769215,timber,52.930828155020336,8.175550890886885,0.17851753678658996,0.08915689223110725,4.274419475046897,MIXED
P0000657,VA002,55.43992851821164,39.311542252642255,-78.2746522386589,pasture,71.93263434125316,3.925028979153627,0.04296634295079882,0.14676209513367627,4.94997531496154,INDUSTRIAL
P0000658,VA002,64.02942139050687,39.215712676591124,-78.10536369310965,cropland,52.30963076700796,11.308287412836073,0.21244977008687513,0.08605596450596528,4.455762664557238,AG
P0000659,VA002,116.10630518487899,39.32862295337201,-78.21243872349669,pasture,76.81503964421442,7.290829540999388,0.002394633394637766,0.20668080595921742,4.400880590718225,MIXED
P0000660,VA002,62.80494256396277,39.12427426554007,-78.36295824103098,timber,61.35626432562341,2.4554419942546075,0.2867749728669494,0.14712816872613238,4.712405155286027,INDUSTRIAL
P0000661,VA002,47.36475097335431,38.99909230290985,-78.37315069866484,cropland,58.05978067423144,12.366776744703547,0.1240011943468418,0.05196686880608718,4.221397305352644,AG
P0000662,VA002,66.26680796278357,39.24832507640598,-78.40071874171082,timber,70.1586134373519,8.287304490193469,0.22399598437352936,0.1645263009714182,5.156992034102783,AG
P0000663,VA002,127.00877080828589,39.252122590775286,-78.27298062559541,timber,70.66948363285283,4.042832860538415,0.1851618018864002,0.21108055203267018,4.620467798070404,AG
P0000664,VA002,184.82796873359072,39.245496427584946,-78.13467763830782,cropland,58.82240737627797,7.268525027599775,0.19167864491749698,0.04286916104945116,5.066590701123825,RURAL
P0000665,VA002,61.456187729130576,39.39198736764658,-78.25346107248298,timber,52.54618815879089,11.049246193761885,0.26058723394381267,0.12601257741047658,4.527769650084839,RURAL
P0000666,VA002,171.55458137367341,39.13873424495918,-78.39488186166275,timber,58.235731099648504,4.2264932738412275,0.3104669567461604,0.05366810608542073,4.674094565814434,INDUSTRIAL
P0000667,VA002,116.2911941216591,39.24870134504595,-78.36189192077451,pasture,60.74211021025618,4.858907292702645,0.09213447105385655,0.07650739787615206,4.823692825178681,AG
P0000668,VA002,66.2274637916004,39.3426345120805,-77.84807586029603,pasture,80.55415115376427,6.101055509114421,0.35281031974310595,0.17578817528331456,4.205999210580621,AG
P0000669,VA002,75.3521221133981,39.063172855277465,-78.31362100953004,mixed_ag,73.66513443300488,6.684721470168384,0.14260437902493195,0.08362505046131612,4.74273870672303,AG
P0000670,VA002,126.16175252999221,39.21183699439537,-78.27236951822827,mixed_ag,83.64632911396839,8.643286894430199,0.15120908451983717,0.06111175408753869,5.006999706160719,MIXED
P0000671,VA002,109.12319822507216,39.01965883034788,-78.1916297659341,cropland,71.3652666382703,14.059676255493061,0.27115548206465273,0.04824164095481926,4.380508740483901,AG
P0000672,VA002,146.17927621567745,39.207960922376,-78.24300427301374,cropland,63.9170669510494,1.6426284531062576,0.14921178535358326,0.06692035227356924,4.517910510297287,INDUSTRIAL
P0000673,VA002,466.62479129551986,39.34444983739483,-78.27686538841091,cropland,65.70078867176306,4.659340396030401,0.2488423520064478,0.1041026983567288,4.700448317580666,AG
P0000674,VA002,184.2737349483171,39.34854020726356,-78.19867878268964,timber,92.85691029414659,2.222882215871241,0.19807720331050693,0.05975748128040862,4.783479900005657,AG
P0000675,VA002,64.35447642178832,39.13743094390501,-78.20674158866834,mixed_ag,63.71615290083792,1.0106121781164494,0.16580761214250453,0.2818987243874056,4.458249595961048,MIXED
P0000676,VA002,57.28326262225042,39.20724417297063,-78.52000291473061,mixed_ag,63.64565036975037,1.1391888603938913,0.09373543821560176,0.09897914324981913,5.149587805764154,AG
P0000677,VA002,133.68446204264404,39.23873410344515,-78.44534169633678,mixed_ag,41.84378719330556,0.8144700789699979,0.03930745382793007,0.02774878389731832,4.181246135118551,AG
P0000678,VA002,273.2706251905013,39.30071776318087,-78.34292926829244,timber,50.16969904904272,2.3868826317478997,0.1524348803740436,0.07906955164976091,4.303892605097674,AG
P0000679,VA002,178.46285536415226,39.19018892036695,-78.25771901401767,timber,84.98121088891807,0.7918915157750124,0.1422353840581545,0.2981132219688375,4.003898733558396,AG
P0000680,VA002,83.54979152715279,39.071188961287625,-78.18552977662902,mixed_ag,64.58959264933283,3.255997693938739,0.16037064191506914,0.0976787322827213,4.832826210429725,AG
P0000681,VA002,814.0514198811994,39.164936562982355,-78.23085415048907,pasture,67.91137444254768,3.9521794285376206,0.2944152523144718,0.04626612032984104,4.174718619387438,AG
P0000682,VA002,82.21922315082311,39.23716072917307,-78.17905836178656,pasture,32.05046674251447,6.837969194721545,0.17399301022384497,0.011283905815198104,4.3131353940491,INDUSTRIAL
P0000683,VA002,244.11310986934103,39.16075902575094,-78.37407492664026,mixed_ag,69.0763077729971,2.211337617800236,0.0646464333262956,0.08016670433298916,4.671801348117946,INDUSTRIAL
P0000684,VA002,160.9944762242778,39.21969315767259,-78.17391026730165,pasture,61.97077052591729,8.465816263780821,0.13889333756384137,0.21595010783170385,4.061274931699333,MIXED
P0000685,VA002,94.2849252914006,39.207823096525885,-78.28302074180996,cropland,82.2738755948547,15.703436271260589,0.3329433917008559,0.3598066940242035,5.010790117760958,AG
P0000686,VA002,98.63027694238984,39.15350945040986,-78.25623106209389,timber,52.939587183078636,8.765815525949424,0.44417069367605716,0.061840723988004935,4.042688888807565,AG
P0000687,VA002,25.46128528368453,39.168931316484446,-78.23884040079552,timber,58.83395790669773,3.896669813507244,0.17819906705182903,0.05542974526171987,4.50372028666686,RURAL
P0000688,VA002,87.41762408266621,39.106606077692355,-78.19461026401565,pasture,56.4807777950337,2.6597358337375026,0.010827171964826129,0.22373286136634965,4.565999041748876,AG
P0000689,VA002,118.97262522675508,39.35807867311835,-78.26294846835408,mixed_ag,73.81513306944278,2.048426342342201,0.1518915772877251,0.04545337648987038,4.391262782575796,INDUSTRIAL
P0000690,VA002,319.4326298448444,39.16869672804762,-78.34233520670755,pasture,74.74578247108481,6.565928111376417,0.13494192603635682,0.241423401759603,4.863823286557248,AG
P0000691,VA002,31.56117090641201,39.29552761213923,-78.11118771831487,timber,66.50688906249343,3.0055960472833876,0.23446781549543166,0.056468268661869735,4.452363837876604,AG
P0000692,VA002,108.94144496532856,39.28744768129058,-78.35654225378006,mixed_ag,60.35318654302089,4.364117418215211,0.03650844725676886,0.13355355791413123,4.7031656017193555,RURAL
P0000693,VA002,16.380966136417317,39.09002135089463,-78.27577094597187,timber,38.154889664178185,3.996051138784437,0.12672899903821308,0.13699734240160913,4.788853372482837,AG
P0000694,VA002,80.77559754654025,39.29383585827469,-78.1879278695139,pasture,75.12977986989662,0.4109540255645416,0.22524663522623226,0.03961482268418292,4.229370409118978,AG
P0000695,VA002,104.83277450634104,39.25323100417074,-78.16427030045665,timber,37.43211272072795,1.255951662504958,0.3944164308633892,0.04211346832547824,5.016041028063279,AG
P0000696,VA002,59.514711684955216,39.31613501613987,-78.41771309051116,pasture,56.424874020722534,0.3636931271914828,0.1743338496990149,0.30636954338475575,4.161699116386116,AG
P0000697,VA002,100.75184318485778,39.27676566058121,-78.3020088335101,timber,40.943417671149504,4.880309826671339,0.0702605848509134,0.024413075549596673,4.594528759902842,RURAL
P0000698,VA002,44.88125913885193,39.22054987947656,-78.26004553213956,timber,47.19670288008932,4.198928858298468,0.515454805122355,0.0616669013645228,4.479418966455058,AG
P0000699,VA002,148.93225816669997,39.24399478599143,-78.24156496770206,cropland,72.94267638630053,3.3415246590456356,0.35282326398889163,0.06169511684915279,4.549069774682974,AG
P0000700,VA002,130.12565963752255,39.262119494417604,-78.2843914859911,mixed_ag,73.85557316083208,4.566719653916368,0.16849671101749888,0.0006762419065777037,4.341795983490323,RURAL
P0000701,VA002,83.39599043638745,39.01803097568116,-78.13599321133228,timber,54.020974761826054,1.4827567118790337,0.03915919939690425,0.019400205775308724,4.786364588920215,RURAL
P0000702,VA002,112.08874694403677,39.29254544309704,-78.42946285569491,timber,50.7382408189674,1.6089309661366897,0.053189413973374684,0.0021748946149673836,5.125201125524235,RURAL
P0000703,VA002,150.21849771958495,39.10151373081745,-78.21405597051356,pasture,84.57866800115103,5.6830092456474235,0.24274801504906018,0.08417422540553171,4.615252065440713,AG
P0000704,VA002,31.22563550525127,39.17561165408922,-78.13438827821689,pasture,62.42987700522504,2.0144405951486504,0.0181818492945504,0.037087580433038045,4.415017210258306,RURAL
P0000705,VA002,127.97265083558399,39.31044832162646,-78.25035338042092,cropland,63.15280392359563,0.43405788982975435,0.11987169805307778,0.23412639454253134,4.427593514948997,RURAL
P0000706,VA002,133.83686825789178,39.212978986264105,-78.20957373865788,timber,85.45829861531087,4.161038345199321,0.1250301723337081,0.03301480387579792,4.8878890875565935,AG
P0000707,VA002,62.32086565379942,39.19655572560056,-78.31807742905595,timber,93.3169736743313,3.0810872331472208,0.14186054374399068,0.14607962456691365,4.63465336794582,AG
P0000708,VA002,327.8427929959879,39.0200918464467,-78.13591791962709,pasture,68.1729880912328,2.5422959168167,0.31418487802398914,0.17072668588950465,4.345505790049623,MIXED
P0000709,VA002,91.56912666357438,39.38850487909105,-78.32880491904004,timber,82.9800829559505,4.125822106281373,0.011469494807400143,0.0645066839057275,5.161893515045208,RURAL
P0000710,VA002,427.5798154331584,39.08120219107418,-78.24473477923691,cropland,67.09208503775059,9.488037444516419,0.35185406028796073,0.1063818171395284,4.473006979778279,AG
P0000711,VA002,121.1524011468371,39.2685428930814,-78.20742903570363,cropland,70.50804382328734,14.003335754360542,0.22176567481172046,0.19701371411753707,4.535572741738439,AG
P0000712,VA002,317.1786015510774,39.13038537519361,-78.402676906031,mixed_ag,43.69409215169166,0.5277614455536043,0.17149484314162622,0.02583734806035214,4.4381397216879535,MIXED
P0000713,VA002,134.80817458370242,39.24237995544245,-78.2132517472711,pasture,67.75953899950746,4.9757389849604285,0.17740138055275906,0.047329072989832306,4.274970826327188,AG
P0000714,VA002,74.84810876712244,39.11086093432109,-78.17252805704598,timber,75.83106788811497,7.549968053780297,0.10542351167698956,0.03640624720684166,5.228010552834898,AG
P0000715,VA002,30.235319575054405,39.27516278895895,-78.34038335526468,timber,38.45305234818315,1.8861462090488135,0.08732383492632029,0.12453512534052656,4.5657607487873655,RURAL
P0000716,VA002,139.89694771962183,39.13451132089864,-78.28143508575246,cropland,54.441413233617,1.6482616498388079,0.04552285966728366,0.15765668267049626,4.632678051458427,AG
P0000717,VA002,137.34961319445057,39.220712161715795,-78.36914879283579,pasture,82.95703133790732,3.4734370625888906,0.17184516405414918,0.3347587629073237,4.402484053734052,AG
P0000718,VA002,376.0841531655553,39.062791340946646,-78.21466338224545,mixed_ag,75.28282889709234,1.1779320672198217,0.0598066147424688,0.02996947953221477,4.273384527031793,AG
P0000719,VA002,51.29721803782825,39.267254457124224,-78.26733415963551,cropland,59.558066243325015,2.098587052819757,0.4903493728795301,0.010047489756719536,5.024666894029916,AG
P0000720,VA002,214.55418009495477,39.233319700203296,-78.28091358798775,cropland,62.81695111455993,7.518069915605104,0.14551316082958193,0.012298192922306052,4.2251674164812725,AG
P0000721,VA002,594.3627306257098,39.136442191596046,-78.21367260004145,cropland,56.15720149601684,4.708659014259844,0.0975354379006537,0.0672988385365182,4.579160542784423,MIXED
P0000722,VA002,83.32877738011612,39.05664895260629,-78.28990788900983,cropland,90.7313164669885,6.114991692930114,0.01936973060278811,0.10891419040403653,5.161463742051135,INDUSTRIAL
P0000723,VA002,217.62882849072219,39.1764816005331,-78.27478279003668,timber,68.8340687757724,5.8246303946465225,0.20376032438899114,0.22253986151521102,4.776110157128193,AG
P0000724,VA002,163.5525149760681,39.29023629593269,-78.26553731419959,mixed_ag,90.17405227240056,3.278104781718541,0.049718073538646615,0.02098545378698138,4.992909364664099,AG
P0000725,VA002,129.79947595627155,39.246348240423025,-78.32915578936428,cropland,77.81827937499615,8.769143463564447,0.06347296367838924,0.09743825908490021,4.689901715017493,AG
P0000726,VA002,99.24023220439796,39.24468429782662,-78.1053288228694,pasture,73.26260300672165,7.692084611437623,0.19250125485506106,0.2464311837260188,4.895566146037316,RURAL
P0000727,VA002,53.08915977211319,39.18736737181845,-78.47732526882312,cropland,79.80215730152433,3.6171948996167806,0.06565977675996659,0.14720930828512696,4.696593772595249,RURAL
P0000728,VA002,55.36760786737707,39.2209296718441,-78.25325974720182,timber,53.08435790219233,3.8835704108982765,0.1555210328907935,0.072010362368752,4.0082856589233975,AG
P0000729,VA002,128.37852090788286,39.25894245817469,-78.1297475096908,cropland,54.04959668310408,6.419035811424704,0.0483936607240209,0.05404636603538608,4.507975464650536,AG
P0000730,VA002,210.26647165273815,39.18182337122106,-78.32677945446144,timber,70.3266120997377,4.407483050782149,0.2098273942394925,0.1453689586222949,4.257015576055382,INDUSTRIAL
P0000731,VA002,99.3899021338829,39.353456613608714,-78.24687483734618,cropland,88.1620700180997,3.3074938290148443,0.08808859095620775,0.02828614444708058,4.438342256502077,AG
P0000732,VA002,103.39178899096832,39.14593306152548,-78.16064416442823,timber,47.857032908144475,3.4183649627857973,0.09438831108069325,0.007682510314936258,4.313251262864889,AG
P0000733,VA002,111.12011235920532,39.10345645286796,-78.3912413012947,pasture,66.948966934925,2.1700710554504483,0.007783399044751839,0.09729373691939563,5.323716877279867,AG
P0000734,VA002,837.5710700233113,39.13568176284647,-78.3883079240069,pasture,61.70764602387514,16.969986333029617,0.039414408662012256,0.06928394095247992,4.8410827595923145,AG
P0000735,VA002,487.4153443023225,39.39953262728115,-78.26679396019613,timber,56.269299768318845,3.3139593228700184,0.16119531652207122,0.39909944752171406,5.090652969671629,AG
P0000736,VA002,93.57399772760992,39.1131204063439,-78.27525266944576,pasture,59.72925411326857,0.621600724506424,0.2363780191183059,0.05951596044230161,4.616469327316233,RURAL
P0000737,VA002,69.28472975233397,39.168522263395204,-78.26377201801719,cropland,69.97148156054824,5.824285293616499,0.1162170213657033,0.056620581963520336,4.836594685023884,RURAL
P0000738,VA002,234.83804690272572,39.21119896319128,-78.01485760999188,mixed_ag,40.89199052451053,1.065486766940745,0.1478048418977118,0.033136328297555424,4.718803434861119,AG
P0000739,VA002,40.182990082573205,39.04912004040006,-77.96053484083049,mixed_ag,85.10273850336822,2.346608519833052,0.0736629583971442,0.17956460941929175,4.400160011684432,RURAL
P0000740,VA002,162.2076538145498,39.242793055184414,-78.23778545723097,mixed_ag,56.73538118721777,1.4743024697492495,0.1906595801499806,0.1706992802134897,4.79317935621508,AG
P0000741,VA002,196.61477148205108,39.128926320577165,-78.19406930699073,cropland,64.20451333382053,2.6614082170986757,0.11896256812538819,0.073601067621688,4.656616838682568,RURAL
P0000742,VA002,153.4958336865963,39.320220315846086,-78.29252955222054,pasture,66.84386926710981,6.029171730061807,0.32173895402467095,0.10845379622170208,4.057758034759951,MIXED
P0000743,VA002,73.34076222045938,39.394046029982114,-78.22288453988443,timber,42.49092324768149,4.181753635130453,0.435681918808426,0.018196567744028537,4.493921847566896,AG
P0000744,VA002,57.602247563102516,39.208882332760034,-78.21690340004538,mixed_ag,55.46128667913039,2.261528715380087,0.07564754748027726,0.062079536533085546,4.5660394151756725,AG
P0000745,VA002,88.54465806895789,39.18474119373859,-78.28174544850722,pasture,58.378281844756835,7.142523324547584,0.2875317105438677,0.05034958566830064,4.84472164204286,RURAL
P0000746,VA002,189.3203346949072,38.96690787811388,-78.30175672019752,pasture,62.435430664505965,2.022633543721186,0.29671959008491716,0.005299840645362071,4.379299662949372,AG
P0000747,VA002,48.93025631379478,39.003285611648636,-78.27912103874394,timber,73.8778597959493,7.677937444964521,0.14210312706226294,0.027294277989194246,4.080498574362222,RURAL
P0000748,VA002,85.79949644445455,39.16180276835822,-78.3400414601489,timber,53.00264642725702,1.5345464013531505,0.09167937848743668,0.08163597769080222,4.335500989286521,AG
P0000749,VA002,180.8176812895335,39.2451548356975,-78.42389586485545,timber,79.42811211983836,1.404994611072394,0.0023647186708389474,0.05919436924290903,4.479728691642679,AG
P0000750,VA002,104.4719853588956,39.20957204922445,-78.40205034680554,timber,67.65487107601979,3.0755980068212967,0.16161111772877457,0.16712932684051238,4.529029250232367,AG
P0000751,VA002,217.4135628685374,39.216205619111186,-78.17552934226241,timber,78.28066329348687,8.380245855214275,0.19475427908203274,0.09499779075151539,4.450228595731699,AG
P0000752,VA002,69.36895646871169,39.21195540386203,-78.25654430095638,pasture,73.51961688236496,2.1549711936850042,0.06402891299266843,0.027096093509573007,4.898799461494718,AG
P0000753,VA002,195.89060704960377,39.29725660256561,-78.23575364611915,cropland,39.12886260600165,2.045030090626829,0.32577149232539226,0.048239201756246776,4.5146815068114545,AG
P0000754,VA002,214.4940143766205,39.0373472025966,-78.25793541787309,timber,60.58377619162522,2.546112663047641,0.167929526187584,0.03040349938987086,4.321834415903957,RURAL
P0000755,VA002,488.07602634843226,39.197368622989735,-78.37764035361434,timber,57.92107346312369,5.1512329307931335,0.20585355043500508,0.057444447757887,4.505800842766694,AG
P0000756,VA002,500.8735614201209,39.05230767832577,-78.42697500331815,cropland,77.20059034209989,0.8313456330906528,0.14349723193896174,0.25531461796173066,4.400722038707421,MIXED
P0000757,VA002,136.83222588679286,38.990180440191324,-78.2851560334924,pasture,73.21306167319761,11.931329062363725,0.042715395093394753,0.25770724635616876,5.05241784361877,RURAL
P0000758,VA002,24.908451538533527,39.118334795520624,-78.39121805057503,timber,71.19989935228246,7.322093179596183,0.20731814234654813,0.07093657983663111,4.983217927604691,AG
P0000759,VA002,40.62864319894422,39.25140536694182,-78.25056204456108,cropland,46.033229775756084,13.030793615942658,0.07393532997334877,0.2422913037082157,5.153261348087107,AG
P0000760,VA002,121.70730546847766,39.284174933017056,-78.19699228633041,pasture,57.68791827797653,4.446421978802866,0.07317824828384854,0.09645330924918576,4.564046600450754,MIXED
P0000761,VA002,255.94393341464794,39.23269804984935,-78.33951461827195,pasture,94.60716552920616,1.6832959154087945,0.23502112863553257,0.030344872455621518,4.4166696145983355,AG
P0000762,VA002,198.03794856575732,39.169238029394236,-78.17300187048241,pasture,82.56955448174621,4.1378398498243065,0.12644312438520636,0.21513013389959437,4.4653083388734895,AG
P0000763,VA002,108.94270061733923,39.30696063460518,-78.13827455619085,timber,40.62639024952148,1.9697936646756125,0.0824517705160041,0.21006481861976598,4.493161289851425,AG
P0000764,VA002,361.88217825135416,39.27823873088432,-78.2977027124081,timber,55.544485298792665,0.6042940980555068,0.030421092035171345,0.1433381867594305,4.7029852450436795,MIXED
P0000765,VA002,387.259502195565,39.063443517618175,-78.29784398387564,timber,54.04750571201522,4.210157133399969,0.3092847674274452,0.28210177020596944,4.76617643653953,AG
P0000766,VA002,54.58207797944841,39.27861265893066,-78.35228741401863,mixed_ag,72.94173734374432,1.477090044169342,0.0860988748173389,0.010178391469732678,4.694756150636161,RURAL
P0000767,VA002,137.75627645730862,39.457550556498425,-78.14574328792528,mixed_ag,57.149423793481404,7.255955654957895,0.022131297618148645,0.11466923598932918,4.890078383056238,AG
P0000768,VA002,47.54765945248569,39.16726483301124,-78.15524312150997,mixed_ag,62.53646326419683,2.488085965582442,0.11027973764752172,0.4070924792373745,4.869983184292662,AG
P0000769,VA002,224.97263569981206,39.285295715934865,-78.20356614994058,cropland,47.3758986604081,3.9237237908165317,0.011627794293295622,0.033669497782951044,4.962615837960109,RURAL
P0000770,VA002,29.4311711286528,39.27093418488216,-78.32901867295875,timber,49.20543126326794,4.4059642083229615,0.1556755011751061,0.01363926984012175,4.428786883854624,RURAL
P0000771,VA002,159.87939645525626,39.055167895199354,-78.38908634626341,cropland,82.98118904231701,4.085233248601787,0.007637552998434519,0.007084751769353675,4.17694040333377,AG
P0000772,VA002,99.74889099299618,39.42589922891845,-78.43364431163927,timber,67.61007483561436,1.6470976379157352,0.15369538145525358,0.022567796916029812,5.031625392281811,AG
P0000773,VA002,217.93562909921633,39.31013701624194,-78.32907001661758,timber,67.94523446093086,0.3402090814279558,0.055827061216885805,0.3012081797845418,4.780920876767428,AG
P0000774,VA002,93.38140074354492,39.207372502826445,-78.36977985840373,timber,68.58702293498057,0.4796806913196675,0.012049120110189852,0.07696499323314794,4.581769457142724,INDUSTRIAL
P0000775,VA002,247.4752932755232,39.178478014174175,-78.44842492859205,mixed_ag,63.534660786909626,2.1294309573694172,0.16285566388588293,0.01010945726902744,5.07592853395666,AG
P0000776,VA002,95.64834354874971,39.37468785318866,-78.19992718970555,mixed_ag,71.82231463455514,2.557104368493163,0.16488133212924164,0.07649063712671646,4.6080144611660625,AG
P0000777,VA002,645.1915732419147,39.295207075416805,-78.24257938731918,cropland,68.84065639097388,4.226720826853711,0.06751157632740652,0.057245513720295696,4.24229059772321,RURAL
P0000778,VA002,271.806997423916,39.36230555320964,-78.23950353359318,cropland,75.55340723927932,2.566960045975417,0.10952185825605164,0.044445977054573246,4.482204624704725,AG
P0000779,VA002,64.38343000424835,39.14424310563502,-78.28284502828151,timber,69.80668647177257,1.6017999546808106,0.17831059690930548,0.07067050808604673,4.665560433095909,INDUSTRIAL
P0000780,VA002,26.26196444059838,39.25641825406319,-78.30056552783867,mixed_ag,72.2251259341358,3.142296665780959,0.1613065377204038,0.0536815087003404,4.396247847774814,INDUSTRIAL
P0000781,VA002,81.43370622300473,39.209972191606234,-78.38827595846591,cropland,71.86556056089158,0.3906291238987931,0.24219634536078788,0.4560369669145705,5.197787117693758,AG
P0000782,VA002,81.53230494306538,39.23659011692847,-78.16608751615475,pasture,100.0,2.709873316751696,0.25127270206626756,0.0161018999156553,4.027411426203475,AG
P0000783,VA002,148.85376422328375,39.19730899773588,-78.2271108136941,timber,56.12146244174789,3.433726609341493,0.508221462207903,0.03944586142376755,4.51704095357066,RURAL
P0000784,VA002,139.95232129694296,39.24070496832654,-78.27092593653323,mixed_ag,80.97697058953167,5.217418537258144,0.1405674816395425,0.0033041214093710663,4.405532489136416,MIXED
P0000785,VA002,78.34410364779554,39.11225107298645,-78.20193561646425,pasture,48.39248603380178,5.0037923394786645,0.0978052040102201,0.030456816854180453,5.295177548542133,RURAL
P0000786,VA002,130.6707080496683,39.163522046228955,-78.21920284378488,cropland,89.9549554543186,2.158905628387368,0.20112340697605122,0.11811239449505738,4.562579880327835,AG
P0000787,VA002,35.83934596821641,39.164274839481656,-78.37330589312462,cropland,45.34968557631569,2.7491000113419055,0.2509643341927943,0.17359916441467155,4.51889068967403,RURAL
P0000788,VA002,148.71008431056904,39.129944485477914,-78.14910988815913,mixed_ag,51.192539782818116,2.8558192201965076,0.28469826302681567,0.039377523500728824,4.472575642623791,INDUSTRIAL
P0000789,VA002,104.8585477474601,39.31502155838337,-78.41451393515497,mixed_ag,85.70139042319435,3.6029565462115967,0.24569132760575346,0.05508839966016736,5.248989392337868,AG
P0000790,VA002,257.72770400851965,39.24359626501066,-78.3015113613875,timber,89.39738490623179,1.6150691296559558,0.1774852957968414,0.037655157048058364,4.858856197747631,MIXED
P0000791,VA002,169.27052662500597,39.18579090391326,-78.25948918639719,timber,82.98093507914902,8.18626149725551,0.22118347492890789,0.29263341608088606,4.7007074151175114,AG
P0000792,VA002,41.20908738710037,39.06584023432053,-78.13010662416686,mixed_ag,57.50656712520241,15.319193282083832,0.1270310990051616,0.020622359526264337,4.427235455561123,AG
P0000793,VA002,190.99273932012673,39.27172540043027,-78.34783558648348,mixed_ag,68.23251799702953,9.712878899973791,0.07512028890621353,0.18846129983049065,3.8472333456076013,MIXED
P0000794,VA002,127.23495332880373,39.22434281229866,-78.38810537522004,cropland,80.93453001702477,12.684299918262486,0.21858843997236121,0.0446506918409202,5.080206010561577,AG
P0000795,VA002,111.6279085557673,39.3416442172982,-78.1382737746228,timber,10.0,5.754910422265399,0.11838226725225919,0.04950055461778824,4.772796831797402,INDUSTRIAL
P0000796,VA002,258.20596566918033,39.19242279464537,-78.16416896191767,pasture,93.75390187250493,8.808611421100622,0.38253349728884867,0.35447403731987104,4.3501239894670425,AG
P0000797,VA002,93.78510338419676,39.12858441312989,-78.23619361884174,mixed_ag,50.055404130860495,0.7791214583740349,0.16527637439622586,0.08651583066078455,3.831001479067454,AG
P0000798,VA002,175.1540837659782,39.19611149909942,-78.19284195539421,cropland,54.59073854878815,2.6486267174578995,0.25304684128673316,0.08932128215773637,4.70662016190642,RURAL
P0000799,VA002,62.725754584218905,39.33805954013274,-78.07070631902297,mixed_ag,87.30951009096786,1.9661159826009758,0.06719408371579524,0.1806627290538864,5.122117646332381,AG
P0000800,VA002,96.79641430070934,39.150089001467464,-78.10942943992028,timber,33.67875245528757,1.2073225468819326,0.2665171712777038,0.18864487636087687,4.760184142282623,RURAL
P0000801,VA003,97.66561457115792,39.15176779650457,-77.98589056469253,timber,44.98846537279859,6.48128313867684,0.1737276404917106,0.06943815981473021,4.698972910500934,AG
P0000802,VA003,85.74668535129261,39.129198874992625,-78.0670288190818,timber,65.85194948933002,2.475031691536474,0.1023595763095229,0.20640524542117114,4.9831045105360845,RURAL
P0000803,VA003,10.0,39.19900621548265,-77.90295008452243,cropland,79.82542512880283,6.5397941191067535,0.29545303018773084,0.020690348225895785,4.85328247515967,AG
P0000804,VA003,44.05890625712115,39.128616911975875,-77.99952350410835,pasture,93.57984796182248,4.51775256953893,0.13023176372319575,0.026329899317698347,4.409546830548492,RURAL
P0000805,VA003,339.0540784922915,39.14816877153389,-77.85505820313837,cropland,72.673029836504,5.212702031714404,0.10041819374326534,0.1884844708762334,4.91230797070534,AG
P0000806,VA003,356.36545779581763,39.09944003446931,-77.95731205431068,cropland,47.762873186983626,1.4851088821691572,0.19540436879336096,0.05058521227416961,5.30454267769636,AG
P0000807,VA003,71.16626156984519,39.17667243773471,-77.99516970766796,timber,52.07598318230282,2.840811443244142,0.14018664041629345,0.1633178005889445,4.355056468033325,AG
P0000808,VA003,56.31820871465878,39.2722209761366,-77.9592399787041,cropland,70.97719733210032,0.5073056723157087,0.4586281765364986,0.31310257106968975,4.161167019314203,AG
P0000809,VA003,55.11667171167181,39.00839979850864,-78.04131511157351,mixed_ag,84.35797167829402,3.040455501150112,0.17436481968014225,0.07754337568978022,5.379960825247057,AG
P0000810,VA003,119.40995310271472,39.137586136569006,-78.06189218009833,mixed_ag,71.61764613621693,2.9516026354417506,0.12030214467371138,0.1839588806788286,4.60061031252023,MIXED
P0000811,VA003,172.484525656052,39.14214122081361,-78.00517619434717,timber,54.88547158860085,18.384959320518156,0.03129610778116668,0.007534817507839535,4.092729399853892,AG
P0000812,VA003,101.55289849370422,39.04242196103952,-78.04557321473226,timber,72.26680145682418,2.068022193667549,0.21218943346340874,0.13356588366610816,4.604466867528734,AG
P0000813,VA003,129.12887075233294,39.27580655204922,-77.9256225497395,mixed_ag,76.07418134144845,4.325705107352634,0.29285076259703896,0.18378190342326245,5.326663416416261,AG
P0000814,VA003,77.4348461909512,39.146945688912986,-78.09086741383034,pasture,50.88589410510553,1.0673416669077398,0.021350788965678647,0.017765068633583157,4.495501475687625,RURAL
P0000815,VA003,87.79692417824224,39.23239092620567,-77.80844661258556,cropland,32.72655147839649,2.909342649920495,0.3153373296732627,0.06272799436293497,4.312108309737776,AG
P0000816,VA003,57.59560258183749,38.9375799872616,-77.85366198367787,timber,59.99373708142826,2.700329874255699,0.23846134451365852,0.12160910350338508,4.739670719125776,MIXED
P0000817,VA003,184.28238038770635,39.14307132017429,-78.01643085285073,timber,59.52589304400534,2.356474412814097,0.238479555824057,0.04021323502044509,4.27354625920884,AG
P0000818,VA003,75.85230299487593,39.0467252688919,-77.91883853369234,cropland,27.448285862966635,3.6779250636956604,0.1857760762800667,0.04705535739333409,5.285264740284547,RURAL
P0000819,VA003,110.70451322797133,39.19592309407882,-77.99396934421894,mixed_ag,78.89968886217505,5.882776906399723,0.08881024701751478,0.07030306122223236,4.765214029080946,AG
P0000820,VA003,175.77868263223402,39.04696971016828,-77.99275719456526,mixed_ag,63.00631753800383,8.003541616129462,0.03700998740444251,0.029545220527761307,4.347210639464402,RURAL
P0000821,VA003,93.55981220285594,39.23761574937318,-77.89764770270051,mixed_ag,75.16858341333823,7.427191820976278,0.15413796489227816,0.04700967678006139,4.836583186332164,AG
P0000822,VA003,43.946228655480816,39.08790832882725,-78.01452858172526,pasture,48.771163270285115,1.1463856464278812,0.024447338207053484,0.169728274887633,3.7207447328540177,AG
P0000823,VA003,25.928421891919765,39.355639463803485,-78.03507678294771,timber,81.26234035116298,2.9107086485037326,0.06771053837244816,0.14477070865879196,4.3751496787585555,MIXED
P0000824,VA003,379.4523934972186,39.091576479971486,-78.03206269597835,timber,71.81682482748602,1.6413566630927143,0.09608692155624969,0.029380882089583806,5.077499033795789,AG
P0000825,VA003,404.9837484484573,39.029559662961375,-78.00732020855666,timber,60.15140780541755,5.10797868970403,0.13375236578536917,0.1266034812912668,3.776536692801448,MIXED
P0000826,VA003,178.1603534227672,39.125679175608234,-77.96823602396861,cropland,53.0769201355543,12.705913355612143,0.07609365280106475,0.41297081954694376,4.6925184639323,RURAL
P0000827,VA003,162.24635558748352,39.23289159522716,-77.98223287167492,mixed_ag,57.06694343644775,0.778522986049909,0.09642647715712871,0.005718623359990387,4.911822598693327,AG
P0000828,VA003,120.9223625329912,39.09105106720377,-78.12085094860606,cropland,62.05747749624469,3.4542310512685477,0.20334737102246236,0.042752903526600126,4.886660531520668,AG
P0000829,VA003,70.29026891669268,39.04186997758181,-77.99156931765152,cropland,85.89695143774301,6.870853630325573,0.24278733526181726,0.13710955465008204,4.429084701575029,RURAL
P0000830,VA003,163.00942275698293,39.067136444714365,-77.84297098220834,pasture,69.7415967563658,7.019576320829079,0.06249765617481648,0.018254685582330236,4.865766105943604,AG
P0000831,VA003,276.9178161280822,39.03959204381252,-77.94907320327684,timber,58.1881075424325,1.068348506284917,0.2708250438853548,0.3905749275725773,5.36621512723213,MIXED
P0000832,VA003,14.83799084856709,39.3772291687987,-78.18102464802904,timber,47.99893549950724,2.2055923728204547,0.004827432209888446,0.01252751207266811,4.1840788733588345,INDUSTRIAL
P0000833,VA003,187.53010196974893,39.005435326554355,-78.08882536446038,mixed_ag,50.525425128684994,4.770304846592018,0.11135204805120053,0.05775856859171665,4.5787618891517505,AG
P0000834,VA003,295.2750343890893,39.19535461180652,-77.98297940541198,timber,81.91079578900991,4.649940165533312,0.07754562417624591,0.13047785540791035,4.361765892962555,RURAL
P0000835,VA003,41.587372282588206,39.037735466048076,-78.08539663820139,pasture,77.17240612959982,3.7657260988484733,0.06333291903162103,0.15261638937507527,4.983583295794154,AG
P0000836,VA003,328.56550751893735,39.16196644889543,-78.07085213283638,timber,93.4393294977246,10.583668949508258,0.1407675656683924,0.07824382785515845,4.121769783205258,RURAL
P0000837,VA003,67.81750699720006,39.13666031419825,-78.15805030931286,timber,49.09752692310492,4.317883742650706,0.22485155456270411,0.216900185135822,4.9167359820044165,AG
P0000838,VA003,93.83525311537575,39.09612235061933,-77.88233380483966,timber,56.1070590608049,2.197667480889502,0.18535904998821126,0.07231746809017477,4.7116100524859235,AG
P0000839,VA003,395.99495435608003,39.209221250422,-78.0389211683413,mixed_ag,41.46399884242422,17.83521957705898,0.06259016744746783,0.20250945110738938,4.445135314429998,AG
P0000840,VA003,67.77092077788227,39.05397606804726,-78.05716781375455,mixed_ag,80.65866494624723,7.179202258148196,0.018812679712670494,0.07209003429675871,5.004277990269493,RURAL
P0000841,VA003,226.29642063020054,39.170937994966636,-77.9067051678194,mixed_ag,84.96565950182502,17.075045677458306,0.056083636970851385,0.041281729990664366,4.779390786435047,AG
P0000842,VA003,171.93101932328753,38.97096618139186,-77.9167773518444,cropland,67.28289322657857,14.16248929194417,0.160814284217822,0.052528812349043094,4.03818764847683,INDUSTRIAL
P0000843,VA003,47.11310133161152,38.93200345336856,-78.0324015004368,pasture,82.7079187269336,6.546056421721906,0.03506929316705551,0.09026104137779037,4.713033339666393,AG
P0000844,VA003,106.271336396858,39.069957928498745,-78.03214496531602,timber,69.19196167505513,8.31933766231851,0.06896526839854336,0.23494214127815707,4.123421723173461,AG
P0000845,VA003,66.35282057695566,39.27505218965659,-78.15671056897905,timber,51.886409335244466,4.136031924746423,0.210256077714576,0.09415319161335557,4.502335171352798,MIXED
P0000846,VA003,52.910842501626384,39.01756848659926,-77.93594112401883,mixed_ag,43.204127054754665,10.223791757191306,0.1230553735557302,0.11615467125537292,5.3465576194822235,AG
P0000847,VA003,36.54851520996737,39.28730848477164,-77.94869583325536,timber,71.46912960977016,6.2954952973210645,0.04015005164860498,0.3729493128413238,4.2436475227489705,AG
P0000848,VA003,98.98232491335915,39.06893746498152,-77.91966998784685,timber,72.69862236902196,2.049579572982122,0.06580903204366725,0.042193672784956816,4.554146347906314,RURAL
P0000849,VA003,58.985845051445544,39.305804809708654,-77.99091551113399,pasture,69.91610049927863,9.397801791844012,0.07517045812256454,0.06844384275721371,4.442886586590833,AG
P0000850,VA003,54.03168144497252,39.220663381546636,-77.97134871441949,cropland,68.6713821437018,5.316284345111903,0.0723334692865631,0.03932854167651391,4.321484764768725,INDUSTRIAL
P0000851,VA003,125.39502688051606,39.21644166388758,-77.91727213191787,mixed_ag,73.24960934940763,8.328347772737361,0.08649765947302268,0.025004528754464465,4.600936994628461,AG
P0000852,VA003,330.1536048550399,39.11359092849663,-78.10603535064902,pasture,80.43702411550089,6.239921738446465,0.22386072178766991,0.03503342712362098,5.116767092070853,RURAL
P0000853,VA003,159.654158938067,39.3525109467324,-77.83083217837816,cropland,53.03579512449713,16.002208044788926,0.09826148279502882,0.07369774824277546,5.397955051512351,AG
P0000854,VA003,383.51401929268184,38.93172875829672,-77.97529245235256,timber,58.280651971244644,2.7121065667269457,0.03226157471883443,0.1690212400865325,4.8488517216977485,AG
P0000855,VA003,62.904041019614105,39.20540688921659,-78.04922731819525,timber,72.30421640745212,4.186609942061871,0.09095894406430238,0.08935615856508265,4.0228005538255145,MIXED
P0000856,VA003,72.534686683426,39.037141712970836,-77.89799800731403,timber,98.17819460414968,2.1558766087360075,0.29931361450414207,0.09390350500073,4.624665065770968,AG
P0000857,VA003,53.56952136364636,39.15421916501443,-78.1412312240821,cropland,72.25398972890781,3.0039139447959444,0.034791451617802525,0.2005761513229206,4.841051444764342,RURAL
P0000858,VA003,163.0936200609598,39.2377973438718,-77.88222991969161,timber,42.66858431848623,1.1973366038004931,0.36774531739433397,0.06897439898094793,4.549312622696624,AG
P0000859,VA003,49.765078040116286,39.270986617182494,-77.85696546020135,cropland,59.074090797321986,1.844429792046418,0.22437231489079024,0.07614855169686882,4.474742661064527,AG
P0000860,VA003,118.69406613891461,39.192486634854106,-77.97337800629012,cropland,64.85283767291848,4.958482841005584,0.2511560066932138,0.06719988797298483,4.4044054206760235,MIXED
P0000861,VA003,223.30727486339973,39.29038568379008,-78.05646297106448,timber,36.36294025575977,7.456019966975934,0.06090152976867355,0.06490956094433033,4.4674703004112315,INDUSTRIAL
P0000862,VA003,585.0161478141739,39.193989077132905,-77.91130782459172,cropland,80.67664128146473,2.4899726621178657,0.02382979989901529,0.08036692181447504,4.709509087658813,AG
P0000863,VA003,55.994475001786576,39.113528237914885,-77.90290046066615,cropland,81.70114012800757,3.877862721681036,0.14163822953540808,0.22004170299026812,4.954303506609213,MIXED
P0000864,VA003,75.80727786537948,39.06616953801657,-77.96763239347015,cropland,84.91677321699669,12.41549348825697,0.09937672107832002,0.08004038359475071,4.314424450559445,AG
P0000865,VA003,68.39680688970796,39.09248715558938,-78.01864323493334,cropland,51.67303004399248,1.651022233935554,0.22417604195804197,0.023133484013949695,4.253664715225632,AG
P0000866,VA003,79.73628347628173,39.19288849760376,-78.01152792760178,mixed_ag,47.71444735992787,4.009358879257981,0.0202849924095738,0.11491178014320723,4.442505945929787,AG
P0000867,VA003,101.28851021473643,38.94716673592966,-78.05869462115069,pasture,44.62632390658193,3.1223332090705846,0.10862854767737073,0.08439232967827089,4.383750360638331,INDUSTRIAL
P0000868,VA003,477.2622329582791,39.04265622938823,-78.00747432371078,cropland,63.827824972838414,6.395382269380211,0.0792725362571323,0.017828177409043976,4.8624695214125655,AG
P0000869,VA003,163.54880922376785,39.13975604495548,-77.95534029445784,mixed_ag,43.93366751408929,2.101168864340147,0.4767391833509108,0.07736666429770461,4.673409851675124,INDUSTRIAL
P0000870,VA003,110.856390009357,39.16356560461068,-78.01769611015344,timber,64.01453917039333,2.525048044400002,0.18812262044895162,0.0014436136161981364,4.846105911051465,RURAL
P0000871,VA003,356.9677141820103,39.125351338039124,-77.91025655442036,mixed_ag,41.39878019884169,4.259977428494705,0.2537273346884292,0.09380564006358076,4.668267493068277,RURAL
P0000872,VA003,197.71417799510775,39.21478315884323,-77.92836237040245,timber,66.49468650292988,1.8629871614584372,0.041531150854492146,0.21200654982463188,4.542208122439654,AG
P0000873,VA003,255.46662963495535,39.12637756682637,-77.8455055876021,cropland,64.6999776897993,11.287999629561662,0.17367108690748334,0.03908026341851926,4.440610181705773,AG
P0000874,VA003,128.3566091529152,39.20391681833082,-78.00113820054837,timber,47.01472862902462,4.860945768383052,0.14369503594826433,0.10882016025646805,4.313489870009392,AG
P0000875,VA003,118.70827953971039,39.19780272441491,-77.92598382818406,timber,26.951819615221908,9.66000985833203,0.02013532121748758,0.273141588132302,4.033824190202187,AG
P0000876,VA003,342.3965005880146,38.98785480374477,-78.06324637605324,mixed_ag,58.19142092092495,5.644532046376735,0.15368661365339853,0.3029252159974098,4.214377039698813,RURAL
P0000877,VA003,226.64402961062254,39.242655844098735,-78.04465571163624,timber,63.437186698978316,2.4342374044126784,0.15564395941082707,0.10925019183695485,4.447884331756907,AG
P0000878,VA003,155.37628969475708,39.22017836671641,-78.10071556284852,pasture,65.34749534464741,2.7372563472383664,0.038166379535368264,0.005266754311574053,4.892046734796302,RURAL
P0000879,VA003,77.63521442033503,39.08941578893269,-78.2343089422256,timber,79.22419061328053,9.318803866391509,0.22072128038206668,0.27680456079556687,4.585778943514531,AG
P0000880,VA003,388.25617160188017,39.13477913001222,-77.99443188211193,pasture,70.9978824464403,6.533147551712869,0.08258363671675129,0.002094319824438064,4.1392331186833555,AG
P0000881,VA003,126.18448454083207,39.090395171155805,-78.05849222907828,timber,56.27117582071467,17.99811221993186,0.05562115017274409,0.17482236353985925,4.710933897867041,AG
P0000882,VA003,145.7896295233471,39.284915322868635,-77.97903993227827,timber,52.29805607229665,3.3117365681854034,0.0900589288887855,0.012264953551480336,4.513761961676863,AG
P0000883,VA003,102.43022986075313,38.90642910712225,-77.93975257170275,pasture,86.61630845568993,2.225172419991411,0.15409217399082947,0.07166494354379897,4.539694525824136,AG
P0000884,VA003,78.51090048910014,38.9503968584694,-77.9936777544147,mixed_ag,62.673503721516916,4.137821998732512,0.41529623605653543,0.2558753368733724,3.7720630232120085,RURAL
P0000885,VA003,188.67948342709494,39.085266479862014,-78.06074385610897,cropland,60.071472561865676,3.2657302284973855,0.1485857811173472,0.23026414009551477,4.673246845272694,AG
P0000886,VA003,175.37737636399274,39.01577374261911,-78.02628261778491,cropland,82.58355702295663,3.6237935372651626,0.18720443005921114,0.02546232444164927,5.098912460637299,AG
P0000887,VA003,70.114575736332,39.084845956149444,-77.98279934180118,cropland,69.07619049401397,4.39219933735968,0.13938196145570847,0.17595338750462095,4.60599923379062,MIXED
P0000888,VA003,147.19382951354774,39.1674359904999,-78.13488873051156,cropland,53.129383961518755,0.4754729739459082,0.6056378334358183,0.03645437935870785,4.198529337094639,MIXED
P0000889,VA003,175.0741385037305,39.097449420251756,-78.02539582506313,cropland,53.58629780288723,2.104954830846108,0.12026447871567654,0.04520363447575227,4.821346202745816,AG
P0000890,VA003,184.8231127436569,39.07288647492304,-78.02025491748557,cropland,76.2203721152375,3.6552307908376584,0.3694328137058876,0.19451756165503495,4.718228906122946,AG
P0000891,VA003,295.96964337944394,39.2379338476212,-77.94291118807982,mixed_ag,65.12745152207333,6.815426370597359,0.2171902170589092,0.04805414476930091,3.903929784804772,AG
P0000892,VA003,55.58766913414914,39.12898149087461,-78.13828611776749,pasture,53.21905946089703,1.4705725645238552,0.06445617921455524,0.03048244125828101,5.111964317151219,AG
P0000893,VA003,94.539375231087,39.22957860250753,-77.79879054638613,mixed_ag,53.91782120290025,5.52166280524475,0.03928872887298823,0.22574598613174732,4.713863257305738,AG
P0000894,VA003,205.6392581788504,39.09468337976676,-77.94396489504054,pasture,77.91729345483557,1.0923226032796371,0.048155556666938486,0.026851662352255255,4.686918486818019,RURAL
P0000895,VA003,109.99571751445461,39.1081280693523,-77.86702425389215,cropland,71.38122476917839,2.5556067341092863,0.018099364730612983,0.17378565260291798,4.539905339031448,INDUSTRIAL
P0000896,VA003,99.75891748253879,39.28872952381554,-77.95601641231413,cropland,49.73666871472268,0.7570433276237855,0.1680097045648465,0.318337316005553,5.073133494287286,MIXED
P0000897,VA003,364.6884841646966,39.0575413179407,-78.04959629549374,cropland,69.80126208163632,1.5107586669229192,0.1727146011376338,0.1139792560251383,4.928612413053287,MIXED
P0000898,VA003,893.255516632239,39.233806707004874,-78.00497441366353,timber,61.08289617861334,3.1849504561621913,0.11264736259498856,0.10661141110034156,4.333479959822377,AG
P0000899,VA003,75.34960264085201,39.05808656417499,-77.99658657182212,pasture,87.06118198233186,4.662011881381003,0.10019744422213989,0.0027253480298711293,4.2712894387663605,AG
P0000900,VA003,219.69353716107364,39.03630741496036,-78.17159004915055,mixed_ag,71.88474350669098,3.8037620443023235,0.20731527207775438,0.0469060627446746,4.981091880556921,AG
P0000901,VA003,182.69461722850633,39.13920995520237,-77.99514919090846,cropland,49.58012438596057,1.1505900867200682,0.154315662479955,0.03001147450613571,4.541198453682875,RURAL
P0000902,VA003,86.04491941764498,39.071431393811636,-77.80876173591865,cropland,84.2672186512955,12.1126694009698,0.11037454136269823,0.07311494159220519,4.329293076582376,RURAL
P0000903,VA003,40.63634347738971,39.11508106817492,-78.11169260442227,mixed_ag,63.36068134855876,8.593714008046438,0.21061904840166798,0.030451050755595628,4.356944076528377,AG
P0000904,VA003,39.93566456776356,39.065059726836616,-77.86595502627804,mixed_ag,84.87794162980923,2.918451912827832,0.03711420016606882,0.032025132845339706,4.139543744653488,AG
P0000905,VA003,57.91111037721645,38.97826814869671,-77.97222338611465,timber,65.80018679448726,6.938150192004592,0.22109474750787428,0.0869213942285807,5.304949556607597,RURAL
P0000906,VA003,75.53556879749796,39.04345977416427,-78.12837223250058,timber,63.618968829213735,15.282295458119536,0.31513670987460335,0.013295140244647783,4.647570040807647,AG
P0000907,VA003,49.913405628916045,39.14216327329627,-78.01796330164468,cropland,54.26883986186602,6.488243377748969,0.13702895744119026,0.11656370283918259,4.1771385100115905,AG
P0000908,VA003,56.3297161746037,39.18658644997834,-77.95449833696162,mixed_ag,57.27931966125172,2.1001818651521695,0.05756038020141332,0.016158483878570294,5.009459265101407,AG
P0000909,VA003,146.33312092424111,39.044399303827625,-77.7969083145998,cropland,54.37862674488146,3.2684875554336963,0.15160359001778928,0.07057025446023504,4.611101346535233,AG
P0000910,VA003,293.85888296354807,38.938186855561575,-78.06363208982647,timber,92.45073744730301,16.756270752451343,0.12846431968612482,0.15238203245627227,4.484775198218321,AG
P0000911,VA003,49.19638536450158,38.94683947757891,-78.0384627498592,mixed_ag,66.57555614041763,6.229983397395839,0.08078918921805711,0.0646015135763778,4.403139590348434,AG
P0000912,VA003,196.23402663271497,39.152711206854065,-77.84142625927193,mixed_ag,94.34632659851863,6.244430222699209,0.10669765296145015,0.2241386704872226,4.994333667977141,AG
P0000913,VA003,178.46189380569456,39.23663647094762,-77.99536629241689,pasture,76.19247850239361,1.8835951366777561,0.20427127069979945,0.012671472939674142,4.298462045577556,AG
P0000914,VA003,63.3933892699916,39.09463581348273,-78.05951539400961,cropland,85.88990972713344,6.065306327511287,0.23973126377940343,0.04365225139223014,4.219198395926798,AG
P0000915,VA003,168.237622993475,39.13389125215557,-77.89286291204479,cropland,50.36790543098738,6.0966357269758795,0.06886446911437466,0.022492976548056043,4.286845600530155,AG
P0000916,VA003,94.64148436967051,39.15395142884467,-77.81120771627586,cropland,57.728339046200176,1.8922977145164328,0.25796507228324794,0.011102781644116029,4.6621309830424815,AG
P0000917,VA003,126.17154899556752,39.16832542222475,-77.94968336571915,pasture,68.26064485908374,1.1982550478829925,0.21018100839253281,0.18392662819074299,4.869611110004102,MIXED
P0000918,VA003,609.492920996446,38.98330596932173,-78.12453337441272,timber,78.77543205544634,6.664888548326175,0.0330843944927753,0.10989466934038716,4.821105527105204,RURAL
P0000919,VA003,340.15691250777036,39.23455715227151,-77.94955252629471,timber,89.87917353317488,0.8057572968205458,0.0829638100927352,0.05065894472745386,4.380139779771742,INDUSTRIAL
P0000920,VA003,446.0664872169426,38.89791166293637,-77.71603155526567,timber,73.7033620294824,2.911286367830459,0.19725832952615688,0.008794273845565088,5.29017614818929,RURAL
P0000921,VA003,51.41424339785344,39.093302729647945,-78.07295586341021,pasture,67.33098944977085,4.970836064250667,0.0707775655703724,0.18720586852173926,5.050685492399027,AG
P0000922,VA003,119.9429988235287,39.1055958309349,-78.02051201184833,pasture,75.78210208621793,5.006526597824534,0.19014089049935595,0.3213117320767444,4.451072482030829,AG
P0000923,VA003,809.2167644125603,39.1082989379512,-78.10441630529357,cropland,62.40285546486194,3.626269370645574,0.14224095068435305,0.13341781879804107,4.598078758903778,AG
P0000924,VA003,103.59449732918793,39.221125417793,-77.9064163520144,timber,90.48709164394936,3.046117037688231,0.07125157765071483,0.14180076224291907,4.731678942958866,RURAL
P0000925,VA003,52.56739163754577,39.101534246791346,-78.02188493020701,timber,49.08309547808294,5.33048718536627,0.0853152157746173,0.08739948668746808,4.5658555884566,RURAL
P0000926,VA003,142.27216721436318,39.17642279245429,-77.96440355985153,timber,60.11941228752288,0.7660646992238873,0.006587507406410435,0.26039128665104383,4.137129017247173,AG
P0000927,VA003,92.41699052105392,39.10481758965866,-77.96774648952973,cropland,71.10935269760269,2.953795333993065,0.0899914014113157,0.09182010379326405,4.619696709905326,RURAL
P0000928,VA003,245.9074450118376,39.14115285477218,-78.05179581101734,pasture,81.5744191234749,2.19702266681727,0.314947754455217,0.1745856758313172,4.596584019537736,AG
P0000929,VA003,121.74547355023891,39.02167853484921,-77.9072531444092,mixed_ag,80.34065623728318,0.7879730149901076,0.07295255599411983,0.04242151772069794,4.5065224764435206,AG
P0000930,VA003,402.46681122234344,39.11107013991082,-78.02035105865384,cropland,33.89803676488356,1.3718309063287681,0.05102630982918055,0.09193750350306552,4.507286381133851,AG
P0000931,VA003,66.05226888585237,39.12174853129898,-77.88185017170738,mixed_ag,84.91383207424494,5.157962784367939,0.14183997436607548,0.05088154564303668,4.886414000281156,INDUSTRIAL
P0000932,VA003,200.2274559399028,39.192601772810676,-77.87189071878522,mixed_ag,80.21455530771385,4.086445948401212,0.004922627272056372,0.11375364416290916,4.2738659641156636,AG
P0000933,VA003,398.7778203459391,39.161764507803625,-78.00774463072936,cropland,82.38823553841831,7.397617136654574,0.411346458429392,0.0740443033061716,3.968386464986987,AG
P0000934,VA003,169.7132261397932,38.870698787278776,-78.05373845414017,mixed_ag,60.79978439419053,9.615009903519647,0.03409923799641285,0.012073585206528277,4.965474715625047,MIXED
P0000935,VA003,210.6653642269578,39.085338217852964,-77.93579998033871,mixed_ag,58.37791425120826,3.3686184005495994,0.033245799310808635,0.2452634448011214,4.121506763620964,AG
P0000936,VA003,315.49236976524224,39.15372244544196,-77.98808007835302,timber,64.14832584291885,1.4945898276927343,0.09442520163476287,0.0793886073533872,4.2907049388001175,RURAL
P0000937,VA003,156.57079722725535,39.16313329740389,-77.8925125745268,timber,75.01903500770798,0.7109768353298829,0.10993115906152641,0.005965315290999265,4.366621135007525,AG
P0000938,VA003,131.95007013660157,38.95305217090634,-78.04870354105431,timber,66.28583412861927,0.2789226583993482,0.18669356628760833,0.1477857823355994,3.8833835775499903,MIXED
P0000939,VA003,86.04380132269843,39.074377038863155,-78.14140964310698,pasture,57.18348239295729,11.597589673576978,0.053756201745443044,0.01226066874576425,4.4113193070398635,RURAL
P0000940,VA003,126.13116358216924,39.25995596456383,-78.0260953132983,pasture,100.0,2.9191115135550145,0.09434104966604581,0.0890912472467784,4.731709189522321,AG
P0000941,VA003,52.14792005611615,39.36182112022383,-78.04735851305276,cropland,46.82148537989352,1.3973715008276306,0.12804351342518097,0.2187575979493522,4.592968279091333,AG
P0000942,VA003,65.91787037400533,39.226815265092924,-77.87096920041779,pasture,68.91583091090132,9.348442540449145,0.08065005098381245,0.20885849097615916,4.469654905892629,INDUSTRIAL
P0000943,VA003,127.60469745321929,39.098351976823956,-77.99850902521976,timber,49.6799367206879,1.014186956336045,0.1409432616599421,0.0859371218045997,4.776674316869921,AG
P0000944,VA003,16.92751033937993,39.04451523698384,-78.04436945176106,timber,58.80236325290443,7.3967474462184715,0.2747029820444071,0.035737377101064186,4.955190323457554,AG
P0000945,VA003,55.851879072989384,39.006843700546156,-77.96955607192291,timber,71.18573438030732,3.07037621056276,0.08889158791558807,0.07935984913410375,4.304572368418177,AG
P0000946,VA003,121.99484511819679,39.206872793581496,-77.83148412512236,pasture,70.37822719355106,25.380754822376105,0.025896218123044486,0.03679551434729049,4.97568048704572,AG
P0000947,VA003,39.88657910941574,38.97311140291375,-77.93792195565904,cropland,54.61150230081005,1.4340801884988483,0.32188992829285995,0.0778518559877745,4.676223529486978,RURAL
P0000948,VA003,229.22274061708427,39.18162155518303,-78.05386608143667,mixed_ag,64.63424971559071,4.977073045531753,0.20464927540698905,0.1024709753093357,4.856225720599104,AG
P0000949,VA003,64.86258894887654,39.246561228641426,-77.92284906248915,timber,57.97653332403326,5.45584961774586,0.015656518058828964,0.08398774771777481,4.485351692793612,AG
P0000950,VA003,31.114797004436245,39.22122232405681,-77.92579345062056,pasture,54.12287961733784,7.336750849631375,0.045197811223569494,0.17689796358365048,4.359253919241497,INDUSTRIAL
P0000951,VA003,211.69507813638683,39.22325318503625,-78.01999855871799,mixed_ag,75.48896758937785,2.738121058920497,0.09358252764414206,0.07942191262827827,4.537262975000336,RURAL
P0000952,VA003,129.82845855363107,39.06150954370482,-77.99144058328939,mixed_ag,46.205898243439506,15.854681013504033,0.12894582868500915,0.058385482855784036,4.660483741720701,AG
P0000953,VA003,70.38116461749453,39.03508265260751,-78.04218742825798,cropland,74.93389813655605,7.304831383685695,0.3013442746794288,0.06559184516369757,4.203363625010223,AG
P0000954,VA003,383.14681873031725,38.95172936741197,-78.0144182159607,cropland,53.725448032608355,3.560501325629187,0.15668977488344513,0.009929372983287426,5.213673547413438,AG
P0000955,VA003,235.06409239091028,39.37535955805394,-77.98646909183927,pasture,67.66036855490674,1.8561616955514366,0.01591362490942257,0.11816865081801906,4.684015738110769,MIXED
P0000956,VA003,75.37296830516037,39.21698238115325,-77.97912215372868,timber,68.40758255863221,1.02885036140504,0.31984811307911426,0.008524146735646726,4.49888943026419,RURAL
P0000957,VA003,65.53067855914378,39.13965926018075,-77.97636115536885,timber,47.60365677183356,5.0809075422498395,0.039270730895226244,0.08706409509380675,3.887495376985011,AG
P0000958,VA003,218.83004139525815,39.02748403527202,-78.02011488911778,cropland,87.77403660556695,1.2303499665836344,0.08820356857515566,0.21007558648192187,4.821737976272603,INDUSTRIAL
P0000959,VA003,61.66825727661982,39.284474837107474,-77.95965756168322,cropland,71.00185748487861,5.55844970367895,0.21757749620892816,0.011225626743779606,4.681601448717408,AG
P0000960,VA003,101.13183481849384,39.09154807389326,-77.98695902268385,mixed_ag,68.32969593231506,2.7827315361635723,0.13311314285218484,0.2038944662241253,5.190160545011163,AG
P0000961,VA003,194.06019034273257,39.017532866981874,-77.89526167643982,pasture,50.5521816869,2.2645260679485277,0.24870202902341,0.014110061112059391,4.695078691047466,MIXED
P0000962,VA003,106.62196044991553,39.017574204994915,-77.93818047640622,pasture,61.84146555090586,2.517011667602092,0.07595777185592666,0.23211137513571284,3.802233896334389,RURAL
P0000963,VA003,106.2974185989791,39.13845772446305,-78.04120849038293,timber,63.00288351715773,5.843118886645731,0.27014183284812365,0.04494117839076247,4.4848238307812185,AG
P0000964,VA003,27.1047844772597,38.985625873147875,-78.04678480548353,timber,57.59163800392838,3.3531372479971107,0.027026771249250802,0.07546227480663177,4.048471118628075,AG
P0000965,VA003,160.2245356846568,39.01653376488261,-77.96832949435075,pasture,90.93764787859087,5.028974662247252,0.04065801132336689,0.325732661457058,5.1760230219638785,AG
P0000966,VA003,167.9309281695464,39.07762686114418,-77.96931382153322,timber,70.80797533555477,1.4087449567657075,0.08179197660053529,0.040409161850654775,4.716939421544238,RURAL
P0000967,VA003,230.75305828383517,39.15742794538546,-77.96792869755758,timber,28.60048368753344,15.199714058905002,0.10946450253712264,0.07383532667832139,4.624145124610775,INDUSTRIAL
P0000968,VA003,116.34674386125819,39.069471479486175,-77.8823816606094,pasture,82.07935374269495,1.6583128378743233,0.09399933278209592,0.13771542634897135,5.162872074605988,MIXED
P0000969,VA003,173.1654869100078,39.179677977793816,-77.84998136225283,cropland,66.50473913238064,5.714563037849193,0.05956057205802784,0.018783076988711494,4.275326485391759,INDUSTRIAL
P0000970,VA003,257.1441186510869,39.15153860848964,-78.08478696318382,cropland,79.25405582504362,8.893439760160366,0.2019897608782498,0.04054718430643832,5.030047822390982,MIXED
P0000971,VA003,247.25830877519914,38.867503667496,-78.0371443391001,cropland,71.93913152457779,8.672670993636647,0.11176497808021531,0.029647207018019397,4.592308528946916,AG
P0000972,VA003,59.686375579717385,39.17513202887739,-77.96071669758742,cropland,74.48918834752743,0.8778261645072252,0.11573545581734432,0.21562429064832306,4.692038499968507,AG
P0000973,VA003,82.30390996450723,39.17679551493307,-78.08414435830079,timber,68.11188110555165,5.480123397236374,0.02113922982410462,0.009918736626737392,4.071879777662213,RURAL
P0000974,VA003,61.983238046646285,39.125692508502205,-77.90738735945244,timber,65.94733052064791,10.158302681209367,0.29184597374017107,0.3554039676217339,4.764641388868097,AG
P0000975,VA003,61.99290042524134,39.08501988805274,-77.89840927358478,mixed_ag,42.06893009058629,9.573549473899932,0.27528449467345995,0.16518052512126272,4.6868133706654636,INDUSTRIAL
P0000976,VA003,240.80646649817106,39.17168468261196,-78.0282337355147,pasture,86.48805419556086,4.440366656667423,0.016566345167174167,0.2251103906932717,4.277445731715397,AG
P0000977,VA003,368.3239112625203,38.9620431793988,-77.83761143122724,cropland,63.85621019269847,5.762403151343789,0.07304411602205929,0.08286063673208982,4.858851287873122,MIXED
P0000978,VA003,249.09413029971034,39.10936141386834,-78.05067001219491,timber,48.71473356953376,7.648654822720582,0.19345688533319608,0.017055729067370632,4.758442981506023,AG
P0000979,VA003,84.21448188745273,39.08181964500243,-77.9712784159779,pasture,81.67179245649494,4.475611836647932,0.04661365078925637,0.18517399372655619,4.872688564909835,AG
P0000980,VA003,114.01772649057311,39.319254286470084,-78.01583185497108,cropland,39.17715888509035,0.7483938364955607,0.10955772447551188,0.10227508741535371,4.0639804961977015,AG
P0000981,VA003,104.71620657293596,39.19017545975045,-77.99818294011558,cropland,61.00040566535433,10.474993214611663,0.38558934196848066,0.12940214099940064,4.713836694742816,AG
P0000982,VA003,162.2255908914843,39.12149047461733,-77.83920565076507,pasture,100.0,4.329641250627572,0.08486622200957052,0.06700078256506194,4.504942698570775,AG
P0000983,VA003,170.36597958861856,38.98311499701209,-77.886561729876,pasture,76.15038932087228,6.219132503936913,0.32328340456878546,0.04296581500620746,4.106333304113667,RURAL
P0000984,VA003,41.72922348993017,39.241333082580745,-77.94472331719099,timber,75.03175640913948,3.2584255026918996,0.11207058019206448,0.32907846856774264,4.325905166729954,AG
P0000985,VA003,46.068916223229934,39.296656925630145,-78.16083868130809,mixed_ag,55.479303394081946,10.057395356997045,0.15060861199094994,0.3184923668447877,4.859096007622043,RURAL
P0000986,VA003,254.68506128370916,39.09187408637665,-77.98334539904165,mixed_ag,69.31041557056167,11.843493685933893,0.07432728964812192,0.3117488778046643,4.753600106172146,INDUSTRIAL
P0000987,VA003,201.99168104692743,39.304730993566594,-77.85474688341536,cropland,51.69911550751035,2.170324743361505,0.14820783858604347,0.0907867964458752,4.257760811136243,RURAL
P0000988,VA003,45.182646131971374,39.09229467231108,-78.18972184134309,mixed_ag,64.96424435364305,3.1179559982444625,0.13816559006773013,0.11114701214178228,4.591964800292973,AG
P0000989,VA003,96.72974651135016,39.14814378033648,-78.07893985150905,cropland,53.15253002102516,17.54128948524389,0.5860179589922231,0.1181911197781645,4.928900490381135,RURAL
P0000990,VA003,151.16234555624567,39.13153281650326,-78.03295024433622,mixed_ag,58.59004869915558,13.610871633708207,0.3795827959289261,0.19026399547223274,4.903590155532475,AG
P0000991,VA003,72.1085354957438,39.03574003992604,-77.87199380749912,timber,91.68590311784574,3.824520855503395,0.12092791681902497,0.15104440182783008,4.440275925592073,INDUSTRIAL
P0000992,VA003,87.20129215568988,39.2586596513183,-77.89587262762014,cropland,51.10287564843094,11.380570576503487,0.1399551418561666,0.05894641346615281,4.400247393691107,RURAL
P0000993,VA003,107.20517920996033,39.04155645205984,-78.05480702033039,pasture,68.70821266429957,3.6843963009443863,0.3880497515930945,0.07679409896636052,4.3947191237281515,INDUSTRIAL
P0000994,VA003,121.53270855247806,38.9148096356149,-77.84649272102347,pasture,67.55525389887072,6.704636850338925,0.03552189254415151,0.07154426022720549,4.420677424036382,AG
P0000995,VA003,192.00091826009478,39.152430996166416,-77.97319925989552,timber,26.20915534348884,8.685133130490513,0.20374053039793333,0.047875659178105476,4.504715021502112,AG
P0000996,VA003,86.73231388820172,38.932010773846905,-78.05513437345466,timber,43.43388794363284,4.5540199736911395,0.17522901437193333,0.05099555961687471,4.401539107273507,MIXED
P0000997,VA003,233.43606767351704,39.144787088193105,-77.91618732104018,timber,57.6071500444417,8.837078199068293,0.3463906605127875,0.028235424438328608,4.278581788290634,MIXED
P0000998,VA003,428.36322892818606,39.20532567682303,-78.02834200582703,mixed_ag,70.19976300258324,4.03666980542629,0.10680305335725,0.028625209217443458,4.203798032038814,INDUSTRIAL
P0000999,VA003,261.5028546600373,38.91326234990265,-77.86214170766864,pasture,67.84980620040714,9.02565530244795,0.3703627090418141,0.21125129691087077,4.404956939065091,AG
P0001000,VA003,268.7314706646902,39.133837313275365,-78.01901783113956,cropland,43.4836865148866,6.197011492264734,0.08926429723694707,0.0783338143439544,4.698467029773668,AG
P0001001,VA003,65.48720882873445,39.15551686713151,-78.00305430025331,timber,82.63400507346277,8.411020463388327,0.18656059378682344,0.037060884761554586,4.498342357579786,INDUSTRIAL
P0001002,VA003,102.97833100839507,39.0435131558723,-77.82364965175113,mixed_ag,53.511161339198516,1.6221334390169124,0.055812186681532566,0.468963151835834,5.062439459942934,AG
P0001003,VA003,159.7309726506161,39.152656911910206,-77.98242875712565,cropland,27.770492260006215,1.9917284623235116,0.46084342575182574,0.2638825954379354,4.123410492155015,AG
P0001004,VA003,103.45057526488469,39.040152236983914,-77.89736943059204,timber,66.38221232051767,5.827899775357325,0.16063630864661363,0.2829914246569381,4.3445463459747655,RURAL
P0001005,VA003,315.2285968607994,39.09710290260423,-78.1790211027714,timber,65.87169761200808,4.296081281820695,0.26742792194372605,0.03282649548605697,4.88840199980959,RURAL
P0001006,VA003,371.9510720946943,39.179283851259676,-77.9848765318158,cropland,54.86359378053453,0.39383729127930983,0.22966139736863167,0.0025756825705867273,4.364923806517845,AG
P0001007,VA003,232.4104180489473,39.01527605357891,-77.87964570349564,timber,55.84186718019159,3.2890615466965993,0.03315568824811443,0.20177689516555902,4.7992776643906465,AG
P0001008,VA003,158.74363708913174,38.97292954199814,-77.99445560165053,pasture,76.61900172997437,0.5931322040992716,0.32937821610354273,0.12819237184746302,4.306138950392809,MIXED
P0001009,VA003,18.546982482316704,39.01696646181633,-77.99671206472819,pasture,45.490737585863805,2.7531333935514413,0.09823471769133826,0.14358132052972342,4.475400776820722,RURAL
P0001010,VA003,140.1261987883085,39.1718670929872,-77.88664517247665,timber,71.56163933091871,0.38866318669467265,0.46773831588161713,0.37364094497833167,4.634211251525296,INDUSTRIAL
P0001011,VA003,132.95443336110026,39.1315995113267,-78.04507575106577,cropland,73.85700807401437,9.427914697804255,0.12836062014647207,0.04940477264664849,4.519821715783918,AG
P0001012,VA003,612.011995083416,39.06809456585876,-78.02657211809924,pasture,65.61560923533385,3.848179685752168,0.06577070585631414,0.10129150547705465,4.055172691016367,MIXED
P0001013,VA003,236.40144387780686,39.06955830573028,-78.0307018683694,pasture,83.670614987491,1.8311804208185851,0.11570225112426163,0.1018993611730962,4.003786591089906,AG
P0001014,VA003,161.02575912096907,39.115254503176196,-78.02205713156211,cropland,35.79733906601487,12.066677844459893,0.3326669660217915,0.07449747900446523,4.361984660138788,AG
P0001015,VA003,343.6135793304711,39.26873091061299,-78.09997029547442,timber,59.78340286366861,5.3648257441245395,0.19608631120987866,0.03019679212401352,3.925853857242666,MIXED
P0001016,VA003,81.57074452728347,39.114009069144046,-78.10239667923878,pasture,79.77477540666598,9.198579160971011,0.025434994954787325,0.1424580565200176,4.562876631431396,MIXED
P0001017,VA003,175.58475937843133,39.14675168391389,-77.94031446806123,mixed_ag,51.28955965479753,4.030614304134924,0.06172586677199567,0.0170699319445615,4.406576234436107,AG
P0001018,VA003,172.42754333735004,38.979037755320796,-77.76176428274128,timber,80.76271091343088,2.5610528223639584,0.1520190036742078,0.008645844840178708,5.283223054516488,AG
P0001019,VA003,25.33251337110802,39.12967843873459,-77.92553374452693,pasture,87.7329441241765,9.972317351933532,0.4609907143453743,0.23643969682240637,4.724478687646652,MIXED
P0001020,VA003,44.69061706038846,39.22820797379908,-78.0365398648785,mixed_ag,69.55985010889759,9.74068720461087,0.27997421221293345,0.1395686799002597,3.8447899900013587,AG
P0001021,VA003,253.955244157502,39.035479337673145,-77.90400535569285,timber,62.12764203718686,7.8272298801069535,0.1980291904734884,0.11134859266066649,4.830077689173022,AG
P0001022,VA003,243.17185713574085,39.160909469922984,-77.89930748706107,cropland,63.38649617308569,1.065205029184826,0.28927718953156345,0.01681762064997225,4.045008223785403,AG
P0001023,VA003,28.57395386129424,39.1924183833106,-78.06540077480668,pasture,77.26895994098305,6.245357424850603,0.07992131425421144,0.16517313015155732,4.580306951007159,AG
P0001024,VA003,101.63272990390774,39.15557524435841,-77.9965349599344,timber,60.90174750204585,2.8313095950735425,0.1628425466962154,0.12465954924373193,5.123838873673202,INDUSTRIAL
P0001025,VA003,387.4953622511256,38.996685718952875,-77.93135737220895,timber,85.98540982784928,2.141353428075409,0.2199941565560747,0.002027971874442659,4.635361662883488,AG
P0001026,VA003,109.97728880061953,39.14860260191441,-77.95687883306722,cropland,63.589299326754976,7.049257062569857,0.26941796441077587,0.043529541166921676,4.742415270094968,AG
P0001027,VA003,70.45392916303052,39.15551491898853,-78.0590131050942,mixed_ag,95.833415656395,1.696829029772207,0.12763437093646,0.02048404841886597,4.880028468216606,RURAL
P0001028,VA003,279.1942868455363,39.19231828201811,-77.97714627318807,timber,66.60043331582668,12.073024323549157,0.07037573932540651,0.1756542537139034,4.818396836127112,AG
P0001029,VA003,268.0517038181837,39.02935870571136,-78.04045103711775,timber,63.86891257994124,5.9440927116869755,0.08250943849159466,0.08502206296097516,4.63960903040269,AG
P0001030,VA003,94.08333774114683,39.066574324368524,-78.07327100009985,mixed_ag,46.92945808125674,8.215513687417625,0.09972353521907705,0.016545882692070083,4.462969211230822,RURAL
P0001031,VA003,94.00301675647562,38.93730558648232,-77.98997467497438,mixed_ag,78.75021588065866,6.090576558189174,0.41897708206238227,0.0871785108658858,3.858212469658418,AG
P0001032,VA003,65.43685300282738,39.066667673568624,-78.12991007846779,cropland,91.4266457085534,5.081892894141401,0.23098620032155912,0.2672381690247786,4.367010217245137,RURAL
P0001033,VA003,81.49059135240579,39.04367179073376,-77.93931004728718,timber,67.99390104140288,7.396452447413039,0.052267089160323,0.03519821447131073,4.646066315132942,AG
P0001034,VA003,54.18292498485003,39.01551728780372,-77.88367047263114,pasture,54.93232539433732,6.213904842862946,0.052462264698403586,0.2669826818628644,4.944976377647157,AG
P0001035,VA003,37.21575528736162,39.03081452177168,-78.10150947973877,pasture,57.37488328187683,11.77648266056048,0.0323976608297335,0.06838700819762358,5.134985354572875,RURAL
P0001036,VA003,117.4181251292532,39.02814682948648,-77.99528029956902,cropland,58.99224352480073,0.6247493260532317,0.09660609909523349,0.24846536135538563,4.781867325827358,MIXED
P0001037,VA003,53.98988597296865,39.121719675228384,-77.98708223401538,cropland,84.37455520299883,3.0024652294262437,0.09808241529507405,0.2715344754777268,3.9114275395625,AG
P0001038,VA003,301.62441341976313,39.23340162509341,-77.93008836271537,mixed_ag,49.384653154172966,10.355631118527667,0.04740399837201971,0.10737741922489079,4.836770785365147,AG
P0001039,VA003,238.0208764649882,39.11846279195693,-77.95604561838431,timber,31.238816072277686,0.9566514473843237,0.049555049236041544,0.06644956694665599,5.053844451238918,RURAL
P0001040,VA003,267.40088531681346,39.202130259515876,-77.90711006367565,timber,58.44027656333857,1.942616854573315,0.057479219104545044,0.1742154927470291,4.328707746735176,AG
P0001041,VA003,428.0572719462624,38.95866452281226,-77.7937935572722,timber,75.50313276453699,8.229093422996064,0.2806940455443153,0.036113321761584126,4.539286655903799,AG
P0001042,VA003,573.5597496512155,39.41151303636961,-77.80555069809017,cropland,69.87751311583587,4.947891440704704,0.10501290869936265,0.014491892038397661,4.55003636939004,RURAL
P0001043,VA003,275.8958976585901,39.095325846047665,-77.88005503621233,pasture,63.672064970964946,4.698466605160329,0.12751899523792323,0.2801542097205557,4.360603743441234,AG
P0001044,VA003,242.06469660394836,39.213254424938704,-78.10109018721909,timber,74.76135348013142,1.4012230975845155,0.29090834948088434,0.171809350697924,4.526896631944586,AG
P0001045,VA003,129.05711631447883,39.17243079879671,-78.10861865422152,cropland,53.86676929661519,3.720967790925966,0.044054433280913165,0.19498599747084905,4.71567585217025,AG
P0001046,VA003,205.1896724657733,38.82437595958432,-78.0037668805621,pasture,52.56024658764707,10.96784163979347,0.479164299558102,0.059158321067699735,4.493517375943773,AG
P0001047,VA003,194.16735822281564,39.27344221509725,-78.01635125353428,mixed_ag,57.163076653113016,10.938319971315295,0.014586646762716843,0.0838624722715915,4.870238982570905,AG
P0001048,VA003,283.2971411905398,38.94710937756848,-78.00460747126652,cropland,74.03054749928764,0.7206027379599238,0.12635434768351886,0.08223266173147138,4.878180822551577,RURAL
P0001049,VA003,157.4304860508228,39.208130876931705,-77.92488351392609,timber,99.92672446929366,6.872023099958256,0.16022623464771804,0.0032487449834683393,4.807247278428096,RURAL
P0001050,VA003,120.57051097859409,39.18179521591482,-77.93274476072297,cropland,74.40002857404926,7.790800136275791,0.02587135067003358,0.2473316920750293,5.082727438348329,AG
P0001051,VA003,111.39636008933039,39.22910615226618,-77.83103733720966,cropland,66.94627417695476,7.011210661437324,0.1685068193863754,0.12275886624160785,4.793759001302755,AG
P0001052,VA003,398.6717772586103,39.083058956300185,-78.10079149098378,mixed_ag,67.04782673927646,7.767364323582258,0.17279588499930332,0.06315574646175771,4.873844954691115,AG
P0001053,VA003,53.61621454834557,39.16678735694651,-78.08392130721519,mixed_ag,63.265413898072616,3.202958884613035,0.4459618500427517,0.029902212186784884,4.480298791895101,MIXED
P0001054,VA003,237.5953416036644,39.031365692050514,-78.00497553111461,cropland,69.81078591088693,4.952159187696335,0.06359089267979869,0.3407738018787933,4.036166858303976,AG
P0001055,VA003,198.488656699475,38.96737167626379,-77.96486714096451,mixed_ag,57.02707626359999,4.944351740120312,0.25966291376677203,0.31867360600532174,3.9893925088610462,MIXED
P0001056,VA003,110.64880055773058,39.07679417704682,-77.9460180777901,cropland,53.39801310771064,2.061446751734469,0.01372084774563623,0.03274965406977005,4.432066190124526,AG
P0001057,VA003,120.8419019083573,39.13901670550237,-78.08468198476196,cropland,69.06595376432763,7.565278839552794,0.1042681661965209,0.0969416491322811,4.88685561078045,RURAL
P0001058,VA003,131.95041402211857,39.130416949101914,-77.96026364836244,timber,51.12900950433518,1.1302825357008375,0.0835968835202156,0.016189628180626345,4.494320324611801,AG
P0001059,VA003,85.10082871477775,39.035854345631265,-77.97137257827345,mixed_ag,69.8694899373963,9.717004600121555,0.07125281977155552,0.3042131602696129,5.064279435054353,MIXED
P0001060,VA003,122.22693410017715,39.17962764274551,-77.9080912143146,timber,78.25963363447916,5.79984921375736,0.10264886009082101,0.014784476225945687,4.40004722674617,MIXED
P0001061,VA003,155.0596689487213,39.01636662970054,-77.99904144549515,timber,45.31602353747809,1.973380428220215,0.10340274862642622,0.05142415134673202,4.00462196656642,AG
P0001062,VA003,43.08734964510303,39.2521693950686,-78.05753999346997,timber,40.78048733118595,3.375895793814313,0.26288568304188353,0.07859781212882316,4.414972951971066,AG
P0001063,VA003,110.5189549956582,39.22671379815788,-77.7926849339942,pasture,76.5422660532,9.956917339164272,0.08161837891237934,0.1244374553968579,4.834474826673453,AG
P0001064,VA003,54.249029196062914,39.16797019503037,-77.86341330431802,timber,49.8805846690417,7.676564055434383,0.038750354065758566,0.006517375807471169,3.9952882031549715,AG
P0001065,VA003,64.16502328051325,39.145333618024786,-77.93820455694205,pasture,69.44856169960957,5.521460296686281,0.06619844865792447,0.10993275558513986,3.836595464844284,AG
P0001066,VA003,43.77767444813552,39.03896277976392,-77.97187230111348,cropland,92.87266425407316,5.928364444866362,0.24013093133198,0.06131965647182592,4.745893192347266,AG
P0001067,VA003,37.99189249974896,38.99979138861024,-78.01953554882633,timber,61.57865145022235,6.420563173293299,0.08694576388982585,0.12498460642621552,4.430870225154665,AG
P0001068,VA003,98.69947252381625,39.213984869726005,-77.92524275313272,pasture,50.50659297609815,1.3372813567768858,0.25579704065475106,0.2451349883950102,4.788145608771741,AG
P0001069,VA003,169.66831149609624,39.15474630758169,-78.0012202901208,cropland,78.46574583134895,1.243726867227082,0.26388462719458705,0.18238980224849863,4.8803077338995635,RURAL
P0001070,VA003,28.42015924545115,39.163976954804646,-78.08776178157831,cropland,52.80964942846454,6.891307873206003,0.09086078624192541,0.03611445385131901,5.068303168273528,AG
P0001071,VA003,47.8885018297883,39.029241908631136,-77.8995948915386,timber,61.68932348075358,8.6105393695105,0.26069611500783185,0.08524536887960371,4.706007620750322,AG
P0001072,VA003,282.2305854044154,39.1841263325013,-77.9447870341408,cropland,64.77598020833794,1.7790868828011446,0.27521172057936344,0.3182015776959747,3.714004112168599,AG
P0001073,VA003,187.1008119575846,39.235607990832776,-78.0583568251256,pasture,74.77264759490487,1.4074141650279468,0.1558347926052308,0.1486810079025304,4.2717550064578935,AG
P0001074,VA003,61.24706883460238,39.19205802914488,-77.93687674678229,timber,68.20670647809773,2.1434640496805364,0.06437302294056492,0.19094609651520733,3.924121981467211,AG
P0001075,VA003,53.724615299833886,39.09246015957459,-78.03954474874361,timber,51.70155703526531,5.046961602366089,0.06068660668836862,0.15341283380072948,4.418213195379767,AG
P0001076,VA003,21.844713047674755,39.1673149621328,-78.04373874224305,mixed_ag,86.9858440853975,1.2773357946832342,0.35960619591510296,0.07267521494962266,4.183437114537578,AG
P0001077,VA003,76.67433115510192,39.17908882721498,-77.94434045063848,cropland,61.825502849409794,2.074693427591545,0.48230433966014824,0.27454819004966124,4.225470216399313,AG
P0001078,VA003,204.68315591872812,38.974673914167774,-77.96679994520261,mixed_ag,71.00330358905784,3.9273497821466457,0.21680204177923945,0.1871868730194199,4.425792465837409,RURAL
P0001079,VA003,166.57654753620452,39.06961841569678,-78.08230739772698,cropland,73.05658244694364,1.5244104695386629,0.1859265966074595,0.05577851295451952,5.003632963367317,AG
P0001080,VA003,57.24667520606121,39.188079146306094,-77.85842402976992,mixed_ag,65.1957388600013,6.984730230679029,0.1439123563330549,0.06337526812219914,4.585799319506854,AG
P0001081,VA003,308.90373928550264,39.24442943648465,-77.85425345416903,cropland,43.52061083019255,7.950360166260188,0.5296078975109083,0.09150200571701496,4.39445238559645,RURAL
P0001082,VA003,179.10327712613156,39.03275848895745,-77.84858628931576,pasture,73.50329918592001,5.285386815825847,0.06339410233248081,0.17527151838462227,4.768086867929256,AG
P0001083,VA003,577.6475318807184,39.097893247320215,-78.2755500724399,timber,51.86506650371201,2.3882069750645427,0.1073257746797664,0.20867600213320406,4.624857244417749,AG
P0001084,VA003,101.79314719517325,39.15160749777694,-77.96522912179489,mixed_ag,82.89571270593436,3.5317799206539116,0.12856029697340457,0.029961532159316233,4.393840817403119,RURAL
P0001085,VA003,123.54064862145661,39.19590098153007,-78.09364700667015,pasture,72.5149335402092,9.350134368869893,0.07270886025287492,0.2627900621723309,4.742072309701694,RURAL
P0001086,VA003,163.10624523001377,39.22659495013935,-77.95697398447659,pasture,73.91453272210646,4.738396327964842,0.22313382650293737,0.22390571994760183,4.098433904457655,AG
P0001087,VA003,261.0594497767861,39.187195157070434,-78.22357307170907,mixed_ag,63.09306937521369,6.781807728112672,0.14039077908878111,0.07868395862447689,4.6221608821753515,AG
P0001088,VA003,32.511859303000364,39.31422392184014,-77.78092410248199,pasture,77.4839395615327,4.045222022195589,0.06275188959553273,0.4308724442541208,4.1726660026090805,MIXED
P0001089,VA003,147.1274324693331,39.15371750822632,-78.14064383189306,timber,42.788263080911975,6.512578313652849,0.026050953751371786,0.043413862806708836,4.651746994233179,MIXED
P0001090,VA003,176.48692255169885,39.01423359407283,-78.07935237401905,pasture,91.2535052420333,16.04661386437199,0.05274374555600529,0.16433162190770834,4.401278939125668,AG
P0001091,VA003,255.58854055275484,39.147434811508205,-77.90134605628323,timber,54.425810795945026,3.6013079723592574,0.3324685435682893,0.15301132173574586,4.864656069138851,AG
P0001092,VA003,85.64652105352783,39.23741398701403,-78.13320056062811,cropland,55.8104688033826,7.636733949252738,0.12609982452951327,0.04269594641549614,4.0783996935308355,INDUSTRIAL
P0001093,VA003,79.32455363720801,39.31818382385012,-77.95621456485871,timber,67.54765718491997,16.191076719416838,0.1662262445492666,0.06269301640436958,4.733478113233807,INDUSTRIAL
P0001094,VA003,79.9133185925323,39.29878960782241,-77.8625428254336,timber,77.47731116042021,4.264560974315616,0.3813958181829453,0.138678484714829,5.154472445582241,AG
P0001095,VA003,59.233835608354795,38.97928721904986,-78.09045508196243,pasture,84.21249134769805,3.9322255656499694,0.06897795058540208,0.1213046489306605,4.634153784324964,RURAL
P0001096,VA003,92.91151814053156,38.9665587247093,-77.78289410142841,cropland,71.8488800029164,2.9466319356635866,0.09914540202544045,0.09833797756235653,4.984725537283442,AG
P0001097,VA003,28.860249335687257,39.09654797173123,-78.08287115069038,timber,53.134847610295445,6.443137270039919,0.43558599554491834,0.4177416853900149,4.580098948516778,AG
P0001098,VA003,67.23842699064429,39.10081524054954,-78.06768598754604,pasture,100.0,3.406091313182466,0.18412175436298123,0.12622046393158454,4.523642090634282,AG
P0001099,VA003,193.16324002755553,39.1636653082814,-77.96220846419224,timber,32.73189493831539,7.215329102336398,0.03935946692859555,0.09989676808160901,4.744201126858268,AG
P0001100,VA003,275.94850535192074,38.951028888574335,-77.91442628258497,cropland,79.48080996089439,2.1210713830081898,0.29610647615229996,0.04067382915054165,4.05304449750128,INDUSTRIAL
P0001101,VA003,161.99894549382518,39.157603864689875,-77.84878106037515,timber,74.1437852211899,4.383405975231172,0.3304007006551002,0.10287573899094168,3.5,AG
P0001102,VA003,71.2676353372598,39.08784428550494,-78.01812929000181,timber,68.60360212993433,4.025278982293617,0.11251932369478812,0.0384480690990068,4.393398170646986,MIXED
P0001103,VA003,111.56501785545507,39.091004156389765,-78.09895651484486,timber,84.89329643386516,0.5421471181140534,0.4537882188822644,0.18292668046986685,4.710122981700591,AG
P0001104,VA003,254.23604266054068,39.19544521176155,-77.82362906442701,cropland,64.86274933674147,24.404636077620804,0.30806493434393484,0.0221987595488726,4.552445846186152,MIXED
P0001105,VA003,218.66256569899667,39.02412022375642,-77.96113136138837,timber,52.266979847706324,11.680619167108528,0.04743511681719987,0.009050788910402964,4.723973082096335,RURAL
P0001106,VA003,902.07375722603,39.23596324781503,-77.967889265697,timber,50.20915887835613,7.069170994181494,0.028819670619204405,0.06694185560989718,4.674942237533844,AG
P0001107,VA003,291.1941659839896,39.066466765489515,-78.06220775318194,cropland,34.714968561157455,3.6241274276873288,0.02627284721406256,0.012836333101432444,4.316956639608098,AG
P0001108,VA003,271.9144260760607,39.230140130251876,-78.06964468177922,timber,64.90382370683375,1.6862077377273563,0.020225321294000315,0.02730639046552769,4.548184365936572,MIXED
P0001109,VA003,67.31678004146144,39.150598169408745,-78.06609453350839,cropland,63.47985905247438,0.9716894394770257,0.1936725456065348,0.36096283415266195,4.6109535562084005,AG
P0001110,VA003,101.0751814173429,38.997614306940115,-78.03880266644211,timber,59.68436948938684,3.108315970646007,0.1077336215620715,0.06615774651779831,4.804967695064626,INDUSTRIAL
P0001111,VA003,306.6167922299758,39.211394004345564,-77.94365482551252,pasture,61.10882452286335,8.570666442115648,0.0399739275830617,0.12050796041674908,4.812951859502762,AG
P0001112,VA003,137.09137052910154,39.107296134074424,-77.93658698371011,timber,80.25101460858758,4.62889301226922,0.2269350380675834,0.28226247475367683,4.901914626653105,AG
P0001113,VA003,143.34478897025417,39.160078018310934,-77.8527186866726,mixed_ag,23.451745722731488,1.96916573228035,0.05158761721030341,0.0414692707990309,4.61451261867469,AG
P0001114,VA003,84.44022666494554,39.24917438224737,-77.99032855841205,cropland,48.131940164752486,3.5164135662583345,0.05751007712204913,0.09557736324636128,4.461046145696464,RURAL
P0001115,VA003,179.38209436558986,39.1183515176765,-78.14775500917375,mixed_ag,55.44510652968191,0.9395964658386718,0.23043057767682248,0.18948231962725104,4.387486676054803,AG
P0001116,VA003,269.08028467736585,39.00401224366732,-77.99076088845838,pasture,62.673491910489744,2.665000342567849,0.12129697589038582,0.060814557107814936,4.068489566913945,RURAL
P0001117,VA003,275.7190533351669,39.14795964542837,-77.92807039239202,timber,56.42018773595008,0.338182292049223,0.0033203457095762373,0.22445606866932924,4.295076483258315,AG
P0001118,VA003,28.288708343818826,39.338408856131394,-77.98213499535196,timber,58.0773720740569,0.9071143202020181,0.03500168402108243,0.04398675278337624,4.800041424624374,AG
P0001119,VA003,78.35330410552197,39.32273178997821,-78.12630639861533,timber,63.76991029057965,3.3880804585763116,0.18053233348369244,0.09434137392904166,4.982543864887095,AG
P0001120,VA003,150.11606709509107,39.176923915557055,-77.88577434551223,mixed_ag,71.71183850434188,3.227427887423511,0.2412281853512608,0.180906564796221,4.757448101357924,AG
P0001121,VA003,182.9852665990453,39.0399111643192,-78.06468037068991,mixed_ag,50.07457308356644,7.7178091292081135,0.01591182265118974,0.1748169787603291,4.729915075716098,AG
P0001122,VA003,36.59510599967512,39.13349220591042,-77.85820621693554,timber,48.98865213535338,8.807514683446627,0.009637999876791014,0.17899410641326188,4.950002463242944,AG
P0001123,VA003,1047.7048970427863,39.12375810109565,-77.93791851811211,cropland,39.87921701607666,3.3051041383978434,0.1391942417440163,0.1557412619515656,5.140277261084269,AG
P0001124,VA003,134.4878678571111,39.258842776367985,-77.98777382760245,timber,49.9744690344086,3.828340485568462,0.22776311926245807,0.038078186201893606,5.303329070916569,INDUSTRIAL
P0001125,VA003,111.69596768420352,39.284200176234556,-78.12632673689716,cropland,94.99510688152792,3.718853311945452,0.15728507744758913,0.06582344346449577,4.598457882764263,MIXED
P0001126,VA003,187.25073091875495,39.34826175577869,-78.21205440976439,timber,59.6698200850195,11.078400948704552,0.03821792088268878,0.1043941886796282,4.491277888539924,AG
P0001127,VA003,347.7445737605367,39.20674356365541,-78.11800668974551,timber,72.13157017291053,2.458131787324585,0.17315505507059742,0.2736042648092795,4.8250301877081,AG
P0001128,VA003,288.41185596999856,39.10120193183217,-78.114721493907,timber,66.87057603256382,0.8461219934155819,0.16708522854138663,0.032392098252728076,4.310252269875978,AG
P0001129,VA003,79.167357095105,39.14949951536077,-77.86749153157857,timber,44.78336027554111,11.042053017428406,0.16875692082707539,0.16810248301590594,4.85787885061273,AG
P0001130,VA003,307.6507073485195,39.23418050071408,-78.09195636252205,timber,50.1100601415764,4.34344344657165,0.06986697601474615,0.1922604810155525,4.637995003173726,INDUSTRIAL
P0001131,VA003,227.97199137757607,39.07133987677566,-78.13640133395614,cropland,78.55121445548613,1.9619028265476832,0.26041522059503913,0.23148207688523464,4.754259561281966,AG
P0001132,VA003,67.38721503904176,38.96922498570174,-77.97258133777086,cropland,55.2093700179708,7.415449689282276,0.05122864966635219,0.10830304320809427,4.796128169585577,RURAL
P0001133,VA003,147.2841181923017,39.0041501662893,-77.95727233606925,pasture,75.33401795130699,2.249133103817876,0.034002410638347295,0.05282937594394398,5.31453857451093,AG
P0001134,VA003,131.87621344350066,39.135207341165916,-77.93564793693992,timber,41.54669106778005,9.987020768481724,0.3677601634388947,0.10656693303844597,5.274055445198956,AG
P0001135,VA003,89.3107560148123,39.33021106519534,-78.10571672347066,timber,58.683419193141155,2.1664629509975932,0.22807636403895326,0.058323044780409034,4.573942675912381,AG
P0001136,VA003,66.19910229374298,39.283057590899226,-77.8428506028541,cropland,41.562753939570044,5.237387674052773,0.1511940328223749,0.013845612832699684,4.723262407928719,RURAL
P0001137,VA003,695.516274873441,39.199256868091574,-77.9126230381272,timber,58.483640623847364,10.412187613575568,0.02562709956549356,0.29496551180610303,3.981854091940147,RURAL
P0001138,VA003,173.49520066016547,39.16577837069011,-77.83786004473085,cropland,59.41020719809217,6.8927754667081,0.11144688319463532,0.23278738012230676,4.877446796108653,INDUSTRIAL
P0001139,VA003,94.27043654147091,38.92603235091774,-77.93666239144301,timber,78.66061926950145,7.378202154230006,0.17771698814492157,0.07412694394063887,4.167746854587121,AG
P0001140,VA003,236.70713845973884,39.11293419091597,-77.71961781381458,pasture,71.67413213098547,9.877737639689585,0.20581870769026692,0.20112135116472865,5.132626140632498,RURAL
P0001141,VA003,329.9929781273954,39.10106424952322,-78.18172674987653,timber,66.9663282078086,1.7004214791728678,0.4051379218530724,0.011455938727617472,4.306855057691176,AG
P0001142,VA003,268.30100635442403,38.91441031148751,-77.97063501026462,mixed_ag,95.46593940933545,6.303979431430255,0.2345240761449834,0.012957652971496775,4.605121656982883,RURAL
P0001143,VA003,152.04414269763276,39.22386152928632,-77.94844853367728,pasture,52.40117813763456,2.8203035257869264,0.058885337436445764,0.02831200776966358,4.529119004884338,AG
P0001144,VA003,197.0738776256704,38.986423626326676,-77.85763548769138,cropland,90.50027071612857,1.1745270831668957,0.09208238363981762,0.07128156784505807,4.880124764696703,AG
P0001145,VA003,88.56147749106697,39.239499247716935,-78.11282787351546,cropland,77.99670516604657,1.3212190546860714,0.08392763040749494,0.0392735694032414,4.178859493944113,INDUSTRIAL
P0001146,VA003,69.15500538584017,39.14740838820284,-78.01632042088991,pasture,86.45584582081467,3.897784810864826,0.1311169976961076,0.2896585715775802,4.04448216951442,AG
P0001147,VA003,316.9863047150071,39.33563340140237,-77.89494485609214,pasture,84.36710577302223,2.455661595984571,0.16567562410338033,0.12644333714470474,5.078939769717641,AG
P0001148,VA003,156.40695855767703,39.102940225111105,-77.82253763643526,cropland,79.10531929422807,14.221328404210434,0.05332684856323424,0.10859193659369618,4.203330263911538,AG
P0001149,VA003,119.45572741888296,38.96138602317673,-77.99387393970846,timber,58.61543734475277,4.186683152206082,0.10899295490438556,0.04053969134488511,5.018150328746776,INDUSTRIAL
P0001150,VA003,199.43442852359223,39.156958702463335,-77.92206627277051,mixed_ag,65.75299018139889,4.072732893920277,0.15781756440786504,0.062479975478124755,4.749595658151635,AG
P0001151,VA003,93.78164338157355,38.897448152813794,-78.02882879113805,timber,34.262119750740446,4.31482508957685,0.12229852938810712,0.19651662159932046,4.863694704410017,MIXED
P0001152,VA003,96.30699361839775,38.96632438830841,-77.93165414122667,cropland,77.65116280778899,3.343110748381091,0.13124692373565738,0.09426699427236779,4.56573665678172,RURAL
P0001153,VA003,101.0555275692959,39.30595613574487,-77.89183662732736,mixed_ag,88.27515891432378,2.031112841120005,0.04789743517831634,0.27753371548528744,4.247229636335835,AG
P0001154,VA003,59.25770898829797,39.129707927926184,-77.86256374209098,mixed_ag,59.603126190782795,6.169717559603075,0.04508757705538624,0.16506561520493712,4.355772290936319,AG
P0001155,VA003,110.32309114700958,39.16829931670347,-78.0566486985217,pasture,85.67416873753905,8.25495379375898,0.12631485205240894,0.1059276059512303,4.749469440135837,AG
P0001156,VA003,894.0231413128594,39.21908222150838,-77.94451172278735,mixed_ag,92.59306483243617,1.7538564446363072,0.007855526348562647,0.2581489958159058,5.157968726965935,AG
P0001157,VA003,149.29542884157127,39.189483775479246,-77.93925298363204,mixed_ag,76.42250333260911,2.6204950844158574,0.08028532389071513,0.05714330857287679,4.561415656497209,AG
P0001158,VA003,120.46889617324115,39.07714005115916,-77.98413685008941,pasture,42.18998888852054,5.074526915660831,0.18637584556215644,0.11479004719240071,4.815868984164553,INDUSTRIAL
P0001159,VA003,581.291097239426,39.13943801437776,-77.77765441058742,timber,48.23531926078904,5.462428445089612,0.20603685614988426,0.16207417290778672,4.750730644864934,RURAL
P0001160,VA003,250.11885383355232,39.25532175871291,-77.93073383124569,timber,100.0,1.1894266699246585,0.13774074957927784,0.11702540782417777,4.878328066395784,AG
P0001161,VA003,115.65188012594858,39.165015790949155,-78.06975492855629,mixed_ag,91.47243176905403,2.0567627967513156,0.3187712897512626,0.08370791551074211,4.855934181063775,AG
P0001162,VA003,51.0681566141517,39.00514554030884,-77.92079698400754,mixed_ag,63.22768267633538,20.19213348154797,0.31338321873975633,0.058567883550364117,4.434688064640328,AG
P0001163,VA003,66.14719564874898,39.22520800106525,-77.94204876061256,mixed_ag,61.740726588298585,10.950921427213549,0.016828146662057016,0.15488705154461904,4.521705320874175,AG
P0001164,VA003,277.9151229576901,39.19397663671871,-78.00001599486707,pasture,64.21032153742534,6.7601829729974385,0.386304378472067,0.31006312698257665,4.060395419241619,AG
P0001165,VA003,105.77036822150231,39.122243971572914,-78.10209521662772,timber,68.9970513295472,2.8005807311658604,0.2827466726507775,0.16651615033834832,4.167716314356288,AG
P0001166,VA003,138.70165117332903,39.06273887866372,-78.12665239031696,timber,36.70987850803641,5.901874762510335,0.1516333302492403,0.10087305791450847,5.166036731861299,RURAL
P0001167,VA003,99.02119568629064,39.16586214617744,-78.10624300495218,timber,52.537142860019564,6.815088344794761,0.06689974220207243,0.027332740927751568,4.528788786134983,MIXED
P0001168,VA003,119.21770033758584,39.14658991462742,-77.81873891033457,cropland,74.66945491645866,3.935791259413388,0.49518173061993903,0.12387582657469322,4.762055196785887,INDUSTRIAL
P0001169,VA003,622.6131783987079,39.21420624930656,-77.81917232294597,cropland,46.73911114812974,6.492439202146684,0.2408301674762119,0.15357072508842504,4.497468871353504,RURAL
P0001170,VA003,67.93099739462636,39.08790376716209,-78.04519367476378,mixed_ag,45.50604421732669,14.241929013282107,0.1144609354105467,0.03922631147447217,4.311532331451823,RURAL
P0001171,VA003,108.80240422768235,39.36253119636784,-78.0298593470448,timber,92.17485779803927,6.727464363977116,0.019089845932287193,0.16226562659610033,4.512927073168195,MIXED
P0001172,VA003,114.12439860570217,39.145434742094686,-78.03117410403438,mixed_ag,68.18671141654312,0.8327893068282437,0.03688578643278677,0.023446065918364657,4.156322769074808,AG
P0001173,VA003,43.689050451142606,39.09727066140489,-77.93135788327707,mixed_ag,72.09267169788565,9.691107724259668,0.08181980809420168,0.21374219972019556,4.146917236373319,RURAL
P0001174,VA003,37.94022960045784,39.04003329229793,-78.03945988017357,mixed_ag,56.997274100211094,1.5710889379098647,0.15434074168691966,0.36108328115357224,4.301457249202746,AG
P0001175,VA003,93.69721215361027,39.17344329606008,-77.95360613142034,pasture,80.22959423937226,1.3051695512335617,0.21567553384728036,0.06867474194476157,4.954147234442032,AG
P0001176,VA003,457.35556362037374,39.162192329972164,-77.98035630896473,timber,43.115199017755884,3.3324171334539994,0.2237856171840692,0.05126263859379336,4.736738831257871,AG
P0001177,VA003,32.19911777762145,39.157712859041204,-78.24094283162897,mixed_ag,64.94511215746503,2.8836011407798607,0.45299173710472096,0.13922529861547417,4.3903924057751915,RURAL
P0001178,VA003,152.14728404391562,39.001914579846,-78.02310928477578,timber,78.03002023560079,1.8693657836767255,0.04296515300697545,0.16912413853557626,4.337299761601464,AG
P0001179,VA003,98.17626587744815,39.103916899438154,-78.0705948938503,pasture,45.74630865150198,3.005105762030811,0.1999066036686809,0.013041994817087954,4.108335210895307,AG
P0001180,VA003,57.49421731399061,39.05708289464054,-78.05898495611832,timber,59.67919622763874,1.4718004726000413,0.24848939212194027,0.132787134313804,4.403281299834136,INDUSTRIAL
P0001181,VA003,613.1601824489711,39.192324727304744,-77.9097925600311,timber,68.36130518343292,10.233079612496308,0.2535495661007646,0.015921255964615414,4.4398183399843765,AG
P0001182,VA003,227.49291417233843,39.14051979524938,-77.85135276329768,timber,56.69058394648571,3.9811365642461793,0.22690949278915112,0.11369367468468874,4.9869499700995625,RURAL
P0001183,VA003,407.2609030495615,39.00034035602246,-77.88275482711835,timber,62.26651929188165,3.0654401653892878,0.04737542490874123,0.0076592276472122085,4.755851013639642,AG
P0001184,VA003,310.8042483819284,39.20664003174497,-78.04069221624367,timber,60.596577305514046,9.942853910003246,0.030463034583310532,0.2249582714133141,5.112672220070803,AG
P0001185,VA003,45.87106703876005,39.111163814416166,-77.96609613809409,pasture,64.42841063226783,11.547798591514296,0.2901603835238872,0.005433033342406499,3.9433632064473803,RURAL
P0001186,VA003,105.34032218568109,39.04063065281493,-78.09250399246508,timber,72.0499472860889,3.189814733940504,0.12438544649010784,0.07790365509330419,5.013429042735503,RURAL
P0001187,VA003,127.65826286481254,39.14155827667774,-77.9621470603775,pasture,60.12106506060046,2.815911413190543,0.17970936653073213,0.011520887500362571,4.521602539147648,RURAL
P0001188,VA003,84.90051186332373,39.216893516258516,-78.14043404427281,mixed_ag,37.34486008405847,1.6486939426898748,0.12267469759725028,0.08803392562210838,4.182078831991373,RURAL
P0001189,VA003,282.16180693032777,38.99210736460589,-78.07500184755007,timber,59.926233444745684,6.183096046757816,0.18347652158676023,0.008784549585252573,4.8263217096694495,RURAL
P0001190,VA003,31.0068968889829,39.10782502924987,-77.85822296608508,cropland,90.63757246113717,10.050991580806931,0.285064666358372,0.08679159252480209,4.6505788819954255,INDUSTRIAL
P0001191,VA003,116.15023251696863,38.91229781100457,-77.82984052390967,cropland,55.73344808704741,10.265913307117742,0.2331026580380133,0.28303490794767716,4.6357199538842275,AG
P0001192,VA003,42.68627392679867,38.85706232295994,-77.90397680725611,timber,55.85014458228217,0.34603305602354006,0.15677975943839004,0.030301247744282164,4.686169895937578,AG
P0001193,VA003,39.54102428743973,39.11111646132015,-77.92494563210762,pasture,62.107508393481815,5.861133246751439,0.2313189136525563,0.13946430333321302,5.043773227219007,INDUSTRIAL
P0001194,VA003,69.53064805478817,39.03558514430787,-78.16396615521873,mixed_ag,58.26671929226346,1.9647637698277505,0.06040830360863384,0.008338295804423525,4.795872686206562,RURAL
P0001195,VA003,115.85953505108637,38.97143538980764,-78.16290951496718,mixed_ag,48.73452588651605,5.097317061808947,0.08998129467788722,0.04067843695701042,5.096695628644005,AG
P0001196,VA003,118.5446277698356,39.09812526524983,-77.97297813913677,mixed_ag,66.44202460618624,11.317461797874227,0.3596306136738336,0.19039157864767042,4.840056833363774,RURAL
P0001197,VA003,86.17707568380597,39.05999794126842,-77.90121093953368,pasture,53.71341256555979,2.489741115845704,0.06400230679838947,0.010899928071490326,4.548814046783925,AG
P0001198,VA003,96.75151786804624,39.06756440661588,-78.05324251739414,mixed_ag,65.37573974104892,3.7732461477803145,0.07237271051388726,0.047078182551497934,5.151685422739461,AG
P0001199,VA003,74.92231639813731,39.0669215728317,-77.94566130485373,mixed_ag,55.49177213642659,0.8237367866140887,0.2368792390669339,0.16928198838005223,4.543497869524306,MIXED
P0001200,VA003,31.341139472949823,38.97708576144366,-78.06427450365356,pasture,77.48188420010561,11.960787088108638,0.199766933804138,0.07677962989461022,4.58095212140133,AG
P0001201,VA004,197.57103933539364,38.72395108329112,-77.91241791537853,timber,77.3094477081199,1.6593736123674478,0.13864057596200824,0.06768746327102597,4.399865220200754,RURAL
P0001202,VA004,55.34603987457015,38.669231709416465,-78.00402466620316,pasture,93.09298544889795,0.7630592013435965,0.14094637575888747,0.11259768744614491,4.455849729388949,RURAL
P0001203,VA004,88.59545862058775,38.6867262417092,-77.72674206432613,timber,66.83754849655726,4.094622322528099,0.21318886300331616,0.047001151969093796,4.582526511152776,AG
P0001204,VA004,165.00487837334137,38.909259809079046,-77.82391476313417,timber,47.59875383534596,2.4288426330530952,0.34458974759384176,0.1958209777799296,4.603256574084889,AG
P0001205,VA004,109.19096531165216,38.782103736705544,-77.71017641999592,timber,69.26157213345064,9.641883392631478,0.025563536396182217,0.18002728681060928,4.615703937139841,AG
P0001206,VA004,368.1826636455821,38.63594583664428,-77.59687979114035,pasture,53.49648029789832,7.533167272917993,0.18088463277712463,0.04132498409434816,4.3976413638316405,AG
P0001207,VA004,62.01293743147722,38.847760981142166,-77.88771269743496,mixed_ag,81.02815377923378,2.8867574866495294,0.09230583051525346,0.0880170656438466,4.648319033091409,RURAL
P0001208,VA004,90.42476480924857,38.69807092876737,-77.93283190039762,timber,94.48838937446556,5.120749626266251,0.06403593693890629,0.06763585753904056,4.57155792361643,INDUSTRIAL
P0001209,VA004,95.22099618254357,38.964588312554746,-77.69913769257944,timber,38.71844081555428,3.6977653067932152,0.1775674240715069,0.030914838502537692,4.64542682178635,AG
P0001210,VA004,146.83568332923957,38.81559609751718,-77.75808342927635,mixed_ag,64.26425874008996,3.8912156980698565,0.07902962365491206,0.06503254548236191,4.433271985224344,MIXED
P0001211,VA004,208.70207049378678,38.588867330060054,-77.65093065524512,cropland,79.2093244174672,7.346376215328553,0.07393794124709838,0.017142704642874564,4.521104376578925,RURAL
P0001212,VA004,56.18162880148042,38.50002320832143,-77.92375125394189,pasture,72.2921520241621,5.974544057813299,0.06539589534469235,0.12402016803854272,4.973636987537746,AG
P0001213,VA004,124.93563241411904,38.79393066769408,-77.91415282886985,mixed_ag,81.9358725428645,2.765892337403653,0.12858858727871247,0.052016505874193875,4.599370305533698,AG
P0001214,VA004,185.89653926261158,38.86631175762643,-77.84682952274893,pasture,61.6970639758409,3.046402698415736,0.08563337648455395,0.1018240648526116,5.000363309700422,RURAL
P0001215,VA004,193.20957234611038,38.67347927146917,-77.73967615996202,mixed_ag,81.26759438891813,10.94589495402805,0.3830316597131775,0.01502032644624666,4.215912561686693,AG
P0001216,VA004,147.17322069985588,38.635545735461406,-77.99012829120038,timber,65.2566804267057,0.5765340557352623,0.13809277143014295,0.4396048097430296,4.668002586196833,AG
P0001217,VA004,189.7125594111682,38.96519092501962,-77.99241208570804,mixed_ag,88.1171476604226,2.698677349096017,0.12229066427407834,0.3030064363948601,4.127070486338671,AG
P0001218,VA004,123.28052295702685,38.70635581746117,-77.90253560243549,timber,75.40108829339957,3.3179946900025703,0.08918866026214654,0.06612987434267696,4.618990864654941,RURAL
P0001219,VA004,260.7271603160611,38.82307293385893,-77.88860980312359,timber,71.98199641004818,2.2701917078894462,0.360455748140739,0.21618025417239448,4.37580212376936,RURAL
P0001220,VA004,39.69485289162412,38.56984770429317,-77.58786933652941,cropland,68.0553353150355,4.06826200866872,0.10817399904870696,0.11302175394671617,4.540316630695606,MIXED
P0001221,VA004,364.7933994673427,38.64959847910909,-78.00846317482244,cropland,55.55974857688596,1.5670832182149397,0.06610917463535444,0.0696433321646156,4.886746185365279,AG
P0001222,VA004,330.4474274966508,38.701028608259605,-77.9815544356146,timber,61.21163779311206,0.6212662554450219,0.05204298396472878,0.1471738178038451,4.657881707238413,AG
P0001223,VA004,116.60132572241584,38.777810850471205,-77.82203566601684,cropland,69.78053164831464,6.044077447097855,0.27941091229579507,0.047313437258181705,4.57239236383902,RURAL
P0001224,VA004,129.35604235621068,38.72684703527613,-77.78524315467936,pasture,88.03618206833993,4.273450933371252,0.21327643939217447,0.4111738744900916,4.7074108772425705,AG
P0001225,VA004,94.73010364805135,38.80528081808259,-77.83809742850286,pasture,78.28488069707848,6.059236629105943,0.15015560268128658,0.19909842437504988,4.2993321540797735,MIXED
P0001226,VA004,233.76289132212972,38.54335233109075,-77.74955043646835,timber,54.15392740013512,2.0103777891152763,0.07673319196358136,0.022739071022035776,4.043672464679668,MIXED
P0001227,VA004,167.71894044718806,38.79967690282809,-77.89392444334918,pasture,44.369537793991285,1.7247321482181863,0.22432540563587436,0.17200469667284612,4.512607860996784,AG
P0001228,VA004,43.763675173624165,38.6784212801438,-77.67766401425311,pasture,77.64381117915354,8.822783675319263,0.024417048663434984,0.14004647059895137,4.748679520733115,RURAL
P0001229,VA004,48.78715788401363,38.47388360865145,-77.69291575179643,cropland,36.993302075434144,5.746046347066271,0.29049428019565976,0.11826567207203238,4.926242638568234,INDUSTRIAL
P0001230,VA004,204.16182341288194,38.85030005202455,-78.09581827065158,pasture,69.95607430360062,10.129158935883636,0.020519717009979677,0.09787793641781863,4.230991771929337,INDUSTRIAL
P0001231,VA004,206.31596101792323,38.56249651088138,-77.67923151583467,timber,80.51623454890773,2.436877955580372,0.16760197016375097,0.22043733404072124,4.45451400656893,INDUSTRIAL
P0001232,VA004,90.40644971279416,38.65135610460724,-77.73385658307984,pasture,71.76162658582489,6.585670773887563,0.18514765802886604,0.09943939519892023,4.5357639677604045,INDUSTRIAL
P0001233,VA004,182.7675931130967,38.81667091713378,-77.84854126811571,pasture,73.95445302389143,3.7512538740106955,0.3415560152454041,0.1258376012997073,4.597770588432729,RURAL
P0001234,VA004,41.517874201771754,38.69910740724323,-77.79981489860526,cropland,64.61115871880268,5.006681876428839,0.04508992397067292,0.018903186676740145,4.5431134348252575,AG
P0001235,VA004,70.27832325221898,38.74465903622341,-77.79350529014,cropland,70.81978376583221,3.0823231853846087,0.5232842433170067,0.0674721154557603,4.597451459201505,AG
P0001236,VA004,67.97913999850893,38.66977832720802,-77.81199542966701,pasture,62.3156413615107,5.183669102584375,0.031673847717431175,0.21794428130708723,4.22745788905959,AG
P0001237,VA004,219.5905084424447,38.52651711399766,-77.89852320700403,timber,43.86687297197655,7.2375441207190505,0.2575475544695022,0.32593397590586964,4.893168479214846,AG
P0001238,VA004,171.75869152769988,38.774275170329695,-77.81179965358201,mixed_ag,80.98502103545927,2.6971262418263997,0.0027741103716003557,0.04536544627180477,4.5591584790221695,RURAL
P0001239,VA004,208.74291646048997,38.70241391462559,-77.85822532659522,cropland,68.0426854756923,1.4945610484216012,0.19619868614308647,0.2769353878577533,4.781697620619183,AG
P0001240,VA004,29.117110578842464,38.71533786512529,-77.75656679511434,cropland,67.48536867855802,5.720755746655747,0.33727300613520494,0.09875473034709276,4.746307377378047,RURAL
P0001241,VA004,100.59170695016584,38.51759902575044,-77.82719961107736,timber,90.16933114885586,5.499075064648232,0.18103262502449582,0.2970853264147573,5.310948603065235,INDUSTRIAL
P0001242,VA004,46.55833251081159,38.58696199615771,-77.800322793439,cropland,60.24938918112726,4.01592892664628,0.3080019978356158,0.1314550580348638,4.307002542613058,AG
P0001243,VA004,50.201004228878546,38.74508320604792,-77.83274549787156,timber,91.67092413034285,3.0333267079174977,0.10452027723980914,0.250336280601925,3.988651259430581,AG
P0001244,VA004,144.25104758976457,38.63806694650718,-77.82553723595518,timber,55.632492133862364,2.0949107773540048,0.1454325952253996,0.18592652148368277,5.07753475513366,AG
P0001245,VA004,145.85930299588648,38.80785295042599,-77.83690137365224,timber,57.665668641809816,0.8984207673145406,0.12671211498712323,0.0074834520485848,4.3367727456030325,AG
P0001246,VA004,247.23538157782542,38.65150259067619,-77.90191068632554,pasture,79.69759672171986,0.461790255182617,0.0034871298548375075,0.0751543586976676,4.365415566161393,AG
P0001247,VA004,87.12590339048714,38.783557726622526,-77.83804089390564,timber,54.94906250471309,2.968592332303082,0.07330762765983971,0.270432160189935,4.322765409829774,AG
P0001248,VA004,90.80847091273598,38.736722666611406,-77.84001944198423,timber,86.08094251935734,6.690734244144597,0.15055872457080297,0.48188837348362146,3.8252488819166492,AG
P0001249,VA004,92.05363398071341,38.83153557474701,-77.71345478291111,cropland,51.03778707882215,12.715123876951427,0.0748270097540322,0.09751461698141244,4.7169427737528835,AG
P0001250,VA004,99.67594520451487,38.85380284971592,-77.86039966050421,mixed_ag,61.27419224652836,5.840154046973737,0.30653008456896547,0.017634366676045857,5.182236195409297,AG
P0001251,VA004,134.25308217742736,38.800551112165444,-77.87994572179412,pasture,48.82988429054642,2.805662854414614,0.012301482556456729,0.007255368599426538,4.314273116289424,AG
P0001252,VA004,70.88417118559494,38.66615698228281,-77.61785938313925,cropland,79.01453616547964,5.975802985625094,0.4464147763605288,0.05960410179752797,5.273915502554972,RURAL
P0001253,VA004,333.9591136038307,38.624083578001375,-77.9017085924017,mixed_ag,84.84678203375674,1.7597549420637986,0.04289625935646659,0.03376943620010696,4.3440191351848,RURAL
P0001254,VA004,66.19996983092508,38.896399810109564,-77.77077767955736,cropland,79.96425615602752,3.0218772593552847,0.19706063506265958,0.04218901511905168,4.697735655207758,AG
P0001255,VA004,99.4430431302537,38.71372844976571,-77.66830116098382,cropland,57.50478562098427,1.6206107007681512,0.21704440707747386,0.148010935438126,4.137660270431888,AG
P0001256,VA004,55.830801982077446,38.84985419084637,-77.7598139144259,cropland,72.49562886062336,2.994030734203011,0.07078753732069207,0.008710260545013719,4.7533874972258445,INDUSTRIAL
P0001257,VA004,234.24052703451403,38.8787068388942,-77.89294678475356,timber,53.51528481100782,4.988180632581761,0.2069450804303659,0.0078050365474528855,4.065412253253443,AG
P0001258,VA004,173.21700202083375,38.761114151604914,-77.93789711510064,timber,75.3032624329333,6.0101459774385155,0.07699796094069694,0.042142350370041874,4.453592667704088,AG
P0001259,VA004,56.201036477557054,38.760267015256055,-77.84778784478421,cropland,73.91380149001719,1.4453581255093466,0.12120620104267854,0.002736152598934238,4.231536649552939,AG
P0001260,VA004,44.05237984309292,38.74461854189784,-77.78409740155519,cropland,68.68363135407749,2.0474713167014555,0.1385530827171057,0.024742376460253686,4.407147228214663,RURAL
P0001261,VA004,64.63330048129822,38.59220563126645,-77.78578035815988,cropland,63.06710912839132,6.084823259760275,0.14238229681009992,0.1186578307144954,4.52242165805328,AG
P0001262,VA004,232.0594504690107,38.712716024971485,-77.7261352515164,cropland,69.0163735637606,0.34265680006059424,0.05110770853334338,0.08834109586843954,4.476336289392806,AG
P0001263,VA004,71.77188853806081,38.75254678265305,-77.8736763109613,timber,43.14872191322492,8.402793891636232,0.4260942059816141,0.008297188548594597,5.285430744504184,AG
P0001264,VA004,43.34171796965654,38.7318079616245,-77.84934591991134,cropland,70.15624351212313,1.3476191224723326,0.19106159056991665,0.03435737052018703,4.458900894214042,MIXED
P0001265,VA004,102.427779164392,38.71543979681287,-77.84763321165666,cropland,81.29125762878861,7.918070820246416,0.21308316253774973,0.5218125096623528,4.601769225923731,AG
P0001266,VA004,76.18994083138159,38.787950186853436,-77.90993889189373,timber,56.70682844282468,3.292826798223885,0.16769723403507453,0.12060778259533193,5.231810367781908,AG
P0001267,VA004,402.26537322731946,38.847453842096144,-77.86713714038655,cropland,46.56355361708381,6.57716294876815,0.0595897154053268,0.10125219307355772,4.239800316070596,AG
P0001268,VA004,137.92043878273088,38.83123620916133,-77.86137058954068,pasture,45.819962331122596,1.01512741733215,0.02542408823735573,0.08710199313007702,4.278663786885094,AG
P0001269,VA004,174.18978545675313,38.69651167549109,-77.80462478960953,mixed_ag,55.58599735858698,5.485479034930457,0.26909541803883036,0.012955251303314258,4.930731720020039,AG
P0001270,VA004,291.34017518675483,38.751225755152646,-77.91939301825938,timber,54.127443643512805,6.670970305616679,0.15511722296980046,0.012632867142175635,4.118969113347605,MIXED
P0001271,VA004,210.61356991703863,38.70490778584508,-77.83018021037682,timber,78.69215569740855,5.20891280361094,0.11608595444186054,0.03719265580381239,4.972565641023558,AG
P0001272,VA004,86.15311006559932,38.75491463181012,-77.81073860278659,cropland,67.66001645389734,1.6307467844777639,0.021967028980482223,0.1177358345465657,4.321206011535379,AG
P0001273,VA004,95.67272818664102,38.690160414182174,-78.01451785743912,cropland,63.27489269445903,8.705111951892174,0.06622081026807478,0.07617615591262245,4.246029853105041,AG
P0001274,VA004,78.45914057978291,38.73300630235817,-77.78408189982443,mixed_ag,57.34557878270348,5.898882385723802,0.32866850357050825,0.004789102893494708,5.071369734172399,AG
P0001275,VA004,119.353577787224,38.73093547385371,-78.03303174141428,cropland,68.48327758746791,4.959970284470277,0.11639619999576493,0.057230688191986144,4.755473860197803,AG
P0001276,VA004,191.75030592459547,38.64309126896703,-77.80641515415914,pasture,61.63064753982779,13.39445676962722,0.13932906060581737,0.14923682343479952,4.536092560054701,RURAL
P0001277,VA004,116.51709832062429,38.77072200981969,-77.97762164674643,mixed_ag,70.51029722271856,7.834093157766457,0.01644631648173262,0.17561377507998885,4.7681634839511355,INDUSTRIAL
P0001278,VA004,27.451441954322327,38.76112727615457,-77.76845697274545,mixed_ag,59.621725199237744,7.205043670389354,0.4612151659557449,0.14433831340066053,4.903836250047615,RURAL
P0001279,VA004,95.41072143773597,38.93463263977835,-77.92810041868316,timber,80.31874603811285,3.481376210898011,0.155266025833422,0.061905211514533626,4.634177180775308,RURAL
P0001280,VA004,29.588430629708384,38.708994898508905,-77.85919574780074,cropland,56.91155062355876,6.7149285340745255,0.0432613505566707,0.09550349509079359,3.958763971742048,AG
P0001281,VA004,49.407767571228355,38.755224096427256,-77.9127839097059,pasture,65.67145131400694,1.2972600926421187,0.2665786525712855,0.29907430591598766,4.675327079989135,RURAL
P0001282,VA004,145.22230327610296,38.850496324913934,-77.81820161434636,mixed_ag,54.7514499606051,1.5000383247342421,0.3082710176985575,0.15929701501180377,4.502792728180791,RURAL
P0001283,VA004,105.70923199500011,38.816587106674596,-77.80454973269757,mixed_ag,54.393616745772476,3.56814004003522,0.12647878931108433,0.037847554317008855,3.8788826638865705,RURAL
P0001284,VA004,52.60440545965194,38.64609782303007,-77.57888140530332,cropland,83.39033267073302,7.581643150674504,0.08594936917912573,0.10356101521775621,4.733536770932771,AG
P0001285,VA004,48.597940577643314,38.85823547635088,-77.85792344837112,mixed_ag,59.998319554787614,5.645838175860927,0.021615269360609826,0.022666732875274185,4.19091474254275,AG
P0001286,VA004,39.490561755568464,38.75654737984145,-77.83383268189975,timber,57.15335145425234,5.8686644893072,0.25909142379878636,0.1724442625609274,4.299828777334276,AG
P0001287,VA004,53.41536355254014,38.7279038096805,-77.77642732854261,mixed_ag,56.9851537832205,5.7116102798433435,0.06730067970019078,0.1506888735926733,4.392002836487343,AG
P0001288,VA004,323.2613537223025,38.849011467449024,-77.83915611533664,pasture,67.27766688633865,4.994101263363403,0.04951596820063825,0.24254966282898438,3.6630233367615372,AG
P0001289,VA004,96.69303820497487,38.73235323436334,-77.74082898123001,mixed_ag,56.14879561614009,3.2776771057272485,0.1518784917378725,0.04857097807176475,4.452955355784188,AG
P0001290,VA004,131.1044419028641,38.82766555945456,-77.9430710977909,cropland,48.9631934301395,5.052742685437032,0.10315658488586196,0.0018377828126826218,5.334091427361726,RURAL
P0001291,VA004,27.61810656323981,38.58791196432865,-77.74410508506286,pasture,87.23331448689895,1.3726327189548424,0.1499474630421612,0.09030042720870256,4.179552520698947,AG
P0001292,VA004,257.2930052106732,38.6496474959091,-77.85904758186152,timber,55.497315168623416,1.0098382901774627,0.18068927409103513,0.3094529655237491,4.868584669160038,MIXED
P0001293,VA004,294.97672158306517,38.658930781229515,-77.75402731871327,timber,65.55096476557324,3.477607920856027,0.2058347638059507,0.037992535551498875,4.43375355714778,AG
P0001294,VA004,143.64343159891163,38.93818182204014,-77.81561835115909,cropland,51.29138525184558,5.071820358310369,0.2724736272814022,0.15283540948884017,4.093202307913815,RURAL
P0001295,VA004,342.2869624543458,38.70333981286841,-77.66482382497566,timber,47.04810144835457,3.7108242910648768,0.08493948852607573,0.10983777510400286,4.178032854133989,RURAL
P0001296,VA004,431.9619792664194,38.85045719950739,-77.78792839181386,pasture,60.69621913725889,8.593970230838327,0.14218016532289698,0.11306842333320603,4.745634536559236,MIXED
P0001297,VA004,161.85420212396238,38.75125923242431,-77.79221287275774,timber,64.53872324205165,2.0884432095253023,0.13338178855421456,0.07564941299191985,4.817386053138839,AG
P0001298,VA004,53.58704381693474,38.73382801228951,-77.86232276027377,mixed_ag,65.90691957502243,2.084402461185264,0.20361021117977865,0.033019068906480445,4.629732928853467,MIXED
P0001299,VA004,70.90127282799772,38.6909150030559,-77.75543285418537,timber,79.86157761363937,0.8365043377565724,0.01263755370182082,0.2654974405151759,4.850361121562772,AG
P0001300,VA004,77.73461905842042,38.63086523539414,-77.65527547094185,timber,65.46938455419148,4.442500781651059,0.08125684900204064,0.003170051965647642,4.747434801024437,AG
P0001301,VA004,69.15779720890292,38.87843958210311,-77.7738660508743,timber,66.10690718721112,3.3219222406591875,0.25125407820138007,0.08866762043265157,4.692189593683277,AG
P0001302,VA004,198.14948250709807,38.77336744791308,-77.8399585053545,pasture,53.992987687039786,7.06778150969162,0.20195974906138878,0.07454544355380092,4.447907523970915,RURAL
P0001303,VA004,64.32362648676431,38.741106573711484,-77.86402238345562,timber,57.80474966700301,7.125370322938444,0.12239240877061079,0.1135725294820832,4.100555223818167,AG
P0001304,VA004,35.23095981188908,38.782288295270355,-77.95379141709923,mixed_ag,60.42763772819639,2.8130404594423215,0.24662760712741158,0.05094584487239421,4.453349821580128,RURAL
P0001305,VA004,120.26624196824771,38.79463016057687,-77.83179965821459,timber,67.8692434588621,1.8521524944839203,0.09640496228843637,0.14231476419940292,4.505428067855617,AG
P0001306,VA004,103.66614341825425,38.76314897943682,-77.90295056976527,timber,63.927757450263464,3.9888169241902762,0.031456177532489034,0.12821344043413116,4.947801936340937,AG
P0001307,VA004,63.16110424311992,38.76048508402783,-77.7738143552217,timber,50.23992329414426,0.8444841117436473,0.41599049229113055,0.08036775997756651,4.664518323171488,AG
P0001308,VA004,71.39972523945326,38.689197767365435,-77.8957615981648,cropland,68.17163121552845,0.7625587888785451,0.10664715869673504,0.14850601224569096,5.103386312425811,AG
P0001309,VA004,811.6568949793037,38.64881662366159,-77.71544132795447,mixed_ag,75.72533575499823,4.037236369138569,0.12750289766009115,0.035822480722329415,4.634986041938059,AG
P0001310,VA004,280.31279991396383,38.72112152257365,-77.97815237591932,cropland,44.798161230457026,3.4770707782256087,0.1067427060716918,0.03332091963137827,4.770550613412011,AG
P0001311,VA004,49.72705970082197,38.84411000918459,-77.70762827554334,timber,75.68542571627286,3.3509095156877615,0.10349432553053095,0.0714103752334473,4.641184368646196,INDUSTRIAL
P0001312,VA004,296.047832088961,38.76809788995418,-77.86854697295969,pasture,69.41730321209903,3.7992180511611506,0.14869296377603033,0.024423473630886577,4.128885022646888,RURAL
P0001313,VA004,59.187352189029234,38.7475247103807,-77.77198369147905,mixed_ag,27.82793156432698,5.558299115425448,0.12844108778474206,0.017671815176683238,4.400707815231245,INDUSTRIAL
P0001314,VA004,116.51235922485193,38.587418299037545,-77.69787000500216,pasture,81.72510060931954,6.301197369851418,0.08063899956811553,0.1637712795729571,4.551274675279151,AG
P0001315,VA004,236.76873704776833,38.693555517622805,-77.8010725599928,mixed_ag,72.50546311780695,10.701599543473124,0.26861671514342234,0.05913036362539776,4.522313207560378,AG
P0001316,VA004,104.48456438854197,38.744130586790426,-77.64025517996141,timber,49.488881035304246,4.852389555361053,0.12202355774475705,0.12487494765409853,5.014489182538353,INDUSTRIAL
P0001317,VA004,81.74271398304117,38.78915035201264,-77.81915393055876,cropland,60.69138403137847,13.537416600427274,0.4121352894184452,0.3116242609503546,4.7251697742454235,AG
P0001318,VA004,81.46170932558822,38.85189491944555,-77.90947792884194,pasture,55.29455317974566,6.03964821851907,0.09382621031676387,0.13322899898146656,5.076379740577442,AG
P0001319,VA004,12.90617941472857,38.833468100871094,-77.86700991992392,cropland,70.03885208360752,1.0525256633981936,0.23144048195756656,0.02428523158266199,4.486409838575403,INDUSTRIAL
P0001320,VA004,149.74837761539428,38.75156579636999,-77.79508638408768,mixed_ag,68.61162339711525,0.6301502975870426,0.1647065903107322,0.11945707415007828,4.325556549724723,RURAL
P0001321,VA004,44.898576473799075,38.954177288151435,-77.63349624741754,pasture,70.71052231226666,3.158742336319949,0.32859081857227584,0.040011458872473,4.9440641822127445,INDUSTRIAL
P0001322,VA004,140.3179900074617,38.78242962366132,-77.92279906275034,mixed_ag,83.952848634459,0.5760420682735424,0.06651326074392719,0.056991664503582534,4.141702187536462,AG
P0001323,VA004,45.52023921712465,38.691540944969795,-77.77259006915676,timber,79.63162335104934,3.7936254813926533,0.20982903474979922,0.1319837255767784,4.699987431364441,AG
P0001324,VA004,247.73214839406515,38.67327443947643,-77.82623677890018,timber,80.72284462232273,2.038600655497134,0.06400036349592833,0.07997203543030557,4.817664492102514,AG
P0001325,VA004,111.1329269758846,38.756427727154154,-77.95763701638543,timber,59.52937371526416,4.194239269882149,0.09098908264294615,0.1824126464478708,4.784002798384592,RURAL
P0001326,VA004,68.11157612902396,38.83843046778973,-77.9465042864328,timber,61.36224845996025,4.317824940823818,0.24415876921977986,0.11729711908288676,4.559296853880421,AG
P0001327,VA004,131.95151052409133,38.7443022945499,-77.75750987551551,mixed_ag,54.77006563174139,5.844697895081729,0.1758610102105687,0.10598554864570509,4.880203660663525,AG
P0001328,VA004,103.74806215013164,38.56670708445426,-77.97511609102602,timber,43.03112737347884,3.1527568251881997,0.11286535483845248,0.16000754998079197,4.778225178886248,AG
P0001329,VA004,115.60831666338532,38.731171846185866,-77.78881645645674,pasture,57.56633759279686,2.433523479534087,0.12766188394823474,0.15763078227258603,4.548411548987706,AG
P0001330,VA004,157.5028269827859,38.621107087064914,-77.84081586726428,cropland,66.2231173161684,3.9771739452474844,0.13490515648075918,0.013522327033723134,4.161148021578562,AG
P0001331,VA004,177.57258085287881,38.666012069140386,-78.02830172224884,cropland,51.912569300663286,6.553987764179769,0.15693808492978992,0.05087959727836579,4.092697189422182,AG
P0001332,VA004,129.4628110416008,38.69939095464881,-77.78111841136044,pasture,100.0,9.092936736364786,0.08038725061138295,0.054965687537854746,4.4904479655002625,AG
P0001333,VA004,250.63834595409335,38.79122138628334,-77.96598297727145,pasture,41.52117680386176,10.173597111077502,0.15646878392351712,0.05617887487112196,4.659702394735497,INDUSTRIAL
P0001334,VA004,67.35311889594033,38.750072126315246,-77.94121000968441,timber,77.07685282115523,6.186228347243369,0.021266940905528525,0.20268564362158198,4.7004750678423735,AG
P0001335,VA004,52.30483735925195,38.7832592638965,-77.97262734796941,pasture,51.74237267349454,4.431962182037687,0.32306748439161775,0.3352214911995556,4.384227974787299,AG
P0001336,VA004,61.75283056339269,38.74426887610792,-77.67733810876607,timber,48.813023130538525,15.889015263489929,0.2053327822093719,0.0531517061647931,4.107711676681843,RURAL
P0001337,VA004,148.69530163000243,38.795600558418954,-77.83006842661919,mixed_ag,67.0761760008549,5.915255681737907,0.06927504332265956,0.1354202477672627,4.544048165220412,RURAL
P0001338,VA004,43.526900205958476,38.89868548439766,-77.73096225645905,mixed_ag,72.01438127634361,7.045002777242225,0.40968972943568616,0.1604101500810489,4.2490397087883816,INDUSTRIAL
P0001339,VA004,103.47607105295964,38.74183088735069,-77.58339972942944,timber,78.90147364636888,4.56508568931401,0.06870808836682739,0.16624707243053144,5.085126050109038,AG
P0001340,VA004,117.42774268407506,38.65409959235867,-77.7287110894668,cropland,41.677080633227575,5.990921212786345,0.10627610440897425,0.255554669310043,4.923990951361087,MIXED
P0001341,VA004,158.61976508849799,38.82174070684425,-77.87123018785506,cropland,63.90968789624697,8.294321663585839,0.035549425575850585,0.05499661511200991,4.686663798951831,INDUSTRIAL
P0001342,VA004,316.67076103443986,38.883501853963836,-77.91535285579472,timber,56.44093486637689,3.2898472686102083,0.07328999782818078,0.14962134455888204,4.773495373739852,AG
P0001343,VA004,127.90383077041317,38.780065347355524,-77.74392095101193,cropland,89.16202843709908,5.000047065167017,0.4102053091684984,0.24825617139515677,4.92974430714092,INDUSTRIAL
P0001344,VA004,62.51796349964297,38.80100021512237,-77.89543870190376,pasture,92.60557886641797,7.931939338466529,0.21468643197975007,0.17632584435704446,5.052022301972987,AG
P0001345,VA004,48.187721824844566,38.80313091627128,-77.86260787044367,cropland,79.84786147819167,5.84081767890062,0.2907510073497953,0.18876197777598377,4.841760056954911,AG
P0001346,VA004,176.00261445310124,38.919648353888974,-77.93386383531735,timber,62.27026528798912,12.151417865630092,0.02750871678938874,0.09789244440094119,4.4345660949007675,AG
P0001347,VA004,80.94381027114893,38.809302008618616,-77.90091741257542,cropland,73.438256602125,1.3560591834445952,0.20186079780102012,0.05235175812204032,4.767455347918655,AG
P0001348,VA004,169.10388133679086,38.791129454534456,-77.58399534714314,timber,62.88097269554761,2.4073802466634513,0.06956450635529872,0.08037979006548567,4.146705179303703,INDUSTRIAL
P0001349,VA004,475.9702524966381,38.55041372465001,-77.79217363621494,pasture,68.13213184385198,2.5314441081435444,0.22339619281348871,0.09120887601649444,4.436011036784232,AG
P0001350,VA004,93.52317451958729,38.77010990719632,-77.78147642639986,timber,76.32479546434448,3.637225755584508,0.3177948093635373,0.14435538235607237,4.460468954929388,AG
P0001351,VA004,107.06284277030781,38.73438380585203,-77.79328408561445,timber,65.37929318966356,7.751382836207031,0.23189294409465827,0.1416325267435409,4.850730755153475,AG
P0001352,VA004,81.28472110821914,38.71526138370526,-77.70191746819839,cropland,73.01060340293353,5.757734914878473,0.17582740797621157,0.1308884928312028,4.087361435302776,AG
P0001353,VA004,204.8448551743656,38.773629952624596,-77.7115376343996,pasture,56.78817090492413,0.7995542246815696,0.2920656536603626,0.02902093584758597,4.632926151139645,AG
P0001354,VA004,478.35120618551684,38.78378524730068,-77.87876796386342,pasture,94.17708870106064,6.664259859674742,0.021564412830906488,0.09726497567061759,4.53927951577039,AG
P0001355,VA004,142.33349685122133,38.78159233588493,-77.72316120313134,timber,64.90873411086307,0.4086380776764204,0.04718749496511881,0.3927591938883404,4.6848497139132625,INDUSTRIAL
P0001356,VA004,118.51499484361116,38.80375409457468,-77.94411517221789,cropland,55.33760096956621,3.51845910783208,0.051205659540061656,0.028949813653018058,5.233138649067866,MIXED
P0001357,VA004,23.036339647250173,38.54638963164902,-77.81140043125527,pasture,85.75717623283414,8.11977008753485,0.32779560364030785,0.20777795184736564,4.568950439250788,MIXED
P0001358,VA004,129.65248064515202,38.66559607302881,-77.90200300174142,timber,55.46439911692774,0.9289009791483773,0.0812359957157915,0.07301231739209477,5.374561957153922,AG
P0001359,VA004,56.45664227163939,38.82980827380946,-77.79544760793424,pasture,69.25692817732956,13.933526744443007,0.0399080795763143,0.005129717905858041,4.735790733997669,INDUSTRIAL
P0001360,VA004,101.8769274504595,38.749981178619116,-77.76395882833158,pasture,39.97066246752175,1.874921317517373,0.04609390748929797,0.08047367930099031,5.084112891696229,RURAL
P0001361,VA004,137.3860506828503,38.869102499731525,-77.87332380165853,timber,68.61274312151808,9.072046648423248,0.2503075704177326,0.12087815560679145,5.058455418003164,AG
P0001362,VA004,307.3285098775897,38.631220702343235,-77.91275416140844,cropland,93.10188602571404,2.4235912283015173,0.045263715087363675,0.08077457523189184,4.648255172523317,AG
P0001363,VA004,330.0222049825116,38.64127047700893,-77.77721193650763,timber,57.00193120262887,3.0728406423393295,0.1504437372413056,0.06308391619460815,4.281519726068213,RURAL
P0001364,VA004,139.82878630483611,38.67146931695738,-77.7810993263269,timber,73.1427207625481,3.6978219392394767,0.06841273359338573,0.004693819679694954,4.368818522136435,AG
P0001365,VA004,122.47289724044576,38.73244704528018,-77.90609381408196,timber,62.7456668297152,1.1766938001521985,0.10989564377007446,0.14922191840338003,4.592926469955628,AG
P0001366,VA004,89.11078609827332,38.79443778353359,-77.77091548247849,mixed_ag,74.59409772553208,14.529067063381941,0.07227828293142581,0.2574780397783931,4.582173660029945,MIXED
P0001367,VA004,237.0134318430712,38.61516418148943,-77.96537702328618,timber,91.84408393689618,2.362847945709088,0.1583270867561635,0.1847398990282529,4.792921824050693,AG
P0001368,VA004,501.8873256012965,38.93373156718321,-77.77718320002398,timber,63.32601517999496,2.015787236482043,0.12435697263002922,0.2018613542622745,4.309988065033557,RURAL
P0001369,VA004,55.30533311927792,38.733550607381694,-77.855742072184,mixed_ag,89.52727391025778,4.845395963020117,0.08132988812947241,0.160548187943065,4.422998124807557,RURAL
P0001370,VA004,91.33237260945702,38.89379563635786,-77.55318372888058,cropland,69.41004287307041,8.494919422584518,0.038402401771112225,0.2420562342728542,4.427333889451489,AG
P0001371,VA004,200.1477780372863,38.725333338062235,-77.64444368055045,timber,79.81276941096736,4.917951391639585,0.23315654251485848,0.031931411474498746,4.412338673824114,AG
P0001372,VA004,124.79336900862302,38.74473760115849,-77.64727046481916,mixed_ag,96.61723367495436,2.9043575289724997,0.04974643108861139,0.0015026141770421032,4.299466962702493,AG
P0001373,VA004,25.797930417181636,38.86359522260811,-78.0086769263408,cropland,60.1376778351853,7.438467152338596,0.31567110613424404,0.17187878492163372,4.5872988066698355,AG
P0001374,VA004,552.0797862507337,38.719742661844315,-77.85754901614155,timber,70.84059137183621,0.3852010340062826,0.22650061513661765,0.17029195756196996,4.318660932125686,AG
P0001375,VA004,96.2125422575289,38.86060715328313,-77.93023314471766,mixed_ag,68.2588773091278,5.3674978754195015,0.0026857589285307717,0.2192247800475545,5.073334084730383,AG
P0001376,VA004,147.52398083217474,38.9585418287626,-77.8839196324557,cropland,64.83742989667557,3.072899054981964,0.07336454688818962,0.06989764213055058,4.90584987668076,INDUSTRIAL
P0001377,VA004,82.26609491689676,38.91389932016007,-77.92348777675971,pasture,46.203334091085225,2.0263781595901036,0.2366064273369789,0.028070865296298354,4.585843340233958,INDUSTRIAL
P0001378,VA004,231.51997914220058,38.754120888768256,-77.68173893160076,pasture,59.76994657924825,2.832014673211808,0.021198608723213674,0.06538025037952894,4.349952705834959,INDUSTRIAL
P0001379,VA004,30.50201353152435,38.7701384925847,-77.66708106121276,mixed_ag,60.91450485160365,3.140197089963392,0.3534250882241413,0.015978625607116576,4.98587375437113,MIXED
P0001380,VA004,32.13004170982378,38.526230243711936,-77.7048907545169,timber,68.8489192445459,5.565060329390036,0.1835029750241183,0.13343152974626388,5.381938106873523,AG
P0001381,VA004,158.37429588728332,38.80197991764666,-77.8265216291282,mixed_ag,69.93474899109023,1.941786595985411,0.07004672012903562,0.10463660021994156,4.310595091062289,RURAL
P0001382,VA004,745.2296578189973,38.75313922817017,-77.86427391646292,mixed_ag,72.06749154353876,2.42699133144939,0.14699528279394286,0.06526081414810411,5.379179794040982,AG
P0001383,VA004,514.8787029902926,38.687230869096595,-77.65363117625289,mixed_ag,79.79545237579644,5.825354375317875,0.3628311927674936,0.1488563591183648,4.689673712241638,AG
P0001384,VA004,696.3358908423847,38.72365467653969,-77.88902564280333,timber,70.18202874268523,5.006826483170904,0.17217137742212552,0.05554441281465515,4.710389437548202,RURAL
P0001385,VA004,111.96843173854963,38.61888304819409,-77.68253963799293,timber,50.418608803949496,6.183354356204589,0.09800100866998164,0.22780210230892198,4.609636161894884,AG
P0001386,VA004,134.40230009867665,38.80297804180138,-77.8655144174207,pasture,78.60272225622197,11.15559817991278,0.1166691310471738,0.37383166927847533,4.786759110667522,AG
P0001387,VA004,128.84627355742057,38.74502048521057,-77.70777002875869,mixed_ag,62.58524040383156,3.3206612302915683,0.28108479585493357,0.007523060141179077,4.628890809588233,RURAL
P0001388,VA004,89.71716009902904,38.73312940315422,-77.68477787608985,timber,98.83010019779701,2.434498596836709,0.13499761972808863,0.09157327517784426,4.7968996511747095,AG
P0001389,VA004,152.85016940555113,38.73128076778432,-77.84624440679428,timber,68.6059197430436,1.937933891967336,0.3036751630231384,0.1774504902818594,4.235592392822404,MIXED
P0001390,VA004,158.67680677156946,38.722112155092354,-77.76371947951044,mixed_ag,61.84400924140402,6.758938551751069,0.07295847528918949,0.2604045351249354,4.378430166972669,AG
P0001391,VA004,173.9166298218301,38.6637153409046,-77.7811328238244,pasture,79.48995847824226,5.033502986082295,0.28347440680355546,0.019652941561818314,4.393251637632078,AG
P0001392,VA004,101.09203094251559,38.66381592871813,-77.87846741251965,timber,48.33428560985308,2.1821896332123574,0.33194411379704997,0.059422804226947776,4.136116474099531,AG
P0001393,VA004,970.9202029889057,38.83259025023975,-77.7838200226245,mixed_ag,33.200220513518985,4.293315441608564,0.1349027430015716,0.24783619848615754,4.847198117260953,AG
P0001394,VA004,249.89548211531869,38.68603336384467,-77.83728971692564,mixed_ag,50.46158430351997,6.95333405936093,0.0917632428664606,0.09548645586779952,4.503643130681088,AG
P0001395,VA004,176.3850483208842,38.63616655588912,-77.74691235580408,pasture,79.14663654967273,1.7941920513996277,0.0696525616469671,0.20538626482670166,4.711206650915613,MIXED
P0001396,VA004,150.0703379045955,38.8171183328517,-77.9155682699821,timber,25.605123556291062,0.5264139226269827,0.09298933129769597,0.046906730439354005,4.452125156632938,AG
P0001397,VA004,86.74771854861687,38.77949699525034,-77.83364044412346,cropland,66.39555215916458,2.8873493449352576,0.14278262089331634,0.036677421738606816,4.250725039609943,RURAL
P0001398,VA004,124.58004893959261,38.390959089910346,-77.83116568193158,timber,76.70231789919262,8.544976678031539,0.1287210181676843,0.00687277216699322,3.9765008601921052,AG
P0001399,VA004,28.738347580531613,38.84611894938011,-77.8371204739875,cropland,65.95120523495113,5.8689282700262,0.09793442700509686,0.5774690586361947,4.457936455907076,AG
P0001400,VA004,94.69685323180573,38.79042888774467,-78.05480616302802,cropland,96.38439768653691,4.3309426115582275,0.17339202337980453,0.023028235079259808,4.823483412579733,AG
P0001401,VA004,222.4335858659957,38.656648073065675,-77.89437059449817,timber,60.812789149592355,4.122138949119316,0.33926707323605637,0.027917859398010777,4.239124035936707,AG
P0001402,VA004,39.57641766416818,38.757437852352275,-77.82559164274174,cropland,72.45696941839148,6.462673776462145,0.08899280212630652,0.12205154700090778,4.502973194984622,RURAL
P0001403,VA004,45.17302101472886,38.88742211796311,-77.8850355995546,timber,67.57730293138371,2.9345809088574577,0.05303083922176615,0.18467688460251433,4.667823646478133,AG
P0001404,VA004,129.3915512532764,38.58732510093564,-78.00293113162502,timber,25.47929145176795,4.830685784823274,0.13453020340717534,0.3198383747580271,4.957033361315883,MIXED
P0001405,VA004,146.90641564845265,38.772356854346036,-77.65046618286904,pasture,53.23816926221344,2.478125343569107,0.15775613004144357,0.13209415627158422,5.131619544132384,AG
P0001406,VA004,308.99543227673365,39.03352125634629,-77.816419465807,timber,54.50816501610805,9.670762518069836,0.10521025724090409,0.03210100348164821,4.5751581429224135,AG
P0001407,VA004,137.02699891219706,38.79692413209473,-77.77453486409166,mixed_ag,58.83757296930764,7.935697831676252,0.09428219702752051,0.020678821353375985,4.851251754230942,AG
P0001408,VA004,86.2735226584228,38.77864683867757,-77.71740266995022,timber,31.415941505990475,9.077136647611137,0.1413899911156184,0.018896866776694658,4.858869228308636,AG
P0001409,VA004,82.75261586711393,38.68176187791502,-77.86658585704596,timber,73.76075276563768,1.6263200018926836,0.19534060748913962,0.11908254861927019,4.86935588911816,MIXED
P0001410,VA004,76.22793357407348,38.907857812806746,-77.81780527767191,timber,100.0,2.771836129495473,0.07200574110296258,0.09854939881173896,4.586121555823051,AG
P0001411,VA004,194.4178376404871,38.555860667946085,-77.89503328907176,timber,70.58543251119684,4.015424898525094,0.22633799512785033,0.0736750283800853,4.4090163121436845,AG
P0001412,VA004,166.58802529102363,38.688581045293816,-77.91369960723554,timber,62.54217166947626,7.863423504675237,0.2319460925102687,0.22278483869758006,4.724590488060914,AG
P0001413,VA004,126.00132051556841,38.91436962987248,-77.8917675513886,timber,60.414762432095586,2.0464814515062675,0.00031587804826070605,0.1881221308693727,5.446698133291943,RURAL
P0001414,VA004,115.75134956888792,38.83424653174251,-77.70267832466277,pasture,57.742345121588606,12.53070619280951,0.17679307218704463,0.042514048541300635,5.141943231535956,AG
P0001415,VA004,162.2431606826839,38.86517453893243,-77.82369076650535,mixed_ag,61.06087987858986,2.0039996862962877,0.08994449749129267,0.07256357986471117,4.696200476396918,AG
P0001416,VA004,39.4829471867721,38.779576086871884,-77.92631496180485,cropland,41.6618287528817,4.743268284963609,0.24349510612417113,0.06214107890829088,4.965030722791909,AG
P0001417,VA004,84.56245008135178,38.864904696860584,-77.91273513631202,cropland,63.08298896281852,8.54063031427356,0.27037296512451003,0.033216104685236274,5.1400167556275065,AG
P0001418,VA004,292.69859735488257,38.5486841532531,-77.8653597040171,timber,81.22128946435114,7.177250344782243,0.46562974738633545,0.02821781549808901,4.2128857604652366,AG
P0001419,VA004,56.58294206456143,38.826623843724434,-77.96576218625641,timber,71.2706998069935,1.6525496001392614,0.19723742993254073,0.11109316415344113,4.643370313240126,RURAL
P0001420,VA004,105.14049225903514,38.835341541597906,-77.74201860157596,timber,71.04664909776999,8.824777985048302,0.01846308217350237,0.06689987534791131,4.597309271379756,RURAL
P0001421,VA004,56.54061178768839,38.73136968294312,-77.81834492758105,pasture,89.82733914556181,3.772155501446976,0.1981061374162983,0.015397359195774857,4.6426481069087435,AG
P0001422,VA004,70.46168485898181,38.69212041755957,-77.7994383450557,mixed_ag,55.93950698837479,6.138424555151677,0.12234421072358607,0.4224102590356358,4.334389687235836,RURAL
P0001423,VA004,77.15730726959802,38.9462754812874,-77.93451079117149,cropland,54.72014293623124,7.035038726442346,0.3453830495216611,0.12641605312868365,4.807478067627333,RURAL
P0001424,VA004,247.7334471399608,38.83081710096026,-77.90585661662361,pasture,94.53331726325321,7.323245038440942,0.14674096449693744,0.0057043716248258046,4.772494527997426,MIXED
P0001425,VA004,118.9918324808308,38.75194811767984,-77.81305510354338,mixed_ag,71.70373946563505,8.608588607859879,0.14819992733581758,0.09253154509965743,4.77700094354749,MIXED
P0001426,VA004,62.54156669177392,38.71643321233693,-77.72536171825207,timber,61.89897669965164,10.349844889555843,0.02141261017703693,0.1379216944027032,4.74346899878426,RURAL
P0001427,VA004,154.58934441453798,38.912473722020785,-77.98354245132407,timber,67.96980821267044,4.324463439091798,0.08331675757599052,0.11257004042945258,5.069699743428786,AG
P0001428,VA004,31.081172661871307,38.78009810104833,-77.73753041019391,mixed_ag,75.08712768453637,6.102981077714212,0.1551926288519346,0.03482740850500415,4.72643124168575,AG
P0001429,VA004,175.61376474090187,38.802783125897854,-77.84441472166294,mixed_ag,82.09843574726322,3.6577639618121656,0.27171922072645854,0.18756860276041265,4.22718327120627,RURAL
P0001430,VA004,53.60083803815959,38.757082252989655,-77.85517789527249,cropland,51.62148743888725,3.648938832459619,0.1457707869014685,0.08114037402526034,4.67598945037665,AG
P0001431,VA004,47.2494864740489,38.70498458388882,-77.68354998614899,mixed_ag,66.94812562085654,1.8387922828736571,0.15297105598238134,0.06590209939663613,5.114280624674353,MIXED
P0001432,VA004,225.67375609848372,38.88810397463655,-77.89007127748314,timber,88.69447617212914,4.955665781506545,0.01162919745723398,0.027028233913720574,4.708754425676907,AG
P0001433,VA004,105.59964060079291,38.773268213193454,-77.74080676274839,mixed_ag,58.65487009386526,9.583663287175062,0.15172942466033054,0.06645308249573109,4.62921706154744,INDUSTRIAL
P0001434,VA004,173.64920533681925,38.72449255926618,-77.69017002176095,mixed_ag,58.21542598599449,2.5126597295157027,0.23254271810392585,0.1577196535486994,5.250954873822632,INDUSTRIAL
P0001435,VA004,284.2406348957023,38.899927988729466,-77.64395747368812,mixed_ag,60.47108209388972,1.9262760735197169,0.07207091516724669,0.002668300684529663,4.971844134908607,RURAL
P0001436,VA004,184.98193718692949,38.79075301792939,-77.84177730897665,mixed_ag,71.78221827774408,3.2212013694006347,0.17221530022662893,0.01125456560268221,4.651448921051045,RURAL
P0001437,VA004,187.01682636298722,38.675234420571336,-77.92855909140083,cropland,79.04645901336211,6.445369747745233,0.021551132495321635,0.3066954694180032,4.669358568880995,RURAL
P0001438,VA004,63.759494305738045,38.64712733533869,-77.85385010668261,cropland,56.3468508653215,5.71545972527848,0.1532609872074735,0.05536634057915762,4.41357017146705,AG
P0001439,VA004,38.93301259031266,38.75728183931214,-77.84981038554312,timber,75.52629553046994,10.617307798502216,0.16381672630370858,0.11208028855748609,4.084560662188039,MIXED
P0001440,VA004,53.49891703223208,38.72310268103234,-77.69644335906021,timber,66.52216003660888,6.699203402942762,0.2480801924072989,0.08022073272676271,4.769910004584061,AG
P0001441,VA004,114.3801435911559,38.73262351817031,-77.86188802132358,mixed_ag,71.4423274492122,1.4104884773003168,0.008313606308644679,0.06434049266415028,4.758458890920552,AG
P0001442,VA004,64.32223333081265,38.806275026506256,-77.86718576658984,mixed_ag,47.6285100209049,7.5969333546914894,0.20326458551583412,0.45059912862600365,5.031896163683606,RURAL
P0001443,VA004,287.0683080705705,38.82505201978815,-77.90312678889556,pasture,66.39250928528705,2.270143205644556,0.14888504714643758,0.04473359157385262,4.2390143749434746,MIXED
P0001444,VA004,146.11204980192812,38.867336845825534,-77.71226211754096,pasture,56.94386105850663,11.919362803626093,0.009362035759471631,0.020672077238522657,4.806779937869274,AG
P0001445,VA004,847.9850173941078,38.758454028763325,-77.78553112268547,pasture,58.77970148459569,8.045705804743006,0.006373051885063784,0.0729963872018738,4.606904911691373,RURAL
P0001446,VA004,42.19536138909899,38.60911066762214,-77.83329914237733,cropland,73.46568006411906,3.1016440345863563,0.28868009006668033,0.04505403915578795,4.888814551816763,AG
P0001447,VA004,61.18244984708832,38.782953544095605,-77.69672546860252,cropland,28.21044216101447,18.0997909940174,0.2584250459464103,0.015440109870820689,5.104467980756893,AG
P0001448,VA004,112.44369955407733,38.813767750563684,-77.71774795644035,timber,79.16748139365531,2.6994305823802014,0.19292404498036173,0.0023952952068412993,4.684711552583012,AG
P0001449,VA004,151.3080954612642,38.644590882304605,-77.74307981808347,timber,59.67101737485082,5.7422348756853765,0.10489826907262279,0.31954837599962366,4.668865039289703,AG
P0001450,VA004,135.9047974335052,38.693354579763444,-77.85347275757451,timber,35.050915017362705,3.832429773767083,0.24542017360168178,0.06014296056589217,4.4570224322037735,AG
P0001451,VA004,195.78798037308383,38.5531938612583,-77.73787716799497,pasture,65.04627731130724,2.6900797752918555,0.17777254258810982,0.2926796341799863,5.138934113344226,AG
P0001452,VA004,120.30305205892141,38.846002762862035,-77.79812311756507,timber,86.42329195728843,4.47246368744792,0.09867560108998676,0.031203027564001052,4.211228601978398,AG
P0001453,VA004,83.70227257909613,38.76914526455535,-77.83726232886931,pasture,71.75918786812586,7.042690503742417,0.03766407155598734,0.008753804131187258,4.612557081087401,AG
P0001454,VA004,110.11235701529472,38.88123362709547,-77.65197907218278,timber,65.67666815395303,7.309290613013509,0.16086524891198004,0.014071734765963441,4.711718456647547,AG
P0001455,VA004,74.7035112398197,38.722963174977636,-77.70299283317902,cropland,65.3214516041842,2.6156032609400897,0.1401435800526182,0.32810505925035516,5.225130601677851,AG
P0001456,VA004,52.47261941996212,38.71712718556749,-77.82416831773648,mixed_ag,70.71442785768258,3.1518344944169585,0.3088524162321457,0.11020174997539042,4.161445409037756,AG
P0001457,VA004,104.64972046134484,38.764909630777005,-77.98933916332878,pasture,51.58641892565726,2.4069682009498443,0.1922700749054996,0.2030532647962277,4.04697057673917,AG
P0001458,VA004,219.45248061692268,38.55852498938831,-77.91374568493265,cropland,70.34845343580533,4.945327029780828,0.1732720229632762,0.05776437253700821,4.520640036876127,AG
P0001459,VA004,159.96545338007888,38.7071845916368,-77.87947353470861,cropland,64.01174171817816,5.240427882419448,0.04325809426672987,0.08361833111426274,4.583933298838811,RURAL
P0001460,VA004,148.55518765605478,38.75159081554863,-77.94095349884452,timber,64.43267190099455,5.141026663512616,0.05619006017257025,0.03002507064065983,5.014245973076537,MIXED
P0001461,VA004,53.010270591569416,38.822680426038026,-77.81264991221248,pasture,60.014042770215994,2.8924670188587993,0.05825324652911329,0.046691857005829854,4.897869000703812,AG
P0001462,VA004,45.82935779517271,38.6288181670943,-77.6759332957476,pasture,38.99268303530637,7.479437354673051,0.0276359148586792,0.0368713945829141,4.5133261761343695,AG
P0001463,VA004,64.38980824944501,38.81051586806116,-77.71850280072381,timber,59.047909792000695,1.349180758156898,0.023955910568997114,0.058752151936217016,4.461289888716477,RURAL
P0001464,VA004,270.05439840497866,38.737186487040255,-77.85020983119074,cropland,92.46881299668094,4.411042203459404,0.29453847734664634,0.031296397882416116,3.9696892430389656,AG
P0001465,VA004,93.17491444112174,38.72259195592965,-77.97239692970011,mixed_ag,72.52655038665249,4.013698583829979,0.5425769691015694,0.01615384952805874,4.769448291982997,RURAL
P0001466,VA004,71.40562840868013,38.71873288962145,-77.82900748152629,cropland,71.38786048379826,1.8321863764576989,0.025870515939115653,0.3630554751916077,4.435499034033091,AG
P0001467,VA004,350.60280299119444,38.80946278576634,-77.86796823500573,timber,72.95909014678703,6.5704606828148755,0.1776016191161322,0.2794672874996058,4.431764936406714,RURAL
P0001468,VA004,296.0269307886253,39.06423259037475,-78.06698209778246,cropland,66.04379180400069,3.6108638091056156,0.14707784888676256,0.14688577941107447,4.725829658915887,AG
P0001469,VA004,81.99349403961243,38.762957369416284,-77.80293919231995,timber,54.25008859480633,2.2158698671160417,0.027886559710393034,0.019123330014463133,4.7065599793863,RURAL
P0001470,VA004,77.91072214255682,38.751613390677896,-77.86399606876712,cropland,67.84364101883713,2.371571403043547,0.013085730267172848,0.1994718838499859,4.848240526004763,MIXED
P0001471,VA004,174.38715741991282,38.910181161694375,-77.8809731998076,cropland,51.26474457239358,4.279962051051406,0.15761955547973405,0.12946334457303696,4.116205942149238,MIXED
P0001472,VA004,87.35784158295873,38.72939008271095,-77.88770058319143,cropland,46.083454496030505,9.414690545419287,0.08355989460292564,0.30020528360257454,5.092807886612155,AG
P0001473,VA004,882.9364045943483,38.81991190613483,-78.05782928107544,timber,68.55401001187657,1.457868580393355,0.12292996888445848,0.2797588945752048,4.4297742389883155,AG
P0001474,VA004,502.37503063092316,38.655558670407785,-77.96831508867301,cropland,63.98228845574503,11.039385204644656,0.08967326345686623,0.11962503507943188,4.474035909023656,INDUSTRIAL
P0001475,VA004,200.66948072659943,38.882776208827856,-77.8888540867337,cropland,54.310806422366234,2.279506762415962,0.14413855131808467,0.38639853346368863,4.764963533605332,AG
P0001476,VA004,140.09892310831427,38.659049642792915,-77.7102351880056,timber,65.43837982842932,13.167996485555609,0.40929039493823516,0.03495817208736367,4.589164819674907,RURAL
P0001477,VA004,211.82264169631776,38.81644466097899,-77.74609356168715,cropland,52.63183040843187,2.367478804578319,0.2802597138255727,0.01671759248448236,4.634931400246684,MIXED
P0001478,VA004,106.10336541619232,38.74712172081469,-77.92020068910192,pasture,47.15092649570885,0.9044877687975429,0.1653966997244607,0.006066265765115993,4.780798467413668,AG
P0001479,VA004,75.16514081006846,38.73576412467595,-77.65575367720767,cropland,63.39677194513607,6.263614867549155,0.17844493432164538,0.0028724217307558755,4.2588867021416545,RURAL
P0001480,VA004,129.4896771273289,38.81800044555134,-77.74029817654551,timber,70.66255379527085,6.988080256903966,0.25550165216757936,0.09227764023192449,4.386253035455375,RURAL
P0001481,VA004,96.15437099454589,38.755567814790524,-77.76154566925818,timber,77.01659592312188,3.3661222494674767,0.0006162972709845456,0.11100207584645974,4.368964971227068,AG
P0001482,VA004,239.71255364735651,38.80695912247675,-77.86139338874634,timber,85.89987291499594,5.90580867583662,0.0958427723718996,0.3565258260635455,4.903250144642777,AG
P0001483,VA004,92.23194438773801,38.71419986475528,-77.7623195607733,mixed_ag,35.16648405973635,1.2337913269182939,0.10663115472541984,0.06735724207941876,5.195663394247071,RURAL
P0001484,VA004,159.79758013596376,38.703741702929605,-77.88103208108252,pasture,74.26363487093003,11.504389650804093,0.06142941275384463,0.1960516253331808,5.048788291705163,AG
P0001485,VA004,86.2161959334971,38.91508480803673,-77.92856055230915,mixed_ag,74.46995908561586,4.439314879938711,0.23336010539125734,0.06089063614619898,4.153071273937101,INDUSTRIAL
P0001486,VA004,132.89345443156728,38.78565257047507,-77.69369573382909,timber,65.56124263392611,8.938204744125494,0.09540752250602574,0.06965557550246818,4.200518548580993,MIXED
P0001487,VA004,199.45647520519043,38.81472497397403,-77.86740101566467,pasture,75.01409513806514,4.634785754827048,0.21389120853784546,0.009575395229452681,4.80453364193498,INDUSTRIAL
P0001488,VA004,65.64990756733388,38.74231331700033,-77.82183839912918,pasture,57.804284055183125,3.0131196926544437,0.23189433330176396,0.05247760367848152,4.637265661400074,MIXED
P0001489,VA004,88.77553416368556,38.781422262394024,-77.81320331615218,pasture,72.245153130366,4.484436461713251,0.09845058824511438,0.29138433709790185,4.524373127695637,RURAL
P0001490,VA004,414.9331858497,38.60681580098159,-77.8077238113775,cropland,46.43352048502656,3.805711552732224,0.25022511236804873,0.005687158723874396,4.9400599309168465,MIXED
P0001491,VA004,254.77306445006172,38.80434101359655,-77.80072129391642,pasture,48.15840880135384,3.7040941079058776,0.07437633473641261,0.40283411162220034,4.445268480894665,AG
P0001492,VA004,107.27188696792265,38.65795434437613,-77.82824715916423,cropland,69.61572422333093,1.9113845531641376,0.1863134485596629,0.02636723740625444,4.9094141783703,AG
P0001493,VA004,303.6230542588278,38.85031530789881,-77.76683444177188,mixed_ag,74.15192563785361,4.550577623136197,0.34697713066980085,0.07617204079541177,4.342963730796067,RURAL
P0001494,VA004,55.87893713782361,38.558216112409816,-77.79077701994385,timber,64.75599623185656,9.82740377156476,0.25376599378374887,0.11667869548393552,4.135013080902732,AG
P0001495,VA004,95.6238012515035,38.7674579931117,-77.95241909845255,pasture,90.4642049820709,11.041515675025602,0.11765539029985483,0.005151184108587767,4.42210120716054,RURAL
P0001496,VA004,121.06966593689177,38.74638449972775,-77.68419802549055,mixed_ag,62.71783740649837,1.9249335634126494,0.05675655227524491,0.21538837322840948,4.58207084905865,AG
P0001497,VA004,314.7636995011628,38.84785892270446,-77.7314086773344,pasture,99.05886167624588,3.0027992053011285,0.07069070098641748,0.09493590087650595,4.5018053749723626,AG
P0001498,VA004,267.7147512019868,38.64001581214571,-77.8320391774656,pasture,94.68225179811844,7.9117918450012015,0.21532275469742956,0.14079213459110934,4.138385551831751,AG
P0001499,VA004,55.53845381537947,38.635684977394426,-77.75858662320714,mixed_ag,60.144458501266286,1.5769950165576576,0.0472024181347002,0.12913995329136355,4.654702923928645,RURAL
P0001500,VA004,145.06845776915878,38.67282870589737,-77.75687827105476,timber,58.394230109071,8.97613467960548,0.4000555244874017,0.06427116939230089,4.90194450472279,AG
P0001501,VA004,63.886884652473036,38.82277923215195,-77.67896915600257,timber,84.4099900908366,0.5339767362832202,0.12007883719028867,0.09501122931612409,4.644420919447846,RURAL
P0001502,VA004,51.11445823920445,38.91382518181598,-77.66406270093655,mixed_ag,65.89780853189865,7.390197791097462,0.11019467113300016,0.24334102556574902,4.370472577596956,RURAL
P0001503,VA004,102.0595715922975,38.74727725812883,-77.7968410078757,cropland,64.887035752832,3.7027119368024324,0.6034560408884085,0.03670808646360163,4.583148424001679,MIXED
P0001504,VA004,102.22881283900189,38.67846800924283,-77.79539801481037,timber,36.06240719901744,2.5112255455319614,0.013776613058660802,0.01557605096277012,4.331356430949626,RURAL
P0001505,VA004,95.14190937251323,38.71276974993898,-77.72802876534455,timber,73.27650315971451,5.32619040318839,0.24045103127669507,0.0007214673427796093,4.171174471436281,INDUSTRIAL
P0001506,VA004,70.3008453830662,38.80828977298218,-77.87275428006124,timber,53.832333818997235,9.175417735963169,0.09293545523477548,0.10302705414965213,5.474237340596744,RURAL
P0001507,VA004,123.25807299353016,38.73558323294061,-77.7732788338331,timber,90.51626459327278,8.203456811116567,0.12348486197765793,0.1174599975539788,4.413173024350851,AG
P0001508,VA004,107.1809956884804,38.98514911104619,-77.73621223372184,timber,64.24097334343122,6.768614993309601,0.03456143188431239,0.12660406394954243,4.667112519049831,RURAL
P0001509,VA004,101.69472767609545,38.697959859832906,-77.8611390763607,cropland,46.78538079600959,3.6611691047084944,0.008698427638115194,0.0004783512330407838,4.158381205320167,RURAL
P0001510,VA004,164.60634480531402,38.69667568788515,-77.87546558959347,timber,46.30168548163694,5.520258422847107,0.22897705822736042,0.062119755401438555,4.3942017920420415,AG
P0001511,VA004,292.24240940283255,38.69863177050718,-77.58576491362182,pasture,70.27384042527208,4.294509134287901,0.42711470254494555,0.08121048669082277,4.916608694461195,AG
P0001512,VA004,49.064187730957485,38.81944001321668,-77.68514664414492,cropland,81.29442095599799,3.3970346827161246,0.20632305621269087,0.20933285808074895,4.7456017666788135,AG
P0001513,VA004,231.0314267173383,38.89329833932341,-77.90246297116354,pasture,44.5014892278725,1.1140360254770612,0.10605173975445571,0.08811084975829174,4.626636763284327,MIXED
P0001514,VA004,102.63831290405176,38.709858957317394,-77.83306584900117,cropland,47.968735093979895,7.616700850688836,0.10774254979591384,0.09266056706846788,4.341346390604659,AG
P0001515,VA004,209.07739358354755,38.59541762382883,-77.79459165493783,timber,58.2263525705902,2.5449472402194817,0.10347183607037834,0.06570704976982063,5.149836414943895,AG
P0001516,VA004,53.061244408857604,38.758413680187566,-77.98293883664746,mixed_ag,74.34503817605699,1.248544009121611,0.03350029785035888,0.010182417617578949,4.44612436687483,AG
P0001517,VA004,385.33426218312803,38.553135953103244,-77.69254067771998,timber,63.92577320200636,3.1611315925813233,0.046485001086837445,0.14363117699220218,4.364088041218091,INDUSTRIAL
P0001518,VA004,169.07385427310768,38.724597186054915,-77.78435964324711,cropland,47.624700318429625,2.4992167818057296,0.08680737272639964,0.04968600630998113,4.16689886168252,AG
P0001519,VA004,183.87643738113263,38.76748464866332,-77.90956774805416,mixed_ag,63.51776690159716,4.823654937283904,0.24731877406600636,0.15058511264775631,4.573798592650177,RURAL
P0001520,VA004,662.9769351810484,38.68975537320778,-77.93972448434235,pasture,57.0030950678444,9.698901704382056,0.053168497035318986,0.2741116092930131,4.121493673617505,AG
P0001521,VA004,249.55752224971556,38.76505668259739,-77.72469961885555,cropland,84.27175706161655,6.726330806137902,0.20260450797202376,0.1734494693662524,3.892603003813267,AG
P0001522,VA004,267.43932400962814,38.79723105635385,-77.73926927491434,cropland,66.19483726077395,0.3870705719883352,0.08145523501902566,0.14879385679683135,4.789841322197218,RURAL
P0001523,VA004,59.8018688422649,38.775714654367825,-77.88221878096243,timber,65.84444903427152,2.1650151176827377,0.14183826579993086,0.21951877871595,4.665326308196346,MIXED
P0001524,VA004,124.69733101050392,38.44291255977447,-77.7532170041646,cropland,75.28584217316379,12.41867250946714,0.156296653154814,0.029362936429442352,4.890680221513602,AG
P0001525,VA004,249.46480130842568,38.65440327177392,-77.81278185555304,pasture,84.39004393680898,20.11831965879217,0.09785495908748924,0.03672609956582061,4.032316572241445,AG
P0001526,VA004,176.15278428150907,38.74270683553966,-78.04135192123805,mixed_ag,71.50577577536515,4.0751442599930074,0.17755772670606546,0.012724431094376347,4.646055162552581,AG
P0001527,VA004,140.5736074734385,38.78192999386655,-77.77717025523776,timber,51.18794321746826,25.6589617776501,0.16057127088657075,0.09643097142486136,4.819348196388738,RURAL
P0001528,VA004,83.74540230705617,38.70294384675581,-77.78044182648215,timber,70.6286721434264,9.300805793847854,0.29025823680833085,0.05424904365860351,4.263121672407964,MIXED
P0001529,VA004,94.22158024965273,38.852797917066496,-77.89148231772745,timber,84.92047672036803,2.4552122243871928,0.03534268595102352,0.027198804633182798,4.886345341107616,AG
P0001530,VA004,181.84788744748522,38.8313433066548,-77.60579967681535,pasture,54.96914887604297,2.7364757314292607,0.10254955001782902,0.12250203884039274,4.17465278897017,AG
P0001531,VA004,103.6318896098175,38.85092431325679,-77.82158232205494,cropland,61.29934927890916,12.571290823244293,0.09201035738057602,0.0751085770012417,4.1482116926717785,AG
P0001532,VA004,31.97438507539384,38.67680390183702,-77.77217947139773,timber,100.0,2.9316842411917277,0.12538054379572897,0.05474525927488467,4.442937995596807,AG
P0001533,VA004,240.92961730017967,38.650797992434946,-77.68807641008894,cropland,53.87057750702467,7.921430060881217,0.23518499161099565,0.23854459293840188,4.956562253753284,AG
P0001534,VA004,264.92984709735487,38.7903040711033,-77.9909011773729,timber,53.491897048575034,0.7606284063714472,0.11828671704842601,0.16657106870160024,4.55074243392473,AG
P0001535,VA004,145.38007942092372,38.68259621340142,-77.85489335399186,cropland,39.58473322683074,6.9010645359522735,0.15306005619867669,0.040233995349444315,4.3400106867644,INDUSTRIAL
P0001536,VA004,137.90249904899767,38.595968379221844,-77.86825426894575,timber,77.4952779443187,9.1114252175915,0.33022930527683336,0.059135568306440824,4.817858764841496,RURAL
P0001537,VA004,272.9615941445479,38.72114487430276,-77.81896614513546,pasture,60.94074897510611,15.734724000510749,0.36060377672269855,0.032911151553502084,4.714904596066574,AG
P0001538,VA004,203.8961434402889,38.72503159862097,-78.02094286073006,cropland,81.99474279398771,11.008108883674769,0.16646561475013544,0.003928194196757043,4.762963705680692,MIXED
P0001539,VA004,144.12638609631784,38.616236764483155,-77.78682942538879,mixed_ag,90.54291788308436,9.018392013049878,0.5240491653439971,0.2675650767836394,4.1796034617126985,AG
P0001540,VA004,113.31164661752257,38.66057602560961,-77.94383982447916,pasture,98.48340745262536,12.671691360590962,0.1559478750554971,0.03694008815085391,5.187062847363176,AG
P0001541,VA004,91.81641742137361,38.724172862728906,-77.87373664510704,cropland,57.61818777877461,4.117638726408539,0.18424325848468578,0.010555095799951245,4.901163346100665,RURAL
P0001542,VA004,149.17826060756047,38.819302600583384,-77.68422206326186,mixed_ag,61.847885009136206,21.033931523999282,0.2854137991018957,0.025552887003857248,4.491144313445411,AG
P0001543,VA004,233.04325279417833,38.56778035628621,-77.89386467392713,timber,51.80388244689656,4.852708029941955,0.014249946160851758,0.001752606074413128,4.623620693282111,INDUSTRIAL
P0001544,VA004,111.29125585319154,38.63468693554279,-77.83119810011429,timber,74.06048712432349,8.690220111765463,0.18129054137292727,0.014829139264286174,4.640858608876825,AG
P0001545,VA004,706.4089353084418,38.92618176700576,-77.66644460687756,timber,79.7104884462554,3.9977765927804105,0.10736206258548006,0.055588855876849724,4.431654555809526,AG
P0001546,VA004,374.7529490620442,38.7517547143795,-77.59926715652301,cropland,97.07354767662352,3.972252630196653,0.0949593918449669,0.14691701496714965,4.3275833546759745,AG
P0001547,VA004,88.98942338602214,38.82670759467748,-77.94054107865051,timber,81.81770395597871,4.010919612482958,0.28133046714739085,0.07495703162452068,4.810932016609275,AG
P0001548,VA004,124.06043206340121,38.768378719373274,-77.86450869754121,mixed_ag,57.417632927661636,0.5540277995921924,0.10247647360542096,0.01525222399100682,4.4121697944656075,AG
P0001549,VA004,217.90629499538588,38.67634429308407,-77.93282606724355,cropland,59.98811463299472,0.9366673987005842,0.14614793982741311,0.17796740411264364,4.380823879933885,RURAL
P0001550,VA004,34.39060697688479,38.660705900302034,-77.9914687771137,cropland,62.68123916839213,7.4677174108925986,0.1173554204411322,0.12399908065002171,4.463310783419,AG
P0001551,VA004,377.8707039298175,38.75736591268009,-78.00094327892577,cropland,92.6889136494183,3.411490137137068,0.18765708783924406,0.20257139808233168,4.753422902072704,AG
P0001552,VA004,54.12978723637723,38.783877774436505,-77.91060947517384,pasture,87.15838175382338,1.0503220248388858,0.18194362890656154,0.08134945437188905,5.587909389676631,AG
P0001553,VA004,43.91161785230428,38.775419989254026,-77.77818549565605,timber,78.9071735158833,3.5138929034323496,0.13090232391798978,0.16319784185059927,4.850628534436245,AG
P0001554,VA004,213.55423081718988,38.68448096412719,-77.84424182525053,pasture,67.30732408872501,1.8389865373236816,0.10534284252155486,0.04635273113179257,5.1105752574111385,RURAL
P0001555,VA004,42.83126319562168,38.68545340465826,-77.92103045399836,pasture,76.60310889287939,3.972739198439969,0.10460010238520127,0.05562426567654453,4.987103653626702,AG
P0001556,VA004,135.50596065656006,38.647000890765625,-77.90921871596045,mixed_ag,37.07084717194603,11.154530270040011,0.32409217507510324,0.07196103497717608,4.484561487567659,MIXED
P0001557,VA004,46.98361949986224,38.722951889182205,-77.77612134305683,cropland,62.56325292910087,10.554246830527026,0.3654727702248954,0.30330255674337514,4.398787653505989,RURAL
P0001558,VA004,90.02906955372585,38.776362741265594,-77.92547572273313,cropland,65.39588336076463,3.203984940185658,0.014418980331236078,0.2096804082603759,3.9313632708983564,INDUSTRIAL
P0001559,VA004,231.9623412990702,38.6405666729869,-77.79217228487974,timber,85.3578753434862,2.9894122024518928,0.028392011501914467,0.03645809001106865,4.558382332971127,INDUSTRIAL
P0001560,VA004,113.83056883296018,38.82343605856719,-77.98160073669962,mixed_ag,53.977159337844846,3.3206406132694912,0.25632433470429383,0.025658179054724915,5.323011041271212,AG
P0001561,VA004,259.8046898754884,38.88945225610004,-77.95725797937101,pasture,24.124309381169226,7.433063348961055,0.1445371359809831,0.08880496432471507,4.5259092176822495,AG
P0001562,VA004,66.44189939127253,38.56988067819081,-77.94879361176042,pasture,77.36158027747368,3.24988906429122,0.13724087003354077,0.021707996517535362,4.952894851956938,AG
P0001563,VA004,99.34101618746041,38.98032404719175,-77.71984215628149,cropland,59.162638933006406,18.274385149695178,0.11418015838458968,0.19117557713751004,4.4590281805177145,RURAL
P0001564,VA004,364.79868669840045,38.70590040084232,-77.65048695975933,cropland,62.61278402788975,0.6228086449761043,0.0974993917337065,0.06469092945025623,4.495209162565799,AG
P0001565,VA004,643.988198953877,38.71952311869177,-77.77510558051983,cropland,65.07105211840916,5.867809031725933,0.36365237715354043,0.0833161312185532,5.3983268915695435,AG
P0001566,VA004,85.66071130957685,38.66312355725726,-77.55248643936277,pasture,81.72563854355782,6.843826146310849,0.38780945864436606,0.11627393178785382,5.149465241723898,MIXED
P0001567,VA004,236.02868902638266,38.79663913254445,-77.85362837350303,timber,59.10706677034719,5.083600838618162,0.17117947811031492,0.07590512135909899,4.254966069457598,AG
P0001568,VA004,70.21941929926851,38.53893272015512,-77.59585570203315,pasture,86.70586792525549,2.6867496814962495,0.05856554731250073,0.05552614426456837,4.781201952604057,AG
P0001569,VA004,198.07508799581834,38.76024548732789,-77.76916770620217,cropland,58.74784440381465,0.5903683407857931,0.06314852638550254,0.1286948632838809,4.787059537622486,AG
P0001570,VA004,226.45868522941183,38.709046824141126,-77.69055116963675,timber,76.96967928320825,6.951177495630222,0.18792095576252618,0.02662759430164182,4.5021354167541165,INDUSTRIAL
P0001571,VA004,104.8558027655397,38.646499353642156,-78.032626962735,cropland,85.62112037242227,13.495119327329775,0.13258504326036677,0.11950896997014479,4.458242176890959,AG
P0001572,VA004,26.378217674865528,38.66616885544448,-77.80109997465853,pasture,62.27546519410114,2.7626694593594485,0.047908253144447896,0.2807388157333232,4.070209341851086,AG
P0001573,VA004,195.8881715560026,38.85154196875829,-77.83033880998009,timber,51.44231689495294,8.12988231957922,0.0429645939743639,0.025806530278759537,4.2473246214101925,AG
P0001574,VA004,222.51181617780634,38.95897573477432,-77.75452733776469,timber,95.59675307487534,8.58333704169739,0.03492245438402792,0.18908367329725503,4.903430208162156,INDUSTRIAL
P0001575,VA004,50.52793196217331,38.657770644417546,-78.08830978842488,pasture,68.29394383629453,1.3402354464984578,0.1624066229815955,0.18131352795218014,4.746254713444534,INDUSTRIAL
P0001576,VA004,69.59025117858559,38.701845168496305,-77.89879593763625,mixed_ag,60.912706028757086,2.3003798709584604,0.49697265607678875,0.12152363221559936,4.455350090421456,AG
P0001577,VA004,85.78305324698404,38.787298352825154,-77.81976344228431,mixed_ag,89.31695964209227,6.392996602890245,0.22709122162108225,0.08900280869266321,4.075926725029177,MIXED
P0001578,VA004,163.73556900065176,38.770393665724846,-77.95264307328846,mixed_ag,88.1483318372762,5.6967083662904425,0.1626606674229819,0.05836829043660659,4.922149584400147,INDUSTRIAL
P0001579,VA004,235.51644846157444,38.736416498331614,-77.88709202672574,mixed_ag,28.389213352202376,4.754679564339092,0.10261872074486984,0.06499197404679417,5.003020119540523,AG
P0001580,VA004,54.02812348050609,38.89702762220608,-77.96614018803156,timber,56.43527959515734,5.584181286440013,0.12593330271427644,0.005109222543231169,4.215566688543367,RURAL
P0001581,VA004,169.09824098269365,38.6896289156285,-77.79791702941567,cropland,70.92234287222476,10.789530525217149,0.05211897119738115,0.057812765483799926,4.697900469902154,AG
P0001582,VA004,204.72795111711417,38.6369140074181,-77.84323819492299,timber,93.45915981837453,3.401609567614447,0.2641817030320103,0.3809388082734301,4.508136439117527,AG
P0001583,VA004,51.74044089652973,38.802389661578765,-77.78088688261892,pasture,44.17486628546709,9.414343602613489,0.2661861921620379,0.07656972155575462,4.604473152260407,AG
P0001584,VA004,60.79853555533453,38.85612875445417,-77.87165368318568,cropland,77.39556403220777,7.697201128062975,0.07316460739060829,0.2177439078389196,4.58605859696645,AG
P0001585,VA004,134.46252262777398,38.8034364632001,-78.02554515113961,mixed_ag,78.43798034443695,6.903018485446001,0.10692396659193798,0.018839044687096563,4.75161364077479,MIXED
P0001586,VA004,271.84067884322525,38.64836846432644,-77.82462844684682,cropland,76.13557652066724,3.5352507711976333,0.16150433546482965,0.05097638990545364,4.345480357515956,AG
P0001587,VA004,228.67403538386577,38.71932508949078,-77.90582959371235,timber,65.84899174950765,1.4230390957989707,0.049328092796277166,0.09367368170627757,5.11708514533737,AG
P0001588,VA004,412.4440534067324,38.87951168905059,-77.79624411976191,timber,68.54167307130723,3.4263123400532107,0.21389055869986762,0.012734114705137248,4.514371448994356,AG
P0001589,VA004,60.886392315068555,38.74790292060293,-77.81663217677944,cropland,66.00528485500007,15.236961693433246,0.04071939131018501,0.10768092692046359,4.9225149112316355,MIXED
P0001590,VA004,76.06501592276564,38.72805988541676,-77.77397202404858,pasture,69.52789178634498,10.790467352714659,0.16702415645285637,0.0065490761104022785,4.292936531703015,MIXED
P0001591,VA004,328.26301716162675,38.833798165423616,-77.82404743639263,timber,100.0,2.801188208330098,0.16895652351329996,0.14525597479832186,5.119673313760171,INDUSTRIAL
P0001592,VA004,198.84209106212532,38.77883261508795,-78.05152277407748,timber,61.15878569546699,1.5603739960387022,0.04845285055471573,0.3328535688723973,4.0463222502238345,AG
P0001593,VA004,61.710197024950936,38.82521874478983,-77.8042439747978,timber,54.09358196907674,1.306958857452528,0.2160764489782599,0.1000936031260519,4.944779187645365,RURAL
P0001594,VA004,52.93357498518254,38.81727147644274,-77.83140990307423,mixed_ag,75.40966665051216,7.904842532715101,0.18371938560937429,0.11006528175451355,4.529646736206768,AG
P0001595,VA004,250.55693324651978,38.648108942969635,-77.83399601673256,timber,56.57647942487484,4.281159798144469,0.22556264963022027,0.261783221090946,4.860763505721771,AG
P0001596,VA004,174.38848908431981,38.97779144055368,-77.91899526626999,timber,57.616900575342754,10.146834564103829,0.21738542878740397,0.0782858931324073,4.607925791938941,AG
P0001597,VA004,243.6001480988225,38.74630017764067,-77.5648581897775,pasture,63.69991935772043,1.0195914951117198,0.5112844642909097,0.1274952308729173,4.535731843914222,AG
P0001598,VA004,113.66397838052526,38.78279551732822,-77.87478182878426,timber,64.95479093059603,2.2784582645852782,0.07150364235876337,0.00783583158647509,4.4100035587517565,AG
P0001599,VA004,202.6504496021977,38.701614867026336,-77.76192063400083,mixed_ag,64.50711783494215,9.079804937846914,0.1902695059926332,0.02610746898297797,4.495292908632846,AG
P0001600,VA004,51.14202832018669,38.61959066802676,-77.90564225925735,cropland,72.72156968880581,6.499001923811153,0.0742463403163453,0.05243702103045836,4.452951826549725,AG
P0001601,VA005,31.149072424948542,38.681847430737356,-77.39559062423875,mixed_ag,57.0219078857864,6.709322727003196,0.20813178683560304,0.011700720888376953,4.185242540686426,AG
P0001602,VA005,150.52408286884008,38.74660524404014,-77.46731240506321,timber,45.56530983994865,3.43836622454079,0.08528304747015705,0.12219338542732909,4.696687136557857,AG
P0001603,VA005,139.09775170771593,38.71240095683748,-77.30349867232738,mixed_ag,53.516819692557135,5.094830269673622,0.12463357105592149,0.0810147438527053,4.789421738429521,AG
P0001604,VA005,849.2734618242969,38.727186650091305,-77.60308970322758,pasture,50.90097817118998,2.0308525966796083,0.02867376088010981,0.16195231037813523,4.7049198348073045,AG
P0001605,VA005,566.6457919406291,38.538361510591514,-77.36532188561212,timber,69.64791734795006,4.344829953822702,0.4405620334635869,0.016011035176149668,4.759600694816382,AG
P0001606,VA005,76.44398322047633,38.635647733912116,-77.43652202325897,timber,70.97593444483104,7.2273976867542284,0.14711306678729366,0.1166327560232231,4.382243439045259,MIXED
P0001607,VA005,112.14096890646705,38.83275060033936,-77.37646192690728,cropland,59.50843342054545,2.9025259334060127,0.08704688759956059,0.1577498042798618,4.696380583895638,AG
P0001608,VA005,146.83023730627554,38.62357683928826,-77.49462663086499,cropland,65.27765428839898,6.784454475762955,0.20544522760019263,0.09151682202311268,4.505278798293986,INDUSTRIAL
P0001609,VA005,132.06221295364526,38.68776068181978,-77.65415136913725,mixed_ag,75.71503621115906,2.8426494471624513,0.11581696173872259,0.051906831236191324,4.618287791505456,INDUSTRIAL
P0001610,VA005,81.55120476986279,38.61118420441351,-77.65163305213237,mixed_ag,43.98123614050721,8.096992268212421,0.31236995056016936,0.19697262337758545,4.913780128782412,AG
P0001611,VA005,341.98362529622074,38.69547456914119,-77.42695856017421,timber,80.3082750361115,2.2895030999986976,0.2898100708065055,0.41712856264907683,4.831876705397233,AG
P0001612,VA005,170.82367103588643,38.6841610827854,-77.51994691437676,mixed_ag,54.539049864698065,5.292763980972625,0.36357828839519424,0.03485310140444206,4.312278874546143,AG
P0001613,VA005,177.81045629626718,38.59677679499892,-77.26942549846461,mixed_ag,67.49179109253136,3.9597196257697282,0.20525210857243542,0.13059344981749588,4.389442831329816,AG
P0001614,VA005,187.15602290523745,38.64070229058861,-77.49807544975339,cropland,65.05901252341538,4.14858244619014,0.1662786643729936,0.13416918662128052,4.492416141813437,AG
P0001615,VA005,197.4728130208497,38.72381914879034,-77.5161818118647,cropland,64.84851587400175,6.6716741970272375,0.02705770315117323,0.053324734725154276,4.78343260339992,RURAL
P0001616,VA005,99.46598931356256,38.81410233185316,-77.47870141789387,timber,100.0,4.140776308698447,0.17159998586365854,0.2503662039929563,4.7502209951011825,RURAL
P0001617,VA005,233.07563016143112,38.74470562762269,-77.21189689615255,pasture,48.81889253039937,2.70655378000249,0.009453680111740121,0.220330079721392,5.200112552312568,AG
P0001618,VA005,54.14168399502404,38.67219088529403,-77.43578082946271,pasture,71.78321246242983,14.163002506876541,0.11834813444741515,0.03341326096586431,4.49265577712857,INDUSTRIAL
P0001619,VA005,92.24737544746878,38.677434227004504,-77.43699906887929,mixed_ag,69.31911989797217,1.9447388313306389,0.018813142752502246,0.011930791829793478,4.600319590269746,AG
P0001620,VA005,61.2348334152105,38.72935202171981,-77.38335325957941,timber,100.0,5.264064821382459,0.2698116680596292,0.013075254025248447,4.243723244195643,MIXED
P0001621,VA005,83.74216629864344,38.9913508799733,-77.3955084392633,mixed_ag,73.80408815233866,2.7895610793221968,0.13917201566293144,0.020853091404843982,4.57642595333711,AG
P0001622,VA005,36.84435384914624,38.65140683609931,-77.4246747881827,timber,86.17001890563441,5.867185921928769,0.16371634145634628,0.05191313509617753,4.784128209298566,MIXED
P0001623,VA005,126.21327631368375,38.55013320721097,-77.66500409770566,mixed_ag,100.0,7.203678180863971,0.1579410762112395,0.10325053262062414,4.663910055870032,INDUSTRIAL
P0001624,VA005,102.64925927556443,38.91406924300088,-77.42153925776059,cropland,47.31304723805782,2.065095016723198,0.08317641976750802,0.20756315058215605,4.330836803743291,AG
P0001625,VA005,403.77007640395396,38.560528335624014,-77.61309037430658,cropland,70.81346988229609,4.5686170148260725,0.3794424986595,0.1739361643981628,4.737231109649964,AG
P0001626,VA005,20.549977901784718,38.72203305787369,-77.38939923668997,pasture,73.22202690881679,5.608824627157038,0.19952756849038905,0.011861667185178114,4.515443063289584,AG
P0001627,VA005,258.9551130558726,38.62858280370625,-77.53548252500269,pasture,84.67916346558712,1.6978683395882697,0.28144703583244973,0.0717571880005879,4.368128735886802,AG
P0001628,VA005,154.80964943167658,38.601814102682916,-77.31682194537171,cropland,67.68310196483912,2.784777508608008,0.09054321444756107,0.19382032969791954,4.556378001325467,AG
P0001629,VA005,38.84311135354471,38.7590917243555,-77.60339522480086,pasture,44.78464781237787,3.18412401682086,0.307898267283498,0.12194974910879665,4.437550351523005,RURAL
P0001630,VA005,77.8371918203564,38.95559908532608,-77.52712764307618,cropland,55.996580187361076,4.96004570278522,0.2037661423037282,0.15392278231567336,4.459613257922017,AG
P0001631,VA005,252.06835870808274,38.648775758077306,-77.28934311222899,pasture,54.201445838743446,10.332769360354073,0.17513458729355494,0.029062534735807173,4.403478066805459,AG
P0001632,VA005,78.7301972427109,38.62863873310959,-77.48031556383548,cropland,48.93237368391679,8.824981851198629,0.3176138922824848,0.11115441814801781,4.345601496136951,INDUSTRIAL
P0001633,VA005,186.10832098601352,38.74811119082589,-77.52221991796945,pasture,56.24176744551484,2.5061251624297705,0.10579608675114285,0.09470584517224652,4.872840077918788,RURAL
P0001634,VA005,159.03671608466632,38.57166290562502,-77.40769251680615,timber,51.31592903286524,1.4660032916499224,0.10683671326689163,0.09161249690886415,4.504097193842117,MIXED
P0001635,VA005,190.71666089991456,38.57766229496603,-77.58882585884561,mixed_ag,100.0,1.95645942053871,0.08100024271989612,0.10090244089342139,4.096015953814811,AG
P0001636,VA005,21.66392143735668,38.6748540358413,-77.48008003484907,mixed_ag,46.04523338527252,4.114971449895714,0.10200407609462385,0.07312100914957896,4.582383602579206,AG
P0001637,VA005,105.02696803396556,38.893483404050855,-77.46262212976416,cropland,72.48717453289856,15.38256221539617,0.006535695881107609,0.02563025650675645,4.552724224720507,AG
P0001638,VA005,88.87136678198321,38.561864480465374,-77.39621016725457,pasture,63.4969401623984,4.05078567329405,0.2036938525865664,0.03975019420648902,4.527245521900271,MIXED
P0001639,VA005,84.2764145493504,38.67127051574355,-77.59214991864515,timber,92.66224957884138,4.042792138000161,0.10459698971795779,0.028995077919160554,3.883343754981193,INDUSTRIAL
P0001640,VA005,85.0169804974582,38.80007803770591,-77.50109978394697,timber,69.49862185467471,2.8944410058809398,0.058890424425020106,0.08898666781808463,4.550900953374415,AG
P0001641,VA005,485.54056665475554,38.760939923817574,-77.63776373525413,timber,41.459059563403365,7.141990619193535,0.1464439084409702,0.2882826906409664,4.688659710047332,AG
P0001642,VA005,34.57842551663193,38.573636945374794,-77.32892252312975,timber,65.71341047596401,3.682190788016735,0.09909195932706868,0.07540826754869141,4.381820096530608,AG
P0001643,VA005,88.41174358698609,38.667198384543816,-77.36213697646853,pasture,72.47577502569123,8.043972380330386,0.0414975334706874,0.12292008039083825,5.151858084959975,AG
P0001644,VA005,144.28153085044144,38.82760335458506,-77.55774941162609,pasture,58.30321287650328,0.5632053997904484,0.2484431165824687,0.02199165289580889,4.914486643314499,AG
P0001645,VA005,204.05170969290026,38.760315562741674,-77.60617444417427,cropland,49.09567259355162,3.833726959580408,0.17988534539373052,0.01984470359300415,4.3456449156330725,AG
P0001646,VA005,44.4334712463216,38.83145398311949,-77.47162100830776,pasture,77.43592431520064,1.2922264934537662,0.2567603328169102,0.015507898684978913,5.233293726952366,RURAL
P0001647,VA005,134.7283921135619,38.69981194378641,-77.44687317353268,timber,78.83176639221583,7.888283038928909,0.376227504818009,0.08918606217957713,4.720386091572238,RURAL
P0001648,VA005,31.842614544237918,38.63689178567577,-77.29638111540797,timber,71.81504754567793,2.3694711762242697,0.15286062485625906,0.00964707351939728,4.494678652238046,AG
P0001649,VA005,218.8718170299994,38.910347944152036,-77.37616044004989,pasture,74.39183747001013,5.083964738542903,0.04322715146827963,0.15653642535324264,4.75068460174316,AG
P0001650,VA005,92.4568571646573,38.719777274930614,-77.66244005487314,timber,46.02336330476257,4.205039476823717,0.23078000200166612,0.2983005593885818,4.1866714954622095,AG
P0001651,VA005,82.58847893609774,38.71560580802197,-77.46691211289847,cropland,36.962575377907605,1.520668991323134,0.0697519733137527,0.020959259548422003,4.6227776738342925,RURAL
P0001652,VA005,23.518461418784504,38.64369650472899,-77.38966690910964,timber,49.99911410532699,3.7722798270602746,0.07409211471313999,0.013770497624036065,4.749779981483438,AG
P0001653,VA005,144.6051781408443,38.81445694359068,-77.718434869444,cropland,80.512070105232,11.12855988298101,0.010723559011017117,0.08679413268349406,4.408115929470381,AG
P0001654,VA005,186.05533747579827,38.7888762481588,-77.55836445606944,pasture,57.54632687740987,2.783763518608522,0.1422490022773416,0.4783922758801281,3.9049653347635345,AG
P0001655,VA005,421.05472556769536,38.980430447036824,-77.49102785323646,cropland,74.0796804334907,14.378637927826388,0.5910901967860912,0.054484880584952385,4.832389128773588,MIXED
P0001656,VA005,199.92580215645035,38.84442744789983,-77.53946676727082,cropland,31.561595083083525,3.8094935982119433,0.20978385362511334,0.055115563983431655,4.428633140255911,AG
P0001657,VA005,282.0029078805616,38.671465825556105,-77.19384107667977,timber,80.10795370820387,1.789306658103994,0.222313814770778,0.02787130934504509,3.9941043643607,RURAL
P0001658,VA005,121.05003278025892,38.812684567270274,-77.45572418947971,mixed_ag,70.58811548956055,1.7230333054135738,0.06380888314168053,0.053553077984119526,4.922815529755166,AG
P0001659,VA005,146.03540387016375,38.78232696841564,-77.41672048950491,cropland,63.10111166694231,1.3482816829862576,0.1427205710836984,0.059521772145777405,5.309732709690366,AG
P0001660,VA005,111.37045167205801,38.68094761202642,-77.44611833423288,timber,65.03489311562574,4.94233183443257,0.40111747919303437,0.008856336211428206,4.527721166950499,AG
P0001661,VA005,136.94101672852904,38.61091439251652,-77.5467248184842,cropland,58.40504857996259,1.2802008382329364,0.021090303884121326,0.03587460101236474,4.7620684505444855,AG
P0001662,VA005,384.8643395586691,38.70833640656515,-77.6091481514404,cropland,89.53680312473095,6.037526233269194,0.16166060063028895,0.24145857161277906,4.516796351854869,AG
P0001663,VA005,85.15551183630258,38.564445212501624,-77.450417191103,cropland,85.34513320935736,2.3988015917520658,0.27686733707243905,0.013718701267764402,4.419347061923515,RURAL
P0001664,VA005,72.83016712740509,38.75748047614475,-77.61309409316385,timber,56.24547707229887,4.823688908004461,0.046903090259254376,0.06924726556384414,4.402549314644016,AG
P0001665,VA005,212.62103428867619,38.71531987436657,-77.52553663829204,cropland,69.62195892586685,6.5877417729377505,0.18847135090088687,0.12211348041372966,4.812356502884215,AG
P0001666,VA005,204.6657940798968,38.649729550457955,-77.32750104501639,mixed_ag,65.51604081217171,2.9889795949591975,0.09080858084695641,0.023562088634181074,4.784102416904413,AG
P0001667,VA005,64.52422332424642,38.768172146252695,-77.50925366358088,pasture,81.63021639369084,0.7437850144849495,0.1469123635264663,0.03562415634452053,4.827898983264815,AG
P0001668,VA005,119.38369961161541,38.59546126394667,-77.25274704484784,cropland,67.95191665141603,6.518710820014827,0.09412467609863974,0.05313415600997125,5.502585292893019,INDUSTRIAL
P0001669,VA005,111.54817615084013,38.61812056967351,-77.54906010806,timber,56.9001175862139,8.217895844226746,0.2544128058823953,0.18142141760334343,4.338839816353346,RURAL
P0001670,VA005,75.73886856862327,38.772986996164526,-77.6337485335061,timber,63.304057393946344,10.729280931139222,0.2171982407164913,0.045304177730520104,4.576882309227372,AG
P0001671,VA005,70.57973097802291,38.688239829033265,-77.46337339121047,pasture,71.26184615619721,2.7677914212857555,0.04276107572813913,0.15540691282429114,4.268137450750512,MIXED
P0001672,VA005,208.2597985139676,38.57158215246411,-77.5566512942492,pasture,76.21226442186216,2.3075972950276675,0.08763566915753197,0.007859271777892994,4.15865933918571,AG
P0001673,VA005,740.9745642893059,38.672068338501106,-77.53524086329372,pasture,72.94926160323382,6.052322793102207,0.09938375021029797,0.3101410049704551,4.57182149988008,AG
P0001674,VA005,84.65616117471998,38.81623535293815,-77.41911841207602,mixed_ag,55.006480647553545,8.740731008704936,0.04481240192672791,0.17419999555195423,4.72169682938438,AG
P0001675,VA005,144.02577715597158,38.90622799041567,-77.3484410363244,mixed_ag,77.06928711357502,1.8672851043606322,0.030306730720168592,0.01640029041322404,5.133955402585655,MIXED
P0001676,VA005,277.40689215116583,38.476872377812114,-77.49312332135733,mixed_ag,55.18317923607512,13.164865603040035,0.04733889618121375,0.03449190677449616,4.656636814010915,AG
P0001677,VA005,184.50818789176785,38.65411987668734,-77.486657151084,cropland,49.859704627615756,7.731351828439699,0.043431709485485775,0.14304832106253626,4.591951408363229,MIXED
P0001678,VA005,107.3823171486042,38.64700358360719,-77.56528049500186,pasture,86.139721522118,1.1333284634069731,0.017361538252142702,0.0066464806012636515,4.718635393527376,INDUSTRIAL
P0001679,VA005,149.16790051302206,38.64229917734595,-77.4074970651345,cropland,60.65585932411808,4.494007684077297,0.1260807255974788,0.09191563477250361,4.67812244798597,AG
P0001680,VA005,77.31754453019921,38.72038327050376,-77.45792767732655,mixed_ag,48.369996043474615,0.6724848963552192,0.017626982819658216,0.0955800233886531,5.061968393513803,MIXED
P0001681,VA005,95.66174272205636,38.74704717002813,-77.35132059176453,cropland,61.326381399336164,2.4556340504267924,0.00889308328334766,0.3738635052601664,4.837705336360412,RURAL
P0001682,VA005,107.19909772184397,38.81585635935634,-77.549101198587,timber,67.02526465199058,3.7517232486976804,0.10799653087900271,0.054258280012929,4.937125903133668,AG
P0001683,VA005,127.11112806210762,38.62940329842908,-77.53060714496429,cropland,64.32296601998387,9.270229057768605,0.076168626334232,0.14736863467445754,4.813524067001151,MIXED
P0001684,VA005,30.145041803088795,38.592320928824314,-77.60521940246292,timber,53.25560663911675,2.462354203024808,0.07971053258626352,0.06935312015772442,4.996224546396571,AG
P0001685,VA005,118.93110969178585,38.60264378450457,-77.38598537517008,timber,96.26971853833366,7.452963003635281,0.11720463950265371,0.12716429077874197,4.3928782439797205,INDUSTRIAL
P0001686,VA005,375.07306966361284,38.798316005415494,-77.3558601126188,timber,42.270263419226175,1.6892236901793343,0.03893712261463836,0.04570368461685465,4.211506215260408,AG
P0001687,VA005,121.88984315097557,38.77018250159674,-77.60051933871198,timber,73.58500587033289,0.43891016600805527,0.019289324007742848,0.0062323092942758885,4.474042090260876,AG
P0001688,VA005,184.0156736890704,38.548600857166925,-77.41628897824424,timber,64.82994492927655,3.48222139865869,0.09622562196144249,0.21893032495916298,4.235597984730864,AG
P0001689,VA005,54.594777893818794,38.704794146684655,-77.53953018370461,cropland,53.53515778677779,4.2979189735039025,0.43309104731245546,0.06977631599192238,4.467747786079239,AG
P0001690,VA005,26.850889954418,38.60280985641929,-77.47268489082316,timber,47.88648706728403,4.331529355677411,0.0860678505918966,0.2369349834593037,4.126975904764867,AG
P0001691,VA005,93.93290695100379,38.68830320966548,-77.2146930219549,pasture,45.43628758016448,1.8173122759569567,0.18751743873212956,0.05081060333413044,4.33280694849796,AG
P0001692,VA005,80.76622369676795,38.52019868876551,-77.4651005857004,cropland,62.21212175252058,5.017497211929584,0.025544578960821362,0.3191738808082684,4.787144576774155,INDUSTRIAL
P0001693,VA005,182.77136391196814,38.6503296985643,-77.4680438706514,timber,67.61388555386978,4.39153785642844,0.07526376510669969,0.10717729520174785,4.273966133107629,MIXED
P0001694,VA005,429.6484881889751,38.73941259943827,-77.27529896821265,cropland,73.68898580125747,1.9215768369455106,0.12549446196246378,0.12376364555665414,4.97880629116005,AG
P0001695,VA005,153.5712872275913,38.68664448653447,-77.37263826071226,pasture,69.54454768395134,1.2870548304811562,0.10516594177273988,0.05413785811913621,5.0123770711167115,RURAL
P0001696,VA005,256.535154571533,38.69855497294148,-77.3493265375482,pasture,55.00513675287076,1.5331508516064614,0.0837413450169079,0.1119372750215378,4.571924365021994,AG
P0001697,VA005,542.5662204039503,38.87132687138744,-77.40747976385606,timber,77.87798981514497,1.3605836874934716,0.3272969318886419,0.1036491907807469,4.814434208415512,AG
P0001698,VA005,350.7098117306877,38.65719088809844,-77.44334889140515,pasture,63.02660896980713,1.209066620722418,0.0758574985047125,0.08807216437383478,4.636497073855039,AG
P0001699,VA005,282.93347990839004,38.64846827080887,-77.37955814915914,mixed_ag,78.06996776016425,1.1641285491191624,0.4191265100275924,0.14018306339661407,5.019317101368878,AG
P0001700,VA005,135.67965521506275,38.72515779367513,-77.42859396196806,mixed_ag,68.7583127545489,3.5796084850798597,0.2357654891864714,0.16080605593332797,4.6509866676116,AG
P0001701,VA005,229.98347595154507,38.850935625327224,-77.5461716445581,timber,60.01147512693223,1.8039845110074264,0.17291104947896782,0.010524430502832268,4.089082943722049,MIXED
P0001702,VA005,86.49900437167929,38.808128540176746,-77.45271297115093,timber,63.163532947164086,4.169859121305036,0.1886997586881849,0.20318879295269093,4.924313805710816,AG
P0001703,VA005,43.693817961848104,38.39122105835753,-77.57524106410442,mixed_ag,47.72523621694773,6.822487335027335,0.1285997995893845,0.06394269000211332,4.45609647564269,RURAL
P0001704,VA005,97.07747665948007,38.884962100140335,-77.4171552478804,timber,83.66798270996702,4.805036424508727,0.11631489935526672,0.14190111024915184,4.799333659590257,AG
P0001705,VA005,98.97694369846512,38.75463648559223,-77.44724327972233,cropland,49.018419016525264,5.434236241897833,0.21622014931745698,0.015233647937915373,5.491801314005245,AG
P0001706,VA005,56.00803228204938,38.683615012907445,-77.57399474600732,timber,80.16469441046608,6.052353385878241,0.38377699135070253,0.01895519937792016,3.9730858972489345,AG
P0001707,VA005,117.99122451370353,38.64123132895634,-77.36627421516239,timber,48.19421025793959,4.362515111150344,0.12382847710332748,0.07418284660612011,4.876554763483495,AG
P0001708,VA005,130.16414210996172,38.51136685224125,-77.51424133275565,timber,53.244350267989674,6.861847358361992,0.12474360378469837,0.05291642207454442,4.903815843894952,AG
P0001709,VA005,181.82008926261184,38.941485041659284,-77.53006604011541,timber,67.9069854273767,5.409764021975842,0.1399402466643211,0.0294375806285743,4.717390464514062,RURAL
P0001710,VA005,141.8317910685144,38.64697641268234,-77.37536154129542,mixed_ag,63.30348445715363,10.751014345380423,0.24311671964232692,0.040710638435128066,3.9356976098795835,AG
P0001711,VA005,56.92958024041858,38.63527092939714,-77.44891162206063,timber,49.89785712101297,2.1023562824316278,0.5120998004027673,0.2289826126273535,4.485501801640759,AG
P0001712,VA005,167.32485626759885,38.81805850523339,-77.36829854705454,mixed_ag,55.26991621737977,4.476002257985584,0.015791212492977942,0.00022027952935492929,4.786528081415014,RURAL
P0001713,VA005,115.63338741695512,38.895100031973215,-77.54488108189615,timber,83.14905832303668,4.0625474072851615,0.039186695149670436,0.060909199891058634,4.405874194978403,RURAL
P0001714,VA005,557.3094077383987,38.76451668898416,-77.51789182143658,mixed_ag,71.95068101188525,2.9500234762979276,0.10283592487503151,0.15343777151493715,3.861410058585147,AG
P0001715,VA005,142.2317555281639,38.6170138732163,-77.64282625897744,cropland,78.86963793041892,5.431529448028521,0.14701493750986502,0.05812122254168005,4.980759037743726,RURAL
P0001716,VA005,120.20338286146068,38.85542364045612,-77.60833315683169,mixed_ag,54.7662380159761,5.4325515211960385,0.061932727173557856,0.10502919755207056,4.301127560873734,RURAL
P0001717,VA005,51.727712787718275,38.846831561930244,-77.353852981219,timber,77.20594397480866,0.4850217302055138,0.03001059555638643,0.09785580343905004,4.931986702197497,AG
P0001718,VA005,129.7673185192532,38.828511376016515,-77.60891421854963,cropland,47.312650714580606,10.988083644081254,0.14175312494081435,0.13203116389553493,4.878526681147556,AG
P0001719,VA005,320.58801322886535,38.80708581383869,-77.45537773494621,cropland,79.83932725324432,5.117123918489684,0.019799149606454614,0.06789217731327182,5.122865507471666,MIXED
P0001720,VA005,113.24802254034728,38.785065941887844,-77.51217634284194,timber,66.4507395196062,5.6029385076890135,0.11886692252229417,0.0011455734274787896,4.201241340310403,AG
P0001721,VA005,279.65599032159946,38.64483527966202,-77.42527782407197,cropland,37.063785851257705,5.110058767147256,0.07965007691938467,0.12581528549539844,4.379149866922903,MIXED
P0001722,VA005,253.79046122814523,38.67123985502882,-77.29846991849405,timber,71.92965487795432,5.73135261659759,0.1633181967243629,0.028793678672387694,4.295014336979816,AG
P0001723,VA005,80.5599514458332,38.715099926095256,-77.4377619173031,pasture,68.0547387539011,5.401053008998739,0.040490922744074904,0.03575590787328872,4.4891451536302975,AG
P0001724,VA005,161.71371285684614,38.594316522338964,-77.38160952889967,pasture,80.06149912414081,9.886175297500579,0.022392613688258366,0.11549769426483507,4.595036885685634,AG
P0001725,VA005,219.11580058976105,38.75756597077065,-77.56918582425988,timber,71.5734364751929,2.5451658298717477,0.0314389367883372,0.027962504503146253,4.746534513433836,AG
P0001726,VA005,179.89461997186615,38.55767239358856,-77.373463339425,cropland,38.416815958868426,6.588575950055519,0.12156394431995489,0.27572870311543207,4.714011665877048,INDUSTRIAL
P0001727,VA005,66.3559244172269,38.728702062435566,-77.53462549334823,timber,75.02034354948931,6.303899977868424,0.0687932390478506,0.1597157634642864,4.950939745719647,AG
P0001728,VA005,65.37462143559242,38.56285056769401,-77.5355734456176,pasture,38.032348350886835,2.89441724292429,0.20111125786696335,0.06898266618012126,4.491806091665853,AG
P0001729,VA005,55.01817562951729,38.79974616139484,-77.60156583460791,pasture,92.19795612007408,8.828334836106007,0.21158297395811243,0.10970266979623869,4.544539989492609,RURAL
P0001730,VA005,28.881123639035312,38.92791977750355,-77.52028489101957,cropland,58.78209141610085,2.9075176284221262,0.023441136723834834,0.020675701604444218,4.7441467848168495,AG
P0001731,VA005,40.80185282655175,38.755641118363044,-77.44246128307849,pasture,73.35552880614487,2.976264988902254,0.34710000392604057,0.19423513610627546,4.449287180777951,RURAL
P0001732,VA005,129.40033127212033,38.71033962557597,-77.56051319461636,timber,68.09428243969754,5.33504061695428,0.051601312297798914,0.015522018171598902,4.74128590350763,MIXED
P0001733,VA005,55.601779356610315,38.653673531720884,-77.46047754778466,pasture,47.058405550771184,12.002564387004131,0.07121182383968651,0.23312641737598358,4.419544170394974,INDUSTRIAL
P0001734,VA005,140.6959019363737,38.8750102706228,-77.2734288964419,timber,54.80473384818462,9.144030015269538,0.15554099130025667,0.016852578535941947,4.554071310428885,AG
P0001735,VA005,24.614773334070524,38.7760430416369,-77.54517904683534,cropland,56.63038025393302,1.859936251222263,0.21708181756927603,0.10965521966006524,4.888195741041542,AG
P0001736,VA005,59.35898436426901,38.72862437869049,-77.66240231302025,mixed_ag,55.65009780445122,2.789910461618393,0.07504585072300904,0.10152814219066005,4.13407420833276,MIXED
P0001737,VA005,107.63883183815362,38.704032627604875,-77.5737921908482,timber,43.69390278739577,3.8881279527188752,0.19367146456836887,0.11901943941084452,4.094810696239088,MIXED
P0001738,VA005,133.29444005772567,38.74873748471686,-77.53729027005248,cropland,74.3039429785309,4.61166291492024,0.19745251481601034,0.03619008644202156,3.945054272844334,AG
P0001739,VA005,121.67124397151541,38.59579104287458,-77.31724048278646,mixed_ag,44.97276756619179,11.576432803151501,0.06296412568626657,0.09228813965408805,4.929755671100663,AG
P0001740,VA005,469.28156340313694,38.625091789336835,-77.54500076491733,cropland,55.27779927715353,3.5750911795301974,0.13888023411312508,0.15300914806891025,4.708896659427853,MIXED
P0001741,VA005,123.14923545242604,38.68711847174456,-77.21590915663357,mixed_ag,24.990350649084064,2.429052951768803,0.09123093653316816,0.13582142419368717,4.925006473037476,RURAL
P0001742,VA005,396.7894414028204,38.74939681787827,-77.55688211209664,pasture,65.40647593862758,3.5466547710512164,0.24458534043934066,0.2179168462323644,4.534521282718297,AG
P0001743,VA005,217.82975234677752,38.622938644344316,-77.72904337890836,cropland,64.44136450246673,5.796975470621612,0.11316775705760265,0.09625962965220153,4.857533122494042,AG
P0001744,VA005,11.993319083598562,38.67861369894771,-77.50199662091167,timber,42.37908935543281,2.5734478874324216,0.2526920772082705,0.1034044178500095,4.4685151566527175,AG
P0001745,VA005,40.08956656433823,38.61545128686683,-77.28169825319777,timber,76.84429428595963,3.5643955819896296,0.06476551304827038,0.14436103712213932,4.788160516421297,AG
P0001746,VA005,134.75219149662405,38.75253098649645,-77.60201464945591,mixed_ag,69.46010180062213,3.6921902995416507,0.1819675836714534,0.15475075564306978,4.653561455378406,AG
P0001747,VA005,17.40104116758933,38.70195643721476,-77.49694897586383,cropland,71.43103311980792,0.6313374404435834,0.05345153614406,0.05435533263560385,4.875161941754966,MIXED
P0001748,VA005,257.15374553908924,38.705452631132154,-77.49739649652348,mixed_ag,65.39802923430481,2.1866062369901367,0.03754425213834959,0.18256840652600645,5.1191932280611505,AG
P0001749,VA005,104.85999586360593,38.94123795436576,-77.48843174423354,pasture,89.74031743865221,8.201817387134422,0.051226703382470526,0.06122374421503945,4.32671832196556,MIXED
P0001750,VA005,115.80915893203714,38.56766342692404,-77.55043559214856,timber,58.671719691284366,6.980627714227748,0.0020539575792642316,0.011871820809416646,4.68165403487472,AG
P0001751,VA005,46.858400985122245,38.805372028639084,-77.39376699188911,timber,68.39648753173633,5.351075520966852,0.4388302943930547,0.07658007748864831,5.286504502853946,AG
P0001752,VA005,216.88656804389385,38.46158880820314,-77.66535494833923,cropland,89.29060171893231,6.221533307969731,0.22768847388207064,0.09717914280515051,4.612730518676865,AG
P0001753,VA005,343.5688057839051,38.63532116514931,-77.55566391182597,timber,65.35169603704418,0.8310836774955868,0.2395326681461714,0.22305276112623076,5.04499989055932,AG
P0001754,VA005,187.86481377695247,38.86799418741663,-77.40278430143532,timber,83.99962852861388,3.7799778919881364,0.0863870955736068,0.2002313384168261,4.427651720239919,AG
P0001755,VA005,77.21379584314658,38.63681909218312,-77.60450402955443,timber,87.55170949149988,5.490685522069062,0.18367243134097974,0.11869104335440826,5.187713370228891,AG
P0001756,VA005,230.48329934165315,38.72116850214366,-77.43865018824465,timber,53.59161523719935,2.210133477280872,0.37534298675061295,0.07622976393816208,4.348025753531147,INDUSTRIAL
P0001757,VA005,250.65621650843144,38.7491962773356,-77.35098881863844,pasture,44.59188319716927,5.1681253910093865,0.0407820133708116,0.02092566789587337,4.9980119210623695,RURAL
P0001758,VA005,86.40820247992558,38.500478992391045,-77.40262366874258,mixed_ag,77.41840856631906,12.692349278285953,0.47813272964908643,0.15853983975901223,4.888244586121843,RURAL
P0001759,VA005,88.04647211766097,38.74614687785566,-77.37165646135357,timber,78.37155822993684,4.543849038674529,0.11735068256133357,0.040831409711604184,5.121145155053556,INDUSTRIAL
P0001760,VA005,70.03550693749303,38.68779632684842,-77.51083975562099,pasture,48.995015035885466,3.625728775707619,0.16862816448954765,0.11229796549417649,4.371358994137325,RURAL
P0001761,VA005,430.9404575092479,38.74712121506129,-77.60749097211105,pasture,91.84138223135594,3.2416329921918714,0.11833911535991715,0.002912931047867177,4.337110775439665,MIXED
P0001762,VA005,104.7064265162284,38.70941717529831,-77.4293064570418,cropland,64.71542186649252,5.31397521612414,0.06323307427934804,0.18748798834431737,4.481872729592871,RURAL
P0001763,VA005,86.97054753625761,38.70036323653471,-77.44671286615747,timber,58.70023160597897,14.193985304681675,0.05672899917329562,0.3223667986260179,4.271752003578181,AG
P0001764,VA005,49.49072893820283,38.54378782453085,-77.47231721050484,cropland,61.30282931166221,7.782953613283001,0.14271947989457273,0.03170358796705716,5.10668138382492,AG
P0001765,VA005,142.28558592444205,38.62153124382397,-77.61127252025915,pasture,84.54517541503321,2.2869146569304406,0.07198402793657395,0.06344571239446574,4.4353576251068825,AG
P0001766,VA005,311.9111931194192,38.65973219769058,-77.51171029882866,cropland,95.81221692165968,5.031615368176965,0.14721441447043482,0.12204465219243398,4.471539797170089,INDUSTRIAL
P0001767,VA005,121.9552601632639,38.68965657329038,-77.4755439357184,timber,69.59116597681083,9.640275885953667,0.21145543643576942,0.01910536978723155,5.038702066877407,AG
P0001768,VA005,380.942672767733,38.63657934303845,-77.6283765169691,timber,82.93763426519683,1.552237376421917,0.027133694872843762,0.07966339285590897,4.336044765013366,RURAL
P0001769,VA005,162.15400517207814,38.763566123416425,-77.38546795881936,pasture,49.248649215356004,5.8577919466633865,0.055297918395995,0.14043770389590568,4.4594866792447885,AG
P0001770,VA005,235.59427805700213,38.68247920460983,-77.16784078609369,pasture,85.66272748498487,6.180263493185336,0.2870478308955535,0.06954060041761906,4.736074482433876,AG
P0001771,VA005,95.77946003146992,38.77821746880798,-77.43370651780495,timber,100.0,8.391457820402508,0.14069236092314327,0.05294637302948098,4.091215392598162,INDUSTRIAL
P0001772,VA005,61.08844213645103,38.794154572902634,-77.65773246075477,timber,37.31300149369224,2.775580834252514,0.05584832164455894,0.11023479870595393,4.911287502609261,AG
P0001773,VA005,36.750268497922974,38.81209354877244,-77.38221594604491,cropland,57.253386487537725,5.2154984434135345,0.15556998695851781,0.06565873372191999,4.646497053637308,INDUSTRIAL
P0001774,VA005,177.1301984824054,38.65461062915905,-77.38317890305248,timber,71.46045426489081,0.34675806046597013,0.13894103067517757,0.04314734392868534,4.272133720524058,AG
P0001775,VA005,154.0230547644877,38.64006354914254,-77.43647797948334,pasture,62.37000145793109,3.29133285035922,0.265995107259149,0.23814215209552506,5.048873971607047,AG
P0001776,VA005,42.183407983929705,38.86629288161804,-77.65453917358016,pasture,80.34662519587093,5.582234205278396,0.13339541268779953,0.0721633105090764,4.726985412880648,AG
P0001777,VA005,66.12860855741307,38.578903386100905,-77.51971697220364,pasture,70.18548673085273,1.5103010836334096,0.21922374187578858,0.1559199542032165,4.658726895163573,MIXED
P0001778,VA005,63.971352034491936,38.71990271769424,-77.62265433705443,timber,71.96260477444828,9.204713086949198,0.14113527899119227,0.05616899675166173,4.596299730199071,AG
P0001779,VA005,58.07122280772284,38.65035617753484,-77.4074428867245,cropland,75.13272116952122,2.368996184707958,0.2813017134654418,0.04334298717344575,4.28163020208572,AG
P0001780,VA005,102.67784737009738,38.77234464584103,-77.41692889083619,timber,58.430444767786646,4.518509205932164,0.13389412231535044,0.11476887681603899,4.32035667075837,AG
P0001781,VA005,121.45877558987576,38.69624768216503,-77.35838903497303,mixed_ag,49.96220319885254,11.497498516980386,0.1366247797192663,0.10958863130316748,4.583776350190723,INDUSTRIAL
P0001782,VA005,69.48411126146104,38.81844812410202,-77.32310022044852,pasture,79.3607235605948,4.363168739712894,0.22811945617245064,0.026368899475670136,4.151081664145705,RURAL
P0001783,VA005,156.55159101584664,38.947347899473456,-77.48802905144575,timber,67.41305090250016,6.809007966600058,0.5102400447013636,0.004734194092431463,5.545182027519251,RURAL
P0001784,VA005,102.50507889721605,38.777097539431004,-77.39735358773058,pasture,45.00539749935993,6.147503705786997,0.10451281652683414,0.0631576966006837,4.999238640956151,AG
P0001785,VA005,90.09251613445959,38.68064433300123,-77.58541590237148,timber,54.14190058316092,1.0790896548640125,0.33757005489949454,0.04501812193287385,5.0196338841169785,AG
P0001786,VA005,188.42357476558539,38.4267593089923,-77.47919483226872,timber,70.69249087422254,4.864481631414405,0.14011798161039254,0.23067723238684848,4.824063209352141,INDUSTRIAL
P0001787,VA005,240.21002442706035,38.795389952166744,-77.48576481744608,cropland,56.11826083258036,5.026288853950111,0.2205335825871558,0.15408618688816503,4.412922704590467,AG
P0001788,VA005,245.04937577852922,38.76876148093815,-77.57555624559586,cropland,56.299813729378656,0.7947217602399808,0.2295824093333419,0.09003173226296694,4.8384813247067635,RURAL
P0001789,VA005,45.25939085327499,38.69949614402022,-77.48395052242172,timber,51.60896401252281,4.8561355997431495,0.32384597404309046,0.006442780132924305,4.6893422593238485,RURAL
P0001790,VA005,205.65343433785728,38.78890769117669,-77.70552126433002,mixed_ag,68.78295444682834,2.6762453530927663,0.1832591338930288,0.02130144683211742,4.729876729625421,AG
P0001791,VA005,54.124545689709976,38.680479106373106,-77.4716308692749,cropland,58.02798460180777,5.675110811808038,0.02479060050361441,0.09133056881372402,5.172049766614305,AG
P0001792,VA005,222.43788470949306,38.75674224477683,-77.62271008292083,timber,80.02129844146395,1.4060101874956907,0.16022263484465424,0.028016391081493834,4.474889281893352,RURAL
P0001793,VA005,65.82650532264648,38.60286079292042,-77.35855819706657,mixed_ag,38.127329295323044,6.3420256642653605,0.04429263688680268,0.37589035862641473,4.7903816320457375,MIXED
P0001794,VA005,54.22737278522527,38.77465410204823,-77.5520759221305,pasture,64.44320999490644,13.803596350983632,0.10414678636169779,0.3139466431883928,5.318000269574685,AG
P0001795,VA005,95.29222157993988,38.693504278030154,-77.65065344472406,cropland,83.64267851108904,9.64153032619005,0.15625423489257192,0.11332168469766873,4.732003080091008,AG
P0001796,VA005,237.99791554146202,38.879333465382395,-77.48962841042437,cropland,87.66848868527902,6.721579489592408,0.07704127527010227,0.37053503994087306,4.45337896184616,MIXED
P0001797,VA005,55.20154428511788,38.776543020527484,-77.34011620596527,timber,71.54682906572921,3.6647532455475695,0.11294927909102712,0.06477296808750799,4.819019623158108,AG
P0001798,VA005,95.40467301552107,38.670878448170086,-77.58396882626208,timber,85.66879092796724,10.38787960108338,0.4864291342876839,0.0221397045124046,4.303411728888205,AG
P0001799,VA005,61.56479142228538,38.80383936718532,-77.29856634845268,cropland,75.30630392291552,2.771242870867564,0.1980184615236154,0.14170543428337923,4.709807782196015,MIXED
P0001800,VA005,218.92591873145082,38.85538099945179,-77.25863301827688,pasture,36.49839766978725,5.903527413914609,0.12687263569263185,0.26106173151631756,4.044040927854751,AG
P0001801,VA005,230.57504456487223,38.50219966000808,-77.48535347624595,cropland,53.660915837037365,8.485943698630285,0.1969909177270158,0.042194576213035795,4.334635500535108,AG
P0001802,VA005,388.19213707500455,38.786833355000724,-77.47925840255839,pasture,63.47744198427163,8.70005466008886,0.05146064285837152,0.004018441710341538,5.2066412174509775,AG
P0001803,VA005,36.03465093988388,38.855675944727686,-77.32831369755891,timber,40.73352128182751,3.6962254708948485,0.31285553602067884,0.18705617260278176,4.937079665339883,AG
P0001804,VA005,171.99289196862446,38.580122140661686,-77.40668627340274,cropland,75.81524098970881,2.90437613474067,0.04490099276407439,0.290301065507237,4.22703712205667,RURAL
P0001805,VA005,327.8800418809082,38.60263832668157,-77.30786909139165,timber,40.55595712978423,1.647662813221125,0.12243317411075941,0.0085613115940072,4.151603793758532,INDUSTRIAL
P0001806,VA005,47.90533278524369,38.70083008341961,-77.61085433810722,mixed_ag,34.74526159319821,3.2592513929225317,0.24942485807894504,0.014163614119697089,4.950121665063769,AG
P0001807,VA005,33.42155930235964,38.64976806268415,-77.46650023580483,cropland,62.732569760830124,1.4860966342981605,0.06035513496217501,0.039668998590953665,3.5,AG
P0001808,VA005,187.48384966458084,38.79144850545821,-77.64492306146947,pasture,74.31109766240469,10.485650528136222,0.26960269361739886,0.16877560687693688,5.092875201441894,AG
P0001809,VA005,247.75182315552402,38.68258214023025,-77.38019410636593,timber,75.88957357014664,3.8664775919576515,0.16309021844516947,0.07753738490717876,4.963398114700758,AG
P0001810,VA005,418.21179617948627,38.83684474726538,-77.53217188464387,cropland,51.32489747713686,3.562548641858773,0.17041955172394535,0.029417428969459376,4.9018845944930804,AG
P0001811,VA005,158.87004925115474,38.69922911373453,-77.55064001070187,mixed_ag,72.78258946135279,4.448105990977449,0.2308599350783475,0.10100673857989576,4.506676380123802,RURAL
P0001812,VA005,42.79254099293935,38.58715306982761,-77.40134063073324,pasture,54.857269679443206,4.480981208547296,0.2685300169204776,0.09613569349805463,4.3593937432881855,AG
P0001813,VA005,94.68599247208572,38.84970193807837,-77.48787426827924,timber,62.346328661275,9.306319453337636,0.315614268700357,0.28339809316447767,4.241662659910241,AG
P0001814,VA005,82.33589140787257,38.74053550409214,-77.54530260730903,pasture,77.48051356244355,8.97038623913206,0.21784893502860075,0.024370957704964266,4.585552634657863,AG
P0001815,VA005,88.86062127791025,38.63470469860139,-77.55855580293735,pasture,28.642977461808997,0.636620232850303,0.1108780251968669,0.02489968921130975,4.668498805963764,AG
P0001816,VA005,29.903024360024073,38.64289915317447,-77.43340131384574,pasture,98.08128050481857,2.667040364550582,0.20895085782918663,0.0019769497895981277,4.622083715418416,AG
P0001817,VA005,62.67729394010188,38.849138760830684,-77.57769150759,cropland,75.21310630537648,2.715849392261318,0.10414245969386692,0.5510911590720879,4.645953561002009,AG
P0001818,VA005,257.60399088555045,38.80051838001751,-77.51073911168373,mixed_ag,45.75276448618425,4.0635956959919115,0.08584239379771001,0.02351679367428093,4.854484239713073,AG
P0001819,VA005,132.17934853016786,38.753492292897185,-77.53009806592331,mixed_ag,51.69314346739132,3.5322942295121473,0.09855644649884364,0.04436187445566685,4.6188328188300085,AG
P0001820,VA005,314.3761963365424,38.70528970055914,-77.51484978422995,timber,73.55280429326373,1.4428172357053688,0.13393060275043042,0.16179335319984176,4.203549882102305,AG
P0001821,VA005,49.23240638697433,38.76301456327936,-77.49967733519422,cropland,86.5031877499932,0.7005747544693018,0.04225132170700598,0.48206816522877216,4.650116915068117,AG
P0001822,VA005,64.10291216320212,38.65379522436482,-77.47359189743824,mixed_ag,69.99918410707242,2.600542828286718,0.30676581301232575,0.10755006660670792,5.108675069597082,AG
P0001823,VA005,102.34845902374917,38.52406410455372,-77.40269590542832,pasture,41.715841271470794,4.863012487847579,0.17860824230149164,0.0002327922320904359,4.696048765890798,AG
P0001824,VA005,170.77703757377571,38.87485984995346,-77.43722018598797,cropland,71.41874245459596,2.9273611879893813,0.45933264649413824,0.19166757562086015,4.484120639828221,MIXED
P0001825,VA005,369.7555055753064,38.61145025705599,-77.4522634712203,cropland,71.89287104711875,17.413771175494734,0.3921181526466528,0.06379883000513234,4.320470335102135,MIXED
P0001826,VA005,252.43140765609812,38.73802277084,-77.45131294498142,timber,79.36697628777193,1.0505663968369663,0.25474339506242155,0.09180140488628064,4.785033956404302,AG
P0001827,VA005,232.33158435891784,38.68016742463752,-77.59042158593886,mixed_ag,83.55891399180405,1.781091337742318,0.13385243110386771,0.2034374168800166,4.249523090645135,AG
P0001828,VA005,197.11656367814578,38.68623108699406,-77.6364274770172,timber,91.19660702964308,15.000487823633753,0.030326325598323215,0.3340798882243604,4.356339399429794,AG
P0001829,VA005,72.15102546441243,38.64610351301606,-77.41485096699729,pasture,83.29667117255629,5.033469006468656,0.32417609387483626,0.2057727285556865,5.008423760536628,AG
P0001830,VA005,149.2871905680473,38.70181762161047,-77.52585707187815,cropland,68.79056230022681,2.659057898454022,0.6090446148060709,0.03744100688700564,4.496376715503508,RURAL
P0001831,VA005,134.25026721462365,38.694634315221336,-77.49237100349974,cropland,64.69528675094637,5.375302885939521,0.2549877878481476,0.11717425328368333,4.562771860915871,AG
P0001832,VA005,195.26627594950082,38.734927397375905,-77.39849019861154,timber,72.33374953126564,4.2099121514010545,0.1462935527705491,0.12843124700384864,4.776071613108391,RURAL
P0001833,VA005,91.22065652105172,38.78890833971144,-77.41439805558659,mixed_ag,65.73725716718052,1.7760470281636604,0.3028761756572231,0.2162631910139527,4.76569023229127,RURAL
P0001834,VA005,197.80185944790588,38.80489419236757,-77.48592637069441,timber,83.73525101587663,4.173672481017253,0.05596854842608009,0.015605912749556335,4.9040916151082445,AG
P0001835,VA005,54.70025827143608,38.596349658763565,-77.52033941506552,timber,60.61064242095937,1.6655324222564047,0.12052682297942748,0.11576045415746435,4.4232067195612474,AG
P0001836,VA005,68.6519700174659,38.67765009763133,-77.5027627615495,cropland,52.63764782461634,1.001554633760758,0.1386963021608437,0.11511915657086795,5.048640338714463,AG
P0001837,VA005,656.8455383957888,38.776529760524575,-77.42403907503252,pasture,29.783331992099335,5.284036237789334,0.19072410762680214,0.019398666223456727,4.302501967499552,AG
P0001838,VA005,68.38957288037945,38.60044438683818,-77.57914181920715,cropland,78.11716289310523,2.2527402421013756,0.22434842420315596,0.04102612987016462,4.250404127568163,AG
P0001839,VA005,112.59017315443013,38.65043808048896,-77.5831626286535,timber,61.31710305818014,10.80229473842035,0.26533027460799613,0.1328929497967579,4.83185980707192,AG
P0001840,VA005,128.52556331174392,38.70516509337587,-77.46131816928492,timber,93.9191180869682,2.2102779126334036,0.023281186320063128,0.15151915793421103,5.015789577159269,RURAL
P0001841,VA005,216.07368880498723,38.63429903746985,-77.55231137290144,timber,71.54740850706482,7.318512663252133,0.0884550986846559,0.1278762831005256,5.0781930913744935,AG
P0001842,VA005,168.2450286817973,38.7667764356259,-77.4943957635262,timber,78.0787327166733,10.289448397785847,0.07650596716063215,0.16035986383427725,4.436860531937211,AG
P0001843,VA005,71.79166829925335,38.64760859835415,-77.47157042064735,timber,51.00548551601709,3.4921410813552525,0.019305583990815244,0.12023589847501813,4.742736795931907,AG
P0001844,VA005,116.69955068339263,38.762191255864195,-77.40849868671515,timber,65.64111447664321,0.6013705249541084,0.11898812575370232,0.023349954074181806,4.826525640442203,AG
P0001845,VA005,158.2743408884987,38.601719365965614,-77.2551712998138,cropland,46.286306537825354,4.87867950365293,0.13052291101326616,0.06564752001344246,4.887081079472852,AG
P0001846,VA005,73.78652009967273,38.576841051652586,-77.56118634247626,mixed_ag,74.5919580275889,2.068783829262185,0.1359598786466695,0.003671079769463998,4.648448248791784,INDUSTRIAL
P0001847,VA005,97.23849489188594,38.73345992685971,-77.26692632113755,timber,100.0,9.72604480175673,0.15276346856091988,0.03632793908476767,4.104018878703961,AG
P0001848,VA005,259.2508799910749,38.79467285988845,-77.54829701846262,timber,65.2264589282915,5.551219702003759,0.06720257195876983,0.21933020245946444,4.058314215883323,MIXED
P0001849,VA005,182.17561537567767,38.67024695429477,-77.53232345145318,pasture,53.31528509301137,7.9142559065299825,0.21951972904284336,0.06898450795791293,4.243719098162987,RURAL
P0001850,VA005,36.381364737982494,38.69656889776368,-77.44035914611781,timber,52.73159212375038,2.681996400725852,0.22696391251924145,0.06677188426038824,4.442656800907815,RURAL
P0001851,VA005,162.3746347687767,38.70131909083464,-77.50474428609404,timber,71.75821950504745,4.576042560224419,0.2998381242667989,0.01652610097547375,4.473503810572703,AG
P0001852,VA005,242.98205625427224,38.692586016223395,-77.46959720600853,mixed_ag,56.231684772335726,1.7626235714392187,0.1409910065867705,0.009024846708639357,3.9231577337298056,RURAL
P0001853,VA005,78.42782349871186,38.52959106091567,-77.47145486658434,timber,90.13974082210096,4.460036352953267,0.15222704923858332,0.219444268852263,4.971034910495551,INDUSTRIAL
P0001854,VA005,216.4495889137514,38.74213573696043,-77.46421869132655,pasture,82.82925417583395,4.543717440645106,0.024315947014878554,0.28328040095690155,4.2538943793895765,RURAL
P0001855,VA005,339.7037083001601,38.84065179765728,-77.52773361679125,mixed_ag,47.4951411863546,9.300606690984614,0.12485000625859977,0.38459119582345414,4.65915642073421,AG
P0001856,VA005,192.21191283308397,38.787760689600155,-77.59590256314988,timber,59.702568974263095,6.45276204312328,0.1999432345003174,0.112668707298222,4.469807521859491,AG
P0001857,VA005,54.591040598086806,38.71292718169296,-77.463082948524,mixed_ag,52.70644088234257,1.8021939270660905,0.13567554060054132,0.02801438682929329,5.014844436557299,AG
P0001858,VA005,19.965332986178737,38.64288085499162,-77.59403060438778,mixed_ag,91.19526002595249,6.246762613314248,0.11891582654445436,0.09728440451329372,4.658565830835547,RURAL
P0001859,VA005,154.41363354442908,38.75120406574964,-77.49337098546529,cropland,49.006758231888625,4.487895647834509,0.07871869888308397,0.020000222223011448,4.633684580778301,RURAL
P0001860,VA005,128.7412575202501,38.680834874206234,-77.31998653981779,pasture,68.86230059835698,6.037433673743968,0.0843155678762591,0.0011669090824030874,4.271521518979072,AG
P0001861,VA005,66.57034767611414,38.76600890105773,-77.38845952157045,timber,80.81939556540517,1.1026631335999717,0.21119920798655054,0.14862757762666243,4.3220763327931735,INDUSTRIAL
P0001862,VA005,479.7023244784823,38.75111272188724,-77.48960795585619,mixed_ag,33.55712184597003,4.877303237465677,0.4332251312141063,0.10379148255757942,4.6604829455684005,AG
P0001863,VA005,171.43109269460726,38.730576272575306,-77.2939271172101,mixed_ag,59.37568092353466,12.367085937897109,0.260923076541082,0.12387207740649088,5.044903410438565,AG
P0001864,VA005,489.2975997350433,38.7380513525498,-77.52505676483544,mixed_ag,50.90413194978882,17.246661720356478,0.19306694438231936,0.06609073179572966,4.883879190173403,AG
P0001865,VA005,230.25019575037086,38.66164197466425,-77.42714211459409,cropland,80.43641361531452,4.5975604763933635,0.3125329703676296,0.014053858214919,4.580090799812558,INDUSTRIAL
P0001866,VA005,184.42544020114858,38.695196872456236,-77.51222623551845,pasture,64.55208435637036,18.72876315984658,0.04795066409441497,0.03851802750844015,5.0212090235188205,AG
P0001867,VA005,200.6785247429144,38.57329395276031,-77.45395873753654,mixed_ag,64.54679372932932,1.3626556384596387,0.05525811075117569,0.41465050207503296,4.417068542814611,INDUSTRIAL
P0001868,VA005,114.00550864149044,38.809766408622416,-77.44892928658341,pasture,37.10296845422525,2.484627827718728,0.25132036801196006,0.16067601261262884,4.889252034372199,AG
P0001869,VA005,200.3429818124864,38.78940750358006,-77.50166748032055,mixed_ag,56.152277747134065,6.530011807841198,0.053098905664142715,0.0331112528038708,5.270063515489739,AG
P0001870,VA005,130.21509319724015,38.70887128039366,-77.40308592392442,mixed_ag,36.17975134799293,7.055927384351963,0.023054720439983488,0.11931295170411087,4.573221491470262,AG
P0001871,VA005,97.58222468446742,38.6690176439228,-77.41814621085233,cropland,47.93764679182972,4.0740584822927755,0.11952054027723205,0.10170892655713845,4.712997999783987,RURAL
P0001872,VA005,100.74792440557826,38.62986038897643,-77.37593779495229,timber,67.35354527181443,0.9365294808327317,0.06919161818820847,0.054230931833103846,4.419391651066923,AG
P0001873,VA005,284.5537802582918,38.830374352085116,-77.22274186358227,cropland,70.5857286515583,3.1471116452320502,0.145172129613865,0.20806837381627347,4.388686967383059,RURAL
P0001874,VA005,57.63752291431889,38.817207618698276,-77.45184809994973,pasture,36.28946672222938,18.657457005243828,0.3563896748331396,0.01790049905150403,4.20804585450152,AG
P0001875,VA005,78.02802082629817,38.50436454455968,-77.59238124983865,timber,68.2993908944828,4.7458889076109925,0.073808297277725,0.07632229752285627,5.369032647565567,AG
P0001876,VA005,149.7154178843283,38.550765255102434,-77.40525483854202,pasture,90.16937872181971,13.076497718119937,0.14666596911695848,0.11857716082670545,4.4520694336118884,AG
P0001877,VA005,157.50385282631046,38.744955249675975,-77.65256700934097,timber,32.41925038673776,2.3441875684370492,0.1957095390077417,0.2567738963762778,3.991423943508568,RURAL
P0001878,VA005,12.38662440593351,38.73465662845891,-77.58657909978244,cropland,100.0,11.71358078779912,0.06818779142891714,0.23744560787296037,4.26524752231499,AG
P0001879,VA005,53.178092988002135,38.772398849328155,-77.36572819831424,mixed_ag,54.18506644011743,3.64263099469996,0.19471505165699232,0.2262084872815063,4.443059521871088,AG
P0001880,VA005,108.6567780413742,38.71587773873955,-77.52207514306545,mixed_ag,100.0,3.138808906236349,0.2677944539704242,0.08758587072490041,4.198243291693929,RURAL
P0001881,VA005,472.02681030334463,38.68001503755227,-77.54019292953686,pasture,86.96704308138368,2.7765693626731243,0.07455358171231198,0.036301040977635625,5.289951700319187,AG
P0001882,VA005,93.68691437909816,38.684768489523556,-77.57312147032057,pasture,67.00644655659046,6.1106434273263055,0.1159704832051786,0.11257164956730563,4.800268962503203,INDUSTRIAL
P0001883,VA005,32.47946985184522,38.80764968765615,-77.50868550954226,cropland,45.90647703741631,15.206001344454798,0.2831237306823027,0.031994141266047084,3.6735812143777298,AG
P0001884,VA005,174.36370247566379,38.47904460733302,-77.44463038553324,timber,60.12925529895819,2.026345472122064,0.07783184140934182,0.09951541675689303,5.096933636573675,AG
P0001885,VA005,91.17970072887955,38.693992201123486,-77.40171597557077,mixed_ag,52.767147351574614,1.6200553658616481,0.05477786786518034,0.2602539489395044,4.372990219892682,AG
P0001886,VA005,154.27403294053485,38.58255683895666,-77.55564137418936,timber,69.8369174311445,0.9400215685726748,0.024622830242619964,0.21375115835311598,4.595372902636463,MIXED
P0001887,VA005,110.90201667075547,38.6490229317038,-77.53604189464868,cropland,43.2564359438846,1.9348254749545508,0.13437887631378528,0.07234869655972644,5.314289956418258,INDUSTRIAL
P0001888,VA005,24.72142894369314,38.736512821283156,-77.54969690053223,cropland,63.65697511064234,6.2052791798100815,0.1435241663068793,0.03644199810006824,4.525446046924601,AG
P0001889,VA005,54.51603359015314,38.79137938946758,-77.35789230269826,timber,89.3008378025995,2.354594708155725,0.19026449575263651,0.20782268123967532,4.132020856563816,RURAL
P0001890,VA005,258.8744484506891,38.7551000041525,-77.38949824100943,timber,69.81672527766366,3.312287828991569,0.21159342533026174,0.1041952150824789,4.6717653389393305,AG
P0001891,VA005,123.9170434318801,38.801101874397055,-77.65013454209091,cropland,43.403645081593055,3.328445000247398,0.11973498339778561,0.05651927299061164,5.102244947970499,AG
P0001892,VA005,57.61075300370476,38.73214623878574,-77.48610951327802,timber,48.48425752538547,11.999884126185854,0.3897082289601606,0.20020321042633096,4.994404357912114,AG
P0001893,VA005,105.91046646253687,38.642222930450764,-77.51964594927456,mixed_ag,43.753396555708484,4.432714851967885,0.08233034851389552,0.04062369505390715,4.423912872714152,AG
P0001894,VA005,808.4850546518289,38.675190928081975,-77.37203243912049,timber,90.52662556174315,3.060382013789436,0.007918611462766496,0.1743438947819663,5.067688856733517,AG
P0001895,VA005,241.3125356092068,38.82607566694944,-77.50800315173387,cropland,48.332273732215526,3.2714175239872647,0.14285762723935505,0.14642801981430878,4.987435783289881,AG
P0001896,VA005,257.104574884267,38.71225665927084,-77.3953535723309,mixed_ag,80.65627895013372,4.219001884312684,0.14944809038576015,0.030220685058549898,5.383957165715514,AG
P0001897,VA005,164.50110618545654,38.57689265059399,-77.3673523418197,cropland,53.811757529379136,3.224484835664187,0.21722627089928065,0.05090819169051124,5.042536831829087,AG
P0001898,VA005,91.5651398844874,38.856231931194856,-77.33420753037484,pasture,75.92658422172171,8.187115930752762,0.3949704889546806,0.12635843463822605,4.336172849326134,AG
P0001899,VA005,37.027133740253205,38.71083874755162,-77.46394998274998,timber,77.76822199064237,6.942901521577661,0.07715022059183364,0.014440364656700037,4.483028125735767,AG
P0001900,VA005,95.96741080353598,38.81553269556004,-77.58673356130757,pasture,56.43068463861791,2.8847065778020498,0.11803966451676283,0.09105772416709533,5.160502177956717,MIXED
P0001901,VA005,242.09251888239606,38.63955949666282,-77.26163776146045,cropland,36.45944550736928,13.461087015428658,0.009284451990593308,0.01913507331266603,4.547327279284214,MIXED
P0001902,VA005,78.75066928690475,38.47924748326231,-77.75505295432919,pasture,78.22817886299042,4.218519923938021,0.23025898386172752,0.13035059930409287,4.465683916761936,MIXED
P0001903,VA005,79.94015438822089,38.56826121690686,-77.48745432060423,timber,54.420687299582134,8.492810293257701,0.020329228924539224,0.19596202197146848,5.242326130327183,RURAL
P0001904,VA005,74.97084725412519,38.8705336148144,-77.54156268706299,pasture,58.58325701020409,5.096825978936169,0.07716795002721859,0.17915271782580164,4.900545052611027,AG
P0001905,VA005,152.2979421902432,38.62097498079956,-77.38796990385292,cropland,25.821227815737416,2.387917430925077,0.1284523948299779,0.028558500327301967,4.73431333458939,RURAL
P0001906,VA005,73.64978617946137,38.601368369712375,-77.54916283709296,pasture,53.778114476438155,6.738569538681153,0.030006455744631854,0.22616412942362146,4.61727309752954,RURAL
P0001907,VA005,124.2515451765105,38.74891175351193,-77.54588200994262,mixed_ag,54.88461700351013,3.096703513729004,0.08026221430292405,0.22112941347847412,4.632804296228928,AG
P0001908,VA005,64.63595646351935,38.74855155036887,-77.63719253068032,timber,59.111835378217435,22.320027616528243,0.24310286132012682,0.09152049721035857,4.484671412226651,MIXED
P0001909,VA005,171.4934919930991,38.64204967660142,-77.56238047785078,cropland,59.795765709642716,3.225624578851838,0.049721688128571646,0.051804568431171344,4.5296484714129415,AG
P0001910,VA005,156.3425164399631,38.70920414962994,-77.53611224805283,mixed_ag,55.92096122551488,2.181065516793719,0.05603501794239928,0.3509263012367636,4.349183175010478,RURAL
P0001911,VA005,142.1860689997566,38.75655674033037,-77.47580471932187,timber,61.563354852565745,1.8359871504475138,0.17239912215529438,0.03021419335923386,4.999017915072542,AG
P0001912,VA005,182.02219933253838,38.737237861259075,-77.49636502461993,timber,46.70104956018639,8.874288783618303,0.06496546899639001,0.1077983500618519,4.140754521670632,RURAL
P0001913,VA005,120.41081585120884,38.655675434865564,-77.53678556197885,timber,77.86957019793883,2.6388143577946566,0.08791173282799995,0.26475891886531755,4.824135595467857,AG
P0001914,VA005,49.35783221668122,38.739151554456576,-77.47270047081386,timber,59.12229708495464,4.848630956719305,0.283969811791106,0.06563388871253217,5.222429090536165,AG
P0001915,VA005,142.27354053726546,38.737871086250415,-77.48828278704033,timber,46.03419277104741,6.493146798542606,0.15283166073487006,0.21276376434732583,4.101099950739645,AG
P0001916,VA005,245.29956632741064,38.695595260690176,-77.34733127590361,mixed_ag,68.61986822541978,3.4115916609426766,0.017718091463307557,0.03470149398105703,4.690940267555914,AG
P0001917,VA005,28.512614367802747,38.87418647674063,-77.48381466381085,pasture,66.92051311456969,3.9110805822507477,0.07324197539659649,0.043732925190399834,4.43536262521641,RURAL
P0001918,VA005,82.91288427927533,38.57643119636497,-77.43298030468375,pasture,62.35264029853743,8.043666651866818,0.0696941632227535,0.1595476674442709,4.936744187775159,RURAL
P0001919,VA005,258.02232479398697,38.66504594474306,-77.64941980832675,timber,74.53993596440722,7.316064340921531,0.060410851823805886,0.04708072457195419,4.358758993503346,AG
P0001920,VA005,34.71980435292001,38.6450192833214,-77.53441246690952,cropland,64.98606597035753,25.022879173821707,0.20113056054948178,0.2409979304682324,4.419010535101688,RURAL
P0001921,VA005,130.8884561893884,38.5144874862207,-77.4662247238616,timber,78.09103828941558,3.718034904359821,0.21215531690473527,0.05610589619080791,4.741990425885452,AG
P0001922,VA005,64.9166793819112,38.76181981880555,-77.42449578797722,cropland,63.75831352160644,7.642951535246904,0.29535767522913564,0.18002361565078523,4.786416238505643,AG
P0001923,VA005,103.76530836776041,38.58913884786745,-77.33459004757185,cropland,41.79280300358917,0.8133315624702178,0.09502055350467796,0.07350088384798252,4.31183156236175,AG
P0001924,VA005,47.324040705403085,38.74366521786766,-77.50533166020683,pasture,72.91324101075054,0.7505315697944932,0.07567714079851,0.019620877886868768,4.563400678332955,AG
P0001925,VA005,159.49060898981406,38.60775206931128,-77.54561944716977,timber,83.41146028127531,7.432428484139604,0.18268753193501455,0.08700116425568885,5.235306782355315,RURAL
P0001926,VA005,102.30595269875352,38.71013245871521,-77.61471221300238,timber,43.12794831640893,3.2843965301080766,0.1687472799042354,0.29435521763232875,4.68431455065515,RURAL
P0001927,VA005,126.0588652791714,38.5701362818644,-77.22020172481456,mixed_ag,65.77821093942548,13.386481292225747,0.2120977872231589,0.00024412746775548567,5.300553062790959,MIXED
P0001928,VA005,101.72627714549277,38.67144856667413,-77.31405835839487,cropland,60.70097667939022,11.363710999949861,0.3356773990166044,0.013347129530038804,4.950849599119948,AG
P0001929,VA005,73.64528438562068,38.90910100365889,-77.61197028710868,timber,56.136198867145886,2.1834862922299276,0.11563930572464629,0.039315187474385296,4.361530106158597,AG
P0001930,VA005,29.122173317862718,38.81603533938097,-77.3879827064969,mixed_ag,63.19567627391095,7.346994532830208,0.17179464332617211,0.1455539921666002,4.876934373052854,AG
P0001931,VA005,52.3814033821016,38.593725471887154,-77.49375319146645,timber,48.96686383549307,7.842917523154497,0.23649337361124453,0.16764291150190225,4.7045765824494215,AG
P0001932,VA005,72.37081751856628,38.870290845624204,-77.49449290154415,timber,56.257582893053595,4.735021059598762,0.37389867627325657,0.014885995241331417,5.2007424177020365,AG
P0001933,VA005,48.1802104210528,38.85577459752731,-77.53544267188477,mixed_ag,86.88700989074182,9.897824432026606,0.010816939301689508,0.02346397677006953,4.59790934942377,AG
P0001934,VA005,97.59945913917139,38.83660655723183,-77.34654666275972,pasture,57.057656742024136,8.729302888615809,0.31310879487328497,0.11235135832978967,4.428204159389617,RURAL
P0001935,VA005,80.16412137220244,38.605208738626246,-77.39383794485066,mixed_ag,67.83564949304218,3.071874056970358,0.3607872787559002,0.07935011876757278,4.520294139952724,RURAL
P0001936,VA005,136.024530559303,38.62509433186561,-77.33265880200639,pasture,73.02110013323825,5.692207220495017,0.023587079422876744,0.1926041844793255,4.572553312349652,AG
P0001937,VA005,99.65656521706167,38.76454313498578,-77.57893557243905,timber,63.34611703299387,1.9184992581966587,0.19138859521095217,0.03434089821602516,4.945438828254497,RURAL
P0001938,VA005,98.2930259800652,38.79594046444473,-77.64779555713385,timber,63.5457355564048,6.196245853326836,0.013961612500043664,0.025648217605536896,4.702587913298252,RURAL
P0001939,VA005,132.67295485996146,38.83386025847823,-77.5162991671693,timber,85.2805887225805,3.677616767283045,0.07172351356443057,0.06578331472911592,4.682598632860131,AG
P0001940,VA005,390.2540181889248,38.63265901113198,-77.63642630524062,cropland,55.49565520291215,8.725299693579307,0.02903778004550128,0.0035560525533462678,4.337509146335647,MIXED
P0001941,VA005,131.7255689855041,38.69154044650441,-77.64033489276963,mixed_ag,94.35391340520462,3.1728017349757964,0.07159249339429324,0.029447868086066052,4.555130610759638,AG
P0001942,VA005,268.67953817139175,38.55043321649003,-77.4718550088568,cropland,56.44049060556412,2.570873417846628,0.22945851358103,0.07556556793598342,4.216828598996858,AG
P0001943,VA005,133.5582157393752,38.814576181388844,-77.62354059676332,mixed_ag,76.35730233021204,1.230795250930926,0.2949975645066845,0.012973470049488659,4.837896662576184,AG
P0001944,VA005,110.77963117622281,38.631923426665104,-77.44708799656851,timber,67.93972865640343,8.614305821931849,0.05270133774726674,0.0942859272494023,4.388904421621087,AG
P0001945,VA005,144.93603892606984,38.75758101988449,-77.47903077774306,mixed_ag,71.10157681387936,4.5938016145449065,0.06215106852352751,0.22704522472029254,4.811754878738067,AG
P0001946,VA005,94.77207229543065,38.74808319849615,-77.47481785929301,cropland,60.447107231601734,1.6523363830753572,0.3534875664840496,0.05246983263594587,4.727351587327589,AG
P0001947,VA005,43.42124479663548,38.71522349576836,-77.53050732121258,timber,24.727105372857515,1.899749132074379,0.022099407900152076,0.029663037778991007,5.014360127841946,AG
P0001948,VA005,105.45792373146551,38.7395983403963,-77.63489949840012,timber,80.75916156432193,4.636887455101463,0.1314806186659979,0.06249194677705251,4.561557033470566,AG
P0001949,VA005,65.7376068210257,38.805492148016484,-77.53064846563181,pasture,39.93890300553975,15.65071134301063,0.057182210504962465,0.013828810396186495,5.453409795766269,AG
P0001950,VA005,15.22621980010834,38.767149814486665,-77.53393107193325,mixed_ag,64.4812308754462,2.1655227252434934,0.13665185689375564,0.0683201161019257,4.822483487056912,AG
P0001951,VA005,54.18157363089494,38.78135438794818,-77.36140865276008,pasture,80.04799877011928,1.6975885179635888,0.08323354268521904,0.05566138254814744,4.442703138053046,RURAL
P0001952,VA005,65.65156146300548,38.8274113301819,-77.55547765718508,mixed_ag,47.21419640881851,1.247539353299337,0.1192338463777482,0.3171977103903452,4.6505917572819735,AG
P0001953,VA005,256.9760138062645,38.71292109645022,-77.44759481909855,timber,69.00021463084484,5.9741174577808405,0.6483814394045825,0.2965887429565312,4.235966028730559,AG
P0001954,VA005,69.9840233359136,38.72305899027924,-77.41623074780307,cropland,46.06737557644893,3.6926621963849753,0.13960081861568271,0.07213560391000615,4.137544427348421,AG
P0001955,VA005,152.35477492245158,38.68307597242342,-77.26613740333991,timber,74.03612615287517,1.2957004599364954,0.021686110105766276,0.0850508002103962,4.554171056690642,MIXED
P0001956,VA005,51.863166522386805,38.6483050253988,-77.43124694843952,cropland,51.097096018572735,6.257714010146263,0.1596875132733453,0.0036585533709728116,4.358100265592078,AG
P0001957,VA005,154.06405020608952,38.75650934830027,-77.53385430355684,timber,71.25548445098103,11.408115674775733,0.05049006758969508,0.0034708842222348052,4.909463625185248,AG
P0001958,VA005,42.429564734879214,38.6197307704278,-77.53987760624662,timber,53.035398158003304,4.576935274673387,0.005024723865077158,0.21730812810845282,5.033958618955361,AG
P0001959,VA005,86.42499126698833,38.588787948591765,-77.34304424799383,pasture,78.11995561189411,2.4077278348655136,0.05050330047974958,0.13316839835373512,4.434113894262436,MIXED
P0001960,VA005,196.93599944710255,38.60616125897439,-77.42135562812228,mixed_ag,56.99148034621524,8.077174853499496,0.13166599871404447,0.0053936465833699385,4.688960345458521,AG
P0001961,VA005,231.68355324655107,38.75043943874534,-77.40288534991672,pasture,88.79010450565482,1.505075132736484,0.2101136936856823,0.03992615719409199,5.013986144692033,MIXED
P0001962,VA005,262.7586384594337,38.694462803106845,-77.36774954810922,cropland,58.4158054997706,5.524005026660027,0.03192250891802562,0.011337443261111494,4.7123780608841,AG
P0001963,VA005,574.2705140261986,38.648364902753535,-77.45479258650168,timber,45.68867995508155,9.28011628221595,0.15194810180043952,0.3261592808351411,4.957290024843701,AG
P0001964,VA005,205.22644551306584,38.66264419119416,-77.57573394466012,mixed_ag,58.609684378377125,3.0472804477088413,0.1808858294980073,0.016785521339596127,4.672705868392547,AG
P0001965,VA005,155.4572793775665,38.817757659890766,-77.45566910942792,pasture,54.69133039946947,19.356881160636927,0.05245898212046776,0.23230204564841822,4.874584570884223,MIXED
P0001966,VA005,90.81937066349968,38.72393994324925,-77.5915261289745,pasture,45.49969302096205,4.654092722941363,0.03461016169733066,0.05827789486299211,4.445723958034663,AG
P0001967,VA005,105.60212770255225,38.68951654540943,-77.32229933061605,timber,39.22876489598686,4.467766299247477,0.12682696178765804,0.07311781306062644,4.787468602443044,MIXED
P0001968,VA005,96.09442481655805,38.706792564783925,-77.55664232922997,timber,72.00817674963471,1.3906121058717549,0.05397039646090972,0.0051681951674759615,5.281779720262543,AG
P0001969,VA005,179.82992546503627,38.69284489695565,-77.48899714109045,pasture,41.21803464144488,4.014025161283281,0.10833715097127022,0.28861415695284354,4.736683538076895,MIXED
P0001970,VA005,115.05622636041794,38.6559309144495,-77.67199075208053,pasture,54.66099894661278,2.4421704231400865,0.18506688278065977,0.12431873549656056,4.658476492380677,AG
P0001971,VA005,77.4876683423798,38.737004920242434,-77.38386522595724,cropland,63.457573184769615,3.451750407994224,0.044510665984851136,0.04665196243387296,4.8472975044186,MIXED
P0001972,VA005,79.69612720933081,38.83997587038677,-77.46298279735569,pasture,46.779058510438944,3.0002290644532934,0.12192247215663923,0.09645723601626262,4.654671993097411,AG
P0001973,VA005,145.98021714393693,38.65956469932654,-77.50671199784979,timber,100.0,9.18135032225002,0.19271232783369088,0.060958974647057525,4.548968160830041,AG
P0001974,VA005,246.6965420862358,38.69711899195126,-77.52360040574749,timber,61.19321801189866,11.343102689234861,0.19541507298185654,0.06356859937156878,4.584414252365431,AG
P0001975,VA005,158.50558839591667,38.8513909763872,-77.58287760669513,timber,41.468295174932294,9.492685881712298,0.017650857433385278,0.11269311106759444,4.266502518500827,AG
P0001976,VA005,184.28240099399198,38.673041635096546,-77.43677672949805,pasture,74.1686702091264,5.65449197428323,0.06790552773288033,0.07490919115147004,4.818929165408647,AG
P0001977,VA005,404.88465694529407,38.53487327375261,-77.59012058211074,timber,86.28985053860744,8.010560466414482,0.09095633527690085,0.20213170770479666,4.839148000385596,INDUSTRIAL
P0001978,VA005,49.33664476954311,38.86118493171496,-77.45449438576992,mixed_ag,67.77748933151021,10.540394419087036,0.05047098447902759,0.0014788734462712818,4.42658278561747,AG
P0001979,VA005,20.242126468814195,38.71169773064274,-77.46810182762026,pasture,64.78346782479325,5.776762418768237,0.2033407043990227,0.1676828302128173,4.919873620114978,RURAL
P0001980,VA005,70.2998485399116,38.72607763463269,-77.4838802524491,cropland,60.18383138033878,1.3570155391981131,0.20696264363617267,0.08642142139538427,4.226800386494876,AG
P0001981,VA005,82.49021357189287,38.61965902881877,-77.33586041424418,cropland,64.15354981172455,0.9557395650592297,0.19569134779568223,0.1045121061667789,4.314453914415497,MIXED
P0001982,VA005,64.32599197778563,38.78089301330977,-77.6202501951366,pasture,71.14725314695656,7.8468175416159935,0.09384296479280642,0.026145112619000325,4.80949223510684,AG
P0001983,VA005,40.82203212344529,38.727416658599346,-77.48072342771111,pasture,48.664221029600995,4.018266107662459,0.12183300650265101,0.11144358470644782,5.213655484921692,AG
P0001984,VA005,35.83747783747899,38.78566420677883,-77.43633790862194,timber,69.64465712286014,17.201024178906735,0.22867430111754458,0.4132693032909731,4.398712326042899,AG
P0001985,VA005,97.02167544191477,38.800047399996146,-77.45864207870319,pasture,42.976028294875164,11.331564537165335,0.1451084269258259,0.17364749483956451,4.443548910625943,AG
P0001986,VA005,57.62727578509437,38.745698043243365,-77.6945716916044,mixed_ag,70.40264460765226,5.319153432176505,0.048250619939779166,0.29044938102779844,4.257790396881047,AG
P0001987,VA005,217.35128537760056,38.74963229189334,-77.45255405935222,mixed_ag,68.15696394461224,1.2068512405063752,0.08063924691813833,0.0993274795182066,4.286262090310922,INDUSTRIAL
P0001988,VA005,229.38225899274346,38.74203480434358,-77.51431734110693,timber,59.543582415390425,3.795064446384948,0.36524412187194016,0.4104461290205355,4.596386381523343,AG
P0001989,VA005,124.3370838309613,38.66539208254731,-77.18295422819068,timber,69.90988118462697,9.883725371838969,0.27823193000505125,0.06166188295638658,4.848958375399884,AG
P0001990,VA005,118.43830750173284,38.83072975636238,-77.47778676711873,mixed_ag,77.06749414532771,5.567055754443425,0.22199194468204161,0.14503087552574698,4.327897743395563,INDUSTRIAL
P0001991,VA005,144.8874292384602,38.639203126335346,-77.46953360610664,cropland,59.3299860522734,5.419911272819374,0.011367740579003529,0.02211522581870808,3.9876990794230514,INDUSTRIAL
P0001992,VA005,55.355042928166576,38.72816577418065,-77.36158720355219,cropland,48.58029321015246,2.9291903321532295,0.2917779676251521,0.2090309676443096,3.8792668223240003,AG
P0001993,VA005,116.04179096741149,38.671505800374916,-77.42427673922202,pasture,79.81642755109672,7.663535048472724,0.030116522412255403,0.01487691273815785,4.482291205111369,AG
P0001994,VA005,224.75569039229558,38.812632260354455,-77.45827382721583,pasture,49.44671243066283,2.6778299860735255,0.06745317339321649,0.03890773775503199,4.779254898110181,MIXED
P0001995,VA005,138.00230906392645,38.862304620186215,-77.54155347337327,cropland,56.14254802811093,13.108754829833696,0.05811501911824871,0.020190614099878865,4.843893007908285,AG
P0001996,VA005,45.58367746792718,38.54021324517123,-77.30767047153056,timber,57.65742167719007,1.6469023155599216,0.03139133435176552,0.09654750188161453,4.246996669251061,MIXED
P0001997,VA005,67.15969609380372,38.58544575503081,-77.40380952306676,pasture,63.00756665214366,1.6488506807839534,0.19342559364786177,0.013732165479261078,4.978782951870751,AG
P0001998,VA005,183.9409044456493,38.47851096625922,-77.51152748702037,cropland,55.3945685270829,9.558734110343408,0.1763305182871541,0.1468350110796263,4.668791188997991,AG
P0001999,VA005,40.8648618285505,38.81228474531673,-77.5699050650619,cropland,56.06477215971302,1.8985236510358272,0.021991143923851986,0.009320335984949642,4.168526255076746,AG
P0002000,VA005,130.85157786932115,38.91851792782698,-77.60499878448748,mixed_ag,56.54185448163268,1.1931845113950907,0.3825768363315632,0.058120939458485434,4.417043347852361,AG
P0002001,VA006,112.29761523539327,38.587406200487884,-77.71599192416524,mixed_ag,76.97365865838334,7.837351699847549,0.39619133074595,0.20569050786065196,4.594961830184874,AG
P0002002,VA006,114.45261114585398,38.422857202594926,-78.04567885099411,timber,52.97185151254976,7.362495283779538,0.013279940657525162,0.12155861876995205,4.609858429087491,RURAL
P0002003,VA006,358.3511380034603,38.67389010168271,-77.82852762019866,timber,73.69507838254054,4.933702273052764,0.09828116582304021,0.017748430782173752,4.559125569997166,AG
P0002004,VA006,217.5024884457393,38.34620770945898,-77.88065584250101,timber,69.4423259496429,0.6026679971060147,0.1397938730717626,0.08849919998319909,4.150079381742874,RURAL
P0002005,VA006,126.70333619453214,38.626860282945295,-77.88679560524919,timber,43.92567357790297,3.1195872409084218,0.07147474701659587,0.0335574649278472,4.594512945628262,AG
P0002006,VA006,199.53122747036414,38.658907023869396,-77.9904548337195,mixed_ag,100.0,2.266248119845243,0.2848431603253126,0.016646359303813387,4.4064487184569465,AG
P0002007,VA006,207.82571800613465,38.486032911638254,-78.0811631808506,timber,68.11712297503614,0.7659982435000051,0.35189223399033587,0.016493883421335342,4.818300845919736,INDUSTRIAL
P0002008,VA006,49.310259504616276,38.37844188438131,-78.00648075564844,pasture,76.3138980450899,4.515885849759323,0.2398146359811604,0.04018086875497589,5.154276624338297,AG
P0002009,VA006,255.07950196737792,38.478614512977124,-78.00208559599766,cropland,77.02337261385735,6.86744427889011,0.27976337881813673,0.10425189223699251,4.638678891219755,INDUSTRIAL
P0002010,VA006,121.19446646493384,38.619903858135736,-77.85837045825141,cropland,73.93355479164535,14.322700270259162,0.15620473536648058,0.04343221317117748,4.427206611295121,AG
P0002011,VA006,71.08932588580753,38.38556494075717,-77.97961437378449,mixed_ag,83.86019200655602,1.3819237628686298,0.2012870888705544,0.1329492376842485,4.557505062270995,AG
P0002012,VA006,147.44711930839324,38.406398027887676,-77.9705587211305,timber,43.82286439652911,5.830740506213123,0.17686562319416216,0.048059990797169466,4.293847756762308,AG
P0002013,VA006,185.78661813293851,38.289915268098845,-78.18999694539151,timber,56.9977948765273,5.8691806482194595,0.051862867603116806,0.07293693901851965,4.9703555454637005,AG
P0002014,VA006,104.73592580543439,38.548524862830476,-78.1105614336188,cropland,65.33285032694903,1.3687035110200356,0.23251897727416965,0.08587898933701078,4.4289705508110915,AG
P0002015,VA006,115.85155481340762,38.358068728391046,-77.94765808824252,timber,82.93497306343461,1.301068268174592,0.27868021054641134,0.07662785877919186,4.463810899547355,MIXED
P0002016,VA006,346.1776075698434,38.506942921529095,-77.8851040379395,timber,45.23777805269037,5.651244473415801,0.07364792613071074,0.1263324687629997,4.540307824499821,AG
P0002017,VA006,202.65697396028202,38.57023003210325,-77.75397037208313,timber,67.03165108729108,1.7173475344575513,0.2424348851377397,0.10506387972277526,4.769970378282206,MIXED
P0002018,VA006,93.18415927273917,38.5858973742518,-77.9545651258534,timber,48.51796117884069,0.40657533033144294,0.263585500122232,0.1075446614668039,4.411556665726301,AG
P0002019,VA006,105.09669266815469,38.477366768730455,-77.85221547441839,pasture,62.2270213298254,3.1977253748453354,0.010381127584370278,0.07357125380075383,4.392772781325616,RURAL
P0002020,VA006,134.03972974325265,38.29328150238008,-78.00279529345944,pasture,52.40511213508476,6.400126077271237,0.13768705542267207,0.08517778151446521,4.329023380666719,MIXED
P0002021,VA006,48.045636958889325,38.41800439428917,-77.96142686614665,cropland,58.72629632998914,3.530938284642724,0.12455477580893645,0.12381076232331112,4.6536706818133755,RURAL
P0002022,VA006,234.43452696419413,38.511731829488696,-77.85060112081482,cropland,49.5785595641852,2.7083100607124804,0.061403309188367027,0.0710895021077505,4.333124873484111,MIXED
P0002023,VA006,301.92398850225305,38.65981753823481,-77.9325290386688,timber,80.69417019076558,5.876535547364899,0.30194830715443677,0.0658235451380505,4.613633122628437,AG
P0002024,VA006,76.71340577677394,38.41352522496908,-78.18009873227533,mixed_ag,73.70912721533617,6.326769302846163,0.12902920020545175,0.1600503166609439,4.649012552075893,MIXED
P0002025,VA006,80.37078785743392,38.5476541981564,-77.85378718316807,timber,77.20782769914048,5.536042029632723,0.1582034549914018,0.017458571389799695,4.364426526076011,AG
P0002026,VA006,49.89367401687599,38.44240862672575,-77.8364118522381,pasture,62.46101027233681,5.179335657819565,0.13543004548475787,0.41084323556466257,4.518715214288222,MIXED
P0002027,VA006,115.87927169355382,38.59321170585514,-78.10247471302726,timber,56.270722334641604,5.487636996048721,0.060261656354802996,0.037801807469726084,4.440349551963002,AG
P0002028,VA006,145.47595078042298,38.49079474254763,-77.9742015517061,mixed_ag,46.70043978113971,0.7629884608506948,0.1510864291987041,0.12571148115854178,5.2571330121544335,RURAL
P0002029,VA006,163.17162487281317,38.56499263539407,-77.98328979358624,timber,70.41392128115898,14.099550090557905,0.18714606574107698,0.10784322429037677,4.531164060069757,AG
P0002030,VA006,94.90782461278515,38.43651424320325,-78.07643833444067,cropland,60.49962180980377,0.2193230331997228,0.09722846022757947,0.11063858394077201,4.88555323282788,MIXED
P0002031,VA006,132.12526655462437,38.57903124309904,-77.99801745047621,pasture,50.30843985585673,1.9539940887180123,0.1352040729623197,0.09963539520007754,4.482296814950491,RURAL
P0002032,VA006,70.09150719497177,38.48530982282731,-77.93858742239038,mixed_ag,57.32823802292083,4.705796020753273,0.07048901033254716,0.03271529153674181,4.335760540168801,AG
P0002033,VA006,140.37783038555477,38.48552133469735,-77.96282441816047,cropland,49.85633486669089,1.886732400355654,0.08066414803846211,0.008561238161979363,4.664379435186323,RURAL
P0002034,VA006,75.57325693162282,38.49193272290465,-78.09858990187429,cropland,63.23591422464831,0.48677932645107147,0.06700750965259247,0.01288967771745776,4.947334571199974,AG
P0002035,VA006,457.4459020710044,38.44076499653289,-77.86254486518482,mixed_ag,48.63820201965858,0.5610369971070694,0.029855998259754005,0.24956124172470584,4.760430742383121,AG
P0002036,VA006,79.45783927961895,38.60160917645397,-78.07508039433417,mixed_ag,61.324583077504734,2.6028592093285474,0.16010230790607755,0.06070201188253322,4.778389150868726,MIXED
P0002037,VA006,151.25060826496863,38.40590783114556,-77.82102943887794,cropland,71.58796597676155,2.7870986272599922,0.15789821541113624,0.15236242837814487,4.606814942179364,AG
P0002038,VA006,231.92425836323363,38.417925005957294,-77.64866496623223,cropland,68.49423752210508,5.166236262978135,0.10053431088361507,0.04905713868133233,4.1096196973508965,AG
P0002039,VA006,72.44865377256068,38.40528498573968,-78.05231690423486,mixed_ag,65.32511763720497,4.251990747524456,0.17801088886037605,0.12377720562074523,4.997903252825307,MIXED
P0002040,VA006,70.5456738491777,38.42994587162093,-78.13632563775184,timber,74.92757555712902,6.564512002734146,0.06379350219638691,0.11855709909505918,4.3155694018089905,AG
P0002041,VA006,74.56877408906854,38.36259340188481,-77.86291445525792,pasture,70.14481251467735,9.50958954958976,0.11715392437940657,0.045890145924326664,4.054626273166171,AG
P0002042,VA006,185.5515273908287,38.324663651113866,-77.84175926874214,mixed_ag,45.18668780510065,5.4572073494593685,0.1489145859177446,0.14912678619886463,4.617953784197923,AG
P0002043,VA006,68.20482313341873,38.65602391998163,-77.86754576233346,timber,42.55754879589385,0.7348008556085056,0.13731976263533877,0.02315145316705689,4.370328649180991,MIXED
P0002044,VA006,569.7634322825088,38.386066488156885,-78.06755942295707,timber,60.00268263490045,2.7002348743493454,0.13302610256055597,0.07753178051254461,4.599070253408893,MIXED
P0002045,VA006,209.02685010338192,38.400548359395735,-78.04354991392002,timber,88.1228757291421,6.978576423608187,0.04998215983828825,0.16584863486733994,4.728832288478968,AG
P0002046,VA006,73.16153391221457,38.37226329287353,-78.07989225713912,timber,75.03261695817709,2.035310253625581,0.24412102544408415,0.23465571879301755,4.922642227009388,RURAL
P0002047,VA006,19.756762804285234,38.4128264803861,-77.94277392239937,cropland,62.69750515049487,4.263638003631104,0.3897438748266185,0.08658022064433565,4.878223123222624,AG
P0002048,VA006,53.32458277436275,38.448298530053755,-77.9961475370193,mixed_ag,82.48996368654394,8.896119664091206,0.2069753321339593,0.03116483718087387,4.431120481470273,AG
P0002049,VA006,188.87481543013203,38.5127633969651,-77.92377927363019,timber,76.8408513184688,6.613330786672993,0.1495364052986306,0.08220151184709801,5.2452677181548,AG
P0002050,VA006,89.97177483808812,38.25681585780556,-77.88989909166362,mixed_ag,57.862917703273816,9.079084732838455,0.01319205253352158,0.047322292440566065,4.517509331564713,INDUSTRIAL
P0002051,VA006,304.5274716511232,38.37175117138605,-77.99266745133274,mixed_ag,60.450900163169486,1.2528854896956156,0.05117596371294131,0.15688504175212595,4.77814295801019,AG
P0002052,VA006,422.4685595426271,38.498182172781306,-77.98973949101888,pasture,56.08553331502143,3.618031542747293,0.16505417936979694,0.054886537805929725,4.593880375476744,INDUSTRIAL
P0002053,VA006,106.64130192728793,38.42718101569723,-77.70639720527083,timber,69.44775254258778,1.465004437095097,0.09040967989378261,0.0423949623562641,4.199931351090772,RURAL
P0002054,VA006,250.77762679755696,38.30201607429645,-77.9406289531888,cropland,70.50190917269133,2.0820069436527073,0.1675600649948198,0.010583432518988288,4.924480561652091,MIXED
P0002055,VA006,68.69514645580928,38.3779197722742,-77.90240357295724,cropland,60.3804009958562,22.348254047352704,0.2782219599686566,0.27416740687859115,4.113861865382774,AG
P0002056,VA006,49.67425975014384,38.539605815639426,-77.92880052957864,timber,38.94206472510055,0.9380300352094086,0.04037419182929307,0.05420082962387221,4.176498460959103,RURAL
P0002057,VA006,286.9393027419668,38.69827516737915,-78.09166386883837,timber,62.14832574211121,3.8558743335478214,0.11410866560413545,0.0059928415129042855,4.440120736586048,AG
P0002058,VA006,42.15496258349188,38.52258602158882,-77.96402619698668,timber,77.85519587620975,7.99806758592227,0.3829298626840331,0.05677030758402558,4.308494157217127,MIXED
P0002059,VA006,52.917989819269955,38.48262084482677,-77.87962251381275,cropland,33.86034326348697,24.88975140441649,0.23915524920170214,0.19525141494667303,4.166429719372823,AG
P0002060,VA006,430.6746056803167,38.56543442517468,-78.10220208488762,timber,88.11435097040156,5.81532486881961,0.18286261711929255,0.15661725523551454,4.847468584993729,INDUSTRIAL
P0002061,VA006,345.167253303715,38.53046425121303,-77.87363903972701,cropland,50.78834212145128,3.48008645289267,0.24192804887925984,0.06461398495885538,4.587519094136697,AG
P0002062,VA006,40.487344428475204,38.35887978961169,-77.93811555381161,pasture,67.76635131686795,8.003334443324253,0.09023997361385495,0.1790226109010353,4.972706587005653,AG
P0002063,VA006,43.16937772386852,38.525088908108266,-77.9667911069689,pasture,71.7814048089096,8.886831700618457,0.06207169688531006,0.03656878871952224,4.257158024489922,RURAL
P0002064,VA006,213.81516167338762,38.76277749453404,-77.92569100451638,timber,54.81350296055715,6.671845310676816,0.27634403731345436,0.16710443968733416,4.045670001937818,AG
P0002065,VA006,48.41350292603963,38.41979806634363,-77.9127220551317,pasture,64.72629710771785,1.9153457847260624,0.0692742285824736,0.12835555357524925,4.608599287615148,AG
P0002066,VA006,78.91674813908772,38.51119485418918,-78.01792906226801,cropland,68.66108680285949,4.3126174480500445,0.08106544477864228,0.10296576619175166,4.760918693270187,AG
P0002067,VA006,572.1631242192458,38.55924154006605,-77.88007207010313,mixed_ag,54.64516371660218,1.2825422722832074,0.1737661928728135,0.3527311619150782,5.0521511776089785,AG
P0002068,VA006,33.41137465130427,38.4887704448735,-77.87885631008692,timber,79.66052431785792,1.1289946387116174,0.00688760818675701,0.11172384401910228,4.494224264855589,AG
P0002069,VA006,148.4285019139561,38.41071447509023,-77.89924894488483,timber,89.2007165721449,2.7757514168129456,0.21566808034573842,0.09072098015012772,4.01227471822368,AG
P0002070,VA006,123.01907827944684,38.62399512202694,-78.10093970403351,pasture,45.180396813039295,8.429244430357691,0.3191726133404285,0.1146044834818864,4.676537788066403,AG
P0002071,VA006,139.21893487493128,38.470090812098775,-77.93135778454673,timber,82.15974132928699,8.526366026773507,0.11999257212960372,0.17694889874451344,5.077031122110142,MIXED
P0002072,VA006,225.6618169923503,38.425421858787445,-78.03098427797899,timber,47.92317826977757,8.029392257029127,0.16666365042380102,0.0014591167255246465,4.679017649377125,AG
P0002073,VA006,53.55902569777748,38.410404965116655,-78.10083345077213,timber,49.73163024542667,1.0392008026788568,0.0623291018307467,0.3461140921684414,4.629741498453341,RURAL
P0002074,VA006,390.9017280755103,38.38744791249942,-77.85248538438967,mixed_ag,64.7246530506645,2.1849091206073363,0.08025019841560671,0.005751294122719829,4.325330475286524,INDUSTRIAL
P0002075,VA006,162.3785505509986,38.47140762684852,-77.87454378604825,timber,86.42750749707234,4.112825658563616,0.1992097845602325,0.13970740049641153,4.580839956305488,AG
P0002076,VA006,624.4271046368085,38.480748340921465,-77.79144095330676,cropland,65.51008382123445,8.017680619377664,0.1299651970122321,0.13379398234762904,4.397239399884926,AG
P0002077,VA006,205.69246845476678,38.3653202191098,-78.07003363045551,cropland,50.926661941725825,7.722278184129198,0.21912602904877046,0.2823403755895954,4.209931933066569,AG
P0002078,VA006,1046.7298077911069,38.47406227197917,-77.83162217802804,cropland,39.30587867411315,2.087945882626427,0.20190241171335024,0.05443561765718015,4.347885473496355,RURAL
P0002079,VA006,31.84025580290253,38.53531385409124,-77.93192866596236,pasture,67.42275437802901,7.967376352016451,0.13551114523019434,0.063506078860246,4.461267767905194,AG
P0002080,VA006,175.47041526163608,38.4478790787436,-77.94427972091148,pasture,85.92329418100151,7.366817440659351,0.061088381144938586,0.1518889229637968,4.770354909449671,AG
P0002081,VA006,429.136685669763,38.441199735529494,-77.94987136924662,cropland,37.07336464718763,4.90325705548528,0.1486097851781055,0.21307132086477643,4.538857821304961,AG
P0002082,VA006,122.94024588248125,38.40198819399623,-78.1106996667945,pasture,50.086225057806956,5.606361056926778,0.21300377769736525,0.037624211643615,4.373152281662588,AG
P0002083,VA006,221.92105832445324,38.61935303709773,-77.96192423192277,cropland,48.38237319292361,3.275025919045995,0.09377953701669758,0.03853376737843204,4.229809596224944,INDUSTRIAL
P0002084,VA006,197.8919836095394,38.37123378838973,-77.91948225412355,mixed_ag,46.748641148461274,12.938153335682742,0.124903715443022,0.005900565090267317,4.743254620763766,INDUSTRIAL
P0002085,VA006,66.43771683591663,38.51550437343451,-78.01494618684647,pasture,42.26638716755922,6.654227651877952,0.2705403172048975,0.027496085911262517,4.14581610055231,AG
P0002086,VA006,71.58824794025396,38.473582594753054,-77.85536465055105,timber,55.68041219803925,8.510105470482992,0.04922121882981135,0.007074923104400343,4.8817282432005475,AG
P0002087,VA006,158.77036981853794,38.39270116506217,-77.93834942695393,timber,66.48365637253602,5.931447257926258,0.08532620972606099,0.04382211996393017,4.433058039534769,RURAL
P0002088,VA006,196.65572667503838,38.497062635039185,-77.92059298522562,timber,70.79662213497286,2.2269481195077505,0.24236666033173154,0.13091772680181996,4.439649393210409,AG
P0002089,VA006,300.8875701502176,38.45364525345212,-77.8374281898147,pasture,55.804954708847646,6.188625955658985,0.07715569974070308,0.13983780258252707,5.390175244809477,AG
P0002090,VA006,120.84757450011502,38.604123177293744,-77.77918770736154,cropland,37.62464914766769,3.2908759533497847,0.14166202914163115,0.055553479991465336,4.833355775767559,AG
P0002091,VA006,71.97512629912957,38.536039040526155,-77.81615642894756,timber,69.97349951536037,5.384646050881333,0.026537365275498905,0.0413444497750432,4.56311243626855,RURAL
P0002092,VA006,376.8894982144536,38.70428030901528,-77.8307097428339,timber,40.44099807892411,6.536265241549276,0.1773449576188597,0.031084943787428865,4.267958079173534,AG
P0002093,VA006,92.78386434422333,38.52622749457352,-77.86696416690974,mixed_ag,55.22050951615492,5.439401011062989,0.16330749738082248,0.04954826566695318,4.897569395609614,AG
P0002094,VA006,338.2192551716083,38.46618648037455,-78.05326621784755,pasture,41.1997620010888,6.796123075740184,0.16232224095843192,0.061221439800125885,3.8444710701794826,AG
P0002095,VA006,150.90620519300012,38.48687390953185,-77.97319876994223,mixed_ag,53.233469418529765,5.493341530489046,0.4424784834730174,0.06050149975956475,5.109102751017835,AG
P0002096,VA006,131.7135463634367,38.52632381792818,-77.88838062306205,timber,88.28206013448204,1.2422990022333176,0.09613282646942457,0.06746999037535956,4.288259968370798,RURAL
P0002097,VA006,125.53082802103272,38.44511770783355,-78.24232766476702,mixed_ag,76.69640877140544,3.668154922257958,0.18111465695908588,0.17329675507863548,4.10533259491744,MIXED
P0002098,VA006,66.59474488739849,38.50724607417674,-77.98560727001282,timber,82.10306982067728,11.595198959712366,0.0743769568727023,0.26857761166660854,5.135563491800889,RURAL
P0002099,VA006,129.44815403746185,38.53579622839026,-78.0987631568851,timber,39.63745448065731,3.6578822008209104,0.1033901059686113,0.11169003212560182,4.756854140401695,AG
P0002100,VA006,176.9789724610626,38.39169734763653,-78.0026076729383,cropland,63.12642092859076,0.5339898867635556,0.04447989330353256,0.24323701927765712,4.1520403917824735,MIXED
P0002101,VA006,73.91017240179899,38.333195270018635,-77.74392520959344,timber,52.9096381686703,2.4918862950244938,0.1625597818738401,0.0053374051804181985,5.325803866382106,MIXED
P0002102,VA006,243.1763256319766,38.58265729625632,-77.99800535130947,mixed_ag,69.74040355590404,2.6150434238562674,0.13397725300824984,0.05501588200616318,4.429738068422294,INDUSTRIAL
P0002103,VA006,103.50141814785678,38.42731760835761,-78.01739609475383,mixed_ag,66.19603490786388,0.7538836281371963,0.023760688123425328,0.0754872816332925,5.254405277127578,AG
P0002104,VA006,144.44250940684935,38.414047893616726,-77.91791049762637,mixed_ag,82.25191594439829,0.977464926331739,0.021422517362980908,0.020195112894395763,4.6108057245995,AG
P0002105,VA006,60.61075539897494,38.37747304637387,-77.90161273987356,cropland,71.80087943543677,11.444692803718501,0.07507805544089184,0.0707761618993132,4.587098853541092,MIXED
P0002106,VA006,102.87730174838887,38.42057763012707,-77.86546551793063,cropland,68.67897044788035,8.206984864587087,0.08432147058148523,0.07197196661984007,4.575563306095156,MIXED
P0002107,VA006,99.57629814867451,38.522076163464,-77.97437740658296,mixed_ag,59.74044903974076,3.3820353206480225,0.07212815025870124,0.11374047524818125,4.602659733870952,INDUSTRIAL
P0002108,VA006,58.450678634847186,38.630453469544946,-77.97068151034631,mixed_ag,49.02745231254089,6.256180836118696,0.1922307936918188,0.3144988430670851,4.96680118561937,AG
P0002109,VA006,68.27274663951812,38.544515672062985,-78.08319571068736,cropland,75.35367726041703,11.167515087576017,0.15642582752181217,0.021384823203501466,4.262734395583727,INDUSTRIAL
P0002110,VA006,17.39429666645442,38.37279923764724,-78.01967748366238,timber,83.2933033937722,0.7790423800792328,0.2180246783536925,0.04181918033550541,4.5501280815265055,AG
P0002111,VA006,248.99491177254654,38.507816951344005,-77.87853683297598,pasture,60.59299366818973,4.291334259721202,0.002386081062215839,0.03997339825840166,4.3674565126384755,RURAL
P0002112,VA006,25.111079743386394,38.66368799801695,-77.8086629457899,pasture,80.40385662504372,4.600790510814331,0.3808431646505931,0.0026206120066493504,4.944589409484573,AG
P0002113,VA006,168.2310025604246,38.43276520748809,-78.02686424001236,mixed_ag,24.04408919503863,3.907457313148102,0.06280670121618019,0.013058454079369015,5.070539562630863,AG
P0002114,VA006,734.1009963218385,38.45572341324772,-77.79814359961824,timber,100.0,5.813228108661588,0.3390992325028932,0.14935103202851766,4.507043760571111,MIXED
P0002115,VA006,106.12414662784276,38.45447228606692,-77.90734616740141,timber,43.843142046027715,3.3607061087745063,0.018300733243074404,0.09357341696625285,4.356213039839937,AG
P0002116,VA006,172.46448497400684,38.663726045282445,-77.9815849687206,mixed_ag,69.7444643558716,4.844027898781441,0.058303232599205605,0.20982994090963875,4.600077668339834,AG
P0002117,VA006,124.85625192128668,38.418249965686634,-78.00770795735981,timber,51.01110270675702,5.3377077824040375,0.3169430070542968,0.0825337780961145,5.044301559477692,AG
P0002118,VA006,146.49490798933962,38.70178049680878,-77.96363511097577,mixed_ag,58.05050430954185,1.2253447739407064,0.2326891877481853,0.03551627040843902,5.192815724643004,AG
P0002119,VA006,303.7785123159637,38.414435193449435,-77.94051574897708,pasture,77.51518884070224,3.360283174710334,0.29266723982431475,0.034809078500374104,4.314377684944064,AG
P0002120,VA006,113.11098291596814,38.552228566266685,-78.04989868447083,pasture,80.56907676022026,1.9251099491540997,0.32010119232562295,0.37824108485179064,5.11438615287318,AG
P0002121,VA006,287.22897900800604,38.54572976612097,-77.89283030710193,timber,73.4215269318748,5.149862036831095,0.041805562128388096,0.045563841099450234,4.85547603577834,AG
P0002122,VA006,204.67388421093364,38.486070482619496,-77.90956991029488,pasture,51.57597260130572,7.040866382647051,0.1667083145274057,0.16476361415626253,4.9996861901407135,AG
P0002123,VA006,122.22336351154208,38.53895886263907,-77.9828350875979,pasture,70.13816034758041,8.551221932010971,0.26776767044746846,0.009975834206250027,4.723083094963666,RURAL
P0002124,VA006,132.68691778981437,38.29745786015647,-77.99682262755587,cropland,69.92780958709551,3.3286785339219005,0.0414915290318429,0.21142328213809997,5.065213264720674,MIXED
P0002125,VA006,79.48239663215543,38.45991253679744,-78.03700653015268,cropland,71.7509143253875,8.4178152883006,0.01789028891460994,0.18457458440500996,4.991774614682037,AG
P0002126,VA006,273.3485477045598,38.60494103543954,-77.88435492191711,timber,58.691841162463895,7.096665092838053,0.14089224782715534,0.02843955527953899,4.433579545579294,AG
P0002127,VA006,134.5835160624685,38.36234528414127,-78.08210182483133,pasture,35.709578427139526,13.306102936043256,0.09340907268323638,0.0324064352302911,4.784707284873218,AG
P0002128,VA006,310.0148879797686,38.42935835995357,-77.96456574819531,timber,50.37714796190762,1.610735225343992,0.16977335057247037,0.05539729921220063,4.579397235656433,AG
P0002129,VA006,170.3267739717855,38.61153245014818,-78.03302968644037,cropland,100.0,5.177706317273449,0.07618110785757415,0.03860655926644936,4.1726073776405155,RURAL
P0002130,VA006,47.13302287084266,38.46594319448784,-78.04449636760681,pasture,56.23351792888973,7.509225515939643,0.12099898172202239,0.12544708216982842,5.011603956237557,RURAL
P0002131,VA006,56.501111736758006,38.42807897587795,-77.96347497116611,timber,53.899591012378664,1.717053846810864,0.01613119324434521,0.07668850617877598,4.7276456301716605,MIXED
P0002132,VA006,101.69081333961925,38.49496215786857,-77.7638442925383,pasture,45.02202413591772,6.844488064128561,0.3609192873124463,0.07349953200981578,4.639151429759068,MIXED
P0002133,VA006,367.45520418876356,38.50928828995946,-78.04246547115272,timber,28.114518296402352,6.030279542970279,0.06558483868479555,0.0022618686296114413,4.377750338897125,RURAL
P0002134,VA006,223.43443207354906,38.55075980405841,-77.99187021009976,mixed_ag,84.74194916806212,2.133386852424658,0.0153081624662435,0.23533609432242877,4.185579240741502,RURAL
P0002135,VA006,439.4474092616978,38.42808321511256,-78.03329321700556,pasture,43.857115103009264,4.0877052426662015,0.00901675250486125,0.10089927656111548,4.901509786936586,AG
P0002136,VA006,105.40551596651798,38.417556676594515,-77.97257426782461,cropland,62.033526590565955,4.4174699405204105,0.11114284733958824,0.030702607556023023,4.5216992617211735,AG
P0002137,VA006,311.8172991388218,38.5822740191843,-77.84158087536447,timber,68.07945950273091,2.1420619384136046,0.15788339374792537,0.014056653935809859,4.663689819699917,RURAL
P0002138,VA006,246.29681010484475,38.43312775738936,-78.00547074911803,mixed_ag,53.86619243804181,2.3769383651723883,0.10234528268447202,0.2657745893597545,4.541673761982284,AG
P0002139,VA006,51.928755486073335,38.49366123725631,-77.84756177178767,cropland,60.69359540668837,3.1753633462377517,0.09398827322286515,0.017063883914160152,4.715980326327983,AG
P0002140,VA006,227.74073852067656,38.54781901115404,-77.95114831881848,timber,55.12582919554448,7.319764418613877,0.14950118093389878,0.06016101110326811,4.748572912925573,AG
P0002141,VA006,130.13922432735026,38.47817039474565,-78.15270674892777,timber,48.479594650386744,4.446231744413859,0.03411173003289366,0.18891891978122902,4.647205525206218,MIXED
P0002142,VA006,77.52259659177686,38.490442484899226,-77.88563913821628,pasture,56.4169877428356,1.0810434354163925,0.20654492976342942,0.13382527745251063,4.124344947941581,MIXED
P0002143,VA006,177.70574220183002,38.394541842612256,-78.1042163862417,pasture,51.51019952880506,1.343782680340512,0.13758103083915668,0.07432995167621342,4.642045957921236,AG
P0002144,VA006,182.46331415414326,38.510600713775695,-78.10298882813305,cropland,52.99402868111027,2.0364969425783395,0.10989594464249704,0.012975645337950805,4.546032936375727,MIXED
P0002145,VA006,269.5258118839906,38.50285833560655,-78.11584083214457,mixed_ag,92.61165404195224,0.7220446723803933,0.3227407848885006,0.33787297514905457,4.707821848070504,AG
P0002146,VA006,35.424701996920625,38.715746401618425,-78.13760137756218,pasture,55.28603439633254,8.340464065208542,0.05500784944935415,0.11264718554420382,5.267746349902063,MIXED
P0002147,VA006,329.743568326527,38.26079553352185,-77.90128079593751,timber,46.22022011772738,1.6240151788724189,0.035050670946411795,0.026603240554485062,4.679550240194079,AG
P0002148,VA006,164.0404887037503,38.43486452344016,-78.06248629339844,mixed_ag,52.15256856820507,1.501300529914429,0.07161826326754803,0.0908565895327404,4.487949902259017,AG
P0002149,VA006,142.23211917914864,38.41763134365067,-78.10963501953619,timber,54.09322663109778,4.263082196923406,0.06868624513301175,0.11571290655706405,4.541796701294502,AG
P0002150,VA006,254.69353068021962,38.61914700604011,-78.05770042940313,mixed_ag,64.3096897358906,1.8338526664260055,0.3876605020103022,0.015028600874815567,4.450085802322926,AG
P0002151,VA006,403.7710010172398,38.64004732935888,-78.13549037687956,mixed_ag,66.37545986040823,4.423412823088283,0.2566294052554361,0.008303304884617217,4.7045074808231515,AG
P0002152,VA006,129.26399380620535,38.59676819712418,-78.13254985527138,timber,65.17780544058594,2.262099704562372,0.38304385080587033,0.014132342920945612,4.5718906815201015,RURAL
P0002153,VA006,167.84545084368833,38.47493972096778,-77.89322439429446,mixed_ag,42.70640681096393,8.469632167605809,0.1410558364909771,0.07405082367353649,4.214503186839156,INDUSTRIAL
P0002154,VA006,101.48071105565569,38.30867747184703,-77.80717284499653,cropland,63.77361815615506,4.968297507444419,0.19645374909660726,0.09912951730142075,4.741614627425567,AG
P0002155,VA006,83.20053918596473,38.36599285160122,-78.00117101386047,timber,62.504994463875384,1.169726826648475,0.10144099726571196,0.02017371382731794,4.539823487262315,AG
P0002156,VA006,23.143049607137698,38.49146430764513,-78.10559485573839,cropland,49.0108830894098,3.602354935974277,0.3059688191746064,0.12508102733734994,4.228749888077484,AG
P0002157,VA006,240.506211777601,38.44037289577278,-78.01590441839167,mixed_ag,60.66032530821729,8.401191227194346,0.5249762169447125,0.12729569524252335,4.654161936635171,AG
P0002158,VA006,98.2186186708063,38.587231145717915,-77.91115292905067,mixed_ag,91.15609068914091,5.499271253056561,0.12896641191583577,0.24868863131044935,5.044675007465834,AG
P0002159,VA006,131.33907761726266,38.28086118376679,-77.9899590993834,cropland,73.43353712720204,2.3150749739048777,0.14411684914794803,0.10634993893723232,4.80854790593094,RURAL
P0002160,VA006,237.04129357576326,38.33224277977189,-78.00218180632402,cropland,69.98200612117876,11.951897954771113,0.06732609579691665,0.01998523501282958,4.935699619954368,AG
P0002161,VA006,127.35365641309757,38.49696060771467,-77.9494086597143,pasture,68.20878056830009,4.412448640468323,0.014918467426741118,0.23714389328331462,3.9359267350241973,AG
P0002162,VA006,319.1531641862276,38.423386143740224,-78.01186953998453,timber,65.66378060911528,4.060333838276881,0.17654315908367593,0.0855307910370297,4.950597432506589,INDUSTRIAL
P0002163,VA006,157.9420671370935,38.59611254109002,-77.99101820198948,timber,75.43974014971464,6.96929907867177,0.17449151331250057,0.007455190360091211,4.3098922479580075,RURAL
P0002164,VA006,127.29048554237666,38.61290073187279,-77.87082450686243,cropland,72.56829414019433,2.191074199564441,0.2777862113950217,0.028873352028313835,4.774193843362279,RURAL
P0002165,VA006,123.69415749847404,38.40068288435167,-77.8090702107484,mixed_ag,52.67044049753474,2.944032837566426,0.17818945538854708,0.20097978049592216,4.659779204534204,INDUSTRIAL
P0002166,VA006,354.1837841493844,38.44024949137157,-78.07972257598773,timber,58.03918460480647,2.078780337160884,0.0879513401845632,0.03237718738999326,4.491165066224511,AG
P0002167,VA006,117.97983757698613,38.61422507162903,-77.94016836558855,timber,74.55046537149428,1.9234691155969608,0.06436194433407164,0.0018618681134107687,4.633242769932034,AG
P0002168,VA006,189.7605810831245,38.628397103752306,-78.13505691471187,pasture,62.52663902450166,6.529969714089256,0.1630717477269536,0.11056174655685501,4.880135798547329,INDUSTRIAL
P0002169,VA006,159.88963242613394,38.28634966504871,-78.01710850062702,timber,62.959608562174076,9.680580311313967,0.14268911439846277,0.06592400128524165,4.309392783422831,AG
P0002170,VA006,24.073645371843057,38.633374207840056,-78.04607866586936,pasture,30.72594544099462,11.489045456563588,0.12926575403816332,0.013763496752442605,4.251191933298271,MIXED
P0002171,VA006,124.15379053848835,38.500181944131796,-77.9115642401231,cropland,54.82867012574022,4.971209912417426,0.12295860089853378,0.07274265754507196,5.006685647074344,MIXED
P0002172,VA006,62.13881861519507,38.52361282109247,-77.95625419950035,timber,45.811065481219515,5.245927940358651,0.25901586834392887,0.1124676414254257,4.572615872565116,RURAL
P0002173,VA006,74.2343054885174,38.41431233975094,-77.90007061443639,cropland,67.009478049082,1.3728750206409441,0.09187348161708352,0.08893139411002773,4.619067848305961,AG
P0002174,VA006,24.26470884480144,38.61217571934847,-77.88844807916539,cropland,80.02631124840286,3.2620516547861573,0.13908937418275463,0.013882087144401454,4.461965254865123,RURAL
P0002175,VA006,193.7551125618909,38.40163180363374,-77.98701948544011,timber,63.110815485497504,2.779969903167677,0.20814549776438313,0.21277262792795193,4.4100722171964355,AG
P0002176,VA006,65.02038921847588,38.51657869788741,-77.80927079751864,cropland,45.28445736370185,2.969770091959915,0.36056888338547194,0.009929424903155777,4.965141334579906,AG
P0002177,VA006,310.4769018363988,38.301617184594846,-77.93346053004218,timber,74.88633568654524,4.367132894523279,0.1280146169145666,0.18887758805311794,4.717904302671817,AG
P0002178,VA006,102.32918900541979,38.71442795745944,-77.99518064397513,mixed_ag,71.76065148871692,2.653450304251594,0.09049022993619074,0.0643538984174965,5.192102888886137,MIXED
P0002179,VA006,293.4852720624975,38.63066097430103,-78.00858062820802,pasture,63.362329789427655,6.511853830345168,0.17682566263839528,0.11704406602012532,4.373566533769198,AG
P0002180,VA006,111.08051851184945,38.59475349846284,-78.12526896168977,cropland,73.94118136654313,3.7373051788920253,0.1741973702998799,0.11743348378560887,5.180516850079206,RURAL
P0002181,VA006,59.173430199784335,38.44147018362423,-78.07045781627237,cropland,47.56793335138114,4.566350910915434,0.31518893255825775,0.22879401817508288,4.484903620146294,AG
P0002182,VA006,104.62455456570325,38.548490930642316,-77.96413413383333,timber,50.89746297207201,2.321959800884596,0.5819887048048878,0.1591224625728587,3.858762835722171,AG
P0002183,VA006,102.99722234283611,38.5051415816754,-78.0184591008755,cropland,67.4249360400323,1.6263553016821017,0.24214672973656332,0.20773823605353364,4.0484340655120805,AG
P0002184,VA006,99.56379918678077,38.603562453754336,-77.85677954742843,pasture,63.783204530778306,1.4447334857033045,0.088410751707978,0.025284552277156324,5.0339635137608365,RURAL
P0002185,VA006,153.1787868873253,38.42817667344016,-77.95769705042603,cropland,53.72178622795711,5.000681195078193,0.3327390714268917,0.141778760181487,4.767506497024286,INDUSTRIAL
P0002186,VA006,246.01468953321339,38.51687853828722,-77.95929753026188,timber,63.88101039632481,1.2371896105001359,0.04979010404080275,0.07210164064940264,4.376582203573951,AG
P0002187,VA006,88.74051894560296,38.400662892555864,-77.97911609703137,mixed_ag,57.48209716827229,10.844708905182127,0.10983922160091217,0.10698364484382333,4.47719734926391,AG
P0002188,VA006,128.76159622927742,38.47806415925658,-77.94877800472327,pasture,70.40217186942976,2.2528174945625095,0.0878098135267269,0.11019229387964341,3.9992473666081745,AG
P0002189,VA006,35.945777703395244,38.47633406554267,-78.0359579576968,pasture,87.20801155029389,1.2857376861768586,0.10267600528605832,0.17540563303875173,4.231109677391846,INDUSTRIAL
P0002190,VA006,149.21879953221736,38.4441646247081,-77.91870623258467,timber,43.579919467455944,7.043232646590845,0.060224804073053397,0.09718532987004676,4.643827594046169,AG
P0002191,VA006,43.61421656756758,38.54927790814895,-77.86264489268116,timber,63.050827843290335,6.124625850243536,0.06769590283607341,0.020225983391764686,4.213616732049804,AG
P0002192,VA006,114.71101075734445,38.3605750207773,-77.96484737597204,cropland,64.06378276855123,5.963169603554221,0.02690240602069611,0.1831230423253026,4.757375383679689,RURAL
P0002193,VA006,47.12632753542249,38.68298879628191,-77.80394570609664,mixed_ag,79.87992134285764,4.333809775507904,0.05045825883048818,0.04254844844928205,4.185386574661668,AG
P0002194,VA006,123.75691429857852,38.4307894961488,-77.95554346219298,cropland,89.59229182633274,4.101005516463483,0.13164929700548092,0.03543253355348348,4.646497923022076,RURAL
P0002195,VA006,161.14295744244058,38.34638394945082,-77.74683432419361,timber,56.74261091729979,1.4684181164764842,0.03296727439818066,0.04753473934135352,4.730297752025601,INDUSTRIAL
P0002196,VA006,64.23181657792476,38.56899593687415,-78.05476760491895,mixed_ag,42.70010975632927,11.551058373319272,0.29396091050771167,0.0548351480731964,4.190508837222929,AG
P0002197,VA006,75.16951972033027,38.59410721460157,-77.72386455437292,timber,67.10088211868836,3.042982998443935,0.12184172597349341,0.07491405328335744,4.676663464018753,MIXED
P0002198,VA006,445.5134819160448,38.20844202284357,-77.7712920415598,mixed_ag,38.73380923780053,4.323038915975096,0.2200372576655883,0.15447997633824206,4.174403612180272,RURAL
P0002199,VA006,326.1352665746736,38.64615891539161,-78.02857459774133,timber,100.0,2.6251020685949182,0.11890675886732098,0.060673040747000924,5.261632463350994,AG
P0002200,VA006,57.176464377539894,38.48595092678489,-78.04113464605518,timber,80.9639904353087,4.43193823911381,0.007035193490914607,0.11422520538298302,4.532374266710785,AG
P0002201,VA006,77.71752423604481,38.39125935375711,-78.045471272039,mixed_ag,58.21025878945875,1.5323143581121936,0.3944263814526349,0.27170980769216235,4.784658503067883,MIXED
P0002202,VA006,47.33975611234554,38.675863352223274,-77.9997041059433,cropland,65.56185176623399,4.3454542588790055,0.18329749131381942,0.03853555738883061,4.112752546973947,AG
P0002203,VA006,61.54166929074434,38.42155283903408,-77.8655148880459,timber,100.0,6.072192257148376,0.1515124919160994,0.11618302811231117,3.968861609628701,AG
P0002204,VA006,70.92415907509407,38.35013490863073,-78.03978074990485,mixed_ag,61.46994027296475,5.352971420352574,0.10429521447949003,0.1808882248202615,4.5653231670693355,AG
P0002205,VA006,58.40459760318018,38.561172499938905,-77.8676078821542,cropland,44.670625734027176,4.603517356843378,0.20490459561303956,0.1197155716724045,5.234711410994354,AG
P0002206,VA006,162.87752155951026,38.58631610731156,-78.01493528817868,mixed_ag,44.35369327901722,17.404947600024563,0.21117552153329516,0.020765857278006932,4.626017371457016,AG
P0002207,VA006,454.07208749646236,38.447206633525596,-77.87712412735357,cropland,47.67435007702208,4.593641495321108,0.1323338329799986,0.06553330556048714,4.860731071328352,RURAL
P0002208,VA006,60.262968725137654,38.49453329491707,-78.05464129290569,pasture,53.22473826718416,2.583614402600004,0.15354083094688978,0.22363885383385504,4.361649939277058,MIXED
P0002209,VA006,161.80393149752476,38.451528798476,-78.08239063142824,timber,52.57094170223915,2.7036800117614197,0.30182201696037186,0.1097750835495579,4.422688111976125,AG
P0002210,VA006,46.93026012939274,38.49416890172019,-78.09487703261838,timber,67.6732115168516,6.3467352594808695,0.041316850426256824,0.10136964924409382,4.762033762377923,AG
P0002211,VA006,105.77998743402348,38.50339735506353,-77.86997075469407,pasture,75.90978746097669,8.492966198281476,0.15818616749880754,0.021685246608801636,4.8661323842578454,AG
P0002212,VA006,36.91270766976026,38.58389678071505,-77.82150056609387,pasture,77.16651225259177,0.8100846816706574,0.23195525563338962,0.04690737359124395,4.5238670065155935,RURAL
P0002213,VA006,77.51403194979612,38.434852463653016,-77.97639732731679,timber,63.58306896323836,0.5290773147853057,0.2511767863138151,0.09691098127537545,4.729255110881758,MIXED
P0002214,VA006,238.05672287275348,38.477025856332936,-78.10415684336967,timber,44.272739880771454,13.209626554849407,0.11394346229820124,0.03665991647975047,4.336961862023031,AG
P0002215,VA006,291.36758302259426,38.55783629841188,-77.84335160698146,cropland,59.7600170153372,0.1334382972072542,0.3965659635915365,0.11775611060895881,4.428517791270028,RURAL
P0002216,VA006,509.45990577923607,38.41915599309506,-78.0559612030326,mixed_ag,46.10122215280521,1.3882377865860414,0.4365052336159291,0.03858493778605781,4.7284029063264015,MIXED
P0002217,VA006,91.64186933895608,38.63631752428672,-78.00645387256453,pasture,89.95560388820263,0.3366676557826226,0.20860788852587364,0.1994531668174764,3.975323135404378,RURAL
P0002218,VA006,253.97271494878126,38.20392078589482,-78.198391179232,cropland,68.99271565457062,2.808165914295648,0.14474453420991545,0.0710367702431009,4.881040748376945,AG
P0002219,VA006,92.05437072982461,38.61057191335757,-77.85350175955448,pasture,98.85627837238285,4.361624750769356,0.05273091215029971,0.10891761641870663,4.733415162669607,AG
P0002220,VA006,171.3670847617944,38.44201665978784,-78.01548709365699,cropland,55.41272451687278,3.5805776762069943,0.1572425926101655,0.012575422651978216,4.413401565354891,AG
P0002221,VA006,39.002087701473656,38.455384134712816,-77.93291943415112,pasture,82.89204619700577,4.878014285302651,0.2708912055116845,0.14953193351014332,3.8983995304493106,AG
P0002222,VA006,61.37134747311926,38.5295731884363,-77.88686693290083,timber,57.169223579820425,4.8596725322854155,0.13669785193804837,0.04763167668090336,4.896088627423429,AG
P0002223,VA006,83.68642542642795,38.57353134498001,-78.0723956951408,cropland,55.913549190721604,3.6367446518238817,0.0362109592000387,0.10680423773189361,4.33642664743743,AG
P0002224,VA006,70.08096728096245,38.55117018463312,-78.11195745319856,cropland,48.804598492979146,1.0309945173642294,0.048030756457611866,0.22872021048999264,4.321755387999048,AG
P0002225,VA006,71.0544268732355,38.418768913169565,-77.9650786901842,pasture,68.47117182203026,0.14469889292333019,0.05366492785152972,0.15786761216432074,5.228148498750966,AG
P0002226,VA006,36.188908777120496,38.414710392062,-77.9000783852783,timber,52.119580831456,1.8804951482625847,0.021079126863015447,0.03384341443829112,4.854713600933373,RURAL
P0002227,VA006,302.13620823591503,38.37146041204682,-78.03509136268126,pasture,100.0,6.029874955954476,0.15595837548217506,0.08024254020629833,4.221269145331513,AG
P0002228,VA006,177.54641311451735,38.53865847973569,-78.05098037776172,cropland,69.29557171413754,4.58053261093677,0.14926326476232848,0.0066731938241807775,5.044859692130041,RURAL
P0002229,VA006,270.13531682156906,38.40192385945861,-77.83769469915278,pasture,56.528211621327806,5.9548612606524465,0.14538797351888105,0.1468491142942566,4.593644188772872,MIXED
P0002230,VA006,119.36682399599327,38.23444098288978,-78.06067998737761,timber,56.913294063769754,7.243062158944992,0.13929486210891284,0.3025323237421489,3.96777750401301,AG
P0002231,VA006,66.92421872406246,38.47835487979724,-77.91824589619688,cropland,68.9603201460478,6.74085891384247,0.17621695794249456,0.25857509076082713,4.6472871457585,AG
P0002232,VA006,50.13975965494718,38.52448075037595,-77.92121766019933,pasture,63.96959852460548,1.2011512085547291,0.20274750172722006,0.16493622774954955,4.117153152086495,AG
P0002233,VA006,40.73162808962858,38.306445987491834,-78.06108062403224,timber,87.68458275402963,2.9082060797063987,0.19216298951763217,0.29926055090632153,4.385110326889032,INDUSTRIAL
P0002234,VA006,47.00098082090748,38.46956967954686,-77.96603725697062,timber,39.917596906498616,5.353950439352644,0.24598770571510553,0.11092400158237713,4.4999046463383,AG
P0002235,VA006,666.7016790126662,38.52398545207889,-78.19941776903602,cropland,46.94376323630488,7.9068437359548405,0.22393137526283308,0.19663111545938847,4.724046597070991,AG
P0002236,VA006,352.4582146098942,38.55785074025228,-77.91539081107274,timber,76.4643431322235,4.300627168801366,0.2579812274854177,0.198348550778495,4.431976982942134,AG
P0002237,VA006,347.31090475032215,38.43709065060065,-78.26511750799855,timber,65.67642364804476,4.326668788676618,0.108232233219315,0.15213813071339452,4.910166804755264,INDUSTRIAL
P0002238,VA006,347.94099518252466,38.50613769395669,-77.97886902681199,cropland,74.4040992631857,3.32501725522824,0.08602220868881946,0.0731888554722019,4.008855694564737,AG
P0002239,VA006,82.02930395997518,38.41499647583853,-78.05393238364724,timber,71.47707458172573,0.710646666063457,0.057855094410887466,0.015019596133570155,4.710054467835441,AG
P0002240,VA006,913.2538607998423,38.57786958162205,-77.83835796419349,cropland,35.62301678414359,3.2797577550070978,0.5097261508863034,0.055778667724305786,5.056600675417408,INDUSTRIAL
P0002241,VA006,30.09594805923158,38.59247814775024,-78.05098686020848,timber,85.35989798777284,6.435086902239286,0.06715320754178755,0.2903851008581882,4.762062663580974,MIXED
P0002242,VA006,243.18323635314613,38.53409733899508,-78.01345578200176,timber,59.761683844359574,2.2320654555538937,0.3521592110117722,0.18545539769672367,4.242263299671145,MIXED
P0002243,VA006,19.50497906069503,38.48603074024397,-78.0328552940005,mixed_ag,68.23952537000729,19.053410801751866,0.04475392858742993,0.0383664201094093,4.44109705525374,RURAL
P0002244,VA006,25.68373660883171,38.56136980516416,-77.86859583507568,pasture,67.80837122814374,2.2778266802663745,0.012875369089933844,0.07023386068485944,4.549598105455484,AG
P0002245,VA006,93.51241360615091,38.48547869783288,-77.93444858425504,timber,39.990496374237686,4.61403961127499,0.06043367164421434,0.27928028790718384,4.1560534954074795,AG
P0002246,VA006,92.43295092346449,38.377194383916674,-77.90567138519255,timber,90.84050395478427,4.449697478347849,0.09634202188300302,0.0019528176238632776,4.744650145842185,AG
P0002247,VA006,33.90469910945175,38.54302863304783,-77.93134204420265,cropland,72.23440668376033,2.5047087144027174,0.14488615562148474,0.06493195373308591,4.501993998805283,MIXED
P0002248,VA006,158.84066656641758,38.516580224844226,-77.95717977618317,timber,64.63953243945204,5.299898935797771,0.26745585803575245,0.07144290405406223,4.521398189915036,AG
P0002249,VA006,343.1775971163787,38.56367449160535,-78.08555807758107,timber,71.63836899181757,9.18670433685609,0.12079482493696558,0.03823755893420141,4.008042060708998,AG
P0002250,VA006,133.77247664066763,38.413322036869296,-78.00362191565844,mixed_ag,79.57615355366096,3.386312433332275,0.01852805167546658,0.12771036091209323,4.932786135542111,AG
P0002251,VA006,32.04259296860265,38.23937204319623,-77.75552961660952,pasture,76.44473585860693,1.793483222331921,0.10319253207432262,0.04715947138570694,4.546051634271554,AG
P0002252,VA006,370.5795586376002,38.43735353018939,-77.95238855063165,timber,70.02220470504581,1.8669039605190143,0.2901835249427418,0.05262233440456909,4.101453173226549,AG
P0002253,VA006,36.76115161817949,38.6151450521216,-77.81162290486536,cropland,58.63101228847598,6.1816157116071935,0.26029425146804136,0.3367591593863121,4.456316603166051,RURAL
P0002254,VA006,88.43205489046356,38.25670502861029,-77.87737724647626,timber,47.53732918537371,2.971192134084248,0.018774528588540985,0.07052060213956365,3.992244907347774,AG
P0002255,VA006,209.63853715151203,38.45524903341814,-77.7914804050104,timber,76.61776796112996,3.3305601110805734,0.25971789828958836,0.21811840928967996,4.497658376607429,MIXED
P0002256,VA006,325.6325049503748,38.34991102310643,-78.15091979226588,mixed_ag,72.22013400684246,3.3624000314216467,0.38843028273597113,0.21805021797591045,4.351563397578399,RURAL
P0002257,VA006,153.81132847402642,38.489844032305896,-77.98322843064189,timber,88.53419141260852,7.354749152667168,0.04156973028036944,0.4826336618336785,4.319752901264818,AG
P0002258,VA006,38.64482597733524,38.46113972003209,-78.16826377903782,cropland,52.59039700543077,2.7466203759562124,0.12143184975791109,0.04242991527934005,4.344344198808031,AG
P0002259,VA006,63.08665413632678,38.428007973142776,-77.99186561987344,mixed_ag,48.69488538792383,1.7954620804208565,0.12652214880548962,0.0916524716099753,4.173563689892955,AG
P0002260,VA006,121.91777149144252,38.394132593631575,-77.80429012528718,pasture,55.32997059279077,4.780481537347471,0.24111882169660362,0.05232403280743383,3.88721245929746,AG
P0002261,VA006,47.689466190395954,38.37962047018191,-77.82266904088343,cropland,79.47458758467582,6.0372471962874705,0.20156454839843413,0.019540014197471135,4.108786495914507,AG
P0002262,VA006,31.485571773858346,38.52112770799303,-77.99881358062251,pasture,65.47482047020328,0.3796583902969922,0.29393756263429144,0.02785811847799953,4.352709161241433,MIXED
P0002263,VA006,130.8715638302941,38.449930306346026,-78.04982855649436,pasture,59.782177631083826,4.310337826105408,0.11756438158433735,0.12716998636687304,4.2841269409747165,RURAL
P0002264,VA006,964.7526258978668,38.46369707343584,-78.12250013386036,timber,96.4818426652214,5.245506594555476,0.08953130891458126,0.0296243337751678,4.80605658764617,AG
P0002265,VA006,193.64646470482938,38.37555139630659,-77.93127585611845,cropland,66.78018168159183,7.230721942544971,0.15624373903039304,0.018619310132051436,4.628715347933072,INDUSTRIAL
P0002266,VA006,50.893543280232215,38.59386541381221,-77.8548915493677,cropland,64.08450276376162,7.092075171642803,0.14397446425348168,0.3823626683438898,4.079557241321871,MIXED
P0002267,VA006,23.119962100791746,38.45578355952969,-78.0047758937136,pasture,90.02715858462044,12.353968385485157,0.0331067788901067,0.08521904947225871,4.857775899332953,AG
P0002268,VA006,168.51983793963916,38.585564119713716,-77.95752432555929,timber,44.56383260341809,1.0403964021375331,0.06816684243610671,0.06261404828484415,4.53871749919427,AG
P0002269,VA006,25.692791824954572,38.464664528947296,-77.95055553073423,mixed_ag,70.15387620262585,7.254896277971502,0.27848696348540003,0.13678504606458125,4.7008828400294265,AG
P0002270,VA006,210.7006622432124,38.43506259558077,-77.98827508872274,cropland,76.029370163765,8.709348696770856,0.13912941890400266,0.14340369476284995,4.576320490509087,RURAL
P0002271,VA006,275.4571660305325,38.58608907230112,-77.97979197151119,pasture,60.12092339578525,0.8373141105558908,0.23980447664900797,0.00933640531305095,4.918749305080289,AG
P0002272,VA006,140.42938716574784,38.412993306591865,-77.91556236754478,mixed_ag,67.62929607797903,6.230944245626695,0.041874456815091145,0.13280839347556264,5.314739598647647,AG
P0002273,VA006,506.9247416430466,38.4677289801645,-77.9613469860844,mixed_ag,51.236486519931034,4.329991666267356,0.18299957835460035,0.08697649519089701,4.996747082741448,AG
P0002274,VA006,275.15340164541783,38.46931852641787,-78.09606608024055,mixed_ag,54.15946435480575,5.499243077403056,0.09446639552493699,0.29393637601916844,4.531501882479255,INDUSTRIAL
P0002275,VA006,103.83866049625149,38.60358799574608,-77.77283517932736,cropland,96.87291082150259,0.8042134269200972,0.12886488355802186,0.2821666863667314,4.344267790492112,MIXED
P0002276,VA006,67.48932419464317,38.46742948021276,-78.0674750261385,timber,62.707990421744235,5.494194500249055,0.41690131950085685,0.10771720262478744,4.674719608974641,AG
P0002277,VA006,133.933465873788,38.55822750096413,-77.96056830757875,timber,82.35329159326653,2.7427591762444736,0.14491813791098793,0.0997164019096981,4.681888193347193,AG
P0002278,VA006,23.52989732248642,38.508280508355604,-78.01037844505008,cropland,63.42964780968572,3.151953410027554,0.07274822789366528,0.02889657066953402,5.075079218137461,RURAL
P0002279,VA006,213.7146934433675,38.62587682918165,-77.99032857233398,cropland,32.801148003850756,0.8648583283870865,0.20021077600433282,0.03889423835019779,4.762966564426999,AG
P0002280,VA006,144.4688140211489,38.47262705654815,-78.09430870159132,cropland,87.85228577682037,2.4177091503382013,0.05027296201992399,0.0334150245101965,4.455555568175995,RURAL
P0002281,VA006,42.05336404977118,38.62993563645305,-78.1028595546931,mixed_ag,67.32960977167458,1.1677721274212902,0.19741104855405164,0.06449341388576538,3.647448422278228,AG
P0002282,VA006,132.01250166506384,38.51087686125638,-77.83804050697773,timber,46.1676324022915,3.9440572200771316,0.09750068662400681,0.07499029727971875,4.057187588109363,RURAL
P0002283,VA006,69.01075342170078,38.54076788543044,-77.94796369790956,mixed_ag,84.38997270801575,8.72242617266141,0.251403065994639,0.04231217224073783,4.557162183139379,AG
P0002284,VA006,276.7090268127682,38.50302702733179,-77.87656867616138,mixed_ag,55.57664503714244,4.621945919978126,0.08264988427950495,0.33107249526344323,4.167628913448578,AG
P0002285,VA006,280.13541836502185,38.46508601039343,-77.97163113474723,mixed_ag,38.874905947766955,5.741783010671789,0.2449499723435513,0.01402617983081969,4.296588452527384,AG
P0002286,VA006,88.02489830482723,38.54590859832237,-78.23577233803285,timber,61.870766088955435,1.4610057421078313,0.13418275795345827,0.03414034565687526,4.054203948174092,AG
P0002287,VA006,365.17204456091724,38.53530941037982,-78.04250115712404,pasture,51.4791089805671,4.508128976675168,0.046013376012145876,0.20914829755454536,4.8474815982139,RURAL
P0002288,VA006,110.35969061501358,38.526891981088724,-77.8761860347527,timber,38.48830683097107,5.054893553737348,0.04769200256624597,0.2349215366841302,4.672994828151274,AG
P0002289,VA006,74.4473451354463,38.61275692076301,-77.97683146101262,mixed_ag,45.10012211581587,11.663609601383198,0.08264251494729576,0.3278096640166351,4.6233681345114475,AG
P0002290,VA006,61.447089700048245,38.329060181847794,-77.99227217065558,cropland,79.46593900276119,6.065866728537777,0.2083094381877132,0.30138812669983367,4.900232759160428,AG
P0002291,VA006,93.79057663695146,38.445539038144695,-78.06351466374528,cropland,55.85198565988393,2.910124049432079,0.35731203533853695,0.1500976372905999,4.692599632359621,INDUSTRIAL
P0002292,VA006,160.83018397858916,38.39747808824899,-77.91655825907858,timber,73.86754355943555,3.69189592105006,0.23048924613485416,0.017793326437384394,4.9211012835649495,RURAL
P0002293,VA006,120.5520098324875,38.42511409571115,-77.99209145852771,timber,65.1551690865,0.5574779619938076,0.2956540763821706,0.040389620627782875,4.81216380758627,AG
P0002294,VA006,53.65485448111153,38.48300836019154,-78.02539353549238,timber,64.18536102876047,1.1660030078367716,0.23067646719931975,0.107377702959968,4.132876900904171,RURAL
P0002295,VA006,424.4718868313243,38.441804401203456,-78.07274476207171,cropland,83.95965111259369,2.1562853383106626,0.35910807000199907,0.036601833466281666,4.609951238987179,AG
P0002296,VA006,67.0351912818274,38.52823277910787,-77.79709971353593,pasture,49.73025064785923,1.4707889374721992,0.15024274576775906,0.04649050886799968,4.491395365945568,AG
P0002297,VA006,40.62432073268274,38.52807231020371,-78.015581062103,cropland,82.08940600801715,6.602014830013814,0.15905941542582014,0.028709476208314565,4.34751092274569,INDUSTRIAL
P0002298,VA006,206.66436316332644,38.38731819341795,-78.0287687252097,timber,48.24465938293848,2.493949199144643,0.11224583400155029,0.19793646025376127,4.634907709399073,AG
P0002299,VA006,61.007504590374346,38.70903549982665,-77.8522275579232,mixed_ag,61.47765760189419,13.883383288223126,0.1417013795850314,0.14535699875678953,4.840863257140159,RURAL
P0002300,VA006,49.532860339361626,38.610608133094914,-77.90318721294236,timber,78.8128185164519,4.99658980126924,0.2543581873739929,0.15316265962013134,4.950041019055788,RURAL
P0002301,VA006,140.41264364048436,38.38824433152372,-78.00825373906434,pasture,73.37879752655891,5.048816444156965,0.058631921570870105,0.1595588721673727,4.597132569534347,RURAL
P0002302,VA006,195.801869783901,38.35364320685791,-77.92321853587111,mixed_ag,58.596080090567085,3.0046571712702193,0.14556089311745055,0.0637685996649037,4.976647759773982,AG
P0002303,VA006,166.12572641444154,38.67540458032967,-77.77862445116833,cropland,61.093361035592494,6.124528784274997,0.48111424573727374,0.08411811080519381,5.084303668951351,RURAL
P0002304,VA006,33.740571542849516,38.4833609660405,-77.95431770500419,timber,85.69590169040379,5.520802153040471,0.1668531504152702,0.0327294913765873,4.691812902199546,AG
P0002305,VA006,37.2339068286075,38.473620315769836,-78.05200870884042,cropland,49.62456170953273,9.209589829585251,0.10575726677518225,0.12615644161148284,4.175753752818729,AG
P0002306,VA006,273.19418981426185,38.46959358400863,-77.9990853547667,cropland,86.27887699920373,4.64070524749251,0.00509105559306179,0.006088149316436157,5.280199676493368,AG
P0002307,VA006,184.8505604462134,38.480465555353646,-77.91455254124922,mixed_ag,73.32403746602597,3.57321349419766,0.2677188874919201,0.2503603302160195,4.701946090057494,RURAL
P0002308,VA006,239.3531886959939,38.57779295163862,-77.94945807151227,cropland,43.9093799610898,3.2680082246317905,0.11047471441876547,0.2522080217534314,4.932120219968368,AG
P0002309,VA006,193.81221487402945,38.46721715341172,-78.06545911994597,pasture,86.11399808328912,1.867506227387687,0.3519860895442182,0.22088160018926603,4.6729561690451416,AG
P0002310,VA006,42.44165212379719,38.5409284152602,-77.96323843550577,timber,60.18099054143448,12.670927829136573,0.11636960243446434,0.004227213740248279,4.407521162994003,RURAL
P0002311,VA006,167.0033298248079,38.55400274576532,-78.04906209328162,timber,50.668064356059915,6.909992510826526,0.18597099219267407,0.0030612262675983526,4.605314611715623,MIXED
P0002312,VA006,75.68483877957576,38.451061726747504,-77.89467567151549,pasture,66.68835833985722,1.7324238347639733,0.1116901413870279,0.03201238838793523,3.9179931134549912,RURAL
P0002313,VA006,210.0244774686099,38.40451458892926,-77.88783319432538,pasture,60.39306342898423,2.678831904705646,0.22934971888992686,0.08146264594270669,4.969570785524491,AG
P0002314,VA006,46.13554588731476,38.584908420309205,-77.98475194490534,pasture,54.05147506731524,2.9042266215388275,0.17262941826181674,0.011902736803462618,4.732640655066117,AG
P0002315,VA006,181.9201401830227,38.44515380457878,-77.7013834340615,cropland,100.0,1.7890355753645482,0.16993316193730162,0.12835842322736768,4.477741549850769,RURAL
P0002316,VA006,154.9567474783827,38.39461777521469,-78.04260949613413,mixed_ag,71.42579313758723,1.2122224995052056,0.004715049669152842,0.2238651000419473,4.053582988922752,AG
P0002317,VA006,111.65887972144469,38.445189509154304,-77.9332581944645,pasture,58.975515599923604,5.117858451470312,0.08435760931698331,0.09409868658031875,4.483918678915232,RURAL
P0002318,VA006,533.4509202269795,38.720986318233784,-77.76938193319141,cropland,70.1615787888843,11.069370972550258,0.11478630025552583,0.07158857288032251,4.500132200500749,AG
P0002319,VA006,66.59997217344427,38.4332381229386,-78.10033833874544,timber,68.51820348231499,8.516372959153886,0.2349145095402899,0.22769863058901535,5.1069008627374615,INDUSTRIAL
P0002320,VA006,51.50036331660221,38.507733533409656,-77.96100746412228,pasture,75.51382931845615,4.167854159069509,0.17440036050351304,0.008605627723380856,4.630563091241198,MIXED
P0002321,VA006,76.19007057048997,38.463384315107234,-77.97035175640221,timber,94.91440044066671,6.482806556559128,0.5525305536312307,0.08935280851103566,4.555548952778006,INDUSTRIAL
P0002322,VA006,255.94085853612427,38.50196845662851,-77.79552126845762,pasture,97.16549429445351,4.17480506514086,0.4978130900872043,0.0029454861042672227,4.510828531530109,RURAL
P0002323,VA006,169.86442455392245,38.52639199116763,-77.83461786412984,mixed_ag,46.22397179934576,5.928859225236206,0.13905621952453392,0.42919530632438907,4.160132042061942,AG
P0002324,VA006,196.97139682523985,38.475018441389615,-77.99912449760491,pasture,77.71098843573934,1.440628207356256,0.08476485906421483,0.056420895447152,4.591232084562436,AG
P0002325,VA006,95.89302792041602,38.55667893725526,-77.92301788790756,timber,83.91097738593214,6.256008547062002,0.04944825638497011,0.051034811814073794,4.6480554380729755,AG
P0002326,VA006,88.21235183545976,38.34713602048248,-77.97735167062915,mixed_ag,86.88544501761017,12.705897263987902,0.0334032230142105,0.2581058049328097,4.792180932696109,RURAL
P0002327,VA006,208.39342146614572,38.58503696530416,-78.0120269583253,mixed_ag,82.80369691976267,1.9389236917226602,0.06784341264930144,0.0147620264105222,4.56705590514816,AG
P0002328,VA006,164.45803370923812,38.23880924342935,-77.98935678897492,cropland,46.00692861438786,2.4421384371189623,0.1947939004789148,0.09052105482596191,3.886431810957109,AG
P0002329,VA006,108.81096316568086,38.423032983709646,-77.8888983666122,cropland,44.84631567344,8.913210405911858,0.2515923373901918,0.09019721990296409,4.2793200261877224,AG
P0002330,VA006,72.5287913515195,38.499015178072085,-77.8944179129409,pasture,49.74383314648229,5.449922089911551,0.09995291695474207,0.14491304406013433,4.472862961121413,AG
P0002331,VA006,65.09051379034487,38.67793496036723,-77.93663218820211,timber,57.760918519401024,13.892745450980101,0.06286970284536043,0.04311358261664748,4.811806645634649,INDUSTRIAL
P0002332,VA006,86.64212076299094,38.53657296014352,-78.111478904818,mixed_ag,66.76940580628087,13.243287674045487,0.13795309999394237,0.1937042657254811,4.252044981769052,AG
P0002333,VA006,177.26865684872996,38.4071078024359,-78.10864079945621,timber,80.81541759031877,3.072184855633399,0.05046155692691959,0.05730785740179962,4.504911990817833,AG
P0002334,VA006,147.9375392339521,38.43550964971101,-77.96796183027283,mixed_ag,72.61530922614939,3.925894869745555,0.2177327595057577,0.08181227390160131,4.536113816113524,AG
P0002335,VA006,52.0713749640601,38.454941587092414,-78.13325373418466,timber,67.80249635042294,6.761170035023368,0.18940963938135158,0.0736172228633497,4.895008230210533,AG
P0002336,VA006,128.1484077725865,38.618610737598765,-77.9795441602261,pasture,65.06568325202872,3.7616319569609713,0.06475481511753517,0.11697898750325669,4.253915456124654,AG
P0002337,VA006,114.6628646379521,38.433757740075556,-77.89499327723641,cropland,39.01814495059319,3.714607347280805,0.07242136885053745,0.23128319097050987,5.134316079943487,RURAL
P0002338,VA006,89.86550522477012,38.39502318266388,-78.08181724912963,timber,67.30014924231997,0.32126180060782134,0.18139807917922496,0.008533182960786043,4.709391354990514,AG
P0002339,VA006,64.68987205873228,38.306780218765056,-78.16171265647904,mixed_ag,71.75036043191774,3.807029272298295,0.0837696430790984,0.10067653967329272,4.8031679931014075,AG
P0002340,VA006,115.46795020553354,38.435281368656725,-77.98582989424614,mixed_ag,53.75167873466145,2.3969471781535505,0.30110067999067486,0.05838874003367519,4.031644754027279,AG
P0002341,VA006,61.35028144327175,38.78157005760226,-78.00601729009871,timber,90.4986845422877,3.8192917718791,0.34060872191059854,0.005725958939165693,4.417132209844635,AG
P0002342,VA006,68.52823135068044,38.41309417582557,-77.89411557231999,pasture,49.0172833286439,3.8175896968205785,0.5526205649170137,0.026419328258314865,4.2072600868573184,INDUSTRIAL
P0002343,VA006,341.58256323951696,38.569685992934474,-77.96278103286609,pasture,82.75952011022018,3.807457628090467,0.018669765617771235,0.08777638355216151,4.776441839299525,AG
P0002344,VA006,368.5137710896522,38.367910245451206,-77.84981428040462,mixed_ag,79.46475708143782,2.4221258418351197,0.3184670281030455,0.050667493870778735,4.909457692033367,AG
P0002345,VA006,193.1049955808868,38.56816408739886,-77.95168806783136,pasture,47.596807250506124,2.111191151876013,0.011736197225854306,0.24237589915097893,5.083432464147614,AG
P0002346,VA006,187.82213678240498,38.42208155433895,-77.90752367476567,pasture,79.02803989191509,1.4394204461509044,0.4176208534706025,0.14889626977509965,5.009678110876857,AG
P0002347,VA006,23.63727533525677,38.369839014526825,-77.78731041555531,cropland,66.30320714870861,2.0176290508317614,0.2283806493053225,0.19940529063695195,5.06016834609463,AG
P0002348,VA006,171.62192011019766,38.50607570816438,-77.929850917776,timber,75.46103136523095,2.147912637364681,0.10003348892813557,0.030827785186836997,5.286300554081119,AG
P0002349,VA006,101.1042087115714,38.47638943669915,-77.91822374394881,cropland,46.48921903962297,6.577740507999762,0.1784637566870979,0.010499601311982009,4.944689165530765,AG
P0002350,VA006,100.12158704192566,38.528850551081355,-77.93511081863889,mixed_ag,76.17528098698395,10.458415113550725,0.05603875151274399,0.16828096904439707,4.963530868646551,RURAL
P0002351,VA006,384.31221086514427,38.302215532004375,-77.90016501227191,pasture,78.54075603923522,11.388671520992297,0.07981527877172888,0.024525816592282812,4.380567662832749,RURAL
P0002352,VA006,88.52959681797442,38.60665755246817,-77.78497933515689,mixed_ag,65.89835057619297,8.15779423800181,0.03639262000844918,0.02677802507789023,4.524791488694129,RURAL
P0002353,VA006,163.47638538121376,38.3775626125252,-77.77617668374184,timber,56.50609380840708,3.0061269446755485,0.280383624141203,0.17295372784035426,5.101464157430359,RURAL
P0002354,VA006,202.3629922561863,38.56269988486114,-78.01545732944662,timber,61.322791951068645,6.246723437533685,0.026439412269067247,0.1019586329215348,4.394728047605844,INDUSTRIAL
P0002355,VA006,225.59685614201643,38.54560076871379,-77.86481884938983,timber,57.22979133306118,1.8000641897518768,0.10109180947319993,0.01460345051704687,4.64221436418919,AG
P0002356,VA006,123.87095590340893,38.404306088442894,-77.87513395602303,timber,91.13072125369871,5.145566912878827,0.02691349849831317,0.09169574746202265,4.445513361228606,INDUSTRIAL
P0002357,VA006,88.99297445745734,38.41463870617243,-77.96396108116076,cropland,73.4302017094507,0.26656662561240857,0.12059274188628089,0.07974513358722912,4.322929934626441,AG
P0002358,VA006,79.54876374746777,38.40759245111247,-77.9518862760021,timber,43.256891963573764,1.9068793608955898,0.1894684217593622,0.270804335765155,4.539806749012831,RURAL
P0002359,VA006,157.53855498993047,38.484821359306075,-77.99085206561946,mixed_ag,63.29326161054495,3.6386926857860606,0.1675179702141537,0.005477070443897513,4.728373234557214,AG
P0002360,VA006,143.62792909154632,38.619785468168224,-77.85200275863994,cropland,65.37256271642823,5.587314512270206,0.2942253436841252,0.22326927600387583,5.070094828307466,MIXED
P0002361,VA006,136.72618638662811,38.47719475598014,-77.83830240391012,mixed_ag,59.32030658211829,10.164888484770673,0.05272207244133418,0.028644899668824348,4.559147579531697,AG
P0002362,VA006,38.746505708357944,38.495142203105665,-77.80778770957332,timber,53.239235507220315,3.0125225351733977,0.4766550753900218,0.04156257492730828,4.051243041325546,AG
P0002363,VA006,141.29347143991356,38.45946192882882,-78.07927384051713,mixed_ag,75.86069061474403,2.6767313949313136,0.1755462874331289,0.09750102625642981,4.991959589335359,AG
P0002364,VA006,75.06593604836554,38.41320015153857,-77.9591766203879,cropland,51.371679622968905,11.330054504679287,0.07100898074471396,0.13736274729702988,4.4998732448680245,RURAL
P0002365,VA006,41.909980436981954,38.54407027122326,-77.84319705931999,mixed_ag,54.98406778244785,3.086465660700149,0.1560819151363204,0.20480480450962515,3.6819615648571875,MIXED
P0002366,VA006,218.07713609543373,38.509244432247016,-77.8650230867498,timber,72.77773319679369,10.952821435559798,0.409621229538734,0.043601115989981086,4.409669960711159,AG
P0002367,VA006,40.61086607290023,38.5328379365232,-78.03188252782918,pasture,43.92331106228879,4.728944753199421,0.06659938100344051,0.062186968550766934,4.175387976852123,AG
P0002368,VA006,275.958492274746,38.53605727552972,-77.85531647404396,cropland,65.63222865112172,2.5204771595209765,0.022339769215554757,0.16659805910938968,4.322354190435806,RURAL
P0002369,VA006,178.38925793438025,38.457009922138695,-77.82464719392819,pasture,73.47145991748778,1.51286370553933,0.28798195485890543,0.04219344049263098,4.908493608644291,INDUSTRIAL
P0002370,VA006,104.84916446740849,38.40235686864834,-77.96506608739259,cropland,53.63856922587278,11.317252564615796,0.04174316986803279,0.22434892162819614,5.30924044839792,MIXED
P0002371,VA006,81.96923853162649,38.38720376993729,-77.8986687528953,mixed_ag,92.33219695637442,4.432521912537505,0.17863800413380465,0.1732355720918066,4.599328773473955,RURAL
P0002372,VA006,84.02372489953223,38.63799743100874,-77.97203771095377,timber,42.57809250989712,2.5895619964963332,0.20175833354047903,0.29544118390704566,4.563908382750294,AG
P0002373,VA006,241.127372830425,38.57055731894318,-77.71301056488717,timber,68.46276994016706,2.7023966985230286,0.1327033818771399,0.14242964423745233,4.365023339539602,AG
P0002374,VA006,134.56942847629358,38.59000531930374,-77.95330110468294,pasture,46.88849686635264,10.482518305135045,0.2325174427315887,0.15530145559757957,4.488973358512944,INDUSTRIAL
P0002375,VA006,275.7752612942257,38.48983430319094,-78.08367251194981,cropland,73.52475231390942,2.2931229897431584,0.09627538843564257,0.12966549338204816,4.463470127804588,INDUSTRIAL
P0002376,VA006,60.68883661006527,38.32182765071647,-78.04407782417492,cropland,44.710367613951725,0.8172099211438983,0.022417061243143063,0.05709576298006932,4.744566528323067,RURAL
P0002377,VA006,656.7407504786656,38.5127826366371,-77.84121410503137,cropland,71.94736368203229,1.7667358776127857,0.06379212439675913,0.06957845922201054,4.487462864030928,AG
P0002378,VA006,107.02803605966426,38.474599948110985,-77.84256126604458,mixed_ag,67.18569995956327,15.004239648463894,0.3521224473134566,0.27162682424860213,4.463676019184348,AG
P0002379,VA006,493.52956540673284,38.48559348955473,-77.90195443194357,timber,66.6282223741463,1.926962878601044,0.31119295668772384,0.04321104244756078,4.4263679872992014,AG
P0002380,VA006,248.17272897580585,38.53435735507455,-77.8453590566678,pasture,37.84537039579785,6.383892004876735,0.02639056416172749,0.006987426065989532,3.5,AG
P0002381,VA006,246.7245594561246,38.254261727217276,-78.03256609719911,cropland,70.40428276817319,2.5751926428185516,0.20272157820698675,0.04452122292735452,4.3882964965641795,AG
P0002382,VA006,143.1950211403602,38.571760129691356,-78.03717275915074,timber,62.189202465235184,1.8632254524599245,0.07207733176353782,0.05827425285367226,4.486504719588376,AG
P0002383,VA006,117.0523294537122,38.41709564260333,-78.1558529276302,cropland,65.49114513441738,2.2905039903596824,0.12004854477920784,0.1412411737971251,4.190999770989945,AG
P0002384,VA006,87.61692733791682,38.45769711511588,-77.84034608920592,timber,64.55750173482832,2.6298516223733124,0.18390312603586761,0.23981570445563452,4.692513685739609,AG
P0002385,VA006,253.38960942795282,38.495738216910176,-77.99815986363572,timber,63.45790033823988,5.416774724784639,0.2259092657590816,0.004476718816443796,4.592767804317556,AG
P0002386,VA006,158.4101582248293,38.55314359587508,-77.97614091465532,cropland,70.80761548490604,14.221502179601709,0.12520081267508457,0.01239485677085589,4.404174949922674,MIXED
P0002387,VA006,22.184235079154075,38.3591527726645,-78.03847206146456,pasture,58.23639340666481,3.55089036488096,0.3123934803659677,0.16616749293665226,4.69072984775996,RURAL
P0002388,VA006,79.1331905716236,38.571575450569135,-77.92959584349735,cropland,50.34887258784365,0.6945625806073107,0.1634715333088757,0.1784096006864313,4.453928987699721,RURAL
P0002389,VA006,162.88479404229878,38.50212512430603,-77.80682218552674,cropland,70.07513483446681,3.8938951652986646,0.12371477862902257,0.029484730557236563,4.947236910639817,AG
P0002390,VA006,87.35743035296586,38.546505514034656,-77.76177206241917,cropland,39.19919454529628,7.61952032425448,0.4065358399499549,0.02941752576391736,4.1390417958424806,RURAL
P0002391,VA006,174.31624218456213,38.60997414554436,-77.90967668384259,timber,84.3360382924363,2.9454508270044286,0.12798338710483173,0.06011717835376867,4.7769656022943225,AG
P0002392,VA006,163.90900232761769,38.6642859836623,-78.01668080324818,cropland,61.294621236999944,3.46706910425247,0.451936826520032,0.06493210673916243,4.736077729349742,AG
P0002393,VA006,247.51375168145847,38.53426255461951,-77.88168249080056,cropland,60.04630268976307,15.681475212522152,0.13787825577070137,0.101285932176318,4.206058090800093,AG
P0002394,VA006,49.02173458217284,38.69242844306312,-77.96958393534864,cropland,85.28056663995733,4.4380567856681425,0.1844001402603704,0.12138470662968186,4.4189093177529095,RURAL
P0002395,VA006,102.80099544551065,38.45742194556925,-77.8632249559397,cropland,81.40449924619071,2.462098580461558,0.03114150019595923,0.02403522483403674,4.568292277918899,AG
P0002396,VA006,31.81198329055408,38.4316016906993,-77.75312019345236,timber,60.55839077081284,1.7233498980805806,0.11745120301226272,0.01887556135155666,5.245179445337844,INDUSTRIAL
P0002397,VA006,123.64140634323057,38.5571193967997,-77.88495805109893,timber,55.87513729495814,2.8533253430508503,0.038091495691837035,0.09903353034759681,4.657263369324379,INDUSTRIAL
P0002398,VA006,142.34945593100156,38.48109516481764,-77.82608795394827,timber,43.26526366125164,2.015780752877292,0.1601684788087335,0.0486730266950165,4.6669639003563805,INDUSTRIAL
P0002399,VA006,192.97816963131004,38.51061503873543,-77.95362741018356,timber,78.44353286514004,2.9165205595225303,0.12400852875241024,0.039132212285932846,4.516849546520494,AG
P0002400,VA006,45.071797857895824,38.376691870692625,-77.97484316699484,timber,45.63898287026407,2.4467673542657753,0.28534726833123725,0.017252502715742305,4.173126624433668,RURAL
P0002401,VA007,94.73673078630925,38.85174820069974,-78.12149622984111,timber,86.5355666459098,7.464586124339318,0.20260251900931026,0.008336655245221732,4.540258574189077,RURAL
P0002402,VA007,123.67025433120124,38.70849159751389,-78.127577471623,cropland,76.84041874692979,2.943873895908988,0.02135500898032567,0.16582739486092957,4.781542772999389,MIXED
P0002403,VA007,188.52308755592546,38.80431238431432,-78.25361600794277,cropland,85.98427508195454,0.21366465528552714,0.05283562208929597,0.09863259932615201,4.558923402824283,AG
P0002404,VA007,77.73857067672553,39.03732437682808,-78.03447979949316,cropland,17.533684768068674,0.30823350463348487,0.07854659985399946,0.1411707262705484,4.745887889361902,AG
P0002405,VA007,196.9368325278401,38.73276236048467,-78.47631602250591,pasture,85.59595130909085,11.263958851952804,0.026185807718950505,0.19372616379117508,5.3057342807904515,RURAL
P0002406,VA007,116.01741709314668,38.864430686122795,-78.37019361033535,mixed_ag,51.62265933522406,0.7939564119186265,0.00175568755274893,0.03674098432095614,4.6505787804821095,RURAL
P0002407,VA007,88.03042424963476,38.96712014401899,-78.22563059366095,timber,63.70295779663324,1.805640233632506,0.045336125940858556,0.029971201694247915,4.613789273216933,MIXED
P0002408,VA007,131.69011522900865,38.878652196140834,-78.09401611837735,cropland,67.9425653619586,11.216598202360561,0.18364255245593872,0.03344326711855562,4.638995041586101,AG
P0002409,VA007,111.50194794504606,38.91593926581351,-78.30424157506535,cropland,63.63330328506679,2.9956618452459405,0.09131238905198875,0.24120735763463502,3.934843947929529,AG
P0002410,VA007,202.55040408217084,38.95235623623344,-78.17232475117306,cropland,64.62925890393896,3.0612155151134224,0.06185813337261536,0.08249124524393342,5.236680969195854,AG
P0002411,VA007,138.30070752831116,38.75887219970108,-77.95367890668184,timber,47.373885291999116,3.972303753015971,0.12483589064250286,0.09374640130171298,4.176321122767517,AG
P0002412,VA007,263.60876815913895,38.92349170337752,-78.19766692635291,pasture,62.5426571938365,3.9775481788147267,0.15446598868428932,0.05175399935576975,4.152438268137927,AG
P0002413,VA007,489.42410196314853,38.940361797402055,-78.23561837380703,timber,95.76827426111205,2.710982457366988,0.09993527943921068,0.05634612929131473,4.6947186231580265,AG
P0002414,VA007,43.204337215296846,38.95008745652667,-78.18784036670301,pasture,61.2548838952109,4.6148025985156504,0.39614616330819474,0.02395666906399969,4.7679918840046955,MIXED
P0002415,VA007,22.437500682463916,38.817963188301405,-78.08721659316481,timber,52.005156889735275,7.019188133797818,0.10756924479218828,0.04935037690926099,4.437936887639676,RURAL
P0002416,VA007,200.07321429285207,38.9324013000957,-78.18194926070677,cropland,57.05992266798117,5.071469170219243,0.06305134713844637,0.26557790129046,4.694832564750705,INDUSTRIAL
P0002417,VA007,113.46931306313826,38.91066312217619,-78.21062141222464,timber,79.9557376823727,13.937222075528409,0.20392568059067645,0.046180948224759294,4.501817932782831,MIXED
P0002418,VA007,58.41656092277828,38.988334028132826,-78.25131590887699,cropland,71.92617475644678,6.044666143724818,0.11976972876597505,0.06751560942950227,4.945775155606371,RURAL
P0002419,VA007,170.95213629665912,38.88421552577247,-78.39424800568315,timber,38.77925267877549,3.6728384880552034,0.1296574241420399,0.08175650432619769,4.106495436019079,AG
P0002420,VA007,36.37076635360577,38.7870252457868,-78.34537590527128,timber,84.96061074534529,1.8022970998081014,0.15313142372250083,0.030286603910020967,4.6726290688423395,AG
P0002421,VA007,66.89709991029842,39.13963848298035,-78.33593772635561,timber,75.19837060639628,1.597686631602878,0.4608643794394972,0.26822961197513134,4.79168003150993,AG
P0002422,VA007,79.88527377948544,38.74184273016016,-78.24170270686402,timber,55.46454048051888,6.641667792453417,0.16084995404336178,0.0545284617219509,4.9738944262558595,INDUSTRIAL
P0002423,VA007,96.02784575096115,38.99528570884375,-78.33781721616178,timber,53.72298700335469,4.161019492872516,0.18890167740858366,0.16866922059177614,4.366630517123578,AG
P0002424,VA007,377.43669956045466,38.87341629100403,-78.2360929348,pasture,56.877222266367816,6.895942172983476,0.1004322674425049,0.19590217929699896,4.819709154884558,AG
P0002425,VA007,120.24439964671187,38.95085986370989,-78.12653104668738,pasture,48.46220331820378,0.6034802438911129,0.02283101969250674,0.022896805710687924,4.660447513406644,RURAL
P0002426,VA007,96.59784731337362,39.108313799748124,-78.22898468086053,pasture,40.267744153830016,2.4317896924809683,0.18532903753834445,0.020662122810227064,4.53219623195186,AG
P0002427,VA007,108.22090615856028,38.87572883237155,-78.31418673240555,mixed_ag,92.15490393989766,3.7022952764164296,0.2246582284990657,0.023069589461541154,4.277869416661118,MIXED
P0002428,VA007,118.40989150752434,38.817574143864206,-78.2807266210498,timber,71.14810335631559,2.120208777764977,0.10042635354749524,0.013603419225831215,4.825551400208201,AG
P0002429,VA007,49.83856903587975,38.61256906556861,-78.19790946411129,pasture,61.96333537130627,6.6831001339154135,0.07846905108342325,0.2688052973258806,5.068167526041719,AG
P0002430,VA007,94.12910193763251,38.93546994056705,-78.08260423547296,timber,51.189114971756936,4.396919343507385,0.13264129490369908,0.019821579983873846,4.29079023423744,AG
P0002431,VA007,235.18337512862368,38.654637524253914,-78.268674563487,timber,70.79057839083865,5.624504766112741,0.04306264540918506,0.0554762709163085,4.8149548327408,AG
P0002432,VA007,65.059179418492,38.97617850268077,-78.18097435984686,timber,39.3130647404835,4.019540539988916,0.31909138781272495,0.07518045327604875,4.877365721554577,AG
P0002433,VA007,147.6992064500688,38.879496306462244,-78.27214144082468,timber,60.25446988835068,7.897766418318302,0.20270984537217918,0.1203114947869168,4.79468638702687,MIXED
P0002434,VA007,560.1114131242074,38.8583950957485,-78.12696609620157,cropland,58.07362178006648,3.1710569121772227,0.42206108670486375,0.01895961518277242,4.376670397634097,AG
P0002435,VA007,31.905902780144327,38.981776189735456,-78.17576992265424,pasture,58.27927359054206,5.942258778183729,0.05241263436426551,0.13642963205847963,3.985475639699881,AG
P0002436,VA007,46.31588804962909,39.009637074267964,-78.31158587943399,timber,56.35920961796519,2.4597674245732226,0.19985954673447123,0.07463250463937249,3.6849963636678815,AG
P0002437,VA007,33.69557483895082,38.784846024760405,-78.23489516420881,timber,52.47419686785523,6.1107416380261546,0.06239593806453981,0.26815838277149673,4.289653665029713,AG
P0002438,VA007,226.46965817970883,38.92396854218888,-78.40176913630663,timber,72.92663787626523,0.9771707752156571,0.18870431263675277,0.09999356334914149,4.384787208955085,MIXED
P0002439,VA007,231.135908781741,38.83568365245099,-78.10395541257691,cropland,44.215838298127025,4.251077768074646,0.0218957655801084,0.19343686975248245,4.387817794510998,AG
P0002440,VA007,61.51556685740174,39.091923629430816,-78.03890625708951,cropland,80.54490625231747,5.821426990188784,0.10539412963304183,0.1106981551240616,4.464694949371992,RURAL
P0002441,VA007,101.68714213932248,38.87896835141819,-78.14416848182428,timber,68.2654080995743,3.1057991199385038,0.26748784414250437,0.3019647057201234,4.2009167780715355,AG
P0002442,VA007,54.98164269642365,39.01265295015319,-78.1449615029876,pasture,55.370569570482935,10.101085016300713,0.09638443107191133,0.14612535684913955,5.122870924841422,MIXED
P0002443,VA007,115.65692492601751,38.978943281135415,-78.31867349142522,cropland,64.60383687159164,2.970895285644064,0.1013083647198867,0.054814728734673385,4.819029451515031,AG
P0002444,VA007,265.2218630704407,38.90322179724379,-78.12180686995585,pasture,77.26289670919076,4.787888671546158,0.06328048040285965,0.17455159250712368,4.452846641041673,AG
P0002445,VA007,34.69903634269378,38.91547637154933,-78.20100798194979,mixed_ag,48.037014330925984,8.767188381794387,0.3568997074349621,0.08915016415035905,4.230748011254067,MIXED
P0002446,VA007,148.5148714262356,38.89245774958876,-78.31320853505763,mixed_ag,78.84299545821139,11.049184795917215,0.1695629050871265,0.14074671716826218,4.73523968152935,MIXED
P0002447,VA007,75.01311037529608,38.90161789772935,-78.25519151408221,timber,75.10886783858385,5.072652903685758,0.15576941613233194,0.03704008717531286,4.919070041445727,AG
P0002448,VA007,77.05996222733897,38.90895911011831,-78.2144011434635,pasture,29.883340585150904,2.218145837970015,0.027513261682454406,0.057175771871307395,4.976277892285586,MIXED
P0002449,VA007,103.63763753603128,38.85890930635903,-78.26602840330396,mixed_ag,47.96098605246681,4.919067406409849,0.010323438496650775,0.041396057936331956,4.461647193831168,AG
P0002450,VA007,123.21902005142671,38.8434112593851,-78.15285190667687,pasture,70.76966009472636,4.511285571789768,0.21151240396413773,0.14181340785680024,4.299322821165215,RURAL
P0002451,VA007,40.756955576185945,39.06053102086502,-78.308592895607,cropland,64.16196845146337,2.1929999890970233,0.135733523545325,0.04410408236411118,4.647625630556721,AG
P0002452,VA007,37.75260389768017,38.918627280836624,-78.13377672679097,mixed_ag,28.69564488212069,2.224871013284671,0.09260638211910818,0.06792285559698609,4.297038012669292,AG
P0002453,VA007,274.28162098806655,38.72768961441283,-78.2559446748708,cropland,53.736179442413885,0.701638447343971,0.053777486770445006,0.10172601783990404,4.603594190374782,AG
P0002454,VA007,179.99428603101276,38.84350411246111,-78.25996170920381,timber,75.9835077029245,6.40602660738259,0.22818060213556832,0.18956175006457132,4.816686513709925,AG
P0002455,VA007,37.43909347945715,38.823048894212064,-78.18713145173922,timber,77.53907210684923,3.6482326065117867,0.1474398721366287,0.008748767274914648,4.788863701829026,AG
P0002456,VA007,253.49069471761797,38.83814578368361,-78.17126813092617,timber,61.326938859810376,7.8470880118282205,0.3057347794160576,0.044663599118874985,4.5374298907946,RURAL
P0002457,VA007,42.62983507932206,38.8771209768839,-78.2764619671185,timber,54.65982128832802,9.107782187137197,0.17239345849963958,0.14793880550430494,4.622715801992533,AG
P0002458,VA007,43.666920016206866,38.91129501327418,-78.09561513680099,cropland,58.788171024161606,3.8245515393049203,0.057727244889481145,0.02500684473983561,4.884344162874551,AG
P0002459,VA007,102.70782872837,38.87287192708051,-78.17204718163498,pasture,68.13367565951033,4.568283425017262,0.1122267243236729,0.1473239191934802,4.6953814674820205,MIXED
P0002460,VA007,462.85572772071987,38.882216317224575,-78.01274765621132,timber,77.21342838658005,1.587305788006539,0.4955492504461653,0.07772312922555119,4.190002648673328,INDUSTRIAL
P0002461,VA007,886.8780974619452,38.7493349807061,-78.34352909807434,cropland,94.61847955113154,7.047481815220962,0.1095393564458441,0.07015809175663727,4.275494506160701,RURAL
P0002462,VA007,139.9466821120119,38.918575089733565,-78.10085773231512,timber,46.889377904756124,4.243044706168312,0.012998783516215855,0.024067773156296667,4.644690278509964,AG
P0002463,VA007,184.33160043779287,38.93011315919935,-78.1215319614121,cropland,60.462749480663625,8.117543740554074,0.15532714841909218,0.009664047870021135,4.557315889640499,AG
P0002464,VA007,115.18259466089062,38.919954274159046,-78.2018661351752,mixed_ag,73.1259754455652,1.5077985223006085,0.26280677120333323,0.07987345454465455,4.711623970768735,AG
P0002465,VA007,355.6910181774387,38.7535777775276,-78.15624433693361,mixed_ag,61.17524834092824,5.914311436000218,0.10154732906844388,0.24191431268249775,4.12137469774488,AG
P0002466,VA007,229.57981024010908,38.85991069217604,-78.23889647993394,pasture,54.941581450650084,0.4752825974610444,0.12773294293011098,0.16677099115442529,4.1642447196235395,AG
P0002467,VA007,53.5880948811057,38.91794058154297,-78.02125573973468,pasture,63.74007804109636,8.106013907593768,0.25588232287981694,0.20468454198163316,4.554241070658017,AG
P0002468,VA007,94.4314372849762,38.886603022924085,-78.32924928947268,timber,41.04111437730934,5.652475548922622,0.1585413734331127,0.007631240844933649,5.15389966170684,RURAL
P0002469,VA007,70.39558163096457,38.728453398878635,-78.3197986995706,cropland,34.085789976372894,1.567115798822198,0.23181950115413993,0.003495226015574204,4.938412337179287,AG
P0002470,VA007,120.16225720668963,38.761945653263844,-78.26229363669381,pasture,69.5538047713269,7.26918733306605,0.08235371883353725,0.09146289961847259,4.224044655047959,AG
P0002471,VA007,62.74125889201711,39.031040784309575,-78.45511118645828,cropland,72.92471596023528,1.7676721925413086,0.07959931454309827,0.039545169890394666,4.415285615138454,AG
P0002472,VA007,86.59031461492766,38.938671597619035,-77.95871435245624,mixed_ag,85.17346852885011,6.0426409660833,0.15085987530122605,0.011515626845119104,4.840249357109613,AG
P0002473,VA007,101.6969034347552,39.02913462258474,-78.1841061944819,timber,66.09269263558426,2.0192330510001097,0.009065466001927158,0.021923562593305017,4.38586601801327,AG
P0002474,VA007,63.45722434064137,38.860477752024465,-78.2159674563556,timber,94.71146175726373,4.076355009682605,0.0041322039749943995,0.11392600623232493,4.836518092487401,AG
P0002475,VA007,189.61912832883618,38.96442561565379,-78.22348672872006,pasture,72.73329597293242,2.3831091105844844,0.13802912530017186,0.03937100488510826,4.989648289828079,AG
P0002476,VA007,149.79420573339823,38.985244051367204,-78.13521016773109,mixed_ag,61.89806411413932,2.6317356618736207,0.103467765100528,0.007738585672458995,4.236533526365909,AG
P0002477,VA007,239.7587003449886,38.96683668731858,-78.23325991318264,cropland,68.99196027667196,4.112914112937219,0.08340500470541146,0.16608659745799645,4.706927860500344,AG
P0002478,VA007,62.78147307286665,38.80412670174571,-78.15608617162958,pasture,55.725409003602806,6.4576249014155085,0.1516898698036853,0.05075406445113993,4.837732242710377,AG
P0002479,VA007,309.8218757245782,39.0020065867957,-78.123319287789,mixed_ag,63.253650693009156,6.962141182350786,0.061233029647999516,0.15236531077691937,4.961323890818982,AG
P0002480,VA007,239.61004444404878,38.73825798490213,-78.27059767366725,timber,94.59785929052028,1.7629989325077446,0.212346199352371,0.05152986188571214,4.552392214711748,AG
P0002481,VA007,147.87201311248322,38.86763326834481,-78.12668822516994,cropland,56.69644346701469,2.9685077529481867,0.272443825152906,0.01685764815250241,4.5216590018027025,AG
P0002482,VA007,49.18050954532214,38.93931344535239,-78.1813925531585,cropland,63.291903027768264,1.4814893187865992,0.3250946761757819,0.20285504323485487,3.7895255993723174,AG
P0002483,VA007,516.218308378212,39.014583655391995,-78.20555005892399,timber,59.71446591028484,8.607818758551357,0.11557242260070942,0.19232784789579632,4.445784244290026,AG
P0002484,VA007,51.92625149787834,38.835247878400594,-78.31984505402056,timber,70.66123294433177,5.242176789938325,0.2607680890292672,0.054747812585130284,4.4631147421268,AG
P0002485,VA007,80.24698554876373,38.87014347529146,-78.26969492396435,pasture,54.583002213559595,12.904621565983874,0.1874967774002638,0.23903497527481718,4.290027429139313,AG
P0002486,VA007,53.55007712478254,39.02753351098046,-78.28486224893712,timber,77.19767401172564,2.2948067111837887,0.17178500512423575,0.2064886388423594,4.567773608380283,AG
P0002487,VA007,246.55369289671657,38.8455264763897,-78.25237288361329,cropland,65.4074681400004,14.443676806977862,0.10811286169521386,0.1414805209871347,4.927394598204801,MIXED
P0002488,VA007,114.5160183255038,38.9691247754101,-78.1139668280654,pasture,69.58186677381346,6.090630012714804,0.28947449504773853,0.019877590890062684,4.81447473610315,AG
P0002489,VA007,142.76435605558908,38.93475228595522,-78.00767212781109,pasture,62.93009008561906,3.567097523959077,0.05811069926661777,0.19716906653468436,4.513881551997087,INDUSTRIAL
P0002490,VA007,38.75126849266777,38.79887388253217,-78.35414606355475,cropland,54.159169894885125,1.6401731206089871,0.42014166818566856,0.05303082740578427,4.085496740364705,AG
P0002491,VA007,77.03469072202634,38.88176818773291,-78.18173224228535,timber,69.21873944916155,5.64466743409238,0.19551348124770962,0.006902362110923162,4.483965439693556,MIXED
P0002492,VA007,69.60812673165836,38.9543584723736,-78.16257714167664,timber,73.3579979553167,2.961330138435694,0.3120523465793515,0.09380681972041227,4.805108301931599,AG
P0002493,VA007,50.03572770261274,38.932078805027324,-78.23127948559065,timber,55.976083482271434,6.841563187081771,0.035280287557712925,0.11404238483943405,4.792265365088715,AG
P0002494,VA007,240.2033498102499,38.90459807766801,-78.16587675504596,timber,39.41229651550276,10.318075637061849,0.2076565721640741,0.028064218218264124,5.065800993514476,MIXED
P0002495,VA007,161.8621138981645,38.99853429992455,-78.31727572956937,pasture,79.58755289252306,3.5017857129596672,0.15118266590339763,0.04392820545221295,4.152013927486927,RURAL
P0002496,VA007,203.30147416045241,39.0110180439961,-78.1166881083428,timber,66.429408009973,7.025814279269983,0.008439479854601237,0.36826316305630064,4.406255258785391,AG
P0002497,VA007,46.50937818689252,38.95687572153514,-78.10543743252548,cropland,41.50662563189058,1.636398970290231,0.11649636066388093,0.1400477627953889,4.500561395279887,AG
P0002498,VA007,55.94011889163179,39.06229258451347,-78.21205086303068,cropland,64.56179148150177,0.4104704926856654,0.19890981788106898,0.05383491336588479,4.138637174104755,INDUSTRIAL
P0002499,VA007,265.6497662018534,38.86594912415333,-78.33524858796322,timber,58.437516990852565,9.453575546930617,0.1602609652460412,0.006691063591590002,5.015632857521545,AG
P0002500,VA007,127.77906179668828,38.8858929202357,-78.08635370676603,timber,64.12448063095461,4.418824957552656,0.11831769329653552,0.10489261920658445,5.001401885742274,AG
P0002501,VA007,116.4047327318258,38.932050787593006,-78.14401135448102,timber,72.16383129119025,5.095831952508416,0.2869521129794607,0.02522249230173371,4.308141184839933,AG
P0002502,VA007,96.59106839636675,38.88589551516683,-78.4080364334435,timber,46.29131462854466,6.782499773827432,0.04063600720544949,0.04219235145510394,4.62502289451379,AG
P0002503,VA007,293.931837222868,38.892398754536664,-78.22847401101096,cropland,48.9677387497689,7.307835294243987,0.05515779017696715,0.032816424974963,4.228653822455758,MIXED
P0002504,VA007,380.7809011190875,38.92880147805912,-78.20207365052256,timber,49.034617846560394,0.17626570801060615,0.052939622581305835,0.044812455712501795,4.517032096830619,AG
P0002505,VA007,45.67692290501741,38.89137625575167,-78.34881935388091,cropland,66.45424870827252,15.227751954234801,0.0838500357626467,0.17147960670346346,4.407832429786155,AG
P0002506,VA007,202.49033785013847,38.8462272087055,-78.25909127188923,pasture,81.67219340890686,4.55556234679086,0.17066341784889827,0.025671686002205985,4.4802982380378635,AG
P0002507,VA007,252.01117010674645,38.82540090256723,-78.19453197403003,timber,54.047951334689444,3.841423875860579,0.11118575672593937,0.20332715574398688,4.585611885108004,AG
P0002508,VA007,453.3963909293575,38.89768299890493,-78.07172025725073,timber,65.68747244554147,3.124326118167237,0.18498792347721285,0.030896874681221702,4.377378124298618,AG
P0002509,VA007,109.60844951901598,39.11706775674961,-78.21100628817305,pasture,47.780968922161506,1.7512675258182027,0.2116688279470676,0.21590686304805726,5.006452609525321,AG
P0002510,VA007,126.17675087386509,38.86008796646765,-78.1547754796066,pasture,78.05502165281345,6.697644079359507,0.08049501881155546,0.04599742142295921,5.504560675097715,AG
P0002511,VA007,138.67053638301806,39.10886378612413,-78.26250335218741,timber,69.16991084400712,2.6439497974160995,0.12858102326826176,0.05978112178574291,4.169454999967657,INDUSTRIAL
P0002512,VA007,113.01207895872571,38.74377486172577,-78.32724568986401,timber,81.97907675093572,9.881239522288704,0.11676785289889366,0.09863758324568914,4.792065783247763,AG
P0002513,VA007,162.73589685969935,38.964816155109794,-78.17559532993438,cropland,62.75790283169267,2.6872152151451507,0.0665807694141261,0.013483012463422645,4.994989283011106,AG
P0002514,VA007,48.966947467049074,38.79523594638211,-78.14724875107302,timber,77.5934852838281,3.051663446713248,0.13626698471322402,0.18221876619179844,5.088142692367197,AG
P0002515,VA007,155.42042727566565,38.74098287631714,-78.19696511943903,mixed_ag,60.749580453374165,0.9088094565362923,0.14365291159572485,0.23165675087046633,4.2617746265516505,AG
P0002516,VA007,123.8652179516296,38.9539508146793,-78.34310296291903,timber,58.85820067767702,9.70527805797664,0.33700122888311196,0.2611008167034467,4.822741564633706,AG
P0002517,VA007,124.52458039007058,38.91538296471176,-78.21301210395012,mixed_ag,42.26959176295295,0.7140705954427513,0.14223407108737793,0.18028652717772803,4.517635325662304,INDUSTRIAL
P0002518,VA007,244.73781703591757,38.89027384900693,-78.18534325658301,cropland,63.08360531651334,6.3639535672601095,0.013419099298467407,0.16939696453349923,4.3664029210289605,AG
P0002519,VA007,16.965498633531425,38.991924622919974,-78.22185989992043,timber,92.48907515567647,2.1034465680708463,0.03177386154362084,0.14903182393458198,4.06007700823667,AG
P0002520,VA007,153.23249593647253,38.843517475655275,-78.19531025505839,pasture,71.15920041809436,6.658931773164548,0.08597162874702889,0.07802372837261054,4.068547612947773,INDUSTRIAL
P0002521,VA007,182.76632231142645,38.958997976125104,-78.3735481469554,timber,52.5380632338723,1.8954514372950957,0.19319023089963208,0.18047531807428238,4.759335646260498,AG
P0002522,VA007,284.5882288703878,38.86247123220807,-78.33489203989777,pasture,61.046179740088476,3.820426469177893,0.04461555053217477,0.065722989438256,4.48668972817621,RURAL
P0002523,VA007,264.8120683603601,38.94458392260056,-78.19513907900802,cropland,71.95271824825842,4.777190625932092,0.1279412267569558,0.04492947738983384,4.911272915049364,AG
P0002524,VA007,514.5641644282309,38.918223767485465,-78.23190635425439,mixed_ag,52.18784260566492,1.7621654134040334,0.09306686873802097,0.19220867075511833,4.529039928333132,AG
P0002525,VA007,230.36880270283717,38.91787593392597,-78.28413690051191,pasture,61.01646335333808,1.8717019404390667,0.20467439791958064,0.07460328576305768,4.205861658995575,MIXED
P0002526,VA007,242.47306571305364,38.79322090389127,-78.18065460045196,timber,63.98119895208774,2.714143855894039,0.418866466075054,0.0043252434156574645,4.5770539410233955,RURAL
P0002527,VA007,115.7042296298133,39.02236302395304,-78.37766965542512,cropland,69.93649050499447,1.275623854483594,0.37184965012755855,0.30528892090487425,4.098208707190231,MIXED
P0002528,VA007,52.39054157850907,39.05592663235372,-78.11471505921664,cropland,82.03084140569797,1.8014280680869335,0.3521474576024621,0.022094026492939522,4.249521619740516,AG
P0002529,VA007,292.40798808429406,38.93709095572566,-78.30510286923112,pasture,59.32865045240642,5.271483747336552,0.23959352812374543,0.015970923875426063,4.241246277707872,AG
P0002530,VA007,106.07094014705828,38.96799920630313,-78.32966704730815,timber,48.957847472062014,1.7649494675388258,0.445484658398329,0.04836791500694291,4.5505553522208,RURAL
P0002531,VA007,100.2041635494405,38.88516247212526,-78.25054378088089,timber,57.11902469758277,7.663631963915195,0.3079935716612016,0.046864045202151115,4.767732430608253,AG
P0002532,VA007,42.793340880531396,38.812125346078005,-78.04096542979875,mixed_ag,50.63398844965976,9.865128519838823,0.38151527639688576,0.1748921221676305,4.473493944470146,AG
P0002533,VA007,239.32311457644062,38.8749787818611,-78.04492786473519,mixed_ag,65.59395108902312,1.7617969611697617,0.00909474714528272,0.009890605886005996,4.3808653343793855,AG
P0002534,VA007,245.1741903291604,39.008679562404,-78.24517612822638,timber,44.4647071314819,5.040055217786802,0.08865362036612312,0.14949151105947392,4.546654302273894,MIXED
P0002535,VA007,112.5195515542569,38.72862372534258,-78.03874988298948,timber,65.51889385752918,4.494732528023885,0.04945128077385119,0.020804954279532085,4.771613356980117,AG
P0002536,VA007,112.33193688924862,38.94643108069502,-78.14738093649727,timber,66.60943053669934,3.352865308885145,0.3050496800302625,0.257890384322751,4.409918414853544,MIXED
P0002537,VA007,489.90329146728317,38.97335493530849,-78.04791496389655,pasture,57.85695184590214,9.145021032134679,0.12820171682845308,0.010625989323665354,4.597842641768367,MIXED
P0002538,VA007,166.527934496034,38.89513894029432,-78.15623997543463,mixed_ag,74.55231458201486,1.987437017358194,0.15405345804738463,0.016209956292312293,4.88031556658513,MIXED
P0002539,VA007,307.8596406601105,38.634104878265525,-78.06551108360755,cropland,66.3495492477984,2.0530728581295508,0.07711706015898992,0.08261008457827639,4.746625398250769,AG
P0002540,VA007,173.58444380783735,38.71313455955287,-78.24245259272233,cropland,79.72079393793743,0.9963159484100532,0.36200204223824917,0.26623033755811126,4.7181659817609525,RURAL
P0002541,VA007,97.03139802843582,39.11490538251032,-78.23155598356846,timber,63.19502646848936,4.994724177615298,0.2302517660716393,0.0046745345316038895,5.514200921045476,AG
P0002542,VA007,168.40601753247788,39.0590396958689,-78.13272767318391,timber,43.787515622380205,6.704053054985364,0.11149627712085744,0.08842901062862851,5.347108092033343,MIXED
P0002543,VA007,99.5529713822296,38.954060534637996,-78.23900999575888,timber,71.6890266676137,5.938352949511976,0.022756863419840307,0.0450636067086025,4.84059638373024,RURAL
P0002544,VA007,88.8934117156151,38.96939764826205,-78.1934512313081,cropland,62.63510130174408,2.0180629217082844,0.07642082679212973,0.06427633477538759,4.676908001818179,AG
P0002545,VA007,280.02020197443755,38.79715342911901,-78.33037273926759,timber,52.06364593778956,8.094914246874493,0.128594165693238,0.10324982857069669,4.259217265875653,AG
P0002546,VA007,125.66686031824361,38.78779686319165,-78.1850264049324,pasture,61.77913337127285,0.36164282498813005,0.3648995380935771,0.11229156465499994,4.642467526573295,MIXED
P0002547,VA007,158.56867882662988,38.71344264347811,-78.24927310457241,timber,75.5558733115855,4.069035006846259,0.26471120005910215,0.12086465134548292,4.063725976638628,AG
P0002548,VA007,191.9664008006678,38.89938329435703,-78.17341083064993,cropland,58.46230703686256,3.4337623218221514,0.06767011535182821,0.042840400794629835,4.669234060369792,AG
P0002549,VA007,74.21477525302264,38.83322610473082,-78.0800649178418,mixed_ag,81.10707154759899,5.269882307500526,0.0208287959753022,0.06690069307857183,4.952975780135432,AG
P0002550,VA007,164.46382726724588,38.897148307145315,-78.21137848037269,pasture,78.79261582646635,3.8237173118574126,0.15938788361162723,0.03798491693697144,4.670655465965836,AG
P0002551,VA007,133.35719573355178,38.81126449739095,-78.14214040999045,mixed_ag,72.70795782176651,7.72410343488821,0.011206020113989102,0.0024682668819884963,4.545041981355805,AG
P0002552,VA007,80.1096378291736,39.01287944788315,-78.10910432085718,timber,66.78274352705215,4.168206085979357,0.08878147959439038,0.059029634722285305,4.33082019845531,AG
P0002553,VA007,217.17791590504277,38.85941402309373,-78.30826204140202,mixed_ag,62.276482919822975,9.062685969130913,0.1331740984638935,0.1938664078652485,4.601803440339827,AG
P0002554,VA007,66.38718205727778,38.88170448595894,-78.04330350062983,cropland,79.31167172313833,1.3374849345902091,0.2479140267510424,0.15728187443978353,5.133864307572203,AG
P0002555,VA007,52.44940707266148,38.931015809063574,-77.97530277795634,timber,64.90852367470174,11.516103271275288,0.010228670849925172,0.11421573810524749,4.484222470084205,AG
P0002556,VA007,95.72216081452221,38.73800739161553,-78.25474997076537,cropland,45.58967513799206,9.255284982149451,0.051729123371178236,0.058404831605015035,4.326742171252308,RURAL
P0002557,VA007,313.5328067671036,38.698289507376266,-78.17743036930592,cropland,86.05840604499136,7.398919446438295,0.05058335674211494,0.14614295038134897,4.63487782149297,MIXED
P0002558,VA007,88.02902782058212,38.92576476338354,-78.17587312344612,cropland,59.6813529803327,4.451442163961016,0.20677079258269238,0.04088611959280598,3.9546758298377256,AG
P0002559,VA007,125.89438943872085,38.99805753024018,-78.24432344027886,mixed_ag,50.37961154433143,10.772294497183815,0.3706183657918888,0.11267637990779629,4.741486742164427,AG
P0002560,VA007,52.970650572819245,38.9524497810613,-78.0026986436775,mixed_ag,69.94623883425729,2.503163108686187,0.035530976917079925,0.005388796848916021,4.538129423790986,AG
P0002561,VA007,61.430682726920736,38.889026230166806,-78.24668184589389,cropland,83.22975781808309,7.902907597379301,0.06026197472336207,0.056959108678874465,4.882498199033268,AG
P0002562,VA007,128.8930296820385,38.98410365108572,-78.28679546067653,mixed_ag,71.4930512573352,0.8006800973264776,0.04653230149177246,0.05148673286988605,4.576654637637555,RURAL
P0002563,VA007,89.26272228188515,39.14375372331783,-78.37752948699851,pasture,82.65327447999022,8.830624382474333,0.02159397510366994,0.06954026962536032,4.291287851801481,RURAL
P0002564,VA007,317.4198837113119,38.880124619021196,-78.1485528555673,pasture,38.68179237909035,7.071786079023949,0.7115716078000157,0.040278383260981536,4.153333422325133,AG
P0002565,VA007,183.52821646177756,38.92549295056317,-78.19174919635752,cropland,39.6292525031029,4.00328946088618,0.1221301180520542,0.12344913731796447,4.271239672775283,MIXED
P0002566,VA007,318.31282095862684,38.81131883245535,-78.1916727699123,cropland,69.14733307845445,2.415858405773595,0.014220108515908502,0.467538120064646,4.146933053716954,AG
P0002567,VA007,29.18976479901836,38.750577377771975,-78.29547900737825,mixed_ag,65.58240644887377,1.6373277181147308,0.2775027091758375,0.015323069101697742,4.869763622648745,RURAL
P0002568,VA007,188.21129872342468,38.907810821365686,-78.28863853294413,cropland,91.27087897900832,4.50905091540697,0.2112343565467358,0.14035168353809813,4.326163405346571,AG
P0002569,VA007,74.5501709583987,38.780752682671306,-78.09744031379913,mixed_ag,36.54595826172627,9.980303998734001,0.1198690918487196,0.05913584126557062,4.9762990734212424,AG
P0002570,VA007,211.20818496913827,38.83552350412652,-78.16560096681008,cropland,81.94629521761367,2.6547282140729167,0.18306840907814798,0.04019451396995363,4.448337234004821,AG
P0002571,VA007,86.63974520360208,39.094904240423446,-78.35457300915905,mixed_ag,69.69474871472362,1.4834066099403376,0.030706458198383225,0.09585499815022512,4.707756404382284,AG
P0002572,VA007,16.38963652452928,38.90470466833052,-78.20370823625862,pasture,62.250427763743374,1.9567896979529842,0.3089272682417207,0.07344414476470668,5.05278548709357,AG
P0002573,VA007,158.66467060743554,38.942074581250544,-78.18240618707858,cropland,34.65593290959636,4.555997163662383,0.10531783196132025,0.09581767552452146,4.591709704780933,AG
P0002574,VA007,57.456636842623254,38.9486369496693,-78.1879206185696,timber,61.80062635160463,10.765251865376566,0.20921795393388576,0.02929837873140352,4.943561219729793,AG
P0002575,VA007,149.45759114691407,38.91356235323753,-78.24244871215332,cropland,53.29560126118146,2.931160042290566,0.39911729492118697,0.003340971169484643,4.433368775974861,AG
P0002576,VA007,572.4090669631518,38.82422233785182,-78.31005508661876,cropland,87.879919365972,4.772081946356254,0.14256077654935884,0.31224247530685106,4.784795078535675,AG
P0002577,VA007,53.412094240330354,38.861801970347116,-78.17555589432968,cropland,68.48111534110843,18.23717092843065,0.14219494742527994,0.12469343920115611,4.758767727591145,AG
P0002578,VA007,146.93325691698462,38.872644613869205,-78.28782342944542,timber,64.23050589850403,3.539548475783235,0.5595518488352144,0.08458090429876156,4.579413149457427,AG
P0002579,VA007,190.55599939210526,38.8060423179728,-78.16521982566695,timber,71.72035932333671,3.3197859019429545,0.11209873316426448,0.058924167787064975,4.42077006681426,AG
P0002580,VA007,168.26384800710858,38.88766123748267,-78.3849250649034,timber,77.23083201684328,9.07122783671433,0.11360665794367233,0.043136655766346094,4.350747767728524,RURAL
P0002581,VA007,170.66702595588617,38.90117242251712,-78.35507348482263,pasture,67.04905682292471,4.739432285388781,0.07698694749868171,0.15588085436334698,4.482280044390757,AG
P0002582,VA007,90.66547129839702,38.82875406389304,-78.22058087676976,cropland,82.9457364522979,3.0574429144716353,0.02463960625818664,0.03702430428170004,4.648084143123978,AG
P0002583,VA007,183.00268090897805,38.942915584252844,-78.20838801054855,cropland,71.36511396477691,4.442208794694413,0.3577812361722091,0.027790159730962254,4.489707685511287,AG
P0002584,VA007,102.75357531361124,38.81777042866518,-78.08850993158141,pasture,56.83304303533755,1.9111510883797074,0.015671472472962383,0.21724453398593838,4.816461302040369,AG
P0002585,VA007,100.22918944489207,38.897280464775605,-78.3707974777634,cropland,92.00241808469022,2.025991439947356,0.22223267611691608,0.19901524566701387,4.991473716031266,RURAL
P0002586,VA007,372.2907933397234,39.01951672077522,-78.33420116771934,cropland,47.156313758637964,2.318465230027891,0.1285139025471764,0.04503487790280802,4.457942971610409,AG
P0002587,VA007,39.62883735424083,38.84857700366972,-78.22183699780813,timber,38.82913509631469,8.1972304616231,0.02348815136732039,0.10115581954185363,4.227233099722284,MIXED
P0002588,VA007,108.06344460099572,38.798000638660774,-78.28976824557672,pasture,85.96820418180226,0.9456172178569673,0.024957318878310854,0.050864819234294735,5.04127300201082,AG
P0002589,VA007,172.56199970401485,38.88900854466019,-78.13590945463767,timber,60.836001894094125,4.115190188769585,0.07767455675130956,0.02274680735699942,4.827065238228702,AG
P0002590,VA007,46.51971069096009,38.75154978919886,-78.14608403124758,mixed_ag,67.49130690455624,7.593792588545476,0.04647801048883506,0.17291597806691233,4.725899548474178,AG
P0002591,VA007,63.46660149117463,38.964559907207445,-78.32599715195217,timber,63.318831341632134,8.147103606943006,0.12170042376284218,0.00465726305813201,4.512244732111012,AG
P0002592,VA007,53.179050808620225,38.82570198894697,-78.36994590260326,cropland,50.832738789018975,10.171172033396784,0.06582265036354334,0.035176754094084155,4.538552978013414,AG
P0002593,VA007,251.73363520435345,38.9100323977252,-78.23240006344784,cropland,88.43185818852142,2.3842610091622864,0.4246983331225213,0.14461562780405388,4.7902311280782595,AG
P0002594,VA007,112.0740808533869,38.940350011600216,-78.2974565393576,pasture,45.6967936783565,2.8978426360437286,0.294134021213575,0.05241004029877543,4.48953796333236,RURAL
P0002595,VA007,76.3193913557977,38.91673920808382,-78.40965884883806,pasture,84.57531670494137,5.345755136169505,0.2731237072317564,0.4544197903781567,4.763917870419132,AG
P0002596,VA007,67.75703286527852,38.8750217151771,-78.1990141958391,mixed_ag,75.31720712544768,3.158062701932601,0.18280629175298518,0.03297028892688645,4.885042881618196,AG
P0002597,VA007,238.4778272438834,38.79872573692264,-78.29423231152003,pasture,61.8568813625772,2.45725613442278,0.26727804152455176,0.09513574267202816,5.276056466854176,INDUSTRIAL
P0002598,VA007,59.90551550124142,38.96313241724144,-78.23737623041495,cropland,84.76565053151197,12.432848470982087,0.2245882184568519,0.11277819698136173,4.618819681337367,AG
P0002599,VA007,52.699844649148424,38.87810148576271,-78.26957667308481,timber,82.43717061741644,0.9952698378518181,0.268417425322316,0.16508090736767736,4.715515789118871,RURAL
P0002600,VA007,344.2313766898514,38.75308705631203,-78.23966968784198,cropland,78.82803362923777,3.556797758029525,0.14605176911085857,0.14622049319452468,4.510567079143223,RURAL
P0002601,VA007,137.39325835764083,38.836024420860056,-78.07597252748609,timber,86.95428594918579,10.757541102021982,0.07684338616859214,0.06025303659634784,4.8596399878293415,AG
P0002602,VA007,114.27600091042508,38.97537523345704,-78.05569973560281,pasture,57.66749458503295,11.001634108163858,0.1366751870849472,0.07251500965939679,4.473273080490397,RURAL
P0002603,VA007,174.15845175144835,38.82117386928804,-78.26755487931375,cropland,83.60559149054868,4.432024949998466,0.030925617780628894,0.013433581978473353,4.712592264391252,AG
P0002604,VA007,70.10777774380118,38.804015554347224,-78.27407279644993,pasture,61.36656032159548,5.038309168582964,0.10921634396243732,0.09962849530042402,5.171109011891657,AG
P0002605,VA007,137.05638870109638,38.97669733823713,-78.11593061334194,mixed_ag,65.8454466990452,16.344968533279975,0.1344054408383047,0.059924936183930314,4.4318429479717,INDUSTRIAL
P0002606,VA007,86.81198410146787,38.853386023812334,-78.17105945803816,cropland,74.96999697769046,3.7425714467844253,0.06423634046933425,0.12563416284409443,4.11568056837414,AG
P0002607,VA007,52.779537111669846,38.91611536386362,-78.28935910926,pasture,69.38302097251803,4.310077932421322,0.24293486595689015,0.11543542499767512,4.495870086529833,AG
P0002608,VA007,351.929158196249,38.93629228881627,-78.35959605018539,pasture,58.05052745413747,8.738902474670336,0.2259818046910619,0.22249390798934368,4.855743194813001,RURAL
P0002609,VA007,118.62202918031846,38.881413607130234,-78.08761554834103,mixed_ag,59.472238607067354,10.020802249607055,0.09722232404274074,0.057210524660643886,4.2517132885388635,RURAL
P0002610,VA007,78.86048258765172,38.87116671940114,-78.29515292587062,cropland,45.45011629385415,5.640752128673247,0.21070871971358623,0.3479117944597878,4.43096993212238,MIXED
P0002611,VA007,81.11110897168314,38.85185160940526,-78.28341759171532,mixed_ag,74.52014614823216,1.3519814228147922,0.17855144401470183,0.008361295238729628,4.385325427659185,RURAL
P0002612,VA007,149.89167499015525,39.01075163076342,-78.17292325901666,timber,57.11057633969609,5.744024001615276,0.12843850144963678,0.0644162015282401,4.76228228402856,AG
P0002613,VA007,129.99901514369023,38.81804576157175,-78.09394206503984,cropland,67.78285355701688,6.230948909418372,0.11887153884744497,0.16195256705186747,4.472140019108922,RURAL
P0002614,VA007,106.68007596047893,38.90023120261469,-78.14242626021917,cropland,80.15870699954552,0.46008921211124604,0.06641691992934912,0.04558174860104916,4.616071091278261,AG
P0002615,VA007,131.23699628932056,38.82202857318041,-78.22962197180418,mixed_ag,79.74541999112907,10.946730796699107,0.15440324311252152,0.013055709961901366,4.640707982674918,AG
P0002616,VA007,104.55874873568119,38.724268030156274,-78.44571152657387,timber,57.014225830471126,0.6794951254539514,0.06681676607041247,0.10057456250020645,4.207905015884341,AG
P0002617,VA007,41.33446591383523,38.8515503082687,-78.1726784379453,timber,78.37510412242774,5.538917052289454,0.12156067283595409,0.10162646153250056,4.183649896191454,AG
P0002618,VA007,366.38415944379045,38.90425726764599,-78.17679466118885,pasture,62.85010833614026,4.809024383593732,0.06787376176385045,0.05996914559006888,4.336869435073963,AG
P0002619,VA007,32.45314427699201,38.886237738200386,-78.14806596206736,timber,85.07295107189168,9.791918741502197,0.13190006747329738,0.14874077963901877,4.623307773819289,AG
P0002620,VA007,34.33046160444296,38.7425166631008,-78.15280058034271,timber,40.85602343562678,1.5793784990994366,0.1436438196046738,0.029033604850883094,4.216751837406727,AG
P0002621,VA007,89.15690106259714,38.681518191246035,-78.18412394931134,timber,64.33279056174779,3.3558461422129837,0.07537149979949044,0.14181968104488257,4.887459212489634,AG
P0002622,VA007,65.59575306783736,38.929574125438265,-78.17895741402216,cropland,86.1140491751154,16.039935883311806,0.4442247717028008,0.13854427240172174,5.073495487935464,AG
P0002623,VA007,378.19300553499374,38.82224076581911,-78.23034560041866,pasture,52.19179376983997,1.6882102420179688,0.1567607137697251,0.051718776286295974,5.069644519942554,AG
P0002624,VA007,158.66709390591615,39.05161126788265,-78.3101689139231,timber,42.8829958297931,6.524601830200459,0.11318870228754173,0.024764077846540892,5.013758128576944,RURAL
P0002625,VA007,220.12028760536774,38.88838835316125,-78.26238431080857,timber,90.98564269377175,3.284912783315721,0.247858893307138,0.03576304906910515,4.718054635058703,AG
P0002626,VA007,219.3302045035375,38.78172572807098,-78.07673485876933,timber,88.12034375340494,6.026747426220595,0.0915196123098747,0.09398345108566845,4.162341722024939,MIXED
P0002627,VA007,154.26683057513995,38.909520035254545,-78.07773506371873,pasture,67.90181208877227,5.293283559878178,0.2260297200588562,0.03137008784099323,4.386742519800041,AG
P0002628,VA007,157.94681051970406,38.635618920396944,-78.30545905485225,mixed_ag,50.66948345864744,3.3803719287096605,0.1403085508680419,0.021615116851546257,4.61159013679535,AG
P0002629,VA007,37.54216186030167,38.79469429297584,-78.19073228916038,timber,52.274457323817984,3.157210753132684,0.32863733766598097,0.15488407177944097,5.30504563797728,MIXED
P0002630,VA007,102.26890601848542,39.0864920223197,-78.24525037187627,pasture,75.53619096633145,5.391395036471551,0.17214498272086473,0.1963377676093978,4.985935835000724,MIXED
P0002631,VA007,140.26831284203897,38.586346837947275,-78.29177124038141,timber,69.19589888084381,6.891097270734376,0.18937497098281733,0.10612785376501138,4.476388194880685,RURAL
P0002632,VA007,165.4882160627977,38.913422025492146,-78.16159062872632,mixed_ag,84.15965970368592,6.75462053025992,0.06227634768344244,0.10618859841760105,4.8358477772227575,AG
P0002633,VA007,101.35719549828663,38.854402234864104,-78.19668194441721,timber,49.30153704818048,6.427580634731119,0.26716080291320404,0.055021289029908896,5.096813701951564,INDUSTRIAL
P0002634,VA007,218.58000662421517,38.94772066968328,-78.19500858353274,mixed_ag,52.51523965768964,2.25798782186937,0.04454302508811967,0.06510497202554306,4.341028908553016,RURAL
P0002635,VA007,104.65700042164733,38.881064766093395,-78.22654712130276,timber,68.16104577316624,4.904848517987416,0.08898815927806514,0.20489066695087724,5.178301193600067,RURAL
P0002636,VA007,183.53522455805907,39.004508708406306,-78.24880246057462,mixed_ag,96.09838936917191,8.788968832435744,0.0156810137716867,0.14962848063129458,4.538490650080163,INDUSTRIAL
P0002637,VA007,501.41693324744017,38.877193332477844,-78.37167631722085,pasture,70.73258473823338,3.6301203039108603,0.14079170548151884,0.07169097583706906,4.868008681249691,RURAL
P0002638,VA007,217.87216613388327,38.846328890111046,-78.16198105108178,pasture,57.80321365351403,2.2810857582461908,0.10379939514233431,0.07360129599975551,4.918089785347114,MIXED
P0002639,VA007,143.35985930112392,38.8938165697414,-78.41357425155202,mixed_ag,76.98598699628462,4.795101919070188,0.11166813828857669,0.07753964710893131,4.304499520758315,INDUSTRIAL
P0002640,VA007,193.19594817222742,38.89115641216585,-78.35189341159581,timber,33.33783843367895,2.682145499138377,0.28058399418463714,0.04423764601839655,4.820512561287064,INDUSTRIAL
P0002641,VA007,44.09558815681287,38.79696757893747,-78.14983215843895,timber,59.28537446435348,3.8089885789500064,0.03508182386034427,0.1769660552428244,4.754121170709741,AG
P0002642,VA007,292.31539199262147,38.9217604570874,-78.17819855707495,pasture,42.25642407150701,0.8759619972280099,0.050738613465569724,0.06106806271395141,4.445812015314443,AG
P0002643,VA007,29.67208399887167,38.77819508136245,-78.1246253189657,cropland,75.46111165657315,5.536415823468653,0.04713548995554076,0.05905185724761178,4.904337202565122,AG
P0002644,VA007,146.05678951425566,38.8396966121864,-78.1632508788902,mixed_ag,98.24756313317249,7.050341353612817,0.23011571141290219,0.19716511330197184,4.55941702108852,AG
P0002645,VA007,127.36710841642387,38.87654182427157,-78.22816074657489,timber,38.283809042073436,8.424661871493793,0.08941826431918494,0.10689569799497081,4.476865391506325,MIXED
P0002646,VA007,162.50383719223595,39.003947181423015,-78.17065429267619,pasture,95.1949385696084,7.978930869951874,0.04632937988933765,0.10101390727800062,4.4194596668349355,AG
P0002647,VA007,81.38032710120119,38.89544682522727,-78.35411094153885,timber,51.07033523455878,4.0611367114280865,0.15744240853515365,0.14126254730700039,4.379609963439856,RURAL
P0002648,VA007,114.79164872293323,38.73545730376816,-78.30831497280803,pasture,68.11142008865603,9.513781581360226,0.07466514172265605,0.17521621296787687,4.58128603229281,AG
P0002649,VA007,113.45457773694558,38.8919990846062,-78.25587402133824,cropland,43.84644168417958,5.353382741166627,0.049352432912152966,0.1293917695776849,4.175361906113349,RURAL
P0002650,VA007,46.957830716817384,39.11303353169964,-78.12385941747598,cropland,50.67231131556478,3.339162759879004,0.1484416756519612,0.08413228286644059,5.2467582513653666,AG
P0002651,VA007,465.0089623408033,38.88052587512458,-77.96892832201962,cropland,82.18939812500261,4.273602034692462,0.08899473571224387,0.08040196882066436,5.095018546833721,AG
P0002652,VA007,38.63904735046499,38.875979423301295,-78.21252012750003,timber,84.77593046445621,9.014874828800473,0.4735970804656677,0.005638822144241332,4.290757340295204,AG
P0002653,VA007,219.71772523588024,38.70466283698129,-78.03277886820776,timber,77.15772061794725,9.375114248103438,0.11010216628720348,0.2545478824090645,4.015149916805616,AG
P0002654,VA007,210.54902328996278,38.923094989581735,-78.09384702543106,pasture,67.20430301893558,13.319570407848678,0.24950904501969426,0.13260834798241475,4.290733146617492,AG
P0002655,VA007,52.50929662990506,38.973292463862585,-78.04651392539708,cropland,49.497208266628576,1.9660002642941519,0.24896824019388228,0.13687790570343203,4.442022795747131,RURAL
P0002656,VA007,227.81866993938806,38.91638560178134,-78.24528720112778,timber,53.28737031626022,5.5970917010156125,0.2116088900621696,0.27750900898408526,5.169010364584367,AG
P0002657,VA007,102.76058637702671,38.92487954563412,-78.09009792368828,pasture,73.92353725885215,11.135903407912615,0.025551438542128692,0.18278624798015672,5.1031357561234625,AG
P0002658,VA007,101.90776797862091,38.68809269332333,-78.21983531771711,timber,72.86524261565559,14.229596814284433,0.4707699743151184,0.12376548263963337,4.7013446197998,AG
P0002659,VA007,59.086221342558744,38.97889791176729,-78.25024446463594,pasture,89.00326455763043,3.5338982075675323,0.24097073933698251,0.04520290039932193,4.609005940169182,RURAL
P0002660,VA007,42.93546907423344,38.727254352683374,-78.23370902698713,timber,53.34328640345728,5.0148668191704235,0.3262801457336596,0.09933326133437409,4.392772511184913,AG
P0002661,VA007,22.78830774551425,38.939185972490904,-78.41200238073468,timber,51.02581758815401,10.07305300580376,0.1783899090069809,0.20396329908089805,4.562316943069746,AG
P0002662,VA007,85.18676825774445,38.84884466727293,-78.23022435597493,timber,72.32148036370725,4.268320596311457,0.13032879799800814,0.05404200921808827,4.792115012469597,AG
P0002663,VA007,42.49941466747594,38.93034974332401,-78.33808970955279,mixed_ag,58.00189657693826,2.072735826590883,0.2011560426683403,0.2653390987903645,4.838197353184576,AG
P0002664,VA007,162.65355373374075,38.940553177806066,-78.25372602661578,timber,55.10580336233736,6.470508595728668,0.1322655241478861,0.019344186205408134,4.775711700042274,RURAL
P0002665,VA007,191.0060462319351,38.90016383764688,-78.26839071659393,timber,34.155600971308964,6.298079118030044,0.058515340044559654,0.04512407892598327,4.564969989039739,RURAL
P0002666,VA007,75.89408763060833,38.94558576703711,-78.08284575097309,timber,62.45508101625328,11.05426059317379,0.14608780504142244,0.08758339881017381,4.190432013181952,AG
P0002667,VA007,272.96728091736566,38.83373785215888,-78.32653301588971,cropland,67.96474692400638,1.4255222893158157,0.11243105278007244,0.17605813939387877,4.416189403451243,RURAL
P0002668,VA007,76.67661134787888,38.97948510511617,-78.16153364929987,mixed_ag,76.34524548828108,0.9131528068758937,0.07396441775721253,0.07882323077268572,4.159444168560928,AG
P0002669,VA007,38.59088103524061,38.62856366632442,-78.01275370216678,cropland,58.279418755820586,0.5817760139359073,0.22684795381912665,0.11098669150300093,4.561853459121095,INDUSTRIAL
P0002670,VA007,96.31572370539203,38.9774518436346,-78.13698802871549,cropland,71.61356567826917,2.423293955157066,0.1574015377769983,0.0798720438813672,4.735379598154525,RURAL
P0002671,VA007,311.9172260805218,39.100253296681444,-78.2310548733735,pasture,71.4347685081766,1.0546875368164585,0.3683990766223105,0.01487776340597856,4.414175118066972,RURAL
P0002672,VA007,30.905181333597188,39.11626458202784,-78.27179501746573,mixed_ag,65.07088248647993,2.628241017193229,0.09842171199795056,0.15589683831845874,4.5022572915479335,AG
P0002673,VA007,115.57718680699665,38.85858325811841,-78.37776945401914,pasture,62.88819275980005,3.1896700223414487,0.13088421673289657,0.054947349634856896,4.630200131965532,AG
P0002674,VA007,63.85541426672705,38.99791168494954,-78.32800052846316,timber,46.926114949369676,3.7890381216159175,0.2147531954731957,0.03530443274929588,4.4084303545260415,AG
P0002675,VA007,142.71966467954164,38.94168799373887,-78.29546280990864,timber,63.595503503786965,5.353614060610038,0.024923136164404915,0.0022325158980267415,4.526407538022713,AG
P0002676,VA007,87.23135640054343,38.83929055733012,-78.13327638754329,mixed_ag,45.96627040383586,9.04846904271632,0.002797856327540438,0.0026899847613271843,4.6042323066188375,RURAL
P0002677,VA007,140.43706687916512,39.06486937891865,-78.29916983284629,timber,41.46394118266588,7.372381020610281,0.3602194342272592,0.04289596849172072,5.360894160610893,MIXED
P0002678,VA007,268.9278390063443,38.856789407092535,-78.32003596638488,mixed_ag,87.38154149217851,1.2410364402119451,0.03747364972416842,0.07475412106943717,4.772431586572932,AG
P0002679,VA007,91.25159018253726,38.88069383934008,-78.20813823772538,timber,85.64064041330974,2.3506919867840597,0.0456413273388797,0.09718941853770414,4.880961860963106,MIXED
P0002680,VA007,149.5702154194918,38.894704799783675,-78.12674196837676,cropland,71.28890151285758,1.9753586468734694,0.34986404227022566,0.13321083010479196,4.168943404070033,AG
P0002681,VA007,327.17903069771677,38.54991702407541,-78.18285313321574,mixed_ag,64.59298427402425,10.566974862995522,0.0615544579903365,0.08868424155058857,4.745786506920005,RURAL
P0002682,VA007,47.27373664529077,38.80062886613804,-78.18943647958146,pasture,76.26548614629706,4.8972997904570805,0.11018941749875634,0.01962878594646864,4.21500385949702,AG
P0002683,VA007,42.735118531367,38.97263279433592,-78.2714487083564,timber,94.33705579526004,6.708233514339295,0.026466720719500885,0.06343029983495067,4.230497507677283,AG
P0002684,VA007,145.30050415940954,39.01463187768158,-78.38362630325373,mixed_ag,73.12121276272602,5.7803106352819125,0.06834305612917203,0.09237317367416635,4.772038306583785,AG
P0002685,VA007,142.91254299347338,38.80904679951389,-78.33366809782102,timber,82.60997376840753,1.3949190363508466,0.20984214847130156,0.006702819672886061,4.664638485581382,AG
P0002686,VA007,65.08141530425614,38.917860348432264,-78.1647379234798,timber,80.76905367607391,2.916863723985847,0.04444807679015875,0.13838951323650803,5.366225318321704,AG
P0002687,VA007,159.75704450083248,38.77110298426259,-78.29444782405281,cropland,78.65031651110839,1.8155911263325826,0.15513461218749217,0.024766398397824314,4.678147985107667,RURAL
P0002688,VA007,172.04390403515598,38.88785265665821,-78.04458959108314,timber,60.942946480920924,8.070340587313817,0.053046243192511916,0.2032026014893474,4.296463232163126,MIXED
P0002689,VA007,97.72308945393681,38.78794442315567,-78.12618708714902,pasture,55.385809961770825,4.6621231511636925,0.06857794393905238,0.14737193899869666,4.751211467449321,RURAL
P0002690,VA007,33.71786792027257,38.92460977172099,-78.20745742275398,cropland,52.8793982118715,5.963339014276006,0.03804961841676342,0.05777479869375015,4.780572423825975,AG
P0002691,VA007,10.0,38.82692867159039,-78.19089032648733,timber,69.97245957014347,8.559952474981616,0.3499554033234907,0.12114636752711261,4.820783148600557,RURAL
P0002692,VA007,185.8028086738068,38.91589881605749,-78.18942133752041,pasture,81.15191503767427,6.446104445091515,0.23309423245181554,0.25612574304513924,4.148364319323267,MIXED
P0002693,VA007,147.8894169406895,38.858815931150346,-78.26372131971925,timber,68.55493805115633,5.557553886435869,0.055234512938810494,0.14582102123455326,4.616702381305411,AG
P0002694,VA007,177.13940771596816,38.853466317712005,-78.30468521399061,timber,40.189885994623324,5.579755936313191,0.020778776975995093,0.16463188264552053,4.690980738320415,AG
P0002695,VA007,56.80493320281838,38.91626656551498,-78.21832445508714,pasture,64.11139696798229,4.365993318802176,0.062103695728635507,0.11842738154863874,4.226079915374633,AG
P0002696,VA007,107.50754281831271,39.02629441948531,-78.18748374599672,timber,61.97501414992837,2.3649945472632874,0.1249986210629066,0.21313213975543752,5.007131698742921,AG
P0002697,VA007,80.88428001936906,38.81081080252598,-78.25058374033095,cropland,78.43259436281447,5.152855281728849,0.10591073313644306,0.020979615190410666,4.860895370301691,AG
P0002698,VA007,124.85056967677843,38.89061339821654,-78.26618060599641,timber,74.60925818056548,0.913034360016361,0.06582516356623319,0.036369920774209336,5.111600306689995,AG
P0002699,VA007,1800.0,38.802122732262845,-77.91441303201144,timber,63.34564672096318,4.941746271596303,0.1390500434678129,0.021054897097394137,4.450302908729618,RURAL
P0002700,VA007,271.93019852950266,38.8937746897622,-78.11693447673373,mixed_ag,84.54897826176422,5.662573232439659,0.034844163907580494,0.15287014341241523,4.136258994989084,AG
P0002701,VA007,55.29990112195864,38.96462661382681,-78.3164878504556,timber,65.04771576384361,13.180655104216076,0.038312343688049984,0.3766771648481837,4.38559673562594,AG
P0002702,VA007,84.27319595356677,39.010684784247005,-78.21699733870953,timber,71.51005002431492,7.8427685642283675,0.01882956341315072,0.18228030926148597,4.888680546369308,AG
P0002703,VA007,115.67954746632057,38.95807199310239,-78.15149974690094,pasture,39.33502504796448,8.357049764846808,0.09846718708556709,0.055611034749643636,4.985469985161514,AG
P0002704,VA007,251.7313072542442,38.901115696853715,-78.27874548508666,timber,69.12665532517386,5.1971923048755535,0.2807359863102032,0.049940724744709876,4.342211769698083,MIXED
P0002705,VA007,296.5870581204215,38.75259020709581,-78.34471935099711,pasture,66.92682576833059,3.2930547428816395,0.08078442013230157,0.030175401419226325,4.251085217248644,INDUSTRIAL
P0002706,VA007,215.04908900932512,38.76461436551409,-78.06460024854665,timber,56.326768991821396,4.200632273621806,0.004062689712078027,0.06198984475142142,4.594920722941547,AG
P0002707,VA007,199.66197813782648,39.175542115679654,-78.28338746487456,cropland,53.587926284478115,2.779714933150568,0.019332843854464748,0.04146155380301716,4.716805816589914,MIXED
P0002708,VA007,68.02569464750802,38.85876975169089,-78.12851812430344,pasture,40.8962697654994,6.964950130423707,0.15149485111739147,0.13317711613907607,4.940574916768778,AG
P0002709,VA007,312.19172043288887,38.94955687686157,-78.37487560184647,timber,65.50536365103002,9.527608274763304,0.25934775827498524,0.03751501545285329,4.27835022100527,AG
P0002710,VA007,60.23459648677309,38.896315879522724,-78.12944504449028,timber,59.35676601683398,4.07014238160432,0.019703750572467,0.08823331884847173,4.350479372701607,AG
P0002711,VA007,86.2518442617158,38.92813512845718,-78.13147475353904,timber,65.53684741801409,6.00901021545514,0.012393539732853821,0.06428765902626056,4.440769615359825,AG
P0002712,VA007,790.1871716996757,38.95215278534064,-78.22567938068075,mixed_ag,85.29492794269646,2.302246091777528,0.06457130801912006,0.05992001412962971,4.0507464615325715,AG
P0002713,VA007,165.30362083849894,38.89975111809847,-78.21567954678781,timber,35.59892173301798,5.14697855875196,0.21559188514401958,0.21770010474612117,4.44198740221149,AG
P0002714,VA007,158.5424578945299,38.9083203227183,-78.27429304811179,pasture,57.170238437469806,11.000599462986818,0.04915728539307647,0.10705663562575396,4.95163935169708,AG
P0002715,VA007,137.7704068886728,38.95242991764589,-78.33098435467525,timber,62.53114225438899,6.091853972194697,0.3320171902979162,0.0819021883700809,3.706073905235541,MIXED
P0002716,VA007,361.913827373304,38.85269491497591,-78.18976440053035,cropland,65.50195754559743,5.232205737805859,0.4335420171053755,0.2828427825658346,5.224475290240255,AG
P0002717,VA007,156.44791311519464,38.783771017516244,-78.25149880279059,cropland,44.253770919580575,2.2797964070642895,0.1523342492673177,0.002882599521839407,4.551945111855682,RURAL
P0002718,VA007,179.07072884220864,38.88084473148917,-78.04937290063314,cropland,55.02660976622231,5.785392823789545,0.2309506241276626,0.010643772790212455,4.737583005272293,AG
P0002719,VA007,96.55387643497272,38.914326765260704,-78.22646504771936,timber,86.85450657265781,1.366279538611797,0.15233219092051908,0.026808713857936615,4.563293243268434,RURAL
P0002720,VA007,220.0536790599287,39.132972683227656,-78.2703975281007,cropland,48.619417933209405,9.252929223572892,0.09116521314451935,0.2204768820866624,4.916778851563687,AG
P0002721,VA007,105.26805488332448,38.83766958551228,-78.37152039982298,timber,84.78395423620924,0.4876616370236733,0.06566290053874607,0.10456802342303821,4.966902694855419,MIXED
P0002722,VA007,536.3756514814993,39.00352071047927,-78.02953450797108,cropland,76.18036966794969,11.192796993543809,0.02745952181348918,0.08573937125589988,4.378667952362396,MIXED
P0002723,VA007,337.892596726606,38.793112915006915,-78.18826839998955,mixed_ag,38.70912582967255,8.48731598366188,0.12351824545460736,0.21613009350284607,4.347753096219354,MIXED
P0002724,VA007,23.60048307762772,39.03410896801878,-78.18736998023594,cropland,54.60585205957164,5.256096749716587,0.09568878233823302,0.24388058760078093,4.612347561942023,RURAL
P0002725,VA007,292.9238992412456,38.958049243150114,-78.22150637153455,cropland,66.20944278566856,6.105544888730629,0.14662896948149742,0.11609532308413531,5.0776218214148034,AG
P0002726,VA007,165.7122170804504,38.90132794217144,-78.2726326901881,pasture,72.39085374822507,3.3823198458932566,0.13286949308728058,0.035491487241266065,3.623874369158107,AG
P0002727,VA007,130.78167631401757,38.79817827507056,-78.32450873347739,cropland,70.17984070575483,6.494440672623502,0.0756669702355004,0.24720415591060965,4.899921854527228,AG
P0002728,VA007,112.60324635348917,38.93651504253412,-78.00963125783794,pasture,63.17484602916913,12.331427391445187,0.28038595750607814,0.13900176106678955,4.511395316135271,AG
P0002729,VA007,269.8348801016208,38.8632963164592,-78.16079598671921,timber,77.57714674484929,3.7394092966302335,0.0739590293749002,0.043018049096353844,5.130334749389104,AG
P0002730,VA007,97.50049092719274,38.817024946775724,-78.22107067508824,cropland,64.31172934995028,3.729891865477379,0.559249012966753,0.060034226198968185,4.89564229606847,RURAL
P0002731,VA007,196.72513636207162,38.92798759379415,-78.32043363093146,pasture,41.136082104181185,3.484823467786348,0.1025179892508957,0.043074220882775245,4.758625415106805,AG
P0002732,VA007,164.26179028597895,38.92132313326072,-78.17384360373504,pasture,71.65052180944264,9.059976559124305,0.10583620620008058,0.08637388832040414,4.313309563558018,AG
P0002733,VA007,166.34508888845502,38.940031710001264,-78.1561087262658,mixed_ag,82.03240123343882,0.7822078537380662,0.15014942842190407,0.07822168053967309,4.438678596965794,MIXED
P0002734,VA007,272.91812203461797,38.86018900447728,-78.15917130414218,timber,84.2607284777907,4.816029781285633,0.17820162746485887,0.09161468389367255,4.314165660549415,AG
P0002735,VA007,364.9217440795284,38.794710666554785,-78.13865984979759,timber,100.0,1.1478841759715603,0.2448183009977561,0.1323540470914266,4.723350141196273,RURAL
P0002736,VA007,64.2982238920378,38.84379233084406,-78.23322663053952,mixed_ag,78.88825409896539,3.9266563655586824,0.0440321183171915,0.0772800650193762,4.518134519260611,AG
P0002737,VA007,93.73850295475376,39.07624978997714,-78.33191918172673,mixed_ag,53.60909824447824,16.169927023996287,0.012630961199230956,0.14949741206782696,4.29754517149845,RURAL
P0002738,VA007,75.36819158534858,38.83800806391968,-78.25589998890804,timber,73.24570151772876,0.9876236899916115,0.07760407791799633,0.1754107713368281,4.5045955464424186,AG
P0002739,VA007,61.922444774737585,39.03587982450546,-78.16074492791422,timber,56.49458869304631,12.627967530408952,0.2239037257830323,0.057091758035686384,4.063701054029423,AG
P0002740,VA007,39.24838701830243,38.98486434910713,-78.12921596529704,timber,61.053275437284036,7.047715642383522,0.03853146416712972,0.17241173313134925,4.361314296173481,AG
P0002741,VA007,72.77577480428921,38.88748615393135,-78.03986510005619,mixed_ag,64.07470861324578,14.84966999709824,0.18726522045155633,0.20742139810343882,4.402124824069192,AG
P0002742,VA007,24.307912921418016,38.82495337982478,-78.21315467680249,timber,53.92716212278226,4.81620183736819,0.030815866067498934,0.04932514392301584,4.256728962282494,AG
P0002743,VA007,47.67119002080153,39.03781271331539,-78.21738195724045,mixed_ag,43.449304350654415,19.394197632429574,0.08533376765937487,0.01775882585789045,4.270536200487318,AG
P0002744,VA007,92.26764728829896,38.88961144319013,-78.16729341152613,pasture,51.15119491256458,4.920127121033822,0.2522575699970106,0.04565708115977603,5.095417900807256,AG
P0002745,VA007,100.1852174995952,38.761096465725,-78.26724364241866,cropland,65.39636121541113,3.6099336057105926,0.23451043790744705,0.06498253459903744,3.969943823216101,RURAL
P0002746,VA007,72.730911250953,38.86876985736771,-78.21371346517418,mixed_ag,47.37494230006258,4.924396725158998,0.3474697443570261,0.05148216291141543,3.7990731096196018,INDUSTRIAL
P0002747,VA007,192.9059221599509,38.875926079739344,-78.2210210273093,pasture,81.97711588659033,2.1246099167124317,0.38375894851907916,0.16571550922461703,4.297223204991005,AG
P0002748,VA007,46.59342423156373,38.91894984908231,-78.12334420121175,mixed_ag,31.94444844889921,3.7961774976445644,0.22665035194948252,0.17806693732118772,4.285859100961944,AG
P0002749,VA007,135.0802534489678,39.115690833732266,-78.21779022696421,timber,66.228692221379,2.363553484870921,0.05336021370789169,0.30682978992767396,5.189082490337434,AG
P0002750,VA007,84.52486055477921,38.823045397319895,-78.11261033688207,cropland,58.18156427869869,5.679546670432231,0.13754185138930922,0.01734790731308259,3.9193624600757997,AG
P0002751,VA007,269.4917759809485,38.70966188951807,-78.15572814738674,timber,49.04907611083783,5.377979103966345,0.3280039432054355,0.29912576554573733,4.309279854288464,RURAL
P0002752,VA007,120.23939822314675,38.930456649435854,-78.15530520501581,pasture,58.42590275738853,2.4190070396242835,0.09828455576169226,0.11837916209728494,4.699926588877318,AG
P0002753,VA007,100.42408930841118,39.11308767761249,-78.02710137805332,pasture,82.74128674080521,5.97051473726144,0.27234275680650166,0.028488691659932255,4.718566292620081,AG
P0002754,VA007,215.6375226867059,39.04451636319858,-78.38605575329898,pasture,49.21349198958444,3.499980817437347,0.01597095302664387,0.027386855155871456,5.195765079424919,AG
P0002755,VA007,55.593543586254334,38.840943291923914,-78.13535196899073,timber,60.134892104242795,0.7253368265660662,0.3404039134993873,0.24530268534123342,5.105739759714027,AG
P0002756,VA007,42.010082924302964,38.797632606418816,-78.13689693473404,mixed_ag,76.48689059725662,2.380024618574391,0.09711315209319413,0.042718757528179184,4.805054632316938,AG
P0002757,VA007,60.08107571465236,38.978124014579365,-78.28254277362919,cropland,65.63263988843192,3.3091441495032203,0.0018943547819876435,0.04564060000247084,5.040011160546419,MIXED
P0002758,VA007,94.93993769665678,39.067043702201595,-78.41683307355265,mixed_ag,74.6240369605894,6.742889065913173,0.03508534471930517,0.08340193948767559,4.667474771319298,AG
P0002759,VA007,224.1248593593372,38.928436004081775,-78.14601937514905,timber,70.61804979868012,1.6563528288393088,0.1664287411229906,0.17827060788947952,4.901219715694165,RURAL
P0002760,VA007,189.081024051713,38.861226680965956,-78.22723973173248,pasture,79.46454189284412,1.0672730115410054,0.03660313259045989,0.10352000550630601,4.547729920986133,INDUSTRIAL
P0002761,VA007,40.484038233510695,38.95842756268658,-78.3542504677999,cropland,39.058129279985394,13.066808543978299,0.1548051355690913,0.15614716855959063,4.827912214998653,AG
P0002762,VA007,210.69076308045015,38.854206603895115,-78.28315512064277,cropland,49.85959792920268,4.318204558248467,0.5228607978453653,0.3927723901040171,4.877945643478679,AG
P0002763,VA007,194.99865398694538,38.90469943177177,-78.3202853487903,mixed_ag,52.48119101827342,4.572155862436568,0.15179587617403906,0.02316034392258818,5.122396197320751,MIXED
P0002764,VA007,349.06534809950887,38.92653332874835,-78.27210043295909,pasture,85.33077428133984,0.7573752152477558,0.051145184373675275,0.06495336970204116,4.780959624914053,AG
P0002765,VA007,268.4767000953211,38.79240055698897,-78.14928418707781,timber,100.0,5.911439992580386,0.03499447153855569,0.0779704204308383,4.582685179035728,AG
P0002766,VA007,603.999418283085,39.03136441553532,-78.12537430640332,pasture,56.23820952337345,8.712775615001878,0.13176448164629198,0.00703053737010527,4.531034549883601,RURAL
P0002767,VA007,115.77958260266676,39.054637151073166,-78.1278746943514,cropland,68.57542558674963,5.669076501654305,0.14818659649892288,0.04844168656464304,4.986008107463532,AG
P0002768,VA007,32.672055583883406,39.1046844187052,-78.29175030535498,mixed_ag,74.12884521747317,2.117538202029439,0.13411912229515177,0.08973799650894941,4.40935001143859,RURAL
P0002769,VA007,31.778808240902883,39.02773151672212,-78.2080348502175,cropland,68.2877653127574,2.3625913606067797,0.06084567220598521,0.006653819262667122,4.150640705814475,AG
P0002770,VA007,58.43597679782812,38.737523709045774,-78.03425434966944,cropland,87.85749239575196,2.36804740885895,0.18858189649583124,0.10128141366600876,4.418181963391323,AG
P0002771,VA007,45.477022209500994,38.966854937302905,-78.18645521733863,mixed_ag,56.55727661484545,0.7971632275389084,0.399919673045088,0.04170314831618414,4.068495844217144,AG
P0002772,VA007,102.97768497758221,38.808383249359096,-78.29508633878652,timber,55.62683091820621,5.754023686723949,0.031735255685934424,0.025043306752251332,4.372880287582251,AG
P0002773,VA007,276.4455036841434,38.95914510869112,-78.10665558612229,pasture,73.30583517826074,4.647345210481345,0.09287953040503705,0.07328803001131338,5.021568619043991,AG
P0002774,VA007,96.9261182832821,39.03894072334004,-78.12133916219518,mixed_ag,48.81763517801254,3.5431119225523124,0.07679530127365798,0.1501304703260926,4.958191071197394,AG
P0002775,VA007,44.371517435485295,38.893277290460304,-78.16889516757942,mixed_ag,49.28739205092,2.960913728368533,0.12228817644443159,0.011506344536061506,5.19038140970418,AG
P0002776,VA007,44.991781273730865,38.792789730322035,-78.19271068823751,pasture,66.15646517930028,1.2424291467875859,0.46078196031892166,0.14804368163235113,4.263909091309975,RURAL
P0002777,VA007,37.44731913033515,38.79698688340494,-78.15561254844913,mixed_ag,44.27507183248189,2.981128182249809,0.06229581795619362,0.11170742756843421,4.768990184634281,MIXED
P0002778,VA007,201.73428455198996,38.98212913610365,-77.99019131688243,timber,68.52082865939236,5.389118760883579,0.06438984566807979,0.005054367826646672,4.276606793460786,AG
P0002779,VA007,33.358378810789674,38.75285113433277,-78.28694860887178,timber,52.70275229577506,4.644528250069228,0.18032441188986495,0.0007828409348086043,4.834854463618548,AG
P0002780,VA007,77.0655480386738,39.04865599028342,-78.27269327954863,cropland,60.42099894645214,3.8994984236625028,0.22358052734266576,0.005326990438917763,3.9792080431043173,INDUSTRIAL
P0002781,VA007,64.78482606765957,38.852422097988814,-78.29846990094096,timber,68.71090256846975,11.629723092736599,0.11396198316006052,0.10894875728474405,5.199505111861165,INDUSTRIAL
P0002782,VA007,58.849841066303405,38.82590270896299,-78.23901985946203,pasture,58.15786595329399,8.331500249741273,0.07122788193893763,0.2169165908891859,5.236664728053147,AG
P0002783,VA007,226.9308267982361,38.83552844112357,-78.0193339876096,mixed_ag,59.30535799626473,4.71051349338903,0.0063960362739026826,0.0013131381173762694,4.729748066582537,INDUSTRIAL
P0002784,VA007,101.82879550482092,39.02651393287202,-78.14358653414443,timber,56.68816274048335,8.710838525559472,0.18901482448528456,0.13000523175061596,4.437730127827478,RURAL
P0002785,VA007,40.563199130080356,38.90453109977872,-78.17825674623687,cropland,63.521189765295546,2.467536072474694,0.4524888829897719,0.17747255258157782,4.195272146538933,MIXED
P0002786,VA007,68.50038976806583,38.92490304615921,-78.22812822272427,timber,77.74057960981769,0.9045431474849513,0.21448105280799912,0.31183334866589896,4.300805360477619,RURAL
P0002787,VA007,112.28421893088934,38.810458933998106,-78.00131366694022,timber,56.39367267961148,4.50269161153518,0.12710565303755642,0.005995980533748627,4.764491338179095,AG
P0002788,VA007,91.55309793981382,38.95074019799857,-78.22964460607336,timber,57.52236496794766,4.964982146451627,0.03435702758193519,0.15873436836761037,4.490228902759436,AG
P0002789,VA007,256.68350197963525,38.93881845981611,-78.3294147381526,timber,32.48542113679829,2.46345714767615,0.3563547385109486,0.1963106736221455,4.865935926255045,AG
P0002790,VA007,211.6729234511717,38.75984475918797,-78.05846694889149,mixed_ag,69.67709439899484,4.012233189227481,0.03793971239873221,0.06907506389167005,4.528737643569138,MIXED
P0002791,VA007,63.91210798388236,38.991142974031185,-78.37993504300496,cropland,60.36184102875315,3.7581295704924185,0.08252514975005933,0.20078535257888966,4.599130124013252,INDUSTRIAL
P0002792,VA007,90.97738121647757,39.2703629450554,-78.13321235834249,cropland,78.26319437551905,0.7171872125545056,0.044412624690386454,0.012436654714374922,4.5943272514454785,AG
P0002793,VA007,222.18092823272428,38.96011909545292,-78.42233617191474,cropland,69.48283328985302,4.992176775248394,0.2187194312230818,0.12915809262292785,4.564995579216075,INDUSTRIAL
P0002794,VA007,106.52626825190129,39.0410095310493,-78.23070644668698,timber,61.5693613458136,9.965816731154725,0.04626689843477484,0.17964792537840435,4.002545083382476,MIXED
P0002795,VA007,134.05073322436363,38.81527485561031,-78.17714189033067,mixed_ag,38.468313147441535,2.1463916404444565,0.1016879637457413,0.13003098689739076,4.185135944460239,AG
P0002796,VA007,89.43369716174213,38.93641413247577,-78.36741853303919,pasture,57.779996855965855,4.851078362982352,0.19857022477224606,0.04495124016933992,4.151686551721623,INDUSTRIAL
P0002797,VA007,145.70553941166648,38.90012701683194,-78.21895210730536,pasture,52.788884475453955,3.3408560385184547,0.007193245952841669,0.12295919689690073,4.6209117380569795,RURAL
P0002798,VA007,96.4038278624923,38.99001646384315,-78.22635920450645,timber,93.36458048960395,5.987379698798236,0.06186315305877767,0.007817728271408482,4.951669856218882,AG
P0002799,VA007,230.69445999201633,39.050700745931145,-78.44935583771719,timber,76.36664795616659,1.0697512870404684,0.2192494778246022,0.014963822009808142,4.739482179096601,INDUSTRIAL
P0002800,VA007,164.39136214889515,39.09270321542774,-78.2034210436829,mixed_ag,59.04463363449074,5.6081764070400535,0.07611567808734042,0.31711321334951204,4.252008782647152,AG
P0002801,VA008,86.29127637280078,38.627031797729565,-78.13852411538028,mixed_ag,54.083053349298766,10.73774825661098,0.20634812913635847,0.19661434203159,5.018573081274103,MIXED
P0002802,VA008,78.07827258115933,38.71213011981837,-78.2752706295866,timber,51.15980838884891,5.512183580969825,0.2318800108255306,0.11716180248433289,4.528916315428079,RURAL
P0002803,VA008,106.30871262147973,38.64304177098509,-78.11190979384807,timber,62.50719360325213,1.1416770811867514,0.41912760125075277,0.05319462713605424,4.415116521421958,MIXED
P0002804,VA008,150.5166035563165,38.719503293265255,-78.23076670350073,timber,93.92340489717587,4.276903089122611,0.04074958575877785,0.0974760955683644,4.73180510867757,AG
P0002805,VA008,49.951763683926785,38.68146610322894,-78.08497405014995,cropland,84.6862126521018,10.624748458050124,0.1825646665868661,0.19438671701427618,4.475409790968181,AG
P0002806,VA008,69.39857504221044,38.711467436744705,-78.43965114419416,timber,66.022178898391,4.3013091847983045,0.2205669092743717,0.2052851901365756,5.064974961260724,AG
P0002807,VA008,117.84294190354979,38.6427391921235,-78.13759441750207,timber,24.59923426920504,0.5761498622375351,0.052456133999633635,0.036274885899853435,4.636141118054641,AG
P0002808,VA008,54.85210603577081,38.695512723975504,-78.13580217817093,cropland,53.063910838565036,2.4963479040850305,0.002645607049681771,0.10690898296828191,4.835050368611,AG
P0002809,VA008,85.73943319566065,38.621150487293555,-78.11340820115713,timber,45.851539747065516,2.403776074790925,0.11887797472957334,0.21356585033286626,4.6371588675521265,RURAL
P0002810,VA008,95.57042945477347,38.60068651105427,-78.26928721953651,pasture,39.814120731464094,4.106651945808243,0.1431317688240099,0.4841757077391382,4.51573648578091,AG
P0002811,VA008,26.894987714196652,38.71644972763468,-78.20214253779872,timber,57.22317284522436,7.642810233155089,0.1564826906892737,0.036760408137868,4.547513701963716,AG
P0002812,VA008,391.4140721189682,38.79951690765792,-78.25468084008705,mixed_ag,57.79866336167113,1.325179283803417,0.046559418574934626,0.10927626283403341,4.60360730695288,RURAL
P0002813,VA008,227.5962219912165,38.74255480352014,-78.25880925702582,cropland,37.86961663361846,4.059632658127632,0.22881656544978674,0.24663083375960645,4.645181750494679,RURAL
P0002814,VA008,218.27970748991916,38.67436970337959,-78.25334256828947,cropland,81.68205961164581,11.999464841066732,0.1528903386143956,0.03573908954574912,5.107626178786901,MIXED
P0002815,VA008,174.38915791336868,38.68665453469955,-78.03562775828517,mixed_ag,73.58799314565334,1.8835293973372709,0.1315728362771883,0.011195719273179309,4.219559564839987,RURAL
P0002816,VA008,70.22839662459744,38.60663772481275,-78.25275867686044,timber,51.00736073677047,4.971574384984311,0.31762029386314933,0.011735672622317167,4.802207222486787,AG
P0002817,VA008,241.15464985000077,38.56819973180281,-78.00200288374153,timber,86.41653928020722,1.9985824222431274,0.28785670583737055,0.008473788034873912,4.490516535504502,MIXED
P0002818,VA008,284.60507007097664,38.59192648793092,-78.11575798917815,timber,41.17438476129405,1.89827929824899,0.07226591559604259,0.10405649736176602,4.744014413706634,AG
P0002819,VA008,323.9379758517519,38.757118521968934,-78.22926204509854,timber,100.0,1.278165570031751,0.10230966122912166,0.14512114870369042,4.1903302142258365,RURAL
P0002820,VA008,67.6083065307427,38.547010712823145,-78.07198507255356,cropland,68.56483972734024,1.808020447846431,0.3181686503293727,0.1510936892645167,4.832702792909661,MIXED
P0002821,VA008,30.230454032233624,38.505851475039975,-78.19316451932926,timber,82.49971791167006,7.14600105655906,0.3457031252040195,0.03677030166767805,4.6221478852934315,MIXED
P0002822,VA008,76.27445951011582,38.430334869352,-78.23624645210906,timber,71.57235411737467,3.0250399353278477,0.06852142510073887,0.21693346582383408,4.77285274117122,MIXED
P0002823,VA008,148.85653728217198,38.69801590896346,-78.30890366265557,mixed_ag,68.41086453669908,6.023330184511345,0.0627850794872178,0.17613995944107613,4.616257119591228,RURAL
P0002824,VA008,236.32933892901963,38.60843624252304,-78.18526284687017,mixed_ag,66.85862279318341,0.9296532513045418,0.28597253229240094,0.0006357713856792609,5.221770241803876,AG
P0002825,VA008,131.28467905459905,38.60914029206687,-78.25012127343389,timber,84.7891356201072,4.8328433769389845,0.08393117743065232,0.01780841991636236,4.781207906702968,RURAL
P0002826,VA008,88.53266754529305,38.5964677376615,-78.168552718921,cropland,57.064386190047465,6.558909107594123,0.49193195772768766,0.05571682843030292,4.642191788299485,MIXED
P0002827,VA008,179.87141849802282,38.70348384243669,-78.15577859806822,pasture,46.316953732018284,6.726510165788606,0.2365164205383647,0.010402570850859197,4.5738681389528555,AG
P0002828,VA008,296.95618011971436,38.51929665726822,-78.20766868241157,timber,51.84948941178328,3.0488546162415,0.1368875271860304,0.1402875565197644,4.853506791631108,AG
P0002829,VA008,422.4000581719756,38.72958297612487,-78.12887269399654,timber,49.505076547957664,3.1268862344349384,0.05020206806323926,0.0884586366467167,5.331522219962613,AG
P0002830,VA008,313.87970859622186,38.64032931083596,-78.22815683744487,timber,51.22484078212234,3.289274219534165,0.2779934184445753,0.11028332273770175,4.529851726408457,MIXED
P0002831,VA008,97.37329392329339,38.62653869860011,-78.16855340834123,mixed_ag,41.886816103547,2.8924751559962694,0.16258244782481776,0.13645193722745713,4.666803645274979,AG
P0002832,VA008,87.60238306153505,38.461706941044525,-78.1344125398137,mixed_ag,79.4459534732325,7.613788935634627,0.5625059061748652,0.001138969188063454,4.374611242630705,AG
P0002833,VA008,184.7926262437726,38.51955370865603,-78.26698001775917,cropland,56.088845187513385,6.342687254933872,0.2483268101920659,0.09966129759784793,4.266170764859847,AG
P0002834,VA008,133.27925032700844,38.83478729615215,-78.25071470029026,pasture,60.256103657779654,8.827280597205815,0.06002835871057929,0.04514647314030045,4.958620372332442,AG
P0002835,VA008,338.80358309141405,38.59083858733506,-78.1212319764941,timber,37.44892164040118,2.669339909518329,0.14006180035853555,0.12584072084295042,5.213487841913396,AG
P0002836,VA008,141.28279702788677,38.88754018138883,-78.35559663542408,cropland,53.88077974905801,3.443598706099584,0.21048973571932542,0.015055698041059962,5.3449577574211755,AG
P0002837,VA008,30.84102851563066,38.5472826197895,-78.24356981970524,mixed_ag,61.082121608665965,1.2817529119432625,0.3563640932341879,0.07016807572822521,4.549951848090326,AG
P0002838,VA008,27.528824108543258,38.83373128812954,-78.12076091549768,mixed_ag,77.01574123349597,7.97456446418574,0.05409097331054811,0.058192381866933464,4.1626678756613735,RURAL
P0002839,VA008,124.06402355949629,38.712507597999185,-78.35371702890158,pasture,67.40679410004722,9.418090142056577,0.09791533521871466,0.22730230759290942,4.70595083006077,RURAL
P0002840,VA008,96.60754246101818,38.61868969146325,-78.15230480027547,mixed_ag,47.862922647330436,5.099511871500841,0.11469954753273377,0.02583666243160485,4.507178536905788,AG
P0002841,VA008,287.7610046095037,38.68100602131555,-78.04662671854828,cropland,85.19518633487486,2.35193844510359,0.2321291538488152,0.08660750816339574,4.64434476131337,RURAL
P0002842,VA008,172.37591576285297,38.69093959367044,-78.06550154018723,pasture,63.06247048828764,13.00225932866862,0.08629798986098032,0.020992801512507174,4.960491172458534,AG
P0002843,VA008,141.93571256596,38.68888455494391,-78.36269059642662,cropland,54.286071562468464,3.6100874494717767,0.19812585056113183,0.03759167389725248,4.344206591120011,AG
P0002844,VA008,172.49540781995367,38.68201861073912,-78.33602009025884,timber,42.403914022540334,0.9673923830098878,0.1873620806543413,0.10005974627858984,4.880114343415652,AG
P0002845,VA008,73.06137687374525,38.7832790592304,-78.15804390836414,mixed_ag,64.42116373297993,9.491653270277306,0.23293100486850218,0.055497046304327426,3.8057322022687803,AG
P0002846,VA008,86.61792408036023,38.790125645656595,-78.1539279568462,pasture,84.19078264945429,5.267879537061147,0.018876658651161816,0.2918662467335807,4.09592948172485,RURAL
P0002847,VA008,125.54893138657003,38.72354666261795,-78.12692973885943,timber,78.65605828541217,6.666879248544928,0.4493340589988725,0.011266483137097145,4.826825580735768,AG
P0002848,VA008,157.7562524502779,38.55750413740455,-78.24775922401166,cropland,73.5205820235224,13.958631155985508,0.172880522903045,0.06253102597767443,4.611316307193086,AG
P0002849,VA008,89.8148965927085,38.73389272291796,-78.20133231509806,cropland,80.57436063748162,0.750099288327962,0.1164767181653733,0.21742512939647127,4.608967980027395,AG
P0002850,VA008,295.83454345585704,38.71235902814611,-78.18915992835637,mixed_ag,42.086364344478824,10.333907778615597,0.1269102164544817,0.011284385058023759,5.194140476887968,RURAL
P0002851,VA008,67.72288353277413,38.68930089205332,-78.29968528520294,timber,54.12762903838408,4.936049004991532,0.09356789390507927,0.1772621377768283,5.111502828175971,AG
P0002852,VA008,70.33502280523892,38.72925884524701,-78.13779860585127,cropland,69.52112958388781,5.078196813141741,0.22116788885164892,0.04110233729521626,4.530753749031447,AG
P0002853,VA008,471.6954362452939,38.80974315665817,-78.28424000656771,pasture,77.85079872567643,3.332206679892404,0.09605179838442071,0.019000660024678796,4.515387209696121,AG
P0002854,VA008,151.7845559392838,38.55849375129767,-78.06980465339593,pasture,58.27029253984892,6.365816389081331,0.07464447052467481,0.07853848038084264,4.454195153951979,RURAL
P0002855,VA008,84.40548447316206,38.7593046048058,-78.09191263504889,cropland,65.93561846022247,3.259970914921311,0.03179153579024248,0.22622445803962338,4.504388797942998,AG
P0002856,VA008,131.9662469874054,38.761645443611485,-78.30537543608172,cropland,79.47373452435275,2.971484394176726,0.03583238615279806,0.21352002747484203,3.9549098923074086,AG
P0002857,VA008,87.24575968597537,38.72665798759269,-78.09450607983989,pasture,50.13293886433071,2.3834776733656335,0.12653229477535818,0.1240605908734704,3.860074399998166,AG
P0002858,VA008,63.12161578228739,38.64995934986348,-78.22596937042596,timber,54.7474311986882,1.2518077546555475,0.07644065510212836,0.10964958143235527,5.476779517411858,AG
P0002859,VA008,148.76576880616457,38.637478677057594,-78.12900568561682,timber,46.72595321163391,9.691745650805572,0.1290928242797125,0.016790575420868484,4.69614386806756,AG
P0002860,VA008,167.1111713016088,38.663273234964905,-78.1890856386757,mixed_ag,85.47304336103261,1.4273869562198542,0.07795073849502546,0.09085913363852959,4.5642410998231036,INDUSTRIAL
P0002861,VA008,96.81261740350483,38.39173420689226,-78.19003053132971,timber,53.27130606475285,3.3541722838069914,0.23593313619763567,0.09887800787019303,4.975510784411481,MIXED
P0002862,VA008,63.273408869919166,38.72991609700737,-78.1429658708574,pasture,73.15602889049842,0.6273749910481929,0.05866040346236556,0.3243408752118716,4.3957949778228045,AG
P0002863,VA008,74.5357737387532,38.93824861651906,-78.32541984104648,pasture,63.05101288692362,3.413211238685456,0.10261104215291542,0.22283324765360074,4.971032352883557,MIXED
P0002864,VA008,128.20036378442197,38.579259063111174,-78.203153758231,pasture,79.37741460654914,0.9344108708469627,0.11993756565590834,0.062220396698906895,4.703859968059545,AG
P0002865,VA008,280.54019345251123,38.79037358594152,-78.16011158784839,pasture,91.43808831503269,11.802400819889801,0.23691243573039233,0.04455197292341815,5.416473483183287,AG
P0002866,VA008,112.10434485413414,38.70299978862078,-78.181158676894,cropland,80.05806154912398,2.182002263350398,0.10057600000248691,0.23791833503714652,4.2872181549483175,AG
P0002867,VA008,59.021223698162665,38.896722173849255,-78.14720832351924,timber,75.58792479580488,1.3210541366061967,0.13346173424189622,0.22463627661580315,4.4055144613330235,AG
P0002868,VA008,248.22217444415548,38.84743675337409,-78.17138277984525,mixed_ag,41.31080882681988,0.8652869556483975,0.02773576732100258,0.14813476439376627,4.379820946439404,RURAL
P0002869,VA008,102.96222156556787,38.676955623372926,-78.03984217848202,timber,70.53268668237713,1.893804143029147,0.321074829843002,0.015042256823133945,4.776821435343228,AG
P0002870,VA008,167.82532899035715,38.622102678797,-78.40794641192714,cropland,70.20505442298573,10.214380947308836,0.3673459640377684,0.08672195713310012,5.022809620079668,AG
P0002871,VA008,237.94394161432965,38.61908083880765,-78.24314153426363,timber,54.1666312149117,5.21376511226609,0.1027822587081626,0.044783348092759495,4.803902618859491,MIXED
P0002872,VA008,92.69768709767794,38.62231610112438,-78.16884494392531,mixed_ag,72.926164726984,4.648581618833611,0.09453283627544196,0.029552276648046556,4.837577596785071,MIXED
P0002873,VA008,48.88111237207786,38.73561570633552,-78.21071092788115,timber,76.13383051441713,1.3916311790486766,0.19969140642517325,0.03476311965454798,4.11743485468657,RURAL
P0002874,VA008,74.07497144289891,38.71081063512831,-78.12378863941115,mixed_ag,74.71671956984095,1.5488266613019337,0.041704397479923085,0.07829994573172298,4.333315086483205,AG
P0002875,VA008,117.06350448103937,38.69520170577645,-78.07557569424739,cropland,59.50888798729887,8.536254843123322,0.2785847523315998,0.18789384614275462,4.527655392065407,MIXED
P0002876,VA008,415.00621737485085,38.654698879844055,-78.21169289465942,mixed_ag,48.75798455357611,7.680759104554262,0.26516096016093593,0.1738452835488019,4.773004482879333,INDUSTRIAL
P0002877,VA008,149.74357040109146,38.59860346624932,-78.03414202896712,timber,69.02012525135703,5.528747351168843,0.3745929508732132,0.1934469650729522,4.542438033977906,AG
P0002878,VA008,85.52064198074484,38.58566695131064,-78.3154238347675,mixed_ag,76.12395266780717,4.278848539947233,0.19495987159620765,0.16983148813455318,4.289152265609925,MIXED
P0002879,VA008,290.2286424753858,38.71363685358721,-77.93917901804616,pasture,39.23416404066306,1.9835143184746133,0.1893289394495022,0.30540322819326904,4.189145579324627,INDUSTRIAL
P0002880,VA008,317.30919006596383,38.607580059973,-78.18503935097296,timber,47.15009774439248,2.012144744036435,0.07375814788016553,0.07142074458228288,4.298090844252541,AG
P0002881,VA008,84.14415180862684,38.60261421872504,-78.25620239332183,timber,55.872846134768764,5.582466801155198,0.42185542295053374,0.18659047552962016,4.18053782783352,AG
P0002882,VA008,72.26841816015354,38.62779580999993,-78.16737553337249,pasture,38.75513276856327,1.178213910280111,0.06518149598498824,0.014066645251767219,4.562933581120645,AG
P0002883,VA008,147.41000212548514,38.70370638578685,-78.19799449301973,cropland,87.65571431628774,7.888102446385869,0.46354775338827064,0.05988407214448458,4.620488157211896,RURAL
P0002884,VA008,189.88999742208424,38.49986063834215,-78.09999159173965,timber,86.97948260378377,12.575451111981247,0.12207780112911713,0.04878063869946444,4.372473811386021,RURAL
P0002885,VA008,89.73246495592166,38.62339421222736,-78.1046789802342,mixed_ag,86.52511034976006,8.764638464571844,0.1487731408153384,0.08575327304418338,4.789193785929981,AG
P0002886,VA008,307.3951512982168,38.471181817961636,-78.03395586412846,timber,69.2184080316068,6.085811828855544,0.04048016201523414,0.1053163098627133,4.33972044439204,INDUSTRIAL
P0002887,VA008,41.776270854009645,38.7670905478095,-78.21888821495614,timber,81.35927653833065,3.153478083238637,0.062362516377696825,0.06347798363931055,4.507574434147767,AG
P0002888,VA008,155.61260865108258,38.73951819574367,-78.09410918646708,timber,40.51844478758596,4.880354047196453,0.21701149104011427,0.12336233225784553,4.78489479287919,AG
P0002889,VA008,142.49838902291302,38.73280408498806,-78.12711990715691,timber,59.238436075334405,15.510875097836998,0.30675214377815047,0.08330653165073028,3.659732580676604,INDUSTRIAL
P0002890,VA008,231.51931100772254,38.91668377051665,-78.18497896757927,mixed_ag,66.80519368454915,6.247220611843841,0.03749456471827351,0.005049458487088608,4.559758286994909,RURAL
P0002891,VA008,54.50422232351451,38.7039397848647,-78.13570046084341,pasture,63.43332236398635,2.9714122843793978,0.057891596464272464,0.02632837669754567,4.146647055017096,AG
P0002892,VA008,178.94879466791534,38.58646599438899,-78.23416899942198,timber,13.890788201950699,5.318512756621604,0.19812541680409537,0.03271481059435511,4.516149674045611,MIXED
P0002893,VA008,72.14206810754135,38.64015074869252,-78.38342754584124,cropland,49.67025848256854,2.7752253533645947,0.41292347897866466,0.02653828253635161,4.58219225938472,AG
P0002894,VA008,251.51349978896144,38.691895709331504,-78.1623088997436,pasture,76.25293587455688,7.6869238836022005,0.07918093430274857,0.08462338135127584,4.291287786221878,AG
P0002895,VA008,37.77152130118731,38.75063369092431,-78.06551942867688,timber,69.05580618167886,5.575541074774142,0.039663616881062604,0.06546307735069423,4.932008706478042,AG
P0002896,VA008,203.11444918075574,38.66594309621415,-78.09573855470285,timber,33.3743270018681,9.443834288570244,0.082825463185444,0.017722289737793814,3.887348579111391,AG
P0002897,VA008,112.99890007259077,38.68143242763239,-78.06601914616773,cropland,53.61243749816768,7.494335991438809,0.062399085043158733,0.1398327902456789,4.430538104042745,AG
P0002898,VA008,525.1837893493421,38.66281005219129,-78.05468381492139,timber,58.82704995243811,3.402170333427548,0.17546561295670726,0.023005024838213175,5.231436413749354,AG
P0002899,VA008,200.43210607351273,38.8095634382747,-78.02201767817805,timber,65.24873891513299,7.749369984749682,0.25044296639376806,0.14367974311228415,4.8064492470014955,AG
P0002900,VA008,112.07235365953052,38.641758978118844,-78.0962157742659,cropland,53.10514907793741,6.0026252388415795,0.14758181286773392,0.0786670695357241,3.873456842571424,RURAL
P0002901,VA008,98.97212617385796,38.79028378078593,-78.28497527964137,timber,71.03976706175848,5.297741854039338,0.11275643657084906,0.013184252418072319,4.489226415818577,AG
P0002902,VA008,97.71334335679231,38.76939751795498,-78.07304249221689,mixed_ag,43.50274734285363,3.173581147059626,0.2762108796689924,0.035955413874145754,5.107123956129091,AG
P0002903,VA008,35.74521648570821,38.59040404376673,-78.12011413622795,cropland,69.29418744463644,4.647594456849441,0.04814191890191265,0.08547277733769575,4.010033813416683,RURAL
P0002904,VA008,264.4662340852727,38.7063448161131,-78.08320004963426,cropland,66.01582934264418,13.704157601600162,0.11624709618418043,0.0036700827472810897,4.401988046263955,AG
P0002905,VA008,191.64763501275254,38.561268905704615,-78.1080272686435,cropland,71.2563712228798,4.101934600871118,0.06329562900138049,0.04960177416862928,4.149915843976581,AG
P0002906,VA008,45.3217471295344,38.707482381297694,-78.05617994094548,mixed_ag,74.81027658398594,11.962260199145355,0.08475918931541078,0.09529406070902274,4.55751286824521,AG
P0002907,VA008,704.3874648760335,38.61007120961437,-78.17716249455302,cropland,37.72621135705265,1.9234057696288123,0.07437178960981423,0.10352578835455396,4.451815255768675,AG
P0002908,VA008,49.44387347756959,38.65965412364557,-77.95924302107994,timber,44.0042091903215,1.6448365450865001,0.18144365703787063,0.27234585889557367,4.236105154549113,RURAL
P0002909,VA008,120.56776303696489,38.68713646520693,-78.24092283102901,mixed_ag,68.28219531143505,0.49152927148056624,0.04176755025106002,0.051340726460939436,4.4377547312227295,AG
P0002910,VA008,707.6212814011903,38.72030193061215,-77.99780341597143,pasture,63.53947705624488,0.061063410538680044,0.14776858914233693,0.02695327106265824,4.501902692449771,MIXED
P0002911,VA008,79.78560911310088,38.595601264487456,-78.21225577899834,timber,53.754716741593676,1.4078749162350699,0.126438835281069,0.02930075481143285,3.626738818229343,AG
P0002912,VA008,231.72024750288242,38.78046841176525,-78.25647995257074,mixed_ag,73.4902059206262,6.253140990389604,0.07175784451752819,0.07064430152980589,4.720774953380325,AG
P0002913,VA008,126.1288615819631,38.83057535510613,-78.12380476351704,cropland,77.1721485580434,1.8491651692697748,0.046771385113425275,0.04000938743569812,4.169315685423563,RURAL
P0002914,VA008,49.04385970534334,38.6238233152583,-78.29067904157668,cropland,43.25446748229236,1.397683731542688,0.2783118101198397,0.040296508066575365,4.3155758683103205,RURAL
P0002915,VA008,72.47061796927221,38.65443082248523,-78.0134375804982,mixed_ag,74.21180037469907,2.698479687704736,0.07276835685681,0.3503398356215228,4.824396419196484,AG
P0002916,VA008,105.56034536660324,38.534594975973796,-78.29240497489714,cropland,40.59080106255233,1.0257789851105432,0.022575924535479415,0.024561051783061432,4.990840149070621,AG
P0002917,VA008,110.89056359740391,38.70063703201756,-78.12432783748918,mixed_ag,40.515692923221955,7.830692247362958,0.03848296258160873,0.03905936937832251,4.738118703710392,AG
P0002918,VA008,122.61278557183206,38.72834344150833,-78.1737447424215,timber,43.5739739236478,9.594054438291689,0.02055589273742148,0.11830474840783138,4.295278307069464,MIXED
P0002919,VA008,92.26459641949877,38.88853900365671,-78.26640378019127,timber,58.94483943187181,11.401874828431636,0.04213799170587306,0.014927588538345304,4.88303494153406,AG
P0002920,VA008,265.0118198641302,38.71331509211083,-78.21235376471894,timber,51.87410008762286,11.397674475216428,0.0984841271693144,0.32642468297032884,4.863389599199305,INDUSTRIAL
P0002921,VA008,130.69295819482423,38.62061565875139,-78.1644085848215,timber,30.420901383518476,1.9773136158675586,0.07449112392369335,0.036003067848530884,5.142232541849323,AG
P0002922,VA008,69.27730884362904,38.72788917276242,-78.16489038571069,mixed_ag,91.76025723497605,2.092959271028849,0.20561064937840823,0.12312101489624924,4.736954577135082,RURAL
P0002923,VA008,75.65827953468296,38.50146897761993,-78.19600070205736,timber,25.437033715214156,4.772374619706205,0.07637287744637584,0.13030230072709545,4.631500056347583,RURAL
P0002924,VA008,85.26059626785194,38.72755291811545,-78.11500552965114,cropland,52.657032629463146,3.3256533953235463,0.021068834292401167,0.21054379291768574,4.907422316205932,AG
P0002925,VA008,83.91405918244526,38.64447501267639,-78.12194864756466,cropland,42.2457886228955,3.0548171982211763,0.18308973909248252,0.0667322246963322,4.211250689676356,AG
P0002926,VA008,25.95845635821924,38.72857043810878,-78.20196984956436,mixed_ag,74.83260715736856,1.2643159943013427,0.08980399027687744,0.08091959398301754,3.95463313867348,RURAL
P0002927,VA008,52.95882051523212,38.9703653008123,-78.26037795031827,cropland,23.444428723451104,1.6371965693579713,0.19614991404829207,0.0320151167617514,4.21210843265683,RURAL
P0002928,VA008,162.97518695484857,38.66497241292476,-78.05784555239649,mixed_ag,70.35609616619236,7.245418916167341,0.016055506642579633,0.03316027655177871,4.655041154485636,AG
P0002929,VA008,209.86715201023497,38.626843311345006,-78.03495626481552,mixed_ag,90.64578094135179,7.070706359232978,0.02247516943844834,0.057037162801922246,4.436312468098129,MIXED
P0002930,VA008,210.02393891211588,38.647190945443505,-77.9999751718166,cropland,53.46853288176543,1.2564722672753712,0.08235398741541562,0.30660013080419407,4.317872928230794,AG
P0002931,VA008,109.49431052272996,38.908405589710355,-77.95421043423153,timber,44.8304334888713,1.270152314866124,0.09673897284416128,0.08470943749563689,4.677919774951944,MIXED
P0002932,VA008,34.85493560062218,38.7006697926974,-78.19620543840108,pasture,59.40932450322466,9.122792232820975,0.22134829358665617,0.101421980143864,4.7345715372975,AG
P0002933,VA008,130.23892257779465,38.759547508549886,-78.13975654408074,timber,61.04787943916384,3.959586292595655,0.11030245695049848,0.07062008771698212,4.805742943283168,MIXED
P0002934,VA008,173.965936840978,38.62716264060731,-78.35901502699943,timber,89.80797169657961,5.0810608315397845,0.2466974313856015,0.13413896191365604,5.0533779041108655,MIXED
P0002935,VA008,32.97399275343998,38.70125941118586,-78.22565473562369,mixed_ag,52.36775921425025,4.3665668545028735,0.11493466315057962,0.11740416953599302,4.239701290100867,AG
P0002936,VA008,136.0258776546817,38.65802731011244,-78.08529165274182,cropland,66.90426452507198,6.423434740412484,0.026788404031950725,0.09558382332173677,4.219058418262865,INDUSTRIAL
P0002937,VA008,92.1855627381239,38.644667755398096,-78.15211324643809,cropland,100.0,2.502455446909264,0.4338181616489452,0.0021795804303410935,4.311540065742259,MIXED
P0002938,VA008,105.30009320000433,38.59462989268674,-78.1210793706628,timber,24.26043486595566,5.318025425508138,0.04891138259665217,0.07176884938112049,4.765979511173546,RURAL
P0002939,VA008,132.61497324567958,38.65376458668377,-78.33235340919019,timber,62.29890645250399,3.128566172539831,0.261728430764185,0.13904507782354447,4.737183200355545,AG
P0002940,VA008,102.36646627898254,38.60070051000265,-77.94427936010847,timber,53.08836066371774,2.98548995238034,0.2501773197219391,0.047563059833717496,4.442035758747499,AG
P0002941,VA008,66.98600814080578,38.902192358169685,-78.05907311805727,cropland,58.342738715661525,7.4200247770643335,0.13330465548726667,0.0864237653927257,4.408504441111951,RURAL
P0002942,VA008,217.55210515476486,38.80453428078524,-77.93341669765488,timber,66.75063505317458,7.807438483354538,0.15593006455458233,0.04456659904356981,4.7884407794553026,INDUSTRIAL
P0002943,VA008,182.8485500617705,38.698938348458526,-78.05941896136326,cropland,55.962284485636474,4.293982376426635,0.15047847908596515,0.17574517173331197,4.876053552745725,AG
P0002944,VA008,205.30497467786094,38.79183473816471,-78.12055995610856,cropland,84.72588895146247,3.3616809306374735,0.2045033189082224,0.13015851171172377,3.9822641250371884,RURAL
P0002945,VA008,154.63620244843267,38.65125310089256,-78.08970480826144,pasture,32.65889096928896,9.3522097690489,0.16862944106848485,0.18590308135733255,5.018132668139097,INDUSTRIAL
P0002946,VA008,223.44949185761843,38.88601325027533,-78.06756550015572,cropland,66.30623345594641,3.1449145348004466,0.06084869201691943,0.09284693402396846,4.786386723593614,AG
P0002947,VA008,42.02715723636845,38.67946332030283,-78.2018083604467,timber,58.75814224506192,9.785598059040082,0.2724488231604849,0.1963810469373424,4.796386520631156,AG
P0002948,VA008,146.4486127320159,38.619268114273595,-78.33528368033629,timber,74.7404715309934,4.039439268194168,0.07451147760231172,0.10104609492910265,4.658318465466537,MIXED
P0002949,VA008,231.827612821599,38.75473462863965,-78.05558567777935,timber,69.80487594141826,4.9879572272818535,0.045465719963821746,0.01359516553492307,4.257735960539218,AG
P0002950,VA008,102.64507146587601,38.84517094129331,-78.21311910340086,pasture,60.81427801644958,3.0375674095103973,0.01808892954787291,0.0479538301131101,4.294378803614694,AG
P0002951,VA008,87.38982976730759,38.70669834108066,-78.17628272481953,timber,75.17036712882887,2.8487096844280027,0.3451610119936809,0.013594545650418921,4.86267189546388,AG
P0002952,VA008,139.59013272039547,38.79490277735208,-78.21712053591808,mixed_ag,60.37022307717794,3.7756810956356257,0.09861276323478399,0.1250185610679182,4.994380944848954,AG
P0002953,VA008,446.4166980310959,38.64577513544362,-78.08058327757861,cropland,55.43232684350523,2.4967902459084916,0.31015446152922005,0.03907340338081499,4.886219704898313,RURAL
P0002954,VA008,172.92786600929634,38.83813349538581,-78.11333414315504,cropland,83.82420278798057,2.3360129472506874,0.08169964507393794,0.11540516944605513,4.563519347837558,MIXED
P0002955,VA008,158.37909048735924,38.8350299442649,-78.24388490955661,timber,74.23613652466413,9.81406245403243,0.018771394685556497,0.1454278516580305,4.765150000018044,AG
P0002956,VA008,145.3186174675888,38.66591376847052,-78.18571363977458,pasture,74.19934868041324,1.6311642146012064,0.03638266701774669,0.10342189913904792,5.231627355372617,AG
P0002957,VA008,204.14117355129548,38.63324974303614,-78.13998921167551,mixed_ag,36.473689691522544,2.8992892058480653,0.26546130432453796,0.04852427741582516,4.496546541208015,MIXED
P0002958,VA008,43.50242392841278,38.637963829133334,-78.24005858577793,cropland,69.53807103211088,1.6489356928927703,0.1559512132675646,0.09877017091678106,5.216981562147727,AG
P0002959,VA008,34.22043606625437,38.799165360349726,-78.1083659827945,mixed_ag,55.08710549978913,1.9012259727287515,0.5549285762592707,0.08593492569859733,4.461103104665762,AG
P0002960,VA008,147.38218448542509,38.56797026053049,-78.23230373953925,timber,69.81499117302708,10.44617963544512,0.1292292987881744,0.23252471765474347,5.041294797974356,RURAL
P0002961,VA008,113.7016177652939,38.78224985767531,-78.24659850947498,timber,34.263777368643616,1.542688292656869,0.4318137261789202,0.014899085326384082,4.811630406423168,MIXED
P0002962,VA008,125.27488563018346,38.78921359484178,-78.17292657003672,cropland,95.53004690060041,1.3038784257312868,0.03207800407907423,0.008302392580908096,4.217236026915607,INDUSTRIAL
P0002963,VA008,82.6581099245464,38.60648147183845,-78.21145532453541,timber,71.25709560170084,2.794268430343833,0.1393698732619256,0.10853261676665538,4.633496260730348,AG
P0002964,VA008,391.10119992389417,38.61442402037138,-78.15332927943098,mixed_ag,59.87333184635666,4.97925229746064,0.008264113545267963,0.11530777019836082,4.901973093584964,RURAL
P0002965,VA008,919.9692003180327,38.62496509990867,-78.1674030480226,cropland,61.36227600390255,1.7058262431906028,0.07803101594530548,0.03541732445305009,4.79533433544152,RURAL
P0002966,VA008,77.37901810529036,38.6817951718041,-78.06700787664369,cropland,60.24349877510646,0.39406903105820057,0.015547321499661763,0.12401720916305714,5.319649794865689,RURAL
P0002967,VA008,26.778022430487425,38.70855580793698,-78.20297647306037,timber,88.51433355827675,5.474665942413159,0.11364229405031125,0.1482089538941278,4.425758606524639,AG
P0002968,VA008,51.040787051398326,38.773533416039356,-78.02090762692738,mixed_ag,58.24194002909866,1.603039805690526,0.05758621580458895,0.008243090961862673,4.32744668229521,AG
P0002969,VA008,159.34699231642503,38.61360967403817,-78.06061357898706,cropland,85.04722441572079,4.007922074634224,0.09722829661715895,0.15559181441086078,4.763230133578622,RURAL
P0002970,VA008,181.09236309134712,38.61353083572423,-78.0681882993614,mixed_ag,83.94883444849671,10.101872183046883,0.10636222754077714,0.11468349737687948,4.632511508113388,AG
P0002971,VA008,61.332137445523806,38.44488104677392,-78.04545615185984,cropland,69.810504991243,4.777933313592971,0.1265730598796272,0.21687411071418916,4.431507000890338,AG
P0002972,VA008,209.1754142296488,38.67222061031787,-78.09271927297645,pasture,56.3344405616635,2.076927121026219,0.0775223337736742,0.09833515038567582,4.588209896086157,INDUSTRIAL
P0002973,VA008,101.56758725123402,38.55722647515376,-78.08358187592582,mixed_ag,61.33835132732391,2.2389075217119374,0.06128205579110485,0.17713955821957522,4.893358627812626,RURAL
P0002974,VA008,99.9889182663588,38.84980288461171,-78.19274225116162,timber,58.970787828044045,8.668509430928767,0.3621145578277368,0.08373242991528176,4.49069550788508,AG
P0002975,VA008,23.875236969347693,38.41884488354188,-77.98646544217226,pasture,58.920163207771786,0.9574552059622999,0.0943977560403253,0.0033751630337407633,5.014674142537025,AG
P0002976,VA008,91.17283294448474,38.747077717594735,-78.27803045462127,pasture,60.96308672164222,9.917399280135124,0.097797231481467,0.03409708568742291,4.608108706958047,AG
P0002977,VA008,81.0381223649389,38.8529622850331,-78.26252956040129,mixed_ag,84.13705251329105,3.736050769404691,0.3428432304469918,0.2598732191676644,4.549461504882496,RURAL
P0002978,VA008,86.84063601289832,38.731750564591096,-78.21361352207664,pasture,78.18457610069888,3.5704768897775985,0.23024882221886556,0.016438846336111264,4.73874308393001,RURAL
P0002979,VA008,242.04549246707555,38.90054907190931,-78.10251738425723,timber,76.1508423517983,1.6273908803950519,0.03522530276046553,0.0410912515646296,5.206269889811573,RURAL
P0002980,VA008,208.23121052282653,38.549959807706095,-78.28869778839352,mixed_ag,69.62090230623501,15.645162320851412,0.1671158882184963,0.08863941750218249,4.72767569316099,INDUSTRIAL
P0002981,VA008,77.6065629371266,38.77441037649981,-78.071981711199,mixed_ag,73.74348680969635,1.4621764844137695,0.17606175199109275,0.21100643124462964,4.91166635174794,RURAL
P0002982,VA008,73.27291945132724,38.57290724766775,-78.18822795061162,pasture,45.71613941147313,6.345127874697491,0.11111694871846306,0.14740428658631335,3.932835382675366,INDUSTRIAL
P0002983,VA008,67.99707243250865,38.75294406117758,-78.19948739697999,pasture,54.01924391573825,5.81622877467629,0.10746540464693718,0.11362510268601264,4.512916936830684,AG
P0002984,VA008,96.91458456545176,38.71852882359853,-78.1738747469203,timber,54.19034320044342,1.652252637987114,0.20814606297686825,0.31408138775292715,4.605400163680917,AG
P0002985,VA008,257.44507094079336,38.6577453957368,-78.12029385456792,cropland,100.0,3.7480942161583926,0.11378648978506868,0.0942521858183142,3.941275154338559,AG
P0002986,VA008,73.75488395243485,38.9035496238226,-78.20723210943282,cropland,82.16547220554507,3.4220346707463762,0.0606957600503521,0.09297582769824841,4.330649906556401,AG
P0002987,VA008,139.63193746957353,38.72195799296569,-78.20210754496046,pasture,67.40508780443743,1.1519796623533,0.08817564959479826,0.06729063903337452,4.617996053210078,RURAL
P0002988,VA008,350.27667197475023,38.65710713799053,-78.24439065739989,timber,58.311187623750214,1.618615819404363,0.07542440558069134,0.07208932245477746,4.190612947659478,MIXED
P0002989,VA008,73.00563086200012,38.72063567208964,-78.4321845890754,timber,38.26410387559136,4.159160719956382,0.270601029471234,0.2451734444397098,4.189377866545708,AG
P0002990,VA008,37.07190586353195,38.56457196800201,-78.00044670321608,cropland,62.36735595390143,2.4567157505905697,0.14746578687782197,0.034279244899333185,4.5615347466167595,AG
P0002991,VA008,160.00738529026765,38.630024208613996,-78.26971541194315,pasture,76.81570791290004,2.537559910845235,0.11775379444411002,0.08809522324627499,5.085398365887505,AG
P0002992,VA008,131.64655773835523,38.675989886641894,-78.15149725038442,cropland,62.70521884726075,3.297534134236284,0.2316817478903508,0.034884212287644226,4.523578208593456,AG
P0002993,VA008,293.59005967096266,38.68705909881702,-78.17853977196552,pasture,66.96509021531361,3.5374023077243772,0.34821240514943186,0.024685156358839017,4.169152852779801,AG
P0002994,VA008,97.95949770736009,38.59293222799034,-78.19728370967115,cropland,71.86367299960051,9.465552058048383,0.11852574123770548,0.05621654979864252,4.827447643853293,AG
P0002995,VA008,368.0590493972507,38.565435152239395,-78.04170806629683,pasture,63.15935393724968,5.702396096167934,0.27372564313819775,0.13333033084225354,4.476230035351608,RURAL
P0002996,VA008,146.5795083905712,38.61236614081985,-78.01369750797475,cropland,44.1103616648684,1.4865758012922925,0.2050001672907573,0.012328057258621242,4.70736229490895,AG
P0002997,VA008,324.7995882712799,38.874107709019626,-78.19974176866606,cropland,77.27688167547127,5.231489131608544,0.010764202016680302,0.01176562066832768,4.47598463825823,AG
P0002998,VA008,505.2125301265094,38.53279870104833,-78.24247895094226,cropland,66.94452684206107,8.732134208010573,0.07005505637351149,0.12195828458733338,4.9112079250334455,AG
P0002999,VA008,124.81735071846414,38.72359534643449,-78.11117106828625,mixed_ag,73.75965706589,1.2997978874204823,0.2586774905920093,0.0764534116385215,4.610638195834409,AG
P0003000,VA008,186.67249300086908,38.7236971653335,-78.25685454806477,timber,72.65378315578819,5.668169101906376,0.10858185932367612,0.09378163850929382,4.964236186504129,MIXED
P0003001,VA008,163.14178522865154,38.72378613407887,-78.37984691976871,cropland,71.53244631669338,9.552283706410872,0.02512168930957719,0.0018329293949097803,3.8409908662713335,INDUSTRIAL
P0003002,VA008,59.709547863379576,38.7430830221812,-78.11200703727886,timber,59.459380679161754,4.232472488818695,0.29925785741412086,0.10831774254593957,5.030727903201655,AG
P0003003,VA008,223.8137755301953,38.69502335594458,-78.21623023512956,pasture,69.03909772002221,7.398132426791691,0.2243566515077464,0.007795861043453093,4.586105308715531,RURAL
P0003004,VA008,84.07501469211061,38.853703287040716,-78.0150517102686,cropland,65.90341740929537,3.4897742933836207,0.054038597572110436,0.07189320470685323,4.901770681856805,AG
P0003005,VA008,67.66411568911117,38.64476372031905,-78.13570937973782,pasture,85.46524693632722,8.477345897520319,0.40707359100340307,0.21779574995380246,4.326543381789542,AG
P0003006,VA008,76.21920227022811,38.62727730434464,-78.21201142271396,pasture,76.41856605629066,4.5498089088475,0.3916391598263527,0.07131489864000275,4.901189292164909,AG
P0003007,VA008,156.81917797008566,38.64047846258724,-78.26284313659883,mixed_ag,57.125613641657296,5.6049678313720905,0.11677064323022815,0.008022751995512138,3.887719522821837,AG
P0003008,VA008,457.79728373813373,38.68778101425977,-78.30362133509996,mixed_ag,65.15206538148473,5.789678579889017,0.362686915718649,0.08850610084228663,4.177542824617953,MIXED
P0003009,VA008,184.48798663849868,38.51748061911345,-78.24935129868179,timber,79.62825376728021,12.510333445790021,0.04600720841550485,0.0077271397273587904,4.770222317172777,MIXED
P0003010,VA008,137.04822803599666,38.57289130637649,-78.23870111124448,cropland,73.81039651845933,7.373803953001296,0.19782263000183298,0.17316160223384963,5.0670669664647345,MIXED
P0003011,VA008,111.30826765129899,38.56221360046539,-78.10571696468371,timber,62.323992284074436,2.773833645832877,0.10459563974911386,0.11036779230648851,4.950384320709279,AG
P0003012,VA008,45.47468363931803,38.760739075948415,-78.02321475836435,timber,28.79736390886027,5.080903411525515,0.19522223811281364,0.145551834194592,4.398638563734613,AG
P0003013,VA008,24.58627840735889,38.77453165195172,-78.1714046313833,timber,77.69577960681254,30.0,0.11041533952192575,0.08946768252711736,5.049662960250929,MIXED
P0003014,VA008,110.0309789915989,38.86115005114781,-78.06318739178779,pasture,72.08474526321002,1.5501154647097495,0.1980847882188571,0.016371311702811347,4.40353644414001,INDUSTRIAL
P0003015,VA008,106.11997531470666,38.853806350338324,-78.31934505287433,pasture,90.01537431676984,8.121010527697068,0.22477792277741032,0.01010784020270812,4.607903259320929,AG
P0003016,VA008,39.87389285122383,38.5991729434084,-78.12954780856373,mixed_ag,65.25075269483983,4.252832147507609,0.056900981346111636,0.09980044854140889,4.7379697912047405,MIXED
P0003017,VA008,115.0365590746424,38.71670657190432,-78.07578826841947,mixed_ag,66.56395991954834,3.1257180995572043,0.16247112311876616,0.030622431706877087,4.638834594940164,MIXED
P0003018,VA008,1189.5838743207373,38.734744735686355,-78.06919375206162,pasture,74.7190651221502,0.815473946684776,0.004030391955593084,0.048553965812353946,4.7641121885047735,AG
P0003019,VA008,580.0424936862333,38.67604594282041,-77.99062309066883,mixed_ag,99.89694139117307,2.5262460854470796,0.11088683087981745,0.05581240146431495,4.22537802060263,MIXED
P0003020,VA008,70.52531411833748,38.7765992600158,-78.08623963041883,cropland,48.720818167465566,6.200199166882988,0.2966588761202232,0.17172684828529022,4.517484124855205,RURAL
P0003021,VA008,87.72357929666846,38.70524647798331,-78.2666392841762,pasture,37.70135474905406,3.910555393620259,0.19647304759371498,0.11341305185578908,4.57205181019971,AG
P0003022,VA008,212.72894786713567,38.70287789858392,-78.20719200196501,cropland,83.48037154668762,7.94525230860668,0.23500684571823416,0.278312832581207,4.207022348543812,MIXED
P0003023,VA008,68.26160952014472,38.59699919918294,-78.12418875309886,pasture,53.07973682692841,5.407728897068034,0.15942850624389843,0.040776929657879185,4.688070806219276,MIXED
P0003024,VA008,79.34251792076684,38.68943812607091,-78.15926729051131,cropland,79.46952205622685,0.9957737721146656,0.07934290575031507,0.05984013451397362,4.547425860613854,AG
P0003025,VA008,209.71312968983923,38.70539359673478,-78.24641955160862,pasture,71.92953016995757,1.4448510127372893,0.18793941590978605,0.23177610674309387,4.8780990720288955,AG
P0003026,VA008,103.62387740485481,38.629185186106774,-78.14261387876822,timber,63.807104009827185,4.608190639011211,0.19911039196649932,0.22775375415976615,5.329392837715161,RURAL
P0003027,VA008,135.69676956802505,38.69448011821069,-78.35659893369098,cropland,80.24411063692085,6.0587345707539075,0.1770451303814286,0.136533054990439,4.530602667880825,AG
P0003028,VA008,91.17234577839238,38.85971512515188,-78.15281547322739,pasture,96.29289706551035,7.48645489652573,0.02067626582338573,0.0607023207747505,4.645053355112935,AG
P0003029,VA008,148.92397448198292,38.734439167781645,-78.14479993285813,timber,48.05894727777132,0.855990245492576,0.1522777764604276,0.08634488391819217,5.089142265496663,AG
P0003030,VA008,229.94566771601063,38.82544346308362,-78.25373794053604,mixed_ag,67.85498151235622,8.68844152226026,0.1476058665745572,0.3097436018623245,4.952224880967338,MIXED
P0003031,VA008,98.53933845058366,38.59235406912233,-78.55067876095643,timber,60.41796159819697,3.29825234399842,0.25349731708666423,0.025855869396056778,4.403000097002572,AG
P0003032,VA008,33.17668674667985,38.650925208297984,-78.15891314023659,timber,73.41582037234969,14.433181697754058,0.19717525082240311,0.07883378659330154,4.164687293022764,AG
P0003033,VA008,44.3384340467619,38.68318905563767,-78.27689491024212,pasture,53.52606502190541,6.992438365230025,0.26178395385898606,0.0025501657996871868,4.795561934674805,AG
P0003034,VA008,257.2848076641554,38.72015272481889,-78.30081190836619,pasture,49.88882135578565,4.627556997074336,0.08131682617767395,0.25057060437506823,4.404300962236253,AG
P0003035,VA008,106.04311740090031,38.67888228250805,-78.08599631592571,pasture,67.60330664609731,8.919058449436392,0.12337185565847633,0.1275037951237086,4.624842662862741,AG
P0003036,VA008,183.76190646981732,38.66175285203879,-78.1727585006121,mixed_ag,45.87895558489119,4.337383920762883,0.08213206948773615,0.19192704117685386,4.448049896447598,INDUSTRIAL
P0003037,VA008,117.72717335424898,38.76070980799468,-78.09589795953198,cropland,57.30992697420671,3.179691810205622,0.16097150855710513,0.11450773078383955,4.010898888041256,MIXED
P0003038,VA008,263.1938690565367,38.731509278011615,-78.14033171722129,cropland,60.72431180178905,0.26478375002599286,0.11332150096858719,0.17339214238856335,4.15303682554778,AG
P0003039,VA008,71.0705851578966,38.691375187415,-78.13925720168541,timber,49.163939698096854,8.416539323693327,0.11866933637454738,0.3392085943882016,4.202601069427329,AG
P0003040,VA008,122.21126188125237,38.67969848018744,-78.24290808080397,timber,59.27187045713197,2.795277062939596,0.1601906994433797,0.06414974926098654,4.228392882703685,RURAL
P0003041,VA008,135.83084359299016,38.46313736273795,-78.11794783041424,timber,78.35854488646167,9.11251026484576,0.3243264781060722,0.0879858521022655,4.71923519604258,AG
P0003042,VA008,144.88936408533482,38.653515703594145,-77.9845317304534,timber,89.9957923664158,1.0523990072550675,0.2750260489769105,0.22442656932525065,4.473148973020323,RURAL
P0003043,VA008,132.2481799577967,38.645977927891515,-78.0016045622627,pasture,44.412968440847564,3.4215478459229294,0.12205520366838973,0.058162157925034326,4.624962032139873,RURAL
P0003044,VA008,72.1876171438176,38.92079217154386,-78.34797727716887,timber,65.3894893019213,2.479958656416696,0.14537962132663731,0.053203669242669734,5.148886662418192,AG
P0003045,VA008,93.15146448806901,38.778757211356286,-78.18700490488762,mixed_ag,67.82044573455934,5.259715856858197,0.30990689897913715,0.009182933215875,4.7924396365755575,AG
P0003046,VA008,212.52884325633502,38.67120955132824,-78.08981960933764,timber,44.04120356261946,4.452513252156309,0.09445145136617154,0.43159423604987107,4.606911268833163,INDUSTRIAL
P0003047,VA008,84.37639685073346,38.59595526158593,-78.24002974511437,cropland,57.528157983398295,1.5821180828097905,0.1282224497637131,0.060332086458665,5.361230142874403,RURAL
P0003048,VA008,206.67842924859764,38.590010035158286,-78.21901610396314,pasture,29.545461060638956,7.190830983386867,0.027215893087193598,0.10069333386570968,4.678232219766088,RURAL
P0003049,VA008,15.490374462102952,38.76975729068246,-78.31036571013986,timber,87.76638552037811,3.4282416914135854,0.3513311084919101,0.2752634916339169,4.961744245624265,INDUSTRIAL
P0003050,VA008,97.16440595752638,38.699905015309334,-78.37526675235682,mixed_ag,79.16306914770668,5.610711557282495,0.06625815942409956,0.18496758696253668,4.482225084865771,AG
P0003051,VA008,85.50211927475053,38.72695498313519,-78.21962764293124,timber,63.50603544728838,15.028375141301114,0.2674853081298232,0.13391012727209742,4.73954410543199,INDUSTRIAL
P0003052,VA008,104.89145971311818,38.5512625091259,-78.10996089703556,timber,79.41792144519475,4.670246665280323,0.100677767753498,0.0061317376983068194,4.456610771174115,INDUSTRIAL
P0003053,VA008,130.4778891539423,38.84066642277805,-78.17663684661768,cropland,54.73220125727561,13.149842083342097,0.2032805713754741,0.1346482233420457,4.486351147280881,INDUSTRIAL
P0003054,VA008,253.45735223946593,38.714313162150894,-78.12078597825273,timber,43.81961369418733,7.710106312453603,0.08627521705825665,0.01196335149517396,4.851112159095326,RURAL
P0003055,VA008,103.45818342526897,38.64863119891823,-78.1711055639783,timber,89.18897448874492,2.850471309977665,0.16289557517478104,0.02082865300082467,4.891037760926552,AG
P0003056,VA008,417.7126324279597,38.673206536964294,-78.22974249968557,pasture,51.13695895181813,6.522288807480158,0.12467936796099685,0.06552398460463746,4.714236187166987,RURAL
P0003057,VA008,133.136550410576,38.66511053104789,-78.26866588962943,mixed_ag,60.40871672133657,4.218683483393331,0.24231646186254818,0.04120472894330446,4.921462653137047,AG
P0003058,VA008,305.76987655233904,38.69522180006076,-78.25111133632501,cropland,60.22173898773377,0.9041679390485966,0.023436072673654867,0.19775285055659167,4.331630940567538,RURAL
P0003059,VA008,180.11777223507542,38.604940247554126,-78.19006435971258,mixed_ag,84.96092750350178,1.3552348150405822,0.3242621845072856,0.08562051173140998,4.11619833306831,RURAL
P0003060,VA008,79.81704445896688,38.498749167106155,-78.02875623709471,cropland,60.512406649557185,1.9399964885998775,0.1721260908704206,0.09081497194192614,4.7498683796462595,AG
P0003061,VA008,75.86081739626414,38.77271930607273,-78.12302950016912,timber,82.04158500545165,8.72733110841582,0.0248502441721525,0.22335612473396343,4.071074678039604,AG
P0003062,VA008,79.25265859569839,38.62033501200112,-78.10202835185905,timber,36.57291402602566,7.520681983731983,0.21699427762195758,0.1166891250801813,4.718878184294834,AG
P0003063,VA008,312.4015042117242,38.64095742977963,-78.26236480208,timber,63.45958793620885,2.16709612298392,0.09297739686410487,0.11007928223822513,4.70668125126209,AG
P0003064,VA008,100.09236448944904,38.535627694314094,-78.23570045654878,cropland,56.08865931992169,9.266659146504058,0.06316687331686988,0.15017486546243736,5.180822256098019,MIXED
P0003065,VA008,273.0829854182093,38.64853790720144,-78.13095689134218,mixed_ag,44.38327950385747,7.650689545717167,0.061664178570760245,0.04678985205125251,4.843363398985063,AG
P0003066,VA008,98.33359811790359,38.769311361472205,-78.22554072040606,cropland,41.94834176376797,12.256969006306157,0.29534949615504713,0.02333635236030981,4.4582281137517255,AG
P0003067,VA008,41.01520786900551,38.88234174359506,-78.22034722412288,mixed_ag,19.583424579420956,3.941919531378958,0.15757258576219366,0.008947118918474035,4.562728510281459,AG
P0003068,VA008,150.39050678615538,38.68730349359236,-78.25439899278307,mixed_ag,65.9862426332201,2.493383282152765,0.053683036285678505,0.0040939089286567195,4.526772245788798,AG
P0003069,VA008,239.8428641859876,38.59224150150332,-77.94770781482308,cropland,46.62579591620912,12.007158646814439,0.08769101661639604,0.13259928676091956,4.247431490624159,AG
P0003070,VA008,90.32932317989794,38.69945425343338,-78.11911394798373,cropland,58.46322359505426,1.985053206952629,0.11837990696038242,0.08484704198731925,5.028936242327803,RURAL
P0003071,VA008,152.44676037671485,38.74782347326279,-78.33498201872386,pasture,56.57954575450607,13.791043838789275,0.3733357637934575,0.05589265710768734,4.5497673228859865,MIXED
P0003072,VA008,179.53446150198033,38.62432091548236,-77.98275268708613,cropland,80.44993228324904,1.2769723675048832,0.1985022820129119,0.1202300328955832,4.575934060609638,AG
P0003073,VA008,441.8048250188129,38.55576022540872,-78.03547257575183,mixed_ag,69.86980204353286,10.265721998744837,0.06610328052881928,0.035552552781884655,4.833929219580562,RURAL
P0003074,VA008,249.10581442565774,38.97511017727669,-78.11891709730106,pasture,67.75707908113874,3.331115434844797,0.21187961207824482,0.12856432450105468,4.429886193753889,AG
P0003075,VA008,264.9264998096225,38.594787033057564,-78.16308534953261,pasture,41.54791642555203,7.210888028869999,0.1644947773129334,0.10662969274539377,4.983706684434776,RURAL
P0003076,VA008,62.23758078458914,38.895030317356905,-78.11605910346789,timber,80.27287312487437,5.470594339126551,0.05579726365921675,0.1397076786586564,4.371495849209505,AG
P0003077,VA008,54.723537646608754,38.799747857369006,-78.16467523423344,mixed_ag,71.499474943405,3.4431615440045733,0.5136085254748578,0.11229556457961488,4.892461638583706,RURAL
P0003078,VA008,75.16378714729801,38.65798881688151,-78.30110920398052,cropland,60.44316284940484,6.13444531965693,0.1943734579722822,0.04682192814024748,3.90380308236045,AG
P0003079,VA008,261.29546753960705,38.679676641512685,-78.16199176137744,timber,72.31059785219415,11.316010413769588,0.27001546879399846,0.08522571985781227,4.38509846560233,RURAL
P0003080,VA008,120.10694482679278,38.82833899149931,-78.17935808986968,timber,65.83976359344909,11.93697998345799,0.3561817612510501,0.013857758128989721,4.724709821099,AG
P0003081,VA008,701.5382281110328,38.70992488353743,-78.1487493474967,cropland,64.606356616901,9.874926032507435,0.19820330746415663,0.03556104835209561,4.0498632868196225,MIXED
P0003082,VA008,163.05229235881538,38.729805785349924,-78.07217488359346,mixed_ag,67.48913532920182,3.709202932405054,0.11209696357428683,0.01781738197562105,3.9524533617915916,MIXED
P0003083,VA008,147.56072879081944,38.73854901326207,-78.11625817507358,mixed_ag,64.65173569007122,3.9439076409872604,0.17601418375361863,0.10331209679883134,4.464679400559144,MIXED
P0003084,VA008,590.2585107895117,38.6418038520669,-78.18849482482428,mixed_ag,62.69756639545554,1.1736715993779865,0.18534346804964408,0.11175119578290325,4.4153082378859505,AG
P0003085,VA008,221.23821553232256,38.63962354313547,-78.26130747715627,mixed_ag,43.04509732674928,3.5633159111820274,0.07478024558231383,0.24805730357068811,4.666653534248593,MIXED
P0003086,VA008,234.84604805687715,38.70797336117296,-77.98126464941828,timber,80.83730380834595,2.5650153178572968,0.006728434631662682,0.06651864233545829,4.743083484941122,AG
P0003087,VA008,110.94985632777517,38.580250526270156,-78.01534869185961,pasture,80.19042028377605,3.67270954351431,0.25888813412868755,0.03205957791559043,4.299767216265602,AG
P0003088,VA008,138.942089243236,38.776594729377486,-78.00769628718315,timber,47.715549307072756,4.124865884032997,0.2327352367314374,0.17136948936382237,5.334935838796855,RURAL
P0003089,VA008,112.43531713042904,38.70891052268769,-78.17316350861554,cropland,69.48015855115554,1.0182213270896125,0.015887423011535996,0.11658983731763897,4.554145396940897,AG
P0003090,VA008,243.74098327623366,38.63569851566283,-78.18483937143078,timber,55.677128257012654,0.6470501616712309,0.24225730181526556,0.29198568803654446,4.592903129506196,AG
P0003091,VA008,222.77182792489538,38.6623834130643,-78.32895084538292,cropland,64.9064578075267,4.455429600204003,0.10357744610206213,0.06985647676833899,4.386894739043106,AG
P0003092,VA008,202.4869096989565,38.822407274701504,-78.12129428201985,timber,88.3792256301389,6.411485401965552,0.06355785875313155,0.10435128071336869,4.861046381611468,AG
P0003093,VA008,104.18979138832027,38.71639094129221,-78.14879292063354,cropland,68.17879955163856,1.0542014685872614,0.1372132937166093,0.029155706318411963,4.738472275478343,AG
P0003094,VA008,103.47500805820624,38.6916443232617,-78.1346619199891,cropland,65.36073764107148,3.9972343441259346,0.16476311267829746,0.10875478827817943,4.393546758472416,INDUSTRIAL
P0003095,VA008,61.18179324468208,38.73347316290205,-78.00742321574172,pasture,55.77305287300572,2.6287305654885746,0.15375034932403728,0.051951767214174986,4.7916453461479,AG
P0003096,VA008,116.60216977262101,38.78151243583746,-78.14810182833989,mixed_ag,34.36482832225316,0.7468603071250948,0.11479834184614882,0.08057867686940395,4.480206779286825,RURAL
P0003097,VA008,212.88424229825512,38.7809284462537,-78.27708582334664,cropland,70.8843543836959,13.919270503111855,0.12847543880670573,0.15270972806224442,4.4485140318466145,AG
P0003098,VA008,206.1541444134462,38.74103490990672,-78.2342781534514,pasture,72.32922045401025,12.765455402905783,0.25283204444215857,0.04643935041571084,4.444216551023171,RURAL
P0003099,VA008,117.37621818803035,38.477371699607176,-78.25323498775055,cropland,64.86725174081494,6.253865071584515,0.14439990735037994,0.051622574398643026,4.626751065097724,RURAL
P0003100,VA008,59.35759204696826,38.68257871213988,-78.3072157448784,timber,68.37190038168131,6.987517787980152,0.21204224957415022,0.0830336421437231,5.22259112498182,INDUSTRIAL
P0003101,VA008,95.7786537244774,38.65418880337802,-78.34883955831455,timber,59.42408619397874,0.47207355356265884,0.3669097535582441,0.14296943622137126,5.174698802195734,AG
P0003102,VA008,30.09783510898913,38.64595107116123,-78.1282706969238,pasture,64.34691972732705,5.92232724828955,0.17148441278898144,0.023281829640393385,4.9724205406378115,RURAL
P0003103,VA008,37.23504623957558,38.638217359422825,-78.3124194064553,timber,73.69806029449106,7.087624081400619,0.07046999392835884,0.2663164688022806,4.3449157390655735,MIXED
P0003104,VA008,55.4846128301046,38.871216524088375,-78.10561399824084,mixed_ag,55.151568918231945,9.560439849803252,0.02264077962156416,0.020500250172306174,4.764338137556866,AG
P0003105,VA008,35.189903077983764,38.55321494873451,-78.1578000090107,timber,66.57893072951866,8.886810428884074,0.49570314507720287,0.04536539821676581,4.75133295746979,AG
P0003106,VA008,249.27780412176094,38.789361930814884,-78.12664088569723,timber,81.85347099610199,6.152626662870478,0.17273630845407842,0.03277368763453314,4.575469626456826,AG
P0003107,VA008,120.44835458785747,38.70497642146816,-78.17967711339428,mixed_ag,91.61619922453333,5.086582023109899,0.1251117119021362,0.05986203513795483,4.447591943947347,MIXED
P0003108,VA008,269.8777665387322,38.59236689332315,-78.09303026646882,timber,68.23444043508093,3.583354025913682,0.20051918307294753,0.20384607867361149,4.540217863760539,AG
P0003109,VA008,119.44288869041857,38.864774774836384,-78.1051381073342,mixed_ag,72.04519162614609,8.211617620111483,0.17461774160956786,0.04457095474853868,4.494138262057527,MIXED
P0003110,VA008,311.75299681331006,38.76149181351063,-78.16168066075674,pasture,74.71291813352099,1.9334626743471257,0.1479043973822,0.08563593981967978,4.56435585665093,RURAL
P0003111,VA008,187.12066996263465,38.66020922778028,-78.1564595715504,timber,54.64507113097513,11.63279078227227,0.11661634342083962,0.08204263534647943,4.312676308696356,RURAL
P0003112,VA008,112.9111954383574,38.568555268477546,-78.29333418688284,mixed_ag,73.13124295105501,6.2760250375904425,0.041858887327907796,0.34421093639995903,4.117481085929986,AG
P0003113,VA008,379.8745092614821,38.63202731169965,-78.16181554231743,mixed_ag,62.38871533408101,2.658703728267622,0.055521484918327375,0.17974285307584134,4.481157226126389,AG
P0003114,VA008,195.3523048936014,38.73564439244969,-78.3114306242094,pasture,63.330574676916555,12.667631614684185,0.10147364987590096,0.21978430204108065,4.640979503862468,AG
P0003115,VA008,233.3368999733524,38.59930193847693,-77.98659816431184,cropland,80.34635999987164,6.022033764193816,0.18636243458981314,0.006819918894979561,4.550465409520709,INDUSTRIAL
P0003116,VA008,71.1587117773969,38.554410842758884,-78.26762021206062,timber,100.0,1.115345638243778,0.1750552267741157,0.025428365070128182,4.425328144002136,AG
P0003117,VA008,147.49670406743212,38.694033896755684,-78.19954555021518,timber,63.561577016377576,2.1184006978673473,0.05526328673711599,0.11539354285855226,4.805157503939168,MIXED
P0003118,VA008,310.5239546747481,38.668316794137894,-78.0518583449296,cropland,61.9857371043243,7.477579714342873,0.06444530435872031,0.024462266070977023,5.072429416808227,AG
P0003119,VA008,46.32459077075866,38.680780157786785,-78.21199247736214,cropland,66.37343250332911,1.8276895701226783,0.09936880913778455,0.1323290112004987,4.457622653687374,MIXED
P0003120,VA008,154.0479727345927,38.86712561050679,-78.12407055697062,timber,81.2338603002363,2.873916170947729,0.07376716846095947,0.21619658955988388,4.395635513142727,MIXED
P0003121,VA008,300.23526214613366,38.41157597668522,-78.10875273687525,timber,57.79712648970912,5.660671613654427,0.11887826048923386,0.03302829400630213,4.503300779427255,AG
P0003122,VA008,201.50503357725918,38.56711637109173,-78.17486029592474,mixed_ag,68.1755332208792,9.961959221628986,0.2845934329055354,0.05128314020841208,4.174256025786606,AG
P0003123,VA008,432.4039994483729,38.6295818222104,-78.14283016307334,mixed_ag,61.12921879578702,1.0714769626580505,0.0922401245079638,0.058547163076920046,4.886439761412454,RURAL
P0003124,VA008,106.67021691171426,38.603363642654664,-78.05866702218768,mixed_ag,41.68583531866381,2.2165376155309406,0.03241984254548973,0.07664351469803153,4.830912241244569,AG
P0003125,VA008,66.9519376988293,38.63274027611257,-78.11235895514596,pasture,51.10229553100212,5.1696460796352195,0.10572428510974063,0.09947249663471872,4.478501943036605,INDUSTRIAL
P0003126,VA008,63.46747655547935,38.942966688651765,-78.38913774814573,mixed_ag,81.53720702987836,7.733304926738813,0.01252265161234642,0.14346111811640014,4.884515089662625,RURAL
P0003127,VA008,83.7356649527347,38.6081336204206,-78.16626302372381,timber,37.23948574113604,0.48330020879213387,0.20461734361389988,0.03883061942919447,3.7511791171260462,AG
P0003128,VA008,63.44001773287239,38.68617480562584,-78.16421477062342,cropland,40.65953157117824,1.4720994282945314,0.11093025520560348,0.15854970935943,4.572714116679079,AG
P0003129,VA008,88.45761685002988,38.7995078466869,-77.98503734139837,timber,82.82656632686384,4.109174602045383,0.10600042992678987,0.06252134758611805,4.979049475059393,RURAL
P0003130,VA008,52.66663272963762,38.77917743011993,-78.1170866773659,timber,100.0,4.204391272204089,0.1675974214318845,0.10252367503165788,4.528454086325486,AG
P0003131,VA008,149.7742837207164,38.53801821697719,-78.22448078554768,timber,74.31283358119146,4.856109858960985,0.3179188762060649,0.028063256257849833,4.232860557544561,MIXED
P0003132,VA008,112.13421979127725,38.59209894991447,-77.96245299009823,mixed_ag,52.621451294821824,4.167337049868793,0.06370536697099007,0.07913692266421171,4.378762391480137,AG
P0003133,VA008,247.5723015323026,38.584507374251274,-78.1852497846764,pasture,39.64081185587116,1.5002024000726724,0.12504885950578437,0.09927638160775724,4.113866937259377,AG
P0003134,VA008,46.32574318680775,38.768504246391565,-78.0226882645235,timber,82.43491057511164,8.788831366388255,0.21186560656599143,0.00934564668865703,5.269277433087296,MIXED
P0003135,VA008,273.97228977274057,38.72488944806014,-78.25485800335727,timber,63.511699484986096,6.8445566882848095,0.3826438121357997,0.019199332694656946,4.8850099251779655,AG
P0003136,VA008,147.75120392407683,38.683232922898696,-78.06246135476965,mixed_ag,22.146647469902348,1.8198867737339297,0.6025670006728426,0.01563826802864629,4.117982260609231,AG
P0003137,VA008,34.057118569589015,38.93430853721934,-78.00956573317337,pasture,74.095843610842,11.482734910104607,0.041279170715402796,0.09030405657857137,4.084961198807376,AG
P0003138,VA008,82.96063935692872,38.55551131669268,-78.2192919509663,cropland,75.02148017159479,3.5992367897298965,0.2534746425794802,0.017989503346626277,5.293786218149201,AG
P0003139,VA008,90.48268741002597,38.69936102318473,-78.29206943728151,timber,74.85061590779685,11.017196180759349,0.18187334345741754,0.10474617004180795,4.704213354553927,MIXED
P0003140,VA008,366.59395874379203,38.70485355386966,-78.3024089752137,cropland,54.91014513399949,2.97906492959636,0.1994697241633751,0.024678325574553718,4.861060846685278,AG
P0003141,VA008,69.12971201348134,38.69497222835782,-78.37263209219199,timber,66.95206172877899,4.474283685631794,0.1522127923247747,0.07994697621172091,4.122670027466335,AG
P0003142,VA008,92.08309382505168,38.49474863889703,-77.92934505058597,timber,72.75879981090024,7.23862406468451,0.06692790571778838,0.02313449337527597,4.155219248763959,AG
P0003143,VA008,115.23495970663643,38.54493228050349,-78.11511606743305,timber,50.921812462595696,2.795760756036631,0.152997317397216,0.00998077603137651,4.995905500064884,RURAL
P0003144,VA008,210.1017652400682,38.43959789415499,-78.20937916006133,cropland,60.706281830582014,0.9117018369371653,0.204094884537305,0.09675224484808122,4.691079685696994,AG
P0003145,VA008,128.11711991119887,38.67531307615821,-78.20923965225914,mixed_ag,84.27509062249949,2.158151185025255,0.3020872691713943,0.14194838749924274,5.122697120679093,RURAL
P0003146,VA008,365.73041168129146,38.68241663661898,-78.29348497513249,cropland,63.27763311575548,2.4467619782531687,0.023143408428193152,0.10485377634530361,5.07050241653986,MIXED
P0003147,VA008,295.9163866821099,38.70016153929583,-78.23355249296488,cropland,90.54627729784832,6.956913796360431,0.2652586221120935,0.08439122458897992,4.371008498364913,RURAL
P0003148,VA008,308.7742142727939,38.766427180270945,-78.1403492045395,mixed_ag,69.42904122748276,0.7927335432552064,0.19344733307136855,0.1376094693791102,4.251193278142304,AG
P0003149,VA008,69.25529070713695,38.48784623794886,-78.06206498258454,cropland,82.41315620699368,7.327902198844,0.15937890636236043,0.046494472636591795,5.0507123666888925,AG
P0003150,VA008,129.37284116308916,38.66584071079064,-78.2620875469521,timber,72.54600875010144,3.1723411945122204,0.21988308163722972,0.2581668849889327,5.554120222359734,AG
P0003151,VA008,248.97750625377446,38.62128937664383,-78.1955428614484,cropland,72.72658097054607,12.265856674534334,0.08923679505147794,0.01159351340664458,4.289888637452474,RURAL
P0003152,VA008,67.04889838518159,38.70692822374177,-78.16896075864732,mixed_ag,53.532548001907315,9.801545174912023,0.2116470899719976,0.04908606245361266,4.509094065355644,AG
P0003153,VA008,117.22595849615666,38.75397881518123,-78.03937915512593,pasture,91.39146086201956,1.9680599983031009,0.11842269551741992,0.08367105354105848,4.475763531004685,INDUSTRIAL
P0003154,VA008,66.60891525576223,38.76384124186036,-78.20026660613713,timber,65.69752877712345,5.950924694755515,0.16758117754857713,0.18808123046721492,5.234859630288027,MIXED
P0003155,VA008,105.23807238705487,38.760346467988306,-78.09004439747191,cropland,83.23221774534147,1.27248651220776,0.013022294636507191,0.058657375642607604,4.342846691622099,AG
P0003156,VA008,76.25634530583982,38.58334433067197,-78.06676770486644,pasture,45.922559464892046,7.040010619925917,0.2795629060680514,0.11264712305287519,4.410732079332902,MIXED
P0003157,VA008,198.99242254169414,38.61214017168806,-78.23162263414781,cropland,65.02066162506391,4.156145392618193,0.22949649003891248,0.11635150945969176,4.183892298482373,INDUSTRIAL
P0003158,VA008,67.77003777669793,38.54309569524648,-78.25420778122661,cropland,44.07854598717766,7.960469540589742,0.11536045618384104,0.41845818163519255,4.797490627851685,RURAL
P0003159,VA008,305.21234612607714,38.70206280063247,-78.24206302266435,pasture,67.2294660736696,4.43194168135043,0.2435160792929425,0.18437879684087477,4.512707972914318,AG
P0003160,VA008,178.7046311363313,38.550926640386834,-78.12866993375924,timber,72.69053029975856,3.1048757576449098,0.09080832895115605,0.08484939010211462,4.419313951087348,AG
P0003161,VA008,66.25669262123048,38.813555185889,-78.37978873038315,cropland,59.91752260458926,4.949292313800343,0.39708857160150357,0.037458187422660556,4.319959925940452,MIXED
P0003162,VA008,96.87344250434202,38.780199031555384,-78.14285757886117,pasture,76.20327701582484,2.5453031482299817,0.06339287233300961,0.19377759306803546,5.044958216130207,AG
P0003163,VA008,85.53625313246755,38.673733115822024,-78.01012534569728,timber,59.59992678197121,5.874116502565391,0.3301392967941399,0.11522484355509677,4.458899784582042,MIXED
P0003164,VA008,29.58956790777614,38.626419509153486,-78.36420272778831,cropland,74.45184675183772,0.749113841214326,0.014436132813460649,0.10975528442109368,4.349511006534488,AG
P0003165,VA008,93.01246546450926,38.681277725802566,-78.3517969437241,timber,67.56643571344807,1.063442527742419,0.021931521188988837,0.09656389313122327,4.824228723984254,AG
P0003166,VA008,100.0199478665464,38.5624973836269,-78.06263726265516,timber,99.1730937362652,1.37662338494285,0.23009217501100485,0.09987226684029907,5.163230303242782,AG
P0003167,VA008,46.15154923736945,38.55815033162125,-78.30149220880875,pasture,65.56680061436899,4.8959920003686985,0.006009505826012992,0.09981364536252704,4.504239878462587,RURAL
P0003168,VA008,380.0642702592027,38.64932560385878,-78.04064215190627,timber,89.39884900594443,8.762553972384278,0.10883545150105031,0.13868087387863684,4.066130535291746,MIXED
P0003169,VA008,197.91714958584225,38.70089061710187,-78.14470477926987,timber,80.73301174770427,1.911099540087955,0.32717160037394594,0.1503708103751632,4.40360662103236,AG
P0003170,VA008,234.39676143858233,38.52226029596432,-78.1713772307708,timber,65.35492386301785,2.5447477735204913,0.18202078343543818,0.0463840552982819,4.027119410729858,AG
P0003171,VA008,197.35550483469598,38.76024494063541,-78.09077247646968,timber,82.30379675949308,1.7168817531212979,0.07980332460795557,0.11258259031906392,4.523915460674821,RURAL
P0003172,VA008,94.3056185973421,38.738685679949,-78.13616400317635,mixed_ag,33.70581633352991,11.05212188731217,0.27075354342896024,0.04237350913905785,4.868339764495647,MIXED
P0003173,VA008,61.919922005657035,38.83627977317442,-77.97256211211776,cropland,84.10606214262775,11.231117132657463,0.1392622271704799,0.05722585441377182,4.587463134386004,AG
P0003174,VA008,83.57298531875114,38.57266797464473,-78.24766376683884,pasture,58.56118038359335,5.938413779550785,0.30174624724038646,0.04232357474621915,4.430550764626089,INDUSTRIAL
P0003175,VA008,96.60031904814723,38.786176877764234,-78.10264219055455,pasture,70.41263882444777,0.31184015418331423,0.09990469977266737,0.21198476853678572,4.4902120849956155,AG
P0003176,VA008,52.68879400906623,38.834696077849436,-78.25655976647577,mixed_ag,65.17445307729128,5.209046634033977,0.12544659401122002,0.11556158613640753,4.443487021396509,AG
P0003177,VA008,81.35763184666779,38.642900716896186,-78.19935424935738,timber,51.07926124698541,4.287328255580764,0.0641932023658461,0.06814737564842108,4.01067416213175,MIXED
P0003178,VA008,70.45989408041407,38.834990407504854,-78.27018691663326,pasture,34.05802083549919,4.247250734302502,0.18729091640506856,0.3064891340742879,4.356334636223,AG
P0003179,VA008,105.29935761265584,38.68444574573171,-78.12186712944087,timber,60.788783481267835,0.9568368410315814,0.12994515216910335,0.037829085875016974,4.507745807746915,RURAL
P0003180,VA008,72.2573338974508,38.5278708600065,-78.33400028953056,timber,82.71843632308622,9.18254070527767,0.1469277633408548,0.15316834862637152,5.074938935826345,MIXED
P0003181,VA008,163.11192908983537,38.61020487877705,-78.22512136768165,timber,81.53359086623666,12.580846213336166,0.18614519289581727,0.04285618447133648,4.734368212964263,MIXED
P0003182,VA008,303.32538521428535,38.61443011919164,-78.132509018914,cropland,64.82663015665831,1.8152648922810695,0.19723836122490127,0.10435436650094053,4.526356040810653,AG
P0003183,VA008,41.804675684794965,38.814380412195725,-78.2131645327919,timber,71.52917835994428,7.5573518971685765,0.2211794750861077,0.033712124635917246,4.511556248850086,MIXED
P0003184,VA008,230.703650790293,38.79915471847126,-78.08601375285289,timber,100.0,4.428062330034124,0.2882915524185132,0.05400157115284952,4.390344739297857,MIXED
P0003185,VA008,65.1212218573149,38.67151324653159,-78.24674998969878,timber,68.56749495702985,5.187315843529663,0.21503052089515,0.012026174290317035,4.943035125986029,AG
P0003186,VA008,30.29328481844904,38.64295176256047,-78.37228473536406,mixed_ag,57.64596966818866,1.7996795271318926,0.1499987529592793,0.08245037013251488,4.702474229785252,AG
P0003187,VA008,461.9907555175566,38.729553551007456,-78.14739596946647,timber,68.15427811197657,2.80167749480769,0.12178815508243022,0.07293811866142344,4.472956923052776,INDUSTRIAL
P0003188,VA008,182.2654190274161,38.61886743113294,-78.12253776734379,timber,67.0521553539032,6.521914089255322,0.22114412398950167,0.054692046331456474,4.695723305836021,MIXED
P0003189,VA008,145.07730291172172,38.58887822878738,-78.08715106891758,timber,55.86394164751971,1.6344821571238455,0.06444198780176705,0.004623465593776393,5.02342954968833,AG
P0003190,VA008,210.92180751254827,38.64552850872808,-78.4304754868144,cropland,57.890300734083795,4.258438582735501,0.43507870587134967,0.17961487703870088,4.200020737052029,AG
P0003191,VA008,163.94993083615353,38.60547881884673,-78.19525502058248,timber,64.37121132458223,1.7588416668633564,0.15433667101286833,0.042931741430529316,4.2615211144353555,RURAL
P0003192,VA008,41.2868363583483,38.55702134936246,-78.0993017768593,timber,54.396625029620346,2.7555474215148434,0.49371705181690095,0.16172271400987362,4.291516111579381,AG
P0003193,VA008,70.22623534537722,38.672356417706204,-78.148332049045,cropland,63.70552409885182,15.569041641365011,0.06190305881675658,0.2578521601647193,4.585762356640907,MIXED
P0003194,VA008,135.72452482739286,38.69200120984979,-78.12252684868528,timber,54.99099598389435,18.097845815284227,0.20246087405918098,0.08956160039797456,4.5138245701972375,AG
P0003195,VA008,95.62624784492233,38.64540008975112,-78.07192626571148,cropland,57.3065349978347,2.183721893589507,0.0817621911587825,0.20906298872206347,4.669258813269394,RURAL
P0003196,VA008,202.32552430435163,38.68877231333145,-78.14717723064082,cropland,17.27312771329469,6.186700515768482,0.1090156625466532,0.05862835509967591,4.139103790348533,RURAL
P0003197,VA008,273.06239082134806,38.59229291595502,-78.18748071913755,mixed_ag,76.20052257147965,5.803927567083228,0.12679325009158676,0.051066513789863564,4.730909199853616,INDUSTRIAL
P0003198,VA008,181.06083564116875,38.75610048738478,-77.90269987497918,timber,62.60485035889145,2.192253343987219,0.13727508900009017,0.015860833793356167,5.089479813717334,AG
P0003199,VA008,113.6165220213368,38.50613626546249,-78.3313189580175,cropland,84.79458280806676,11.755343500159839,0.26552177190313303,0.08299909315937783,3.889633578436203,AG
P0003200,VA008,171.48462419877288,38.63346381006009,-78.09347812608627,mixed_ag,85.42379105148032,1.8139995863125238,0.029863199826229363,0.23927074114843272,4.049529543424039,AG
