transaction_id,parcel_id,sale_date,sale_price,price_per_acre,sale_type
T00000001,P0002385,2020-08-15,1463786.7,5776.82,arms_length
T00000002,P0002539,2021-08-15,2181733.19,7086.78,arms_length
T00000003,P0002177,2021-02-15,1996996.5,6432.03,arms_length
T00000004,P0000898,2019-04-15,4276966.09,4788.07,arms_length
T00000005,P0000898,2021-11-15,5899160.12,6604.11,arms_length
T00000006,P0000898,2022-03-15,5033657.41,5635.18,arms_length
T00000007,P0000215,2019-05-15,274063.04,5679.53,arms_length
T00000008,P0000215,2020-10-15,268677.6,5567.92,arms_length
T00000009,P0002381,2019-01-15,1539286.01,6238.88,arms_length
T00000010,P0002381,2020-02-15,1642392.88,6656.79,arms_length
T00000011,P0002715,2020-12-15,677013.87,4914.07,arms_length
T00000012,P0002577,2020-12-15,553559.82,10363.94,arms_length
T00000013,P0002577,2023-03-15,318418.43,5961.54,arms_length
T00000014,P0002577,2024-02-15,470696.24,8812.54,arms_length
T00000015,P0000103,2025-08-15,1590345.16,6707.11,arms_length
T00000016,P0000193,2022-09-15,566998.76,5645.23,arms_length
T00000017,P0000193,2023-01-15,813384.91,8098.33,arms_length
T00000018,P0001448,2024-04-15,827445.19,7358.75,arms_length
T00000019,P0000230,2019-07-15,1419166.35,7845.9,arms_length
T00000020,P0000230,2021-11-15,1357564.97,7505.34,arms_length
T00000021,P0000230,2025-09-15,1739926.36,9619.23,arms_length
T00000022,P0000777,2019-09-15,4568776.8,7081.27,arms_length
T00000023,P0000777,2021-02-15,4786713.33,7419.06,arms_length
T00000024,P0000777,2022-05-15,6316044.3,9789.41,arms_length
T00000025,P0001237,2020-09-15,1149512.45,5234.8,arms_length
T00000026,P0002583,2022-04-15,1159681.29,6336.96,arms_length
T00000027,P0000018,2019-06-15,1051540.32,6182.42,arms_length
T00000028,P0001128,2020-12-15,2524928.56,8754.59,arms_length
T00000029,P0001128,2024-10-15,2440814.18,8462.95,arms_length
T00000030,P0000171,2019-09-15,2008592.38,4981.4,arms_length
T00000031,P0000171,2021-12-15,2334887.85,5790.63,arms_length
T00000032,P0002248,2019-09-15,857639.65,5399.37,arms_length
T00000033,P0002248,2024-12-15,1453644.12,9151.59,arms_length
T00000034,P0001092,2019-04-15,705049.6,8232.09,arms_length
T00000035,P0001092,2021-06-15,628325.45,7336.26,arms_length
T00000036,P0000606,2021-01-15,467884.84,8259.5,arms_length
T00000037,P0000606,2023-11-15,360384.13,6361.81,arms_length
T00000038,P0001458,2019-01-15,1862201.46,8485.67,arms_length
T00000039,P0001458,2020-07-15,1361244.86,6202.91,arms_length
T00000040,P0002006,2020-08-15,1783589.0,8938.9,arms_length
T00000041,P0002006,2023-04-15,2267907.25,11366.18,arms_length
T00000042,P0002896,2020-09-15,981799.88,4833.73,arms_length
T00000043,P0002896,2023-11-15,1153594.9,5679.53,arms_length
T00000044,P0002896,2025-01-15,1654855.32,8147.4,arms_length
T00000045,P0002853,2020-08-15,2870859.34,6086.26,arms_length
T00000046,P0002853,2024-04-15,3101201.66,6574.58,arms_length
T00000047,P0002853,2025-11-15,4713783.54,9993.28,arms_length
T00000048,P0002646,2021-04-15,1532163.92,9428.48,arms_length
T00000049,P0000290,2021-07-15,1428610.93,8422.89,arms_length
T00000050,P0000290,2022-09-15,1217019.91,7175.38,arms_length
T00000051,P0000487,2019-07-15,1270943.76,5789.75,arms_length
T00000052,P0000487,2020-09-15,1218574.25,5551.19,arms_length
T00000053,P0002186,2020-08-15,1559435.66,6338.79,arms_length
T00000054,P0002186,2021-06-15,1416979.72,5759.74,arms_length
T00000055,P0002186,2023-08-15,1921696.23,7811.31,arms_length
T00000056,P0001422,2019-12-15,436028.44,6188.16,arms_length
T00000057,P0001422,2021-04-15,643620.95,9134.34,arms_length
T00000058,P0001422,2022-08-15,504262.59,7156.55,arms_length
T00000059,P0001812,2023-05-15,267306.27,6246.56,arms_length
T00000060,P0000496,2020-12-15,332469.69,6793.5,arms_length
T00000061,P0000496,2022-11-15,302240.08,6175.8,arms_length
T00000062,P0001095,2019-01-15,451556.09,7623.28,arms_length
T00000063,P0001095,2020-12-15,331304.68,5593.17,arms_length
T00000064,P0003115,2020-07-15,2023171.03,8670.6,arms_length
T00000065,P0003115,2024-10-15,2900511.97,12430.58,arms_length
T00000066,P0002070,2022-01-15,584360.28,4750.16,arms_length
T00000067,P0000333,2019-01-15,636345.34,6578.8,arms_length
T00000068,P0002204,2025-06-15,498682.81,7031.21,arms_length
T00000069,P0001492,2023-06-15,841821.78,7847.55,arms_length
T00000070,P0001492,2024-07-15,734092.72,6843.29,arms_length
T00000071,P0001492,2025-06-15,959420.56,8943.82,arms_length
T00000072,P0000257,2021-01-15,1096766.17,6963.52,arms_length
T00000073,P0000257,2023-02-15,957841.44,6081.47,arms_length
T00000074,P0000901,2020-11-15,1239881.34,6786.63,arms_length
T00000075,P0000901,2023-10-15,1388430.61,7599.73,arms_length
T00000076,P0000901,2024-08-15,1617963.93,8856.11,arms_length
T00000077,P0003028,2019-04-15,762311.5,8361.21,arms_length
T00000078,P0000539,2021-05-15,563476.17,7900.73,arms_length
T00000079,P0000539,2024-02-15,663991.0,9310.09,arms_length
T00000080,P0001290,2023-09-15,910065.04,6941.53,arms_length
T00000081,P0001749,2023-01-15,910037.16,8678.59,arms_length
T00000082,P0001749,2024-12-15,1040441.0,9922.19,arms_length
T00000083,P0001749,2025-07-15,908614.42,8665.02,arms_length
T00000084,P0002969,2020-05-15,1130665.28,7095.62,arms_length
T00000085,P0002969,2022-12-15,977767.63,6136.09,arms_length
T00000086,P0002969,2024-08-15,1244817.09,7811.99,arms_length
T00000087,P0000643,2020-04-15,323284.52,6641.99,arms_length
T00000088,P0000643,2025-11-15,359918.43,7394.64,arms_length
T00000089,P0002315,2020-12-15,1453405.03,7989.25,arms_length
T00000090,P0001591,2022-02-15,2914373.26,8878.17,arms_length
T00000091,P0001360,2024-09-15,971522.16,9536.23,arms_length
T00000092,P0002189,2019-05-15,268000.42,7455.69,arms_length
T00000093,P0002189,2020-11-15,262345.06,7298.36,arms_length
T00000094,P0001412,2020-02-15,1160254.6,6964.81,arms_length
T00000095,P0001412,2024-01-15,1088579.97,6534.56,arms_length
T00000096,P0001412,2025-08-15,1476913.45,8865.66,arms_length
T00000097,P0003044,2021-12-15,540390.53,7485.92,arms_length
T00000098,P0003044,2024-04-15,566214.87,7843.66,arms_length
T00000099,P0003044,2025-11-15,566904.85,7853.21,arms_length
T00000100,P0000322,2020-07-15,2727260.19,5485.03,arms_length
T00000101,P0000322,2021-05-15,3492512.57,7024.1,arms_length
T00000102,P0000322,2024-03-15,3341309.72,6720.0,arms_length
T00000103,P0001136,2023-01-15,418496.86,6321.79,arms_length
T00000104,P0001136,2024-01-15,370769.44,5600.82,arms_length
T00000105,P0001136,2025-02-15,390823.04,5903.75,arms_length
T00000106,P0001804,2022-03-15,1583010.85,9203.93,arms_length
T00000107,P0001560,2020-12-15,851228.17,7478.03,arms_length
T00000108,P0001560,2021-07-15,740016.15,6501.03,arms_length
T00000109,P0000568,2020-10-15,751249.65,7392.58,arms_length
T00000110,P0000568,2021-07-15,707294.55,6960.04,arms_length
T00000111,P0000568,2022-02-15,763976.56,7517.81,arms_length
T00000112,P0000512,2022-01-15,1673708.82,8310.75,arms_length
T00000113,P0000512,2023-12-15,1260927.47,6261.1,arms_length
T00000114,P0000512,2024-07-15,1764391.11,8761.04,arms_length
T00000115,P0000252,2020-01-15,2824114.57,6607.03,arms_length
T00000116,P0000252,2021-09-15,3465033.55,8106.46,arms_length
T00000117,P0000252,2023-03-15,3009349.45,7040.38,arms_length
T00000118,P0000258,2022-07-15,2788272.64,7288.25,arms_length
T00000119,P0000258,2024-10-15,3624070.25,9472.94,arms_length
T00000120,P0000258,2025-09-15,3031735.01,7924.63,arms_length
T00000121,P0000533,2019-01-15,215094.59,6799.43,arms_length
T00000122,P0000533,2020-03-15,214978.04,6795.75,arms_length
T00000123,P0001473,2021-12-15,5453945.29,6177.05,arms_length
T00000124,P0001798,2021-11-15,693004.73,7263.84,arms_length
T00000125,P0001798,2023-10-15,843885.88,8845.33,arms_length
T00000126,P0003136,2019-10-15,690720.65,4674.89,arms_length
T00000127,P0003136,2021-09-15,892196.29,6038.5,arms_length
T00000128,P0003136,2022-07-15,803255.88,5436.54,arms_length
T00000129,P0000565,2024-05-15,634464.16,7407.84,arms_length
T00000130,P0001799,2020-04-15,471090.97,7651.95,arms_length
T00000131,P0001799,2024-05-15,584405.1,9492.52,arms_length
T00000132,P0001799,2025-11-15,608398.71,9882.25,arms_length
T00000133,P0001426,2021-03-15,374964.96,5995.45,arms_length
T00000134,P0001426,2022-04-15,359812.64,5753.18,arms_length
T00000135,P0001211,2020-11-15,1440813.03,6903.68,arms_length
T00000136,P0001211,2023-02-15,1750968.6,8389.8,arms_length
T00000137,P0001211,2025-08-15,1804826.42,8647.86,arms_length
T00000138,P0001838,2020-02-15,399024.5,5834.58,arms_length
T00000139,P0001838,2021-11-15,678600.47,9922.57,arms_length
T00000140,P0000868,2023-12-15,4378542.61,9174.29,arms_length
T00000141,P0000868,2024-08-15,3472601.71,7276.09,arms_length
T00000142,P0000135,2023-07-15,1287889.85,8904.74,arms_length
T00000143,P0000264,2019-02-15,939403.36,5971.53,arms_length
T00000144,P0000264,2021-07-15,1267056.66,8054.33,arms_length
T00000145,P0000264,2024-06-15,867064.1,5511.68,arms_length
T00000146,P0001265,2021-05-15,614225.75,5996.67,arms_length
T00000147,P0001265,2022-07-15,750134.25,7323.54,arms_length
T00000148,P0000890,2022-03-15,1645487.88,8903.04,arms_length
T00000149,P0002852,2022-01-15,478213.86,6799.09,arms_length
T00000150,P0002852,2024-12-15,449127.07,6385.54,arms_length
T00000151,P0001432,2020-01-15,1692174.52,7498.32,arms_length
T00000152,P0001432,2024-10-15,2201578.06,9755.58,arms_length
T00000153,P0001432,2025-11-15,1867148.12,8273.66,arms_length
T00000154,P0000300,2020-08-15,850631.27,8952.08,arms_length
T00000155,P0000300,2021-06-15,708864.2,7460.12,arms_length
T00000156,P0002012,2024-02-15,1410605.98,9566.86,arms_length
T00000157,P0002765,2022-04-15,2016824.44,7512.1,arms_length
T00000158,P0001724,2019-12-15,1047925.74,6480.13,arms_length
T00000159,P0000431,2019-05-15,610505.69,6846.22,arms_length
T00000160,P0000431,2024-04-15,987563.21,11074.55,arms_length
T00000161,P0001488,2021-06-15,480034.22,7312.03,arms_length
T00000162,P0001488,2024-08-15,550245.43,8381.51,arms_length
T00000163,P0001503,2019-09-15,594158.4,5821.68,arms_length
T00000164,P0002906,2025-02-15,287917.99,6352.76,arms_length
T00000165,P0002316,2024-02-15,1189004.81,7673.14,arms_length
T00000166,P0002263,2023-04-15,917460.37,7010.39,arms_length
T00000167,P0002263,2025-04-15,990697.55,7570.0,arms_length
T00000168,P0001386,2019-06-15,710036.95,5282.92,arms_length
T00000169,P0001386,2024-10-15,969480.09,7213.27,arms_length
T00000170,P0001365,2019-01-15,679312.26,5546.63,arms_length
T00000171,P0001365,2020-10-15,868617.59,7092.33,arms_length
T00000172,P0001299,2023-03-15,755167.99,10650.98,arms_length
T00000173,P0001868,2022-01-15,753894.74,6612.79,arms_length
T00000174,P0000930,2021-02-15,2762604.49,6864.18,arms_length
T00000175,P0000369,2021-01-15,532478.56,6674.49,arms_length
T00000176,P0000369,2024-02-15,475035.63,5954.45,arms_length
T00000177,P0001789,2019-03-15,332175.82,7339.38,arms_length
T00000178,P0003129,2023-06-15,688008.06,7777.83,arms_length
T00000179,P0003129,2024-01-15,883963.88,9993.08,arms_length
T00000180,P0003001,2020-01-15,1143170.09,7007.22,arms_length
T00000181,P0003001,2022-09-15,1180183.95,7234.1,arms_length
T00000182,P0003001,2024-09-15,1757917.82,10775.4,arms_length
T00000183,P0001081,2021-05-15,1653885.84,5354.05,arms_length
T00000184,P0001081,2023-02-15,1991910.62,6448.32,arms_length
T00000185,P0001081,2025-01-15,2623686.85,8493.54,arms_length
T00000186,P0000595,2022-08-15,2731924.39,6897.65,arms_length
T00000187,P0000970,2023-07-15,1777795.25,6913.61,arms_length
T00000188,P0000970,2025-09-15,2579467.11,10031.21,arms_length
T00000189,P0001539,2019-01-15,782903.35,5432.06,arms_length
T00000190,P0001539,2022-02-15,1020994.34,7084.02,arms_length
T00000191,P0002324,2023-08-15,1860495.4,9445.51,arms_length
T00000192,P0002888,2022-05-15,1224194.59,7866.94,arms_length
T00000193,P0002888,2025-07-15,846671.14,5440.89,arms_length
T00000194,P0000355,2022-01-15,453157.94,5622.35,arms_length
T00000195,P0000355,2024-02-15,682925.31,8473.08,arms_length
T00000196,P0000175,2024-08-15,1376632.56,8626.91,arms_length
T00000197,P0000175,2025-10-15,1294279.77,8110.83,arms_length
T00000198,P0001403,2019-09-15,252947.47,5599.53,arms_length
T00000199,P0001403,2020-01-15,316216.78,7000.12,arms_length
T00000200,P0001403,2025-05-15,383085.91,8480.41,arms_length
T00000201,P0000507,2021-09-15,469560.3,8512.07,arms_length
T00000202,P0002823,2019-04-15,958428.95,6438.61,arms_length
T00000203,P0002823,2020-11-15,1221805.87,8207.94,arms_length
T00000204,P0002823,2023-09-15,1151908.56,7738.38,arms_length
T00000205,P0001557,2020-01-15,285096.04,6067.99,arms_length
T00000206,P0001698,2019-02-15,2107360.53,6008.84,arms_length
T00000207,P0001698,2024-07-15,3334705.51,9508.45,arms_length
T00000208,P0000573,2025-01-15,793269.63,8530.59,arms_length
T00000209,P0001573,2021-07-15,968899.56,4946.19,arms_length
T00000210,P0001072,2019-05-15,1762230.8,6243.94,arms_length
T00000211,P0003008,2021-03-15,4209533.58,9195.19,arms_length
T00000212,P0003008,2025-09-15,4113608.74,8985.66,arms_length
T00000213,P0000388,2019-09-15,821655.15,7509.84,arms_length
T00000214,P0000388,2023-01-15,974804.17,8909.61,arms_length
T00000215,P0000388,2024-12-15,560794.85,5125.61,arms_length
T00000216,P0001992,2021-01-15,294512.41,5320.43,arms_length
T00000217,P0002931,2023-03-15,710576.89,6489.62,arms_length
T00000218,P0002931,2024-12-15,704312.12,6432.41,arms_length
T00000219,P0002931,2025-07-15,940560.71,8590.04,arms_length
T00000220,P0001447,2019-11-15,358363.99,5857.3,arms_length
T00000221,P0002839,2019-02-15,894474.29,7209.78,arms_length
T00000222,P0002839,2024-01-15,1141959.36,9204.6,arms_length
T00000223,P0002839,2025-10-15,1106781.64,8921.05,arms_length
T00000224,P0000185,2021-02-15,400920.31,6646.28,arms_length
T00000225,P0000185,2022-09-15,635554.13,10535.94,arms_length
T00000226,P0000185,2023-10-15,335305.72,5558.55,arms_length
T00000227,P0000255,2020-05-15,1254256.97,6226.96,arms_length
T00000228,P0000255,2021-08-15,1314819.17,6527.63,arms_length
T00000229,P0000255,2024-10-15,1385556.66,6878.82,arms_length
T00000230,P0000508,2022-03-15,553100.18,6368.84,arms_length
T00000231,P0000443,2022-12-15,1348246.71,7045.2,arms_length
T00000232,P0000946,2021-06-15,1127593.85,9242.96,arms_length
T00000233,P0000946,2022-12-15,848551.11,6955.63,arms_length
T00000234,P0000946,2024-02-15,857193.75,7026.48,arms_length
T00000235,P0001731,2020-05-15,287751.58,7052.41,arms_length
T00000236,P0001731,2021-03-15,227290.26,5570.59,arms_length
T00000237,P0000810,2025-11-15,929276.41,7782.24,arms_length
T00000238,P0000315,2021-09-15,1266234.2,7543.95,arms_length
T00000239,P0000632,2024-06-15,169558.01,8268.06,arms_length
T00000240,P0001207,2021-11-15,487610.11,7863.04,arms_length
T00000241,P0000045,2019-07-15,753819.38,6820.66,arms_length
T00000242,P0002416,2021-04-15,1834963.68,9171.46,arms_length
T00000243,P0002416,2022-02-15,1611263.87,8053.37,arms_length
T00000244,P0000597,2019-08-15,4022843.75,6501.42,arms_length
T00000245,P0000597,2022-05-15,4161825.81,6726.03,arms_length
T00000246,P0000597,2023-01-15,4257812.33,6881.16,arms_length
T00000247,P0000140,2019-04-15,986253.04,7724.39,arms_length
T00000248,P0000140,2022-11-15,715163.64,5601.2,arms_length
T00000249,P0000140,2025-03-15,994751.13,7790.95,arms_length
T00000250,P0001152,2023-06-15,1208306.56,12546.41,arms_length
T00000251,P0001152,2024-01-15,832494.25,8644.17,arms_length
T00000252,P0002523,2022-02-15,1881214.96,7103.96,arms_length
T00000253,P0002523,2024-12-15,2764812.71,10440.66,arms_length
T00000254,P0002326,2024-04-15,853286.4,9673.09,arms_length
T00000255,P0002720,2023-03-15,1250774.14,5683.95,arms_length
T00000256,P0002595,2021-03-15,484990.28,6354.75,arms_length
T00000257,P0002595,2025-06-15,930462.8,12191.7,arms_length
T00000258,P0001941,2019-11-15,898874.52,6823.84,arms_length
T00000259,P0000415,2021-05-15,1548607.27,8130.78,arms_length
T00000260,P0000415,2022-10-15,1317767.09,6918.78,arms_length
T00000261,P0000415,2025-04-15,1605606.37,8430.05,arms_length
T00000262,P0002253,2019-01-15,240825.08,6551.08,arms_length
T00000263,P0002253,2021-09-15,261143.01,7103.78,arms_length
T00000264,P0000706,2021-12-15,1038987.34,7763.09,arms_length
T00000265,P0000706,2024-06-15,1010230.4,7548.22,arms_length
T00000266,P0000706,2025-12-15,1132856.57,8464.46,arms_length
T00000267,P0002863,2019-03-15,549655.44,7374.38,arms_length
T00000268,P0002863,2021-12-15,488931.8,6559.69,arms_length
T00000269,P0003188,2022-06-15,2033349.01,11155.98,arms_length
T00000270,P0001719,2020-08-15,2016392.05,6289.67,arms_length
T00000271,P0001719,2025-06-15,2923275.9,9118.48,arms_length
T00000272,P0002443,2023-12-15,1015326.69,8778.78,arms_length
T00000273,P0002443,2024-02-15,1003903.03,8680.01,arms_length
T00000274,P0002443,2025-01-15,947743.0,8194.43,arms_length
T00000275,P0000888,2024-02-15,1353215.74,9193.43,arms_length
T00000276,P0002744,2023-07-15,767935.34,8322.91,arms_length
T00000277,P0002744,2024-05-15,718958.89,7792.1,arms_length
T00000278,P0000694,2022-10-15,592332.07,7333.06,arms_length
T00000279,P0002625,2024-02-15,1736644.07,7889.52,arms_length
T00000280,P0002625,2025-02-15,2342183.54,10640.47,arms_length
T00000281,P0002020,2021-09-15,830832.74,6198.41,arms_length
T00000282,P0002465,2020-04-15,2412218.67,6781.78,arms_length
T00000283,P0002465,2023-06-15,1950496.93,5483.68,arms_length
T00000284,P0002465,2024-01-15,2933445.54,8247.17,arms_length
T00000285,P0002929,2019-10-15,1146561.72,5463.27,arms_length
T00000286,P0002929,2023-04-15,1854187.11,8835.05,arms_length
T00000287,P0002929,2025-05-15,1913662.6,9118.45,arms_length
T00000288,P0002211,2019-03-15,633627.75,5990.05,arms_length
T00000289,P0002211,2023-01-15,728559.63,6887.5,arms_length
T00000290,P0002211,2024-07-15,754607.53,7133.75,arms_length
T00000291,P0001707,2019-09-15,519988.93,4407.01,arms_length
T00000292,P0000480,2020-03-15,178969.78,6486.28,arms_length
T00000293,P0000480,2023-03-15,250576.01,9081.46,arms_length
T00000294,P0001438,2022-02-15,394393.64,6185.65,arms_length
T00000295,P0001438,2024-12-15,385871.71,6051.99,arms_length
T00000296,P0000053,2020-09-15,990520.2,5696.32,arms_length
T00000297,P0000241,2019-05-15,451660.6,5248.63,arms_length
T00000298,P0002650,2020-04-15,334652.32,7126.66,arms_length
T00000299,P0000052,2021-04-15,1108986.92,7697.5,arms_length
T00000300,P0000052,2022-07-15,1185225.83,8226.68,arms_length
T00000301,P0000052,2023-08-15,1309074.07,9086.31,arms_length
T00000302,P0001964,2019-04-15,1186899.27,5783.36,arms_length
T00000303,P0001964,2023-07-15,1790185.01,8722.97,arms_length
T00000304,P0000064,2020-07-15,987770.15,7866.45,arms_length
T00000305,P0002999,2025-05-15,934047.95,7483.32,arms_length
T00000306,P0000195,2022-10-15,1023417.41,8274.34,arms_length
T00000307,P0000450,2022-11-15,914505.33,8627.97,arms_length
T00000308,P0000450,2025-08-15,799806.54,7545.84,arms_length
T00000309,P0002441,2020-05-15,838037.39,8241.33,arms_length
T00000310,P0002441,2023-04-15,683782.45,6724.37,arms_length
T00000311,P0001468,2019-02-15,2236569.93,7555.29,arms_length
T00000312,P0001468,2025-01-15,2143779.51,7241.84,arms_length
T00000313,P0001345,2019-10-15,317902.88,6597.18,arms_length
T00000314,P0001345,2022-01-15,460649.26,9559.47,arms_length
T00000315,P0000240,2019-09-15,396009.7,4672.79,arms_length
T00000316,P0000240,2025-09-15,715105.34,8438.01,arms_length
T00000317,P0001661,2023-01-15,969299.79,7078.23,arms_length
T00000318,P0000121,2021-06-15,1152468.33,5312.94,arms_length
T00000319,P0000121,2023-11-15,1343782.21,6194.9,arms_length
T00000320,P0000121,2025-09-15,1695946.71,7818.4,arms_length
T00000321,P0002167,2019-06-15,792743.99,6719.32,arms_length
T00000322,P0002167,2020-07-15,1060943.16,8992.58,arms_length
T00000323,P0000325,2020-09-15,2232113.64,6653.57,arms_length
T00000324,P0000963,2019-11-15,752541.59,7079.58,arms_length
T00000325,P0000299,2022-12-15,1339773.29,7787.6,arms_length
T00000326,P0000299,2023-11-15,1548906.63,9003.22,arms_length
T00000327,P0000299,2024-11-15,1340777.57,7793.44,arms_length
T00000328,P0000071,2021-04-15,1116290.03,5524.93,arms_length
T00000329,P0000071,2022-10-15,1399329.02,6925.8,arms_length
T00000330,P0000071,2023-10-15,1579864.22,7819.33,arms_length
T00000331,P0001134,2019-11-15,790800.59,5996.54,arms_length
T00000332,P0001134,2020-12-15,829933.86,6293.28,arms_length
T00000333,P0001134,2023-12-15,732302.65,5552.95,arms_length
T00000334,P0000677,2019-07-15,850886.28,6364.89,arms_length
T00000335,P0001139,2020-12-15,692733.58,7348.37,arms_length
T00000336,P0001139,2024-08-15,689890.13,7318.2,arms_length
T00000337,P0001139,2025-07-15,1043952.83,11074.02,arms_length
T00000338,P0001781,2019-02-15,745181.65,6135.26,arms_length
T00000339,P0001781,2021-03-15,629783.39,5185.16,arms_length
T00000340,P0001781,2023-09-15,848039.23,6982.12,arms_length
T00000341,P0000271,2019-04-15,787762.01,6763.4,arms_length
T00000342,P0000271,2021-06-15,915913.73,7863.66,arms_length
T00000343,P0000179,2020-03-15,365464.67,8381.93,arms_length
T00000344,P0000179,2022-09-15,402741.64,9236.88,arms_length
T00000345,P0000179,2023-12-15,403387.61,9251.69,arms_length
T00000346,P0002335,2020-05-15,328492.63,6308.51,arms_length
T00000347,P0002335,2022-05-15,414074.45,7952.06,arms_length
T00000348,P0002335,2025-12-15,526219.87,10105.74,arms_length
T00000349,P0000865,2019-06-15,492595.33,7202.02,arms_length
T00000350,P0002922,2025-11-15,569477.22,8220.26,arms_length
T00000351,P0001318,2019-01-15,630627.77,7741.4,arms_length
T00000352,P0000292,2020-08-15,544814.73,9302.9,arms_length
T00000353,P0000292,2022-04-15,538314.83,9191.91,arms_length
T00000354,P0000292,2024-05-15,531324.74,9072.55,arms_length
T00000355,P0001272,2019-04-15,728119.94,8451.46,arms_length
T00000356,P0001272,2024-06-15,866151.53,10053.63,arms_length
T00000357,P0002980,2024-12-15,1480592.76,7110.33,arms_length
T00000358,P0001994,2020-10-15,1596898.2,7105.04,arms_length
T00000359,P0001994,2021-11-15,1552562.95,6907.78,arms_length
T00000360,P0001994,2025-02-15,1620578.69,7210.4,arms_length
T00000361,P0001801,2022-10-15,2163885.65,9384.73,arms_length
T00000362,P0001801,2023-12-15,1635575.29,7093.46,arms_length
T00000363,P0001801,2024-08-15,2058369.59,8927.11,arms_length
T00000364,P0001004,2023-05-15,876066.07,8468.45,arms_length
T00000365,P0002814,2021-03-15,1185649.06,5431.79,arms_length
T00000366,P0000458,2021-02-15,556283.15,6501.31,arms_length
T00000367,P0000458,2024-02-15,593207.31,6932.84,arms_length
T00000368,P0000458,2025-11-15,571686.68,6681.33,arms_length
T00000369,P0000528,2021-02-15,431326.45,8080.04,arms_length
T00000370,P0001949,2020-06-15,396472.61,6031.14,arms_length
T00000371,P0001949,2024-03-15,459832.68,6994.97,arms_length
T00000372,P0002607,2022-08-15,427099.02,8092.13,arms_length
T00000373,P0002755,2022-01-15,446328.37,8028.42,arms_length
T00000374,P0000927,2020-10-15,715651.93,7743.73,arms_length
T00000375,P0000927,2024-07-15,765359.7,8281.59,arms_length
T00000376,P0002196,2020-01-15,288091.4,4485.18,arms_length
T00000377,P0000679,2024-09-15,1394378.16,7813.27,arms_length
T00000378,P0000219,2020-12-15,247705.24,6052.16,arms_length
T00000379,P0000219,2025-11-15,348505.68,8515.0,arms_length
T00000380,P0002255,2024-12-15,1679522.33,8011.52,arms_length
T00000381,P0002255,2025-08-15,2102343.85,10028.42,arms_length
T00000382,P0001508,2022-12-15,671363.65,6263.83,arms_length
T00000383,P0001508,2024-02-15,812451.0,7580.18,arms_length
T00000384,P0002468,2020-01-15,574759.68,6086.53,arms_length
T00000385,P0002468,2021-03-15,564273.0,5975.48,arms_length
T00000386,P0002468,2024-12-15,502928.22,5325.86,arms_length
T00000387,P0000411,2019-11-15,1492117.5,6657.52,arms_length
T00000388,P0000411,2022-03-15,1660589.04,7409.2,arms_length
T00000389,P0000347,2025-03-15,560081.83,8015.58,arms_length
T00000390,P0001767,2020-09-15,864700.7,7090.31,arms_length
T00000391,P0001767,2022-12-15,1161556.76,9524.45,arms_length
T00000392,P0001767,2023-10-15,995021.06,8158.9,arms_length
T00000393,P0001243,2021-05-15,349440.85,6960.83,arms_length
T00000394,P0000728,2024-01-15,409256.74,7391.63,arms_length
T00000395,P0001663,2022-09-15,711118.29,8350.82,arms_length
T00000396,P0001663,2024-03-15,643431.7,7555.96,arms_length
T00000397,P0001663,2025-03-15,745345.23,8752.75,arms_length
T00000398,P0000323,2019-08-15,500885.67,6604.42,arms_length
T00000399,P0000323,2025-09-15,851293.93,11224.73,arms_length
T00000400,P0003053,2024-01-15,1017959.02,7801.77,arms_length
T00000401,P0000077,2023-04-15,861130.17,6498.0,arms_length
T00000402,P0000077,2025-11-15,986563.1,7444.5,arms_length
T00000403,P0001860,2020-04-15,617511.36,4796.53,arms_length
T00000404,P0001860,2023-07-15,1148244.02,8919.01,arms_length
T00000405,P0001115,2020-02-15,1021196.3,5692.86,arms_length
T00000406,P0001115,2022-05-15,1503368.29,8380.82,arms_length
T00000407,P0001115,2025-01-15,2093055.63,11668.14,arms_length
T00000408,P0001037,2020-05-15,355928.94,6592.51,arms_length
T00000409,P0001037,2021-04-15,429685.5,7958.63,arms_length
T00000410,P0001037,2024-04-15,429153.99,7948.78,arms_length
T00000411,P0000145,2021-06-15,1372303.63,6810.44,arms_length
T00000412,P0000204,2022-02-15,1023564.06,5574.35,arms_length
T00000413,P0000204,2023-09-15,1119684.47,6097.83,arms_length
T00000414,P0000433,2019-09-15,580649.01,5591.07,arms_length
T00000415,P0000433,2023-10-15,882501.53,8497.61,arms_length
T00000416,P0000046,2019-10-15,983026.9,5787.02,arms_length
T00000417,P0000046,2022-06-15,1277650.15,7521.45,arms_length
T00000418,P0003055,2023-07-15,1013907.15,9800.16,arms_length
T00000419,P0002699,2020-02-15,11231249.24,6239.58,arms_length
T00000420,P0002699,2021-10-15,15280184.69,8488.99,arms_length
T00000421,P0002699,2023-12-15,17696818.41,9831.57,arms_length
T00000422,P0001768,2022-09-15,3827019.82,10046.18,arms_length
T00000423,P0001768,2023-07-15,3247208.82,8524.14,arms_length
T00000424,P0001768,2024-04-15,3092044.24,8116.82,arms_length
T00000425,P0003190,2022-08-15,1615283.54,7658.21,arms_length
T00000426,P0003190,2024-01-15,1752590.38,8309.19,arms_length
T00000427,P0002954,2020-04-15,1214401.9,7022.59,arms_length
T00000428,P0002954,2023-03-15,1500968.18,8679.74,arms_length
T00000429,P0001879,2020-10-15,307999.52,5791.85,arms_length
T00000430,P0001879,2022-02-15,327402.55,6156.72,arms_length
T00000431,P0001879,2024-02-15,455311.08,8562.0,arms_length
T00000432,P0002552,2019-12-15,491647.93,6137.19,arms_length
T00000433,P0002552,2022-05-15,734682.78,9170.97,arms_length
T00000434,P0002552,2025-04-15,529076.62,6604.41,arms_length
T00000435,P0001337,2021-02-15,986494.03,6634.33,arms_length
T00000436,P0001337,2022-01-15,1060251.12,7130.36,arms_length
T00000437,P0000153,2020-12-15,1027452.93,7891.76,arms_length
T00000438,P0000153,2021-11-15,983085.56,7550.98,arms_length
T00000439,P0002953,2020-08-15,3127610.88,7006.03,arms_length
T00000440,P0002953,2025-12-15,3237291.27,7251.73,arms_length
T00000441,P0002041,2021-05-15,407362.5,5462.91,arms_length
T00000442,P0000943,2024-05-15,843674.73,6611.63,arms_length
T00000443,P0000943,2025-10-15,1192390.79,9344.41,arms_length
T00000444,P0001934,2020-02-15,618036.79,6332.38,arms_length
T00000445,P0001934,2025-01-15,899531.09,9216.56,arms_length
T00000446,P0001234,2021-05-15,229834.61,5535.8,arms_length
T00000447,P0001234,2022-08-15,332066.93,7998.17,arms_length
T00000448,P0000766,2021-06-15,416161.94,7624.52,arms_length
T00000449,P0000766,2022-06-15,467850.43,8571.5,arms_length
T00000450,P0000766,2023-07-15,491193.06,8999.16,arms_length
T00000451,P0003068,2019-11-15,1026886.49,6828.13,arms_length
T00000452,P0003068,2024-09-15,1605916.48,10678.31,arms_length
T00000453,P0003068,2025-06-15,989819.76,6581.66,arms_length
T00000454,P0000001,2021-09-15,5115825.04,6452.69,arms_length
T00000455,P0000001,2025-01-15,5812186.07,7331.02,arms_length
T00000456,P0002339,2020-05-15,518001.47,8007.46,arms_length
T00000457,P0002339,2024-03-15,481256.63,7439.44,arms_length
T00000458,P0002339,2025-11-15,566726.98,8760.68,arms_length
T00000459,P0002479,2022-01-15,2445837.17,7894.33,arms_length
T00000460,P0001946,2024-08-15,816672.58,8617.23,arms_length
T00000461,P0000795,2022-11-15,816517.79,7314.64,arms_length
T00000462,P0001428,2019-06-15,165841.45,5335.75,arms_length
T00000463,P0001428,2024-11-15,306484.8,9860.79,arms_length
T00000464,P0001475,2021-03-15,1165725.86,5809.18,arms_length
T00000465,P0001475,2022-07-15,1093293.77,5448.23,arms_length
T00000466,P0001475,2023-01-15,1493591.07,7443.04,arms_length
T00000467,P0002657,2024-10-15,833661.65,8112.66,arms_length
T00000468,P0000790,2021-10-15,1510875.05,5862.29,arms_length
T00000469,P0000790,2025-08-15,1905590.79,7393.81,arms_length
T00000470,P0000502,2024-09-15,792468.59,6335.9,arms_length
T00000471,P0002223,2024-03-15,804709.89,9615.78,arms_length
T00000472,P0002223,2025-06-15,953569.18,11394.55,arms_length
T00000473,P0001238,2023-07-15,1167739.93,6798.72,arms_length
T00000474,P0000945,2020-06-15,383750.3,6870.86,arms_length
T00000475,P0000945,2021-08-15,343558.09,6151.24,arms_length
T00000476,P0000945,2023-07-15,554150.2,9921.78,arms_length
T00000477,P0002621,2019-06-15,625967.25,7020.96,arms_length
T00000478,P0002621,2022-01-15,653555.79,7330.4,arms_length
T00000479,P0000212,2025-12-15,749205.38,6723.9,arms_length
T00000480,P0000033,2019-05-15,1223037.86,6328.56,arms_length
T00000481,P0000880,2019-12-15,2689154.02,6926.24,arms_length
T00000482,P0000880,2020-10-15,2292871.08,5905.56,arms_length
T00000483,P0000880,2022-05-15,2680286.84,6903.4,arms_length
T00000484,P0002589,2022-01-15,1233828.72,7150.06,arms_length
T00000485,P0002589,2023-05-15,1470965.6,8524.27,arms_length
T00000486,P0000015,2022-06-15,1303489.4,8583.8,arms_length
T00000487,P0000094,2020-11-15,450371.5,5232.24,arms_length
T00000488,P0002282,2019-06-15,738763.65,5596.16,arms_length
T00000489,P0002518,2020-07-15,1684443.2,6882.64,arms_length
T00000490,P0002518,2023-05-15,2070544.5,8460.26,arms_length
T00000491,P0000150,2022-10-15,378968.95,7753.57,arms_length
T00000492,P0000150,2023-11-15,334616.58,6846.14,arms_length
T00000493,P0000310,2025-09-15,1542849.99,7983.19,arms_length
T00000494,P0000786,2019-05-15,1198302.35,9170.4,arms_length
T00000495,P0000786,2020-11-15,834588.92,6386.96,arms_length
T00000496,P0000786,2024-03-15,965249.25,7386.88,arms_length
T00000497,P0002026,2020-08-15,298918.43,5991.11,arms_length
T00000498,P0002026,2023-04-15,354207.4,7099.24,arms_length
T00000499,P0002024,2024-02-15,570952.97,7442.68,arms_length
T00000500,P0001671,2021-06-15,495419.47,7019.29,arms_length
T00000501,P0001671,2022-11-15,632707.85,8964.44,arms_length
T00000502,P0001979,2021-05-15,168092.03,8304.07,arms_length
T00000503,P0001979,2022-03-15,132485.09,6545.02,arms_length
T00000504,P0001979,2024-07-15,141825.03,7006.43,arms_length
T00000505,P0000692,2022-01-15,719735.92,6606.63,arms_length
T00000506,P0000692,2024-05-15,1045200.42,9594.15,arms_length
T00000507,P0000692,2025-11-15,742909.27,6819.34,arms_length
T00000508,P0000424,2019-10-15,1201705.45,6633.37,arms_length
T00000509,P0000424,2021-10-15,1129583.04,6235.25,arms_length
T00000510,P0001400,2021-04-15,843465.37,8907.01,arms_length
T00000511,P0001400,2024-04-15,822617.91,8686.86,arms_length
T00000512,P0001400,2025-06-15,1182420.26,12486.37,arms_length
T00000513,P0001745,2022-04-15,332255.24,8287.82,arms_length
T00000514,P0001745,2024-08-15,254177.84,6340.25,arms_length
T00000515,P0001745,2025-07-15,427718.18,10669.06,arms_length
T00000516,P0002908,2021-06-15,264210.85,5343.65,arms_length
T00000517,P0002908,2022-03-15,317360.55,6418.6,arms_length
T00000518,P0002908,2025-07-15,350642.63,7091.73,arms_length
T00000519,P0001567,2020-08-15,1743892.26,7388.48,arms_length
T00000520,P0001567,2023-04-15,1584700.86,6714.02,arms_length
T00000521,P0000681,2021-11-15,4892585.43,6010.17,arms_length
T00000522,P0001352,2019-05-15,506760.99,6234.39,arms_length
T00000523,P0001352,2023-06-15,566133.91,6964.83,arms_length
T00000524,P0001352,2024-10-15,596095.59,7333.43,arms_length
T00000525,P0002303,2020-05-15,1253019.26,7542.6,arms_length
T00000526,P0002303,2022-02-15,1012867.66,6096.99,arms_length
T00000527,P0002303,2025-12-15,1623103.59,9770.33,arms_length
T00000528,P0000555,2021-02-15,655588.67,7035.77,arms_length
T00000529,P0000555,2023-09-15,554177.34,5947.42,arms_length
T00000530,P0000555,2025-03-15,1046452.28,11230.51,arms_length
T00000531,P0003016,2024-07-15,426339.78,10692.2,arms_length
T00000532,P0003016,2025-02-15,352561.33,8841.91,arms_length
T00000533,P0002915,2024-01-15,552066.34,7617.8,arms_length
T00000534,P0002640,2019-01-15,1321429.3,6839.84,arms_length
T00000535,P0000189,2019-07-15,1644391.93,6748.51,arms_length
T00000536,P0000189,2022-05-15,1693821.82,6951.37,arms_length
T00000537,P0000189,2024-06-15,1612469.92,6617.51,arms_length
T00000538,P0001160,2024-01-15,2413301.55,9648.62,arms_length
T00000539,P0001405,2021-10-15,1073810.56,7309.49,arms_length
T00000540,P0001405,2024-05-15,945595.89,6436.72,arms_length
T00000541,P0002701,2024-09-15,464470.43,8399.12,arms_length
T00000542,P0002701,2025-11-15,469536.9,8490.74,arms_length
T00000543,P0001861,2019-04-15,359964.86,5407.29,arms_length
T00000544,P0001861,2022-11-15,552904.4,8305.57,arms_length
T00000545,P0001861,2023-04-15,566601.72,8511.32,arms_length
T00000546,P0000412,2021-06-15,294824.24,7938.63,arms_length
T00000547,P0001222,2025-06-15,3353360.04,10147.94,arms_length
T00000548,P0001023,2021-10-15,163947.69,5737.66,arms_length
T00000549,P0001023,2025-01-15,290899.17,10180.57,arms_length
T00000550,P0001427,2021-02-15,1078734.84,6978.07,arms_length
T00000551,P0001427,2024-12-15,1235295.15,7990.82,arms_length
T00000552,P0001427,2025-02-15,1934085.49,12511.12,arms_length
T00000553,P0001279,2019-12-15,561304.28,5883.03,arms_length
T00000554,P0001279,2023-07-15,687780.19,7208.63,arms_length
T00000555,P0001279,2024-06-15,888093.9,9308.11,arms_length
T00000556,P0000247,2020-05-15,561519.01,6634.9,arms_length
T00000557,P0000247,2025-02-15,579145.89,6843.18,arms_length
T00000558,P0000686,2022-01-15,534549.51,5419.73,arms_length
T00000559,P0001576,2020-11-15,484193.12,6957.77,arms_length
T00000560,P0001576,2023-05-15,498216.3,7159.28,arms_length
T00000561,P0001576,2024-06-15,626996.02,9009.83,arms_length
T00000562,P0003099,2022-10-15,775170.72,6604.15,arms_length
T00000563,P0000811,2024-09-15,1172263.19,6796.34,arms_length
T00000564,P0000558,2025-11-15,618820.11,6630.14,arms_length
T00000565,P0002767,2023-12-15,1032204.65,8915.26,arms_length
T00000566,P0002767,2025-09-15,1037879.02,8964.27,arms_length
T00000567,P0001563,2020-08-15,719261.33,7240.33,arms_length
T00000568,P0001563,2025-11-15,1015018.3,10217.51,arms_length
T00000569,P0000950,2022-10-15,207631.42,6673.08,arms_length
T00000570,P0000950,2023-03-15,182628.24,5869.5,arms_length
T00000571,P0000950,2024-02-15,185782.15,5970.86,arms_length
T00000572,P0002719,2021-10-15,873627.7,9048.09,arms_length
T00000573,P0002719,2022-04-15,908485.65,9409.11,arms_length
T00000574,P0001264,2019-01-15,352789.15,8139.71,arms_length
T00000575,P0001264,2020-11-15,285010.58,6575.89,arms_length
T00000576,P0001264,2025-05-15,367739.95,8484.66,arms_length
T00000577,P0000440,2019-03-15,467004.81,6141.75,arms_length
T00000578,P0000440,2024-10-15,624607.51,8214.44,arms_length
T00000579,P0001826,2020-03-15,1832234.05,7258.34,arms_length
T00000580,P0001296,2020-01-15,3121807.73,7227.04,arms_length
T00000581,P0002809,2022-03-15,698718.23,8149.32,arms_length
T00000582,P0000622,2019-10-15,1991425.12,7124.66,arms_length
T00000583,P0000622,2020-08-15,2222831.57,7952.56,arms_length
T00000584,P0000622,2021-09-15,1854525.84,6634.88,arms_length
T00000585,P0001919,2019-03-15,1298969.59,5034.33,arms_length
T00000586,P0001919,2023-09-15,1186751.21,4599.41,arms_length
T00000587,P0002361,2019-10-15,864745.64,6324.65,arms_length
T00000588,P0002361,2022-02-15,1063549.72,7778.68,arms_length
T00000589,P0002361,2024-03-15,978995.91,7160.27,arms_length
T00000590,P0002846,2025-01-15,784020.5,9051.48,arms_length
T00000591,P0002135,2022-06-15,2853390.41,6493.13,arms_length
T00000592,P0002135,2023-08-15,3346439.83,7615.11,arms_length
T00000593,P0001730,2021-08-15,206386.26,7146.06,arms_length
T00000594,P0001730,2023-05-15,228705.51,7918.86,arms_length
T00000595,P0000176,2021-01-15,301057.01,6660.15,arms_length
T00000596,P0000583,2020-09-15,890564.69,7793.92,arms_length
T00000597,P0000332,2019-04-15,1476143.56,5501.05,arms_length
T00000598,P0000332,2025-07-15,2755293.56,10267.98,arms_length
T00000599,P0002229,2023-11-15,2338374.82,8656.31,arms_length
T00000600,P0002229,2024-03-15,1935672.92,7165.57,arms_length
T00000601,P0002155,2019-10-15,469871.03,5647.45,arms_length
T00000602,P0002155,2020-11-15,475391.85,5713.81,arms_length
T00000603,P0002155,2024-04-15,607046.09,7296.18,arms_length
T00000604,P0001658,2020-05-15,1142568.04,9438.81,arms_length
T00000605,P0001658,2021-03-15,1071627.82,8852.77,arms_length
T00000606,P0001658,2024-06-15,960765.01,7936.92,arms_length
T00000607,P0001107,2020-08-15,1767477.3,6069.76,arms_length
T00000608,P0001107,2021-10-15,1630058.79,5597.84,arms_length
T00000609,P0001107,2025-10-15,2525107.19,8671.56,arms_length
T00000610,P0002379,2020-10-15,2725008.38,5521.47,arms_length
T00000611,P0001733,2023-01-15,381568.25,6862.52,arms_length
T00000612,P0000858,2022-07-15,1027325.62,6298.99,arms_length
T00000613,P0003112,2020-02-15,723350.22,6406.36,arms_length
T00000614,P0002230,2022-05-15,872396.6,7308.53,arms_length
T00000615,P0002230,2024-12-15,1052147.27,8814.4,arms_length
T00000616,P0002821,2019-05-15,211564.79,6998.4,arms_length
T00000617,P0002821,2023-02-15,318856.51,10547.53,arms_length
T00000618,P0002821,2024-06-15,231137.33,7645.84,arms_length
T00000619,P0001958,2024-02-15,319736.16,7535.69,arms_length
T00000620,P0003047,2022-02-15,655699.23,7771.12,arms_length
T00000621,P0003047,2023-08-15,486756.06,5768.87,arms_length
T00000622,P0002654,2019-09-15,1258105.79,5975.36,arms_length
T00000623,P0002654,2021-01-15,1560030.05,7409.34,arms_length
T00000624,P0002654,2024-04-15,1875725.36,8908.73,arms_length
T00000625,P0002858,2022-02-15,552133.34,8747.14,arms_length
T00000626,P0002858,2025-07-15,392729.65,6221.79,arms_length
T00000627,P0001672,2021-04-15,1633027.04,7841.3,arms_length
T00000628,P0001672,2023-04-15,1582621.94,7599.27,arms_length
T00000629,P0001821,2019-11-15,350270.54,7114.63,arms_length
T00000630,P0001821,2023-05-15,308219.93,6260.51,arms_length
T00000631,P0001821,2024-03-15,480835.72,9766.65,arms_length
T00000632,P0002556,2020-02-15,600084.5,6269.02,arms_length
T00000633,P0002556,2021-09-15,566764.0,5920.93,arms_length
T00000634,P0002556,2025-11-15,794729.42,8302.46,arms_length
T00000635,P0000799,2019-12-15,585718.22,9337.76,arms_length
T00000636,P0000799,2020-05-15,301835.39,4811.99,arms_length
T00000637,P0000799,2021-09-15,590605.54,9415.68,arms_length
T00000638,P0000680,2021-11-15,491604.08,5883.97,arms_length
T00000639,P0000680,2025-06-15,699948.85,8377.63,arms_length
T00000640,P0002582,2019-03-15,718261.42,7922.11,arms_length
T00000641,P0002072,2019-09-15,1712637.28,7589.4,arms_length
T00000642,P0002072,2020-01-15,1261647.87,5590.88,arms_length
T00000643,P0002013,2023-08-15,1468692.06,7905.26,arms_length
T00000644,P0000267,2020-04-15,1657971.96,7853.42,arms_length
T00000645,P0002575,2020-12-15,1175444.36,7864.74,arms_length
T00000646,P0000197,2020-06-15,630232.4,6347.99,arms_length
T00000647,P0000197,2021-08-15,555528.83,5595.54,arms_length
T00000648,P0000197,2025-01-15,873211.49,8795.39,arms_length
T00000649,P0002399,2019-04-15,1192041.81,6177.08,arms_length
T00000650,P0002399,2020-08-15,1329152.08,6887.58,arms_length
T00000651,P0000089,2019-02-15,327040.94,5824.69,arms_length
T00000652,P0000089,2020-06-15,489293.56,8714.46,arms_length
T00000653,P0002510,2021-09-15,740385.34,5867.84,arms_length
T00000654,P0002510,2022-04-15,765918.58,6070.2,arms_length
T00000655,P0002510,2025-03-15,1332733.74,10562.44,arms_length
T00000656,P0003083,2021-11-15,828340.33,5613.56,arms_length
T00000657,P0003083,2023-01-15,1278659.02,8665.31,arms_length
T00000658,P0001196,2025-05-15,742663.69,6264.84,arms_length
T00000659,P0001787,2022-03-15,1673751.89,6967.87,arms_length
T00000660,P0000953,2021-10-15,503966.45,7160.53,arms_length
T00000661,P0000953,2024-09-15,565409.95,8033.54,arms_length
T00000662,P0000760,2019-02-15,611739.8,5026.32,arms_length
T00000663,P0000760,2024-02-15,958950.9,7879.16,arms_length
T00000664,P0000464,2019-03-15,3064568.14,9366.55,arms_length
T00000665,P0000464,2021-11-15,2726777.26,8334.12,arms_length
T00000666,P0000464,2023-04-15,2171619.26,6637.34,arms_length
T00000667,P0000830,2020-02-15,1536407.75,9425.27,arms_length
T00000668,P0000830,2023-06-15,1155586.91,7089.08,arms_length
T00000669,P0000444,2020-09-15,2223757.18,6401.05,arms_length
T00000670,P0001819,2020-02-15,942112.5,7127.53,arms_length
T00000671,P0001819,2023-04-15,761734.75,5762.89,arms_length
T00000672,P0000026,2019-01-15,789834.5,5785.54,arms_length
T00000673,P0000026,2023-03-15,621865.34,4555.16,arms_length
T00000674,P0000026,2025-06-15,1251717.73,9168.83,arms_length
T00000675,P0000756,2024-05-15,3798928.38,7584.61,arms_length
T00000676,P0001273,2020-12-15,671836.89,7022.24,arms_length
T00000677,P0001273,2024-03-15,803934.72,8402.97,arms_length
T00000678,P0002094,2020-12-15,2126219.42,6286.51,arms_length
T00000679,P0002094,2022-12-15,2022662.73,5980.33,arms_length
T00000680,P0002094,2024-06-15,2103601.87,6219.64,arms_length
T00000681,P0002285,2025-03-15,1876746.09,6699.42,arms_length
T00000682,P0001455,2019-04-15,484122.14,6480.58,arms_length
T00000683,P0001455,2023-05-15,470601.41,6299.59,arms_length
T00000684,P0001038,2020-03-15,1830489.35,6068.77,arms_length
T00000685,P0002237,2021-10-15,2043915.21,5884.97,arms_length
T00000686,P0002237,2024-11-15,2577960.57,7422.63,arms_length
T00000687,P0002457,2020-12-15,301522.19,7073.03,arms_length
T00000688,P0002457,2021-11-15,223973.93,5253.92,arms_length
T00000689,P0002457,2024-08-15,438648.5,10289.71,arms_length
T00000690,P0000486,2020-08-15,676761.64,4875.09,arms_length
T00000691,P0000486,2024-02-15,1097571.35,7906.41,arms_length
T00000692,P0002305,2019-05-15,218986.19,5881.36,arms_length
T00000693,P0002305,2022-09-15,279606.42,7509.46,arms_length
T00000694,P0002031,2024-10-15,762607.17,5771.85,arms_length
T00000695,P0003043,2020-03-15,805290.4,6089.24,arms_length
T00000696,P0003043,2023-05-15,766426.85,5795.37,arms_length
T00000697,P0003043,2024-12-15,784505.51,5932.07,arms_length
T00000698,P0000068,2019-12-15,1278654.0,6200.76,arms_length
T00000699,P0000068,2023-01-15,1534432.22,7441.15,arms_length
T00000700,P0002879,2024-06-15,2358334.05,8125.78,arms_length
T00000701,P0002879,2025-09-15,2359777.65,8130.75,arms_length
T00000702,P0000569,2022-08-15,354262.25,7971.0,arms_length
T00000703,P0000569,2023-01-15,275993.45,6209.93,arms_length
T00000704,P0000730,2019-02-15,1467839.32,6980.85,arms_length
T00000705,P0000730,2020-03-15,1497052.18,7119.79,arms_length
T00000706,P0000730,2022-08-15,1500732.58,7137.29,arms_length
T00000707,P0000032,2023-09-15,552541.26,9899.69,arms_length
T00000708,P0000719,2020-05-15,360078.85,7019.46,arms_length
T00000709,P0000719,2021-01-15,287818.29,5610.8,arms_length
T00000710,P0001424,2025-08-15,2112431.83,8527.04,arms_length
T00000711,P0002321,2020-10-15,551211.92,7234.69,arms_length
T00000712,P0002321,2021-09-15,646786.38,8489.12,arms_length
T00000713,P0002321,2024-01-15,961791.57,12623.58,arms_length
T00000714,P0000979,2021-09-15,677192.65,8041.29,arms_length
T00000715,P0000979,2022-03-15,705403.05,8376.27,arms_length
T00000716,P0000979,2024-03-15,972058.33,11542.65,arms_length
T00000717,P0003048,2020-08-15,1212797.17,5868.04,arms_length
T00000718,P0001109,2019-08-15,431743.78,6413.61,arms_length
T00000719,P0000059,2020-11-15,308250.27,5681.02,arms_length
T00000720,P0000059,2023-03-15,336379.02,6199.43,arms_length
T00000721,P0002966,2019-05-15,667733.49,8629.39,arms_length
T00000722,P0002966,2022-01-15,451061.27,5829.25,arms_length
T00000723,P0002966,2025-08-15,614147.53,7936.87,arms_length
T00000724,P0000344,2021-02-15,716637.24,7117.02,arms_length
T00000725,P0001808,2021-04-15,1727942.09,9216.48,arms_length
T00000726,P0001808,2022-09-15,1274125.69,6795.92,arms_length
T00000727,P0001030,2022-06-15,497347.44,5286.24,arms_length
T00000728,P0001030,2024-08-15,809639.95,8605.56,arms_length
T00000729,P0000167,2023-06-15,1160203.89,8316.33,arms_length
T00000730,P0000167,2024-11-15,907140.29,6502.38,arms_length
T00000731,P0000167,2025-10-15,1056021.56,7569.56,arms_length
T00000732,P0000125,2022-05-15,952297.71,8138.36,arms_length
T00000733,P0002526,2023-05-15,1753683.29,7232.49,arms_length
T00000734,P0002634,2020-07-15,1750947.54,8010.56,arms_length
T00000735,P0002634,2021-11-15,1788407.13,8181.93,arms_length
T00000736,P0002634,2022-11-15,1504846.55,6884.65,arms_length
T00000737,P0000472,2019-05-15,329009.23,5799.61,arms_length
T00000738,P0000472,2025-03-15,503050.02,8867.51,arms_length
T00000739,P0000904,2019-04-15,251323.27,6293.2,arms_length
T00000740,P0000904,2023-06-15,269914.82,6758.74,arms_length
T00000741,P0000904,2024-07-15,365280.26,9146.72,arms_length
T00000742,P0000600,2020-07-15,771754.49,5903.88,arms_length
T00000743,P0000600,2023-07-15,962974.94,7366.7,arms_length
T00000744,P0000600,2024-05-15,1175603.71,8993.3,arms_length
T00000745,P0001511,2022-02-15,2275581.4,7786.62,arms_length
T00000746,P0000599,2022-11-15,2283056.27,8790.81,arms_length
T00000747,P0000599,2025-11-15,2520479.41,9704.99,arms_length
T00000748,P0001764,2025-02-15,406778.49,8219.29,arms_length
T00000749,P0002764,2021-10-15,2071653.82,5934.86,arms_length
T00000750,P0002764,2023-08-15,2840816.32,8138.35,arms_length
T00000751,P0002764,2024-03-15,2393280.27,6856.25,arms_length
T00000752,P0002793,2021-07-15,1623870.29,7308.77,arms_length
T00000753,P0002793,2022-03-15,1657527.14,7460.26,arms_length
T00000754,P0002793,2025-02-15,1893676.32,8523.13,arms_length
T00000755,P0001129,2023-01-15,633383.58,8000.56,arms_length
T00000756,P0001129,2025-07-15,609138.72,7694.32,arms_length
T00000757,P0001913,2025-11-15,920327.24,7643.23,arms_length
T00000758,P0001399,2022-08-15,194663.05,6773.63,arms_length
T00000759,P0003154,2023-06-15,500910.46,7520.17,arms_length
T00000760,P0003154,2024-10-15,463323.19,6955.87,arms_length
T00000761,P0001114,2019-04-15,451467.87,5346.6,arms_length
T00000762,P0001968,2022-06-15,776191.22,8077.38,arms_length
T00000763,P0001648,2019-08-15,228787.46,7184.95,arms_length
T00000764,P0001648,2024-12-15,290293.73,9116.52,arms_length
T00000765,P0001648,2025-07-15,214185.41,6726.38,arms_length
T00000766,P0000177,2022-12-15,336733.49,6053.79,arms_length
T00000767,P0000177,2023-06-15,439973.38,7909.83,arms_length
T00000768,P0000177,2024-01-15,460447.64,8277.92,arms_length
T00000769,P0000409,2021-01-15,1396006.61,6511.76,arms_length
T00000770,P0000409,2022-01-15,1798291.01,8388.25,arms_length
T00000771,P0000696,2025-11-15,485347.74,8155.09,arms_length
T00000772,P0002529,2020-11-15,1918090.68,6559.64,arms_length
T00000773,P0002529,2023-10-15,2407410.21,8233.05,arms_length
T00000774,P0002529,2024-09-15,3280549.07,11219.08,arms_length
T00000775,P0001308,2019-03-15,427434.24,5986.5,arms_length
T00000776,P0001308,2023-07-15,599293.37,8393.5,arms_length
T00000777,P0001308,2024-11-15,685916.41,9606.71,arms_length
T00000778,P0003052,2019-12-15,529739.34,5050.36,arms_length
T00000779,P0002467,2021-02-15,333159.87,6217.05,arms_length
T00000780,P0002467,2023-03-15,469277.27,8757.12,arms_length
T00000781,P0001766,2019-07-15,2691793.96,8630.0,arms_length
T00000782,P0001766,2020-04-15,1977771.84,6340.82,arms_length
T00000783,P0001766,2025-07-15,2584061.33,8284.61,arms_length
T00000784,P0001245,2022-05-15,1100200.51,7542.89,arms_length
T00000785,P0001245,2024-05-15,937255.95,6425.75,arms_length
T00000786,P0000081,2019-12-15,977495.09,6285.26,arms_length
T00000787,P0000081,2023-08-15,978935.17,6294.52,arms_length
T00000788,P0002228,2023-06-15,1391416.63,7836.92,arms_length
T00000789,P0001232,2023-07-15,843652.82,9331.78,arms_length
T00000790,P0001232,2025-06-15,740365.62,8189.3,arms_length
T00000791,P0002373,2022-12-15,1714435.1,7110.08,arms_length
T00000792,P0002373,2024-08-15,2242136.18,9298.56,arms_length
T00000793,P0001910,2021-05-15,1082238.57,6922.23,arms_length
T00000794,P0001910,2024-08-15,1067129.24,6825.59,arms_length
T00000795,P0002088,2019-11-15,1229780.13,6253.47,arms_length
T00000796,P0002088,2024-03-15,1875115.94,9535.02,arms_length
T00000797,P0002857,2020-10-15,508706.25,5830.73,arms_length
T00000798,P0002857,2021-08-15,698683.93,8008.23,arms_length
T00000799,P0000451,2019-12-15,1957585.23,5213.54,arms_length
T00000800,P0000451,2024-06-15,3603260.35,9596.39,arms_length
T00000801,P0000451,2025-04-15,4416320.99,11761.78,arms_length
T00000802,P0003023,2019-03-15,417583.54,6117.4,arms_length
T00000803,P0003023,2020-05-15,345034.84,5054.6,arms_length
T00000804,P0003023,2022-06-15,395805.2,5798.36,arms_length
T00000805,P0002065,2020-06-15,438795.36,9063.49,arms_length
T00000806,P0002065,2021-06-15,312070.25,6445.93,arms_length
T00000807,P0000434,2019-05-15,625026.81,4765.91,arms_length
T00000808,P0000434,2022-10-15,744993.8,5680.67,arms_length
T00000809,P0000434,2024-08-15,1344303.39,10250.48,arms_length
T00000810,P0001212,2024-06-15,440316.28,7837.37,arms_length
T00000811,P0002009,2019-02-15,2015098.21,7899.88,arms_length
T00000812,P0002009,2022-01-15,1952279.52,7653.61,arms_length
T00000813,P0000371,2019-07-15,1500065.43,9167.52,arms_length
T00000814,P0000371,2020-06-15,1006032.8,6148.29,arms_length
T00000815,P0000371,2025-08-15,955385.44,5838.76,arms_length
T00000816,P0000403,2020-07-15,454741.92,6350.91,arms_length
T00000817,P0000403,2022-04-15,462054.4,6453.03,arms_length
T00000818,P0000403,2023-04-15,629335.82,8789.28,arms_length
T00000819,P0002919,2021-01-15,540100.37,5853.82,arms_length
T00000820,P0002919,2025-06-15,756603.82,8200.37,arms_length
T00000821,P0001012,2021-01-15,4482847.91,7324.77,arms_length
T00000822,P0001012,2025-11-15,5395115.97,8815.38,arms_length
T00000823,P0001737,2020-04-15,736083.33,6838.46,arms_length
T00000824,P0001737,2024-01-15,698609.42,6490.31,arms_length
T00000825,P0001738,2019-10-15,650040.84,4876.73,arms_length
T00000826,P0001738,2022-12-15,1117157.3,8381.12,arms_length
T00000827,P0002944,2019-06-15,1174488.9,5720.7,arms_length
T00000828,P0002944,2021-09-15,1562178.8,7609.06,arms_length
T00000829,P0001962,2023-07-15,2084894.42,7934.64,arms_length
T00000830,P0001624,2022-06-15,877492.92,8548.46,arms_length
T00000831,P0002043,2025-02-15,595307.96,8728.24,arms_length
T00000832,P0000548,2020-11-15,1047174.97,6445.08,arms_length
T00000833,P0001622,2020-10-15,181764.32,4933.3,arms_length
T00000834,P0001622,2021-03-15,278951.45,7571.08,arms_length
T00000835,P0002103,2020-12-15,678460.45,6555.08,arms_length
T00000836,P0002103,2023-09-15,680706.34,6576.78,arms_length
T00000837,P0000142,2022-06-15,544863.3,7587.18,arms_length
T00000838,P0000142,2024-02-15,648846.24,9035.14,arms_length
T00000839,P0001242,2020-02-15,400268.81,8597.15,arms_length
T00000840,P0001242,2025-10-15,427464.96,9181.28,arms_length
T00000841,P0002045,2019-06-15,1605013.39,7678.5,arms_length
T00000842,P0002045,2021-06-15,1408433.25,6738.05,arms_length
T00000843,P0002610,2024-01-15,585043.39,7418.71,arms_length
T00000844,P0002779,2022-11-15,259633.77,7783.17,arms_length
T00000845,P0002779,2024-05-15,220136.77,6599.14,arms_length
T00000846,P0002779,2025-10-15,230993.75,6924.61,arms_length
T00000847,P0001986,2020-05-15,501816.28,8707.96,arms_length
T00000848,P0001986,2021-11-15,385759.1,6694.04,arms_length
T00000849,P0001923,2023-10-15,651227.33,6275.96,arms_length
T00000850,P0000545,2020-09-15,307736.32,6160.96,arms_length
T00000851,P0000545,2024-12-15,386548.07,7738.79,arms_length
T00000852,P0000545,2025-08-15,405726.39,8122.75,arms_length
T00000853,P0001850,2020-12-15,202077.21,5554.42,arms_length
T00000854,P0000818,2021-08-15,564389.19,7440.63,arms_length
T00000855,P0000818,2023-02-15,447909.72,5905.02,arms_length
T00000856,P0000812,2022-04-15,634707.0,6250.01,arms_length
T00000857,P0001615,2020-10-15,1756005.17,8892.39,arms_length
T00000858,P0001615,2023-03-15,1857132.47,9404.5,arms_length
T00000859,P0001615,2025-04-15,1354228.85,6857.8,arms_length
T00000860,P0002127,2020-07-15,876528.71,6512.9,arms_length
T00000861,P0002127,2021-01-15,756884.73,5623.9,arms_length
T00000862,P0002127,2025-09-15,864121.15,6420.71,arms_length
T00000863,P0000529,2021-10-15,3602830.54,6245.54,arms_length
T00000864,P0000529,2022-08-15,4776969.47,8280.93,arms_length
T00000865,P0002178,2020-08-15,912360.94,8915.94,arms_length
T00000866,P0002178,2023-09-15,969656.46,9475.85,arms_length
T00000867,P0002178,2024-03-15,717463.98,7011.33,arms_length
T00000868,P0002513,2020-08-15,1303426.75,8009.46,arms_length
T00000869,P0002513,2024-11-15,1430047.18,8787.53,arms_length
T00000870,P0002513,2025-01-15,1472343.36,9047.44,arms_length
T00000871,P0000941,2020-04-15,294020.89,5638.21,arms_length
T00000872,P0000941,2023-07-15,474037.3,9090.24,arms_length
T00000873,P0000941,2025-01-15,399220.44,7655.54,arms_length
T00000874,P0000417,2024-08-15,596866.29,7793.74,arms_length
T00000875,P0000178,2020-01-15,510596.14,5958.06,arms_length
T00000876,P0000178,2023-02-15,572740.13,6683.21,arms_length
T00000877,P0000178,2025-10-15,671436.77,7834.89,arms_length
T00000878,P0000977,2020-05-15,2281908.1,6195.38,arms_length
T00000879,P0000977,2023-08-15,2659526.26,7220.62,arms_length
T00000880,P0002078,2024-06-15,8849385.48,8454.32,arms_length
T00000881,P0001076,2020-08-15,158081.25,7236.59,arms_length
T00000882,P0001076,2022-01-15,197556.36,9043.67,arms_length
T00000883,P0001076,2024-10-15,181652.73,8315.64,arms_length
T00000884,P0001627,2019-12-15,2262140.47,8735.65,arms_length
T00000885,P0001627,2020-09-15,1805588.99,6972.59,arms_length
T00000886,P0001627,2023-09-15,1662822.58,6421.28,arms_length
T00000887,P0002029,2019-12-15,1030733.92,6316.87,arms_length
T00000888,P0002029,2020-09-15,1232136.84,7551.17,arms_length
T00000889,P0002029,2022-05-15,1336690.27,8191.93,arms_length
T00000890,P0000802,2019-02-15,582240.54,6790.24,arms_length
T00000891,P0002382,2021-05-15,1134436.27,7922.32,arms_length
T00000892,P0002390,2020-11-15,521201.57,5966.31,arms_length
T00000893,P0000184,2019-04-15,157327.83,5392.56,arms_length
T00000894,P0000184,2022-09-15,209647.0,7185.84,arms_length
T00000895,P0001042,2019-02-15,5035872.5,8780.03,arms_length
T00000896,P0001042,2024-04-15,4751744.72,8284.66,arms_length
T00000897,P0002044,2024-05-15,4693949.83,8238.42,arms_length
T00000898,P0002816,2019-01-15,330495.79,4706.01,arms_length
T00000899,P0002816,2020-12-15,534152.5,7605.93,arms_length
T00000900,P0002914,2019-03-15,230988.71,4709.84,arms_length
T00000901,P0002914,2024-11-15,498911.49,10172.76,arms_length
T00000902,P0002707,2020-08-15,1016809.14,5092.65,arms_length
T00000903,P0002427,2020-05-15,647963.29,5987.41,arms_length
T00000904,P0002427,2023-07-15,670375.4,6194.51,arms_length
T00000905,P0002427,2025-06-15,1204127.69,11126.57,arms_length
T00000906,P0001382,2022-08-15,3927960.13,5270.8,arms_length
T00000907,P0001382,2023-01-15,5155841.63,6918.46,arms_length
T00000908,P0001382,2025-03-15,7716312.25,10354.27,arms_length
T00000909,P0002059,2024-10-15,332919.78,6291.24,arms_length
T00000910,P0000813,2019-03-15,834889.25,6465.55,arms_length
T00000911,P0000813,2022-03-15,937394.02,7259.37,arms_length
T00000912,P0003120,2019-11-15,996653.96,6469.76,arms_length
T00000913,P0001019,2021-08-15,164716.18,6502.16,arms_length
T00000914,P0001019,2022-08-15,231045.16,9120.5,arms_length
T00000915,P0001019,2024-12-15,289739.05,11437.44,arms_length
T00000916,P0000394,2020-05-15,406672.78,6345.48,arms_length
T00000917,P0000394,2025-10-15,640564.19,9994.99,arms_length
T00000918,P0001544,2021-07-15,780438.16,7012.57,arms_length
T00000919,P0001489,2023-01-15,657405.59,7405.26,arms_length
T00000920,P0000479,2020-04-15,647764.41,7939.32,arms_length
T00000921,P0000479,2024-03-15,451155.94,5529.59,arms_length
T00000922,P0000479,2025-10-15,616174.9,7552.14,arms_length
T00000923,P0000439,2020-12-15,385020.01,5630.65,arms_length
T00000924,P0000439,2024-01-15,543821.49,7953.01,arms_length
T00000925,P0000439,2025-11-15,572041.66,8365.71,arms_length
T00000926,P0000163,2021-01-15,937818.15,8583.55,arms_length
T00000927,P0002594,2022-05-15,693722.66,6189.86,arms_length
T00000928,P0002594,2024-08-15,882901.02,7877.83,arms_length
T00000929,P0002594,2025-06-15,724147.46,6461.33,arms_length
T00000930,P0002067,2019-03-15,3245616.27,5672.54,arms_length
T00000931,P0002067,2020-12-15,4772497.44,8341.15,arms_length
T00000932,P0002067,2024-04-15,4508546.88,7879.83,arms_length
T00000933,P0003064,2022-12-15,660166.37,6595.57,arms_length
T00000934,P0003064,2025-10-15,813668.69,8129.18,arms_length
T00000935,P0002971,2023-03-15,480791.21,7839.14,arms_length
T00000936,P0002971,2024-11-15,382775.05,6241.02,arms_length
T00000937,P0002971,2025-01-15,507308.55,8271.5,arms_length
T00000938,P0001823,2020-04-15,573045.29,5598.96,arms_length
T00000939,P0001823,2024-08-15,745492.66,7283.87,arms_length
T00000940,P0001518,2020-01-15,1047649.2,6196.4,arms_length
T00000941,P0001518,2024-04-15,1086260.03,6424.77,arms_length
T00000942,P0001518,2025-10-15,1030721.33,6096.28,arms_length
T00000943,P0002149,2025-07-15,1152413.97,8102.35,arms_length
T00000944,P0000671,2020-11-15,729673.63,6686.7,arms_length
T00000945,P0000671,2023-09-15,996264.05,9129.72,arms_length
T00000946,P0001374,2020-02-15,4485825.72,8125.32,arms_length
T00000947,P0001125,2025-11-15,1168189.17,10458.65,arms_length
T00000948,P0001564,2019-02-15,2476509.7,6788.7,arms_length
T00000949,P0001564,2020-06-15,2534917.13,6948.81,arms_length
T00000950,P0001564,2022-06-15,2591294.67,7103.36,arms_length
T00000951,P0001103,2024-12-15,1007294.58,9028.77,arms_length
T00000952,P0001103,2025-03-15,1127474.49,10105.99,arms_length
T00000953,P0001002,2022-11-15,665415.65,6461.71,arms_length
T00000954,P0000031,2019-10-15,1800650.09,5015.47,arms_length
T00000955,P0000031,2020-08-15,1901178.48,5295.48,arms_length
T00000956,P0000031,2023-07-15,2314648.19,6447.14,arms_length
T00000957,P0001519,2023-01-15,1062411.76,5777.86,arms_length
T00000958,P0000556,2019-04-15,556553.33,7029.43,arms_length
T00000959,P0000556,2021-01-15,478760.91,6046.89,arms_length
T00000960,P0001007,2023-08-15,1643811.96,7072.88,arms_length
T00000961,P0001007,2024-03-15,1582097.59,6807.34,arms_length
T00000962,P0001007,2025-06-15,1976490.85,8504.31,arms_length
T00000963,P0001499,2024-07-15,517469.22,9317.31,arms_length
T00000964,P0001499,2025-06-15,410388.43,7389.27,arms_length
T00000965,P0000174,2020-08-15,1233367.92,6779.58,arms_length
T00000966,P0000174,2023-10-15,1642635.49,9029.24,arms_length
T00000967,P0002085,2023-05-15,446858.9,6725.98,arms_length
T00000968,P0002085,2024-06-15,502721.86,7566.81,arms_length
T00000969,P0002085,2025-08-15,551294.35,8297.91,arms_length
T00000970,P0000297,2020-05-15,1119429.6,6473.46,arms_length
T00000971,P0000297,2024-04-15,1406878.41,8135.73,arms_length
T00000972,P0000326,2021-08-15,762168.78,7000.92,arms_length
T00000973,P0001331,2019-11-15,1213138.9,6831.79,arms_length
T00000974,P0001289,2019-03-15,652628.89,6749.49,arms_length
T00000975,P0001289,2023-06-15,723770.5,7485.24,arms_length
T00000976,P0001289,2025-07-15,787618.74,8145.56,arms_length
T00000977,P0000280,2024-11-15,690813.59,7826.2,arms_length
T00000978,P0000613,2019-08-15,835524.1,5481.81,arms_length
T00000979,P0000613,2021-03-15,913777.91,5995.23,arms_length
T00000980,P0000965,2024-10-15,1720986.0,10741.09,arms_length
T00000981,P0000965,2025-01-15,1348291.27,8415.01,arms_length
T00000982,P0002882,2021-05-15,369172.43,5108.35,arms_length
T00000983,P0002882,2024-07-15,493081.42,6822.92,arms_length
T00000984,P0002124,2019-10-15,715392.63,5391.58,arms_length
T00000985,P0002124,2023-05-15,849803.68,6404.58,arms_length
T00000986,P0002124,2024-01-15,876088.34,6602.67,arms_length
T00000987,P0002243,2021-11-15,140148.3,7185.26,arms_length
T00000988,P0003166,2020-09-15,716477.06,7163.34,arms_length
T00000989,P0003166,2021-01-15,850834.68,8506.65,arms_length
T00000990,P0001423,2022-01-15,549034.61,7115.78,arms_length
T00000991,P0001423,2025-11-15,584483.5,7575.22,arms_length
T00000992,P0002964,2020-07-15,2141802.51,5476.34,arms_length
T00000993,P0002964,2022-01-15,2552412.69,6526.22,arms_length
T00000994,P0001205,2021-12-15,849986.53,7784.4,arms_length
T00000995,P0001205,2025-09-15,851133.69,7794.91,arms_length
T00000996,P0002017,2020-03-15,1456412.42,7186.59,arms_length
T00000997,P0000612,2020-09-15,1776034.47,6713.63,arms_length
T00000998,P0000074,2022-05-15,3311901.56,7234.04,arms_length
T00000999,P0000049,2020-02-15,1841991.62,7007.36,arms_length
T00001000,P0001996,2019-02-15,340047.93,7459.86,arms_length
T00001001,P0001996,2022-05-15,336499.82,7382.02,arms_length
T00001002,P0001996,2023-07-15,395000.67,8665.4,arms_length
T00001003,P0000602,2019-01-15,486549.21,5928.1,arms_length
T00001004,P0000602,2022-09-15,628475.38,7657.33,arms_length
T00001005,P0000602,2023-03-15,666008.42,8114.63,arms_length
T00001006,P0002308,2021-01-15,1535365.58,6414.64,arms_length
T00001007,P0002308,2023-08-15,2078608.85,8684.27,arms_length
T00001008,P0002308,2024-12-15,2093965.78,8748.43,arms_length
T00001009,P0001870,2021-11-15,780119.97,5991.01,arms_length
T00001010,P0001538,2020-01-15,1435265.67,7039.2,arms_length
T00001011,P0001538,2022-12-15,1759108.49,8627.47,arms_length
T00001012,P0001538,2025-06-15,1686369.98,8270.73,arms_length
T00001013,P0001189,2019-11-15,1634088.74,5791.32,arms_length
T00001014,P0001189,2022-07-15,1869311.84,6624.96,arms_length
T00001015,P0000762,2019-06-15,1159264.27,5853.75,arms_length
T00001016,P0000762,2025-12-15,1934414.85,9767.9,arms_length
T00001017,P0002187,2020-03-15,577814.73,6511.28,arms_length
T00001018,P0002187,2022-10-15,532678.12,6002.65,arms_length
T00001019,P0001607,2025-08-15,904324.73,8064.18,arms_length
T00001020,P0002311,2020-02-15,952802.89,5705.29,arms_length
T00001021,P0002033,2024-07-15,1140322.29,8123.24,arms_length
T00001022,P0002437,2019-01-15,136238.67,4043.22,arms_length
T00001023,P0002437,2021-06-15,256601.26,7615.28,arms_length
T00001024,P0002437,2024-12-15,212548.57,6307.91,arms_length
T00001025,P0002245,2021-12-15,704182.4,7530.36,arms_length
T00001026,P0003160,2019-07-15,1146009.1,6412.87,arms_length
T00001027,P0003160,2020-01-15,1038250.13,5809.87,arms_length
T00001028,P0003160,2023-10-15,1710802.74,9573.35,arms_length
T00001029,P0001886,2023-05-15,1621488.22,10510.44,arms_length
T00001030,P0001886,2024-10-15,1421720.63,9215.55,arms_length
T00001031,P0001886,2025-12-15,1104148.61,7157.06,arms_length
T00001032,P0002502,2021-07-15,501355.6,5190.5,arms_length
T00001033,P0002603,2024-06-15,1612407.1,9258.28,arms_length
T00001034,P0001457,2020-06-15,874558.92,8357.01,arms_length
T00001035,P0002011,2020-08-15,593962.78,8355.16,arms_length
T00001036,P0002309,2020-02-15,1296599.58,6689.98,arms_length
T00001037,P0002309,2023-03-15,1130361.57,5832.25,arms_length
T00001038,P0002309,2024-01-15,1428752.91,7371.84,arms_length
T00001039,P0001895,2019-04-15,1708509.78,7080.07,arms_length
T00001040,P0002491,2021-05-15,484695.44,6291.91,arms_length
T00001041,P0002491,2022-04-15,465554.72,6043.44,arms_length
T00001042,P0002491,2024-10-15,552181.14,7167.95,arms_length
T00001043,P0001377,2022-08-15,419124.79,5094.75,arms_length
T00001044,P0001377,2023-02-15,636465.55,7736.67,arms_length
T00001045,P0001377,2025-07-15,490342.77,5960.45,arms_length
T00001046,P0001094,2020-07-15,590636.63,7390.97,arms_length
T00001047,P0001094,2022-10-15,568944.04,7119.51,arms_length
T00001048,P0001840,2019-05-15,1190224.26,9260.6,arms_length
T00001049,P0001840,2021-03-15,946515.84,7364.42,arms_length
T00001050,P0001712,2021-07-15,1319402.4,7885.27,arms_length
T00001051,P0002413,2019-11-15,3646734.47,7451.07,arms_length
T00001052,P0001728,2024-06-15,549993.85,8412.96,arms_length
T00001053,P0001414,2025-11-15,649765.93,5613.46,arms_length
T00001054,P0001776,2019-10-15,260563.77,6176.93,arms_length
T00001055,P0001776,2021-08-15,288303.51,6834.52,arms_length
T00001056,P0001776,2022-04-15,295529.63,7005.83,arms_length
T00001057,P0001533,2024-03-15,2002331.3,8310.86,arms_length
T00001058,P0002710,2019-01-15,370665.43,6153.7,arms_length
T00001059,P0003090,2021-02-15,2314134.46,9494.24,arms_length
T00001060,P0003090,2025-12-15,1510452.26,6196.96,arms_length
T00001061,P0001018,2023-11-15,1594459.97,9247.13,arms_length
T00001062,P0003088,2025-06-15,877025.1,6312.16,arms_length
T00001063,P0000109,2020-09-15,233864.41,5769.03,arms_length
T00001064,P0002299,2019-02-15,424730.64,6961.94,arms_length
T00001065,P0002299,2020-02-15,397991.31,6523.65,arms_length
T00001066,P0002299,2023-06-15,507207.53,8313.85,arms_length
T00001067,P0001883,2021-05-15,241072.17,7422.29,arms_length
T00001068,P0001883,2022-09-15,298001.44,9175.07,arms_length
T00001069,P0001883,2023-10-15,260633.89,8024.57,arms_length
T00001070,P0000319,2019-01-15,878983.48,4418.31,arms_length
T00001071,P0002476,2023-12-15,1003084.36,6696.42,arms_length
T00001072,P0002907,2021-04-15,3976950.8,5645.97,arms_length
T00001073,P0002907,2022-12-15,4300482.3,6105.28,arms_length
T00001074,P0002907,2023-11-15,4916199.72,6979.4,arms_length
T00001075,P0001546,2019-05-15,2455684.92,6552.81,arms_length
T00001076,P0001546,2023-08-15,4334647.65,11566.68,arms_length
T00001077,P0003119,2019-03-15,283435.1,6118.46,arms_length
T00001078,P0002096,2019-03-15,767028.06,5823.46,arms_length
T00001079,P0002096,2021-04-15,1081595.99,8211.73,arms_length
T00001080,P0002096,2023-01-15,1237789.23,9397.58,arms_length
T00001081,P0002651,2020-09-15,3071525.1,6605.3,arms_length
T00001082,P0002651,2022-01-15,4320370.45,9290.94,arms_length
T00001083,P0001174,2024-03-15,262230.78,6911.68,arms_length
T00001084,P0001174,2025-10-15,252522.28,6655.79,arms_length
T00001085,P0001495,2025-11-15,737570.57,7713.25,arms_length
T00001086,P0000611,2019-03-15,2324518.21,7092.05,arms_length
T00001087,P0000611,2020-03-15,2171413.1,6624.93,arms_length
T00001088,P0000611,2022-03-15,2067227.43,6307.07,arms_length
T00001089,P0002190,2019-10-15,933322.1,6254.72,arms_length
T00001090,P0002190,2020-04-15,1000423.66,6704.41,arms_length
T00001091,P0002190,2021-11-15,731356.9,4901.24,arms_length
T00001092,P0001512,2020-11-15,316267.2,6445.99,arms_length
T00001093,P0001512,2023-06-15,369648.18,7533.97,arms_length
T00001094,P0001512,2025-12-15,457449.83,9323.5,arms_length
T00001095,P0001357,2019-03-15,169835.57,7372.51,arms_length
T00001096,P0001357,2022-01-15,156663.76,6800.72,arms_length
T00001097,P0001357,2023-05-15,176154.95,7646.83,arms_length
T00001098,P0002727,2019-12-15,733719.65,5610.26,arms_length
T00001099,P0002727,2020-08-15,549823.59,4204.13,arms_length
T00001100,P0002727,2022-01-15,963740.92,7369.08,arms_length
T00001101,P0001118,2019-08-15,177989.32,6291.89,arms_length
T00001102,P0000579,2020-10-15,308803.56,5398.6,arms_length
T00001103,P0000579,2021-07-15,402899.39,7043.61,arms_length
T00001104,P0000057,2020-02-15,421217.97,6694.52,arms_length
T00001105,P0000057,2023-06-15,495798.61,7879.85,arms_length
T00001106,P0000057,2024-03-15,532425.67,8461.98,arms_length
T00001107,P0001911,2020-03-15,963110.35,6773.59,arms_length
T00001108,P0001911,2022-06-15,1428737.87,10048.37,arms_length
T00001109,P0001911,2024-07-15,1336305.33,9398.29,arms_length
T00001110,P0001682,2020-09-15,927060.88,8648.03,arms_length
T00001111,P0001682,2024-07-15,1009729.55,9419.2,arms_length
T00001112,P0001682,2025-11-15,1049016.18,9785.68,arms_length
T00001113,P0002163,2023-01-15,1073335.69,6795.76,arms_length
T00001114,P0000603,2019-02-15,496156.1,6204.53,arms_length
T00001115,P0000469,2019-07-15,1315324.29,6984.82,arms_length
T00001116,P0000469,2023-03-15,1405316.58,7462.71,arms_length
T00001117,P0002516,2019-04-15,629839.7,5084.88,arms_length
T00001118,P0002516,2020-04-15,959299.82,7744.71,arms_length
T00001119,P0002516,2023-09-15,926051.39,7476.28,arms_length
T00001120,P0002148,2022-12-15,1229605.64,7495.74,arms_length
T00001121,P0000536,2025-05-15,854918.47,6734.58,arms_length
T00001122,P0001747,2020-03-15,126901.31,7292.74,arms_length
T00001123,P0001747,2022-01-15,113221.77,6506.61,arms_length
T00001124,P0001747,2024-07-15,181025.71,10403.15,arms_length
T00001125,P0000582,2019-10-15,348822.28,6200.18,arms_length
T00001126,P0000582,2025-08-15,374302.97,6653.09,arms_length
T00001127,P0000913,2020-03-15,1717846.02,9625.84,arms_length
T00001128,P0002244,2019-02-15,188125.32,7324.69,arms_length
T00001129,P0002244,2020-04-15,133265.52,5188.71,arms_length
T00001130,P0002244,2022-05-15,211918.08,8251.06,arms_length
T00001131,P0003075,2022-04-15,2196299.75,8290.22,arms_length
T00001132,P0002121,2024-07-15,1943365.17,6765.91,arms_length
T00001133,P0000070,2019-04-15,1001351.53,6483.84,arms_length
T00001134,P0000070,2023-04-15,1472421.1,9534.06,arms_length
T00001135,P0000070,2025-09-15,1366670.45,8849.32,arms_length
T00001136,P0002805,2021-01-15,434457.58,8697.54,arms_length
T00001137,P0002805,2023-02-15,440722.01,8822.95,arms_length
T00001138,P0002805,2025-06-15,496983.13,9949.26,arms_length
T00001139,P0001794,2020-06-15,313622.6,5783.47,arms_length
T00001140,P0001794,2021-03-15,359451.63,6628.6,arms_length
T00001141,P0001794,2023-02-15,446072.91,8225.97,arms_length
T00001142,P0000437,2023-12-15,573985.59,8871.86,arms_length
T00001143,P0002154,2023-11-15,778286.66,7669.31,arms_length
T00001144,P0001984,2023-08-15,320693.82,8948.56,arms_length
T00001145,P0001984,2024-04-15,298376.8,8325.83,arms_length
T00001146,P0000209,2021-07-15,680213.54,6318.79,arms_length
T00001147,P0001452,2020-02-15,895969.41,7447.6,arms_length
T00001148,P0001452,2023-11-15,906827.83,7537.86,arms_length
T00001149,P0000566,2020-05-15,615702.47,5195.52,arms_length
T00001150,P0000566,2022-01-15,981729.22,8284.18,arms_length
T00001151,P0000314,2019-04-15,2927443.0,6970.47,arms_length
T00001152,P0000314,2021-01-15,2908303.8,6924.9,arms_length
T00001153,P0000234,2019-01-15,1495574.53,9342.03,arms_length
T00001154,P0000234,2023-10-15,1306391.38,8160.31,arms_length
T00001155,P0000234,2025-05-15,1848017.01,11543.54,arms_length
T00001156,P0000991,2023-10-15,599600.13,8315.24,arms_length
T00001157,P0000991,2024-09-15,562066.19,7794.72,arms_length
T00001158,P0002967,2022-04-15,186095.27,6949.55,arms_length
T00001159,P0002967,2024-04-15,294137.68,10984.29,arms_length
T00001160,P0002967,2025-07-15,242361.73,9050.77,arms_length
T00001161,P0000808,2022-08-15,549430.88,9755.83,arms_length
T00001162,P0000112,2019-10-15,1228800.97,5170.01,arms_length
T00001163,P0000112,2024-12-15,1503020.8,6323.75,arms_length
T00001164,P0003013,2019-01-15,91490.78,3721.21,arms_length
T00001165,P0003013,2021-03-15,188577.17,7670.02,arms_length
T00001166,P0003013,2024-12-15,195203.94,7939.55,arms_length
T00001167,P0000839,2020-07-15,2010085.28,5076.04,arms_length
T00001168,P0000839,2023-12-15,2984523.31,7536.77,arms_length
T00001169,P0000839,2025-12-15,2793114.15,7053.41,arms_length
T00001170,P0000655,2020-08-15,208837.16,4113.8,arms_length
T00001171,P0000655,2021-03-15,376866.02,7423.72,arms_length
T00001172,P0000655,2025-02-15,380327.75,7491.92,arms_length
T00001173,P0001771,2024-12-15,886557.3,9256.24,arms_length
T00001174,P0001814,2022-12-15,523107.02,6353.33,arms_length
T00001175,P0001814,2024-08-15,620176.74,7532.28,arms_length
T00001176,P0000473,2022-06-15,1290179.73,6991.89,arms_length
T00001177,P0000473,2023-01-15,1072205.67,5810.62,arms_length
T00001178,P0002637,2021-06-15,3280647.27,6542.75,arms_length
T00001179,P0001666,2024-10-15,1526532.56,7458.66,arms_length
T00001180,P0000735,2020-07-15,3548400.19,7280.03,arms_length
T00001181,P0000735,2021-03-15,3332361.06,6836.8,arms_length
T00001182,P0002749,2020-07-15,916634.47,6785.85,arms_length
T00001183,P0002749,2023-04-15,1012723.56,7497.2,arms_length
T00001184,P0002749,2025-11-15,881552.68,6526.14,arms_length
T00001185,P0000747,2020-09-15,357887.05,7314.23,arms_length
T00001186,P0000747,2024-05-15,334405.86,6834.34,arms_length
T00001187,P0001178,2022-10-15,1213918.66,7978.58,arms_length
T00001188,P0001178,2025-11-15,1338660.12,8798.45,arms_length
T00001189,P0001629,2023-03-15,271545.33,6990.82,arms_length
T00001190,P0001629,2025-02-15,315081.47,8111.64,arms_length
T00001191,P0000765,2020-01-15,3407126.37,8798.04,arms_length
T00001192,P0000765,2025-08-15,4182858.92,10801.18,arms_length
T00001193,P0001104,2021-08-15,1356719.3,5336.46,arms_length
T00001194,P0001341,2019-12-15,1043805.23,6580.55,arms_length
T00001195,P0001341,2021-01-15,1031930.35,6505.69,arms_length
T00001196,P0001341,2025-07-15,1180750.79,7443.91,arms_length
T00001197,P0000362,2021-03-15,1610613.68,5990.36,arms_length
T00001198,P0000362,2023-07-15,2177547.2,8098.96,arms_length
T00001199,P0000136,2019-03-15,1323436.09,7272.24,arms_length
T00001200,P0000136,2020-03-15,1082860.14,5950.29,arms_length
T00001201,P0000136,2023-05-15,1420398.41,7805.05,arms_length
T00001202,P0001413,2020-07-15,765487.34,6075.23,arms_length
T00001203,P0001413,2023-01-15,850454.58,6749.57,arms_length
T00001204,P0001413,2025-08-15,1248805.58,9911.05,arms_length
T00001205,P0002319,2019-06-15,470970.79,7071.64,arms_length
T00001206,P0002319,2022-05-15,489426.6,7348.75,arms_length
T00001207,P0002319,2025-05-15,580222.29,8712.05,arms_length
T00001208,P0002740,2019-01-15,207379.63,5283.77,arms_length
T00001209,P0002740,2021-04-15,240526.46,6128.31,arms_length
T00001210,P0002415,2019-04-15,107566.06,4794.03,arms_length
T00001211,P0002415,2023-12-15,138192.69,6159.01,arms_length
T00001212,P0002415,2025-03-15,154107.73,6868.31,arms_length
T00001213,P0000367,2019-05-15,698667.44,5678.85,arms_length
T00001214,P0000367,2023-09-15,955855.1,7769.3,arms_length
T00001215,P0000367,2024-02-15,1332456.96,10830.36,arms_length
T00001216,P0001926,2019-09-15,592130.05,5787.84,arms_length
T00001217,P0001926,2023-08-15,533789.86,5217.58,arms_length
T00001218,P0001926,2024-01-15,872499.99,8528.34,arms_length
T00001219,P0000030,2024-08-15,787244.21,7746.17,arms_length
T00001220,P0000030,2025-11-15,848534.39,8349.24,arms_length
T00001221,P0002671,2020-09-15,2247832.65,7206.5,arms_length
T00001222,P0002671,2023-04-15,2857188.11,9160.08,arms_length
T00001223,P0000023,2019-12-15,582394.97,6669.82,arms_length
T00001224,P0000023,2020-12-15,525429.94,6017.43,arms_length
T00001225,P0000023,2022-03-15,528670.02,6054.54,arms_length
T00001226,P0002829,2021-03-15,3042754.87,7203.49,arms_length
T00001227,P0002829,2022-01-15,2995143.02,7090.77,arms_length
T00001228,P0002331,2019-01-15,451181.54,6931.6,arms_length
T00001229,P0002331,2020-06-15,381551.18,5861.86,arms_length
T00001230,P0002847,2025-06-15,1020675.8,8129.71,arms_length
T00001231,P0000421,2023-03-15,1801992.69,9237.41,arms_length
T00001232,P0001589,2019-01-15,428133.91,7031.68,arms_length
T00001233,P0001589,2024-04-15,388819.17,6385.98,arms_length
T00001234,P0000461,2020-09-15,515965.17,5448.21,arms_length
T00001235,P0000461,2025-12-15,940164.21,9927.44,arms_length
T00001236,P0000044,2020-05-15,903526.56,5852.87,arms_length
T00001237,P0000044,2021-10-15,1009221.9,6537.55,arms_length
T00001238,P0000044,2025-05-15,910274.28,5896.58,arms_length
T00001239,P0000088,2020-10-15,5690500.31,7989.33,arms_length
T00001240,P0000088,2022-09-15,4505651.57,6325.83,arms_length
T00001241,P0001201,2019-04-15,1001501.17,5069.07,arms_length
T00001242,P0001201,2023-11-15,1973791.72,9990.29,arms_length
T00001243,P0002937,2021-09-15,670672.07,7275.24,arms_length
T00001244,P0001469,2020-11-15,396708.89,4838.3,arms_length
T00001245,P0001469,2022-09-15,639216.36,7795.94,arms_length
T00001246,P0001469,2024-06-15,599914.0,7316.6,arms_length
T00001247,P0000562,2022-02-15,245922.43,8084.69,arms_length
T00001248,P0000562,2024-11-15,217778.1,7159.45,arms_length
T00001249,P0000283,2021-01-15,1171583.83,5033.23,arms_length
T00001250,P0001652,2019-11-15,128993.49,5484.78,arms_length
T00001251,P0000701,2020-03-15,540204.38,6477.58,arms_length
T00001252,P0000701,2024-11-15,745490.08,8939.16,arms_length
T00001253,P0000701,2025-12-15,677044.22,8118.43,arms_length
T00001254,P0001221,2020-08-15,2090428.1,5730.44,arms_length
T00001255,P0003037,2024-02-15,846361.46,7189.18,arms_length
T00001256,P0002300,2019-12-15,344929.55,6963.65,arms_length
T00001257,P0002300,2022-07-15,376594.62,7602.92,arms_length
T00001258,P0000534,2021-11-15,659046.48,5981.7,arms_length
T00001259,P0000534,2023-08-15,1093236.17,9922.54,arms_length
T00001260,P0000534,2024-05-15,803953.74,7296.92,arms_length
T00001261,P0001398,2019-05-15,876870.8,7038.61,arms_length
T00001262,P0001398,2022-04-15,862032.48,6919.51,arms_length
T00001263,P0002619,2020-10-15,228561.69,7042.82,arms_length
T00001264,P0002619,2023-09-15,310687.47,9573.42,arms_length
T00001265,P0002850,2021-05-15,1942576.73,6566.43,arms_length
T00001266,P0002873,2020-01-15,323971.95,6627.75,arms_length
T00001267,P0002873,2022-01-15,414373.41,8477.17,arms_length
T00001268,P0002554,2019-03-15,393229.01,5923.27,arms_length
T00001269,P0002554,2023-11-15,456477.2,6875.98,arms_length
T00001270,P0002261,2022-10-15,339153.4,7111.7,arms_length
T00001271,P0002261,2025-09-15,399932.02,8386.17,arms_length
T00001272,P0003153,2019-12-15,1000197.03,8532.21,arms_length
T00001273,P0003153,2022-05-15,1325654.06,11308.54,arms_length
T00001274,P0003153,2023-11-15,973733.69,8306.47,arms_length
T00001275,P0001379,2020-11-15,192718.22,6318.21,arms_length
T00001276,P0002444,2019-04-15,1863901.7,7027.71,arms_length
T00001277,P0002444,2021-06-15,1707698.96,6438.76,arms_length
T00001278,P0002444,2023-12-15,3292867.17,12415.52,arms_length
T00001279,P0001917,2020-06-15,178703.02,6267.51,arms_length
T00001280,P0001917,2023-04-15,228756.56,8023.0,arms_length
T00001281,P0001917,2024-11-15,226810.98,7954.76,arms_length
T00001282,P0000638,2020-10-15,978216.9,10291.64,arms_length
T00001283,P0000638,2025-12-15,727079.91,7649.47,arms_length
T00001284,P0000773,2023-05-15,1506607.97,6913.09,arms_length
T00001285,P0000773,2024-08-15,1937022.25,8888.05,arms_length
T00001286,P0002010,2021-07-15,982211.6,8104.43,arms_length
T00001287,P0002010,2023-10-15,1118167.0,9226.22,arms_length
T00001288,P0001961,2021-12-15,1735769.09,7491.98,arms_length
T00001289,P0001961,2022-05-15,2290337.05,9885.63,arms_length
T00001290,P0001961,2024-02-15,1442369.59,6225.6,arms_length
T00001291,P0002345,2019-07-15,1645725.52,8522.44,arms_length
T00001292,P0002345,2021-08-15,1553934.84,8047.1,arms_length
T00001293,P0001271,2021-11-15,1712997.09,8133.37,arms_length
T00001294,P0001872,2020-03-15,708534.04,7032.74,arms_length
T00001295,P0002314,2021-05-15,368447.11,7986.19,arms_length
T00001296,P0000222,2021-05-15,685188.06,6907.31,arms_length
T00001297,P0000544,2019-10-15,957176.9,7028.66,arms_length
T00001298,P0000544,2022-10-15,1064664.22,7817.95,arms_length
T00001299,P0000544,2023-10-15,1097443.61,8058.65,arms_length
T00001300,P0002120,2020-03-15,782609.72,6918.95,arms_length
T00001301,P0002120,2021-08-15,1047998.53,9265.22,arms_length
T00001302,P0002120,2023-11-15,618495.17,5468.04,arms_length
T00001303,P0002292,2021-07-15,1388504.17,8633.36,arms_length
T00001304,P0002292,2023-12-15,1187020.78,7380.58,arms_length
T00001305,P0002292,2024-01-15,1209524.96,7520.51,arms_length
T00001306,P0000737,2019-09-15,419365.61,6052.79,arms_length
T00001307,P0000737,2020-10-15,393092.73,5673.58,arms_length
T00001308,P0000737,2023-12-15,770415.36,11119.55,arms_length
T00001309,P0002899,2023-10-15,1345127.91,6711.14,arms_length
T00001310,P0002899,2025-08-15,1653818.98,8251.27,arms_length
T00001311,P0001925,2022-01-15,927426.02,5814.93,arms_length
T00001312,P0001925,2023-04-15,1559488.6,9777.93,arms_length
T00001313,P0001925,2025-10-15,1246126.53,7813.17,arms_length
T00001314,P0001601,2021-08-15,277105.64,8896.11,arms_length
T00001315,P0001601,2024-01-15,272547.22,8749.77,arms_length
T00001316,P0002824,2019-03-15,1419917.89,6008.22,arms_length
T00001317,P0002824,2020-01-15,1321711.9,5592.67,arms_length
T00001318,P0002824,2021-09-15,1524742.6,6451.77,arms_length
T00001319,P0000841,2023-06-15,1846369.31,8159.07,arms_length
T00001320,P0001191,2020-09-15,759371.29,6537.84,arms_length
T00001321,P0002630,2019-06-15,620837.14,6070.63,arms_length
T00001322,P0002630,2021-08-15,1123531.43,10986.05,arms_length
T00001323,P0002630,2025-09-15,930470.81,9098.28,arms_length
T00001324,P0000791,2024-12-15,958255.33,5661.09,arms_length
T00001325,P0002602,2019-04-15,630882.24,5520.69,arms_length
T00001326,P0002602,2023-09-15,1183139.51,10353.35,arms_length
T00001327,P0002602,2024-09-15,1140534.45,9980.52,arms_length
T00001328,P0000273,2019-03-15,895966.57,4652.72,arms_length
T00001329,P0000273,2020-07-15,1350018.85,7010.6,arms_length
T00001330,P0000273,2021-04-15,1401818.85,7279.59,arms_length
T00001331,P0000522,2019-04-15,578983.42,6745.96,arms_length
T00001332,P0000523,2025-09-15,460400.45,7384.64,arms_length
T00001333,P0001739,2019-07-15,754912.53,6204.53,arms_length
T00001334,P0001739,2023-05-15,800253.14,6577.18,arms_length
T00001335,P0000683,2019-06-15,1949886.43,7987.64,arms_length
T00001336,P0002241,2019-12-15,195192.52,6485.67,arms_length
T00001337,P0000351,2019-05-15,902411.13,7329.89,arms_length
T00001338,P0000351,2021-07-15,971121.81,7887.99,arms_length
T00001339,P0001451,2020-10-15,1018185.12,5200.45,arms_length
T00001340,P0001451,2023-04-15,1479772.13,7558.03,arms_length
T00001341,P0002015,2024-12-15,907016.62,7829.13,arms_length
T00001342,P0002475,2021-07-15,1159756.88,6116.24,arms_length
T00001343,P0002475,2023-01-15,1707030.72,9002.42,arms_length
T00001344,P0002475,2024-03-15,1726045.08,9102.69,arms_length
T00001345,P0000652,2025-07-15,1117009.78,6391.86,arms_length
T00001346,P0002756,2020-03-15,353315.08,8410.24,arms_length
T00001347,P0000863,2019-11-15,380153.96,6789.13,arms_length
T00001348,P0000863,2021-04-15,500151.15,8932.15,arms_length
T00001349,P0000863,2024-12-15,468633.99,8369.29,arms_length
T00001350,P0002766,2024-01-15,4047646.0,6701.41,arms_length
T00001351,P0002766,2025-02-15,4878693.1,8077.31,arms_length
T00001352,P0000860,2021-07-15,802465.68,6760.79,arms_length
T00001353,P0000860,2023-01-15,797032.97,6715.02,arms_length
T00001354,P0001269,2020-07-15,1168172.72,6706.32,arms_length
T00001355,P0001269,2022-04-15,999671.01,5738.98,arms_length
T00001356,P0001269,2023-02-15,890994.47,5115.08,arms_length
T00001357,P0001106,2020-10-15,3813953.7,4227.98,arms_length
T00001358,P0001106,2025-10-15,6919773.23,7670.96,arms_length
T00001359,P0001252,2020-01-15,476708.44,6725.17,arms_length
T00001360,P0000169,2021-07-15,264229.98,5660.05,arms_length
T00001361,P0002675,2020-12-15,1219431.85,8544.25,arms_length
T00001362,P0002675,2022-12-15,1220522.64,8551.89,arms_length
T00001363,P0002462,2019-05-15,804858.7,5751.18,arms_length
T00001364,P0002462,2023-05-15,1044680.39,7464.85,arms_length
T00001365,P0001262,2019-08-15,1745486.09,7521.72,arms_length
T00001366,P0002629,2022-08-15,241838.71,6441.79,arms_length
T00001367,P0001180,2024-09-15,577966.52,10052.6,arms_length
T00001368,P0001180,2025-07-15,499029.99,8679.66,arms_length
T00001369,P0001570,2019-12-15,1239546.36,5473.61,arms_length
T00001370,P0001570,2024-12-15,1751469.04,7734.17,arms_length
T00001371,P0001612,2020-09-15,1048833.8,6139.86,arms_length
T00001372,P0001612,2022-06-15,1253666.93,7338.95,arms_length
T00001373,P0001612,2024-04-15,1820148.39,10655.13,arms_length
T00001374,P0003127,2021-12-15,575901.42,6877.61,arms_length
T00001375,P0002284,2019-05-15,2018219.6,7293.65,arms_length
T00001376,P0002284,2020-05-15,1690513.16,6109.35,arms_length
T00001377,P0002388,2020-11-15,415410.11,5249.51,arms_length
T00001378,P0002388,2022-02-15,491561.37,6211.82,arms_length
T00001379,P0000220,2020-11-15,2081890.64,6860.31,arms_length
T00001380,P0000368,2021-05-15,1660713.97,6686.48,arms_length
T00001381,P0000368,2024-09-15,2021685.11,8139.85,arms_length
T00001382,P0000368,2025-06-15,1933835.58,7786.14,arms_length
T00001383,P0001966,2021-12-15,453762.88,4996.32,arms_length
T00001384,P0001966,2023-12-15,533349.89,5872.64,arms_length
T00001385,P0001966,2024-10-15,495294.6,5453.62,arms_length
T00001386,P0002770,2024-01-15,525143.65,8986.65,arms_length
T00001387,P0003179,2020-07-15,733102.96,6962.08,arms_length
T00001388,P0002286,2019-05-15,366449.75,4163.02,arms_length
T00001389,P0002286,2022-04-15,490078.37,5567.5,arms_length
T00001390,P0002861,2023-08-15,800579.18,8269.37,arms_length
T00001391,P0000352,2021-02-15,1389057.25,7765.06,arms_length
T00001392,P0000352,2022-09-15,1556425.12,8700.68,arms_length
T00001393,P0000352,2023-08-15,1405402.19,7856.43,arms_length
T00001394,P0001890,2025-09-15,2232420.07,8623.56,arms_length
T00001395,P0002054,2019-06-15,1554289.1,6197.88,arms_length
T00001396,P0002054,2020-01-15,1584747.63,6319.33,arms_length
T00001397,P0002054,2023-11-15,1873598.91,7471.16,arms_length
T00001398,P0002264,2020-11-15,6734601.13,6980.65,arms_length
T00001399,P0002264,2021-04-15,8500281.59,8810.84,arms_length
T00001400,P0002264,2023-11-15,8560355.39,8873.11,arms_length
T00001401,P0000491,2021-11-15,842776.7,6859.64,arms_length
T00001402,P0000491,2022-11-15,969271.65,7889.23,arms_length
T00001403,P0002869,2020-02-15,636265.39,6179.6,arms_length
T00001404,P0002869,2021-07-15,607950.92,5904.6,arms_length
T00001405,P0002869,2022-11-15,805780.23,7825.98,arms_length
T00001406,P0002532,2019-11-15,270550.1,6322.25,arms_length
T00001407,P0000499,2020-04-15,569451.52,5580.04,arms_length
T00001408,P0000499,2021-02-15,807068.37,7908.44,arms_length
T00001409,P0000499,2025-07-15,597420.65,5854.11,arms_length
T00001410,P0002431,2020-12-15,1540546.56,6550.41,arms_length
T00001411,P0002431,2024-06-15,2081478.74,8850.45,arms_length
T00001412,P0000211,2021-05-15,676113.07,7463.02,arms_length
T00001413,P0000211,2022-12-15,480977.44,5309.09,arms_length
T00001414,P0000211,2023-11-15,808979.47,8929.62,arms_length
T00001415,P0000938,2020-02-15,910960.85,6903.83,arms_length
T00001416,P0000938,2025-04-15,1193515.79,9045.21,arms_length
T00001417,P0000875,2023-03-15,619186.78,5216.04,arms_length
T00001418,P0000651,2019-04-15,408122.32,8354.55,arms_length
T00001419,P0000651,2022-01-15,411071.15,8414.91,arms_length
T00001420,P0000228,2021-09-15,608647.21,7435.23,arms_length
T00001421,P0000228,2023-07-15,594659.24,7264.36,arms_length
T00001422,P0000228,2025-03-15,741908.8,9063.16,arms_length
T00001423,P0000366,2022-09-15,439984.15,8580.7,arms_length
T00001424,P0000757,2019-03-15,796660.1,5822.17,arms_length
T00001425,P0000757,2022-09-15,961198.87,7024.65,arms_length
T00001426,P0000277,2020-07-15,865161.34,6677.15,arms_length
T00001427,P0000277,2021-05-15,1070538.15,8262.21,arms_length
T00001428,P0000277,2024-05-15,982938.05,7586.13,arms_length
T00001429,P0002131,2025-10-15,616013.03,10902.67,arms_length
T00001430,P0002682,2020-09-15,424768.34,8985.29,arms_length
T00001431,P0002682,2021-11-15,271923.63,5752.11,arms_length
T00001432,P0002682,2022-08-15,399903.29,8459.31,arms_length
T00001433,P0002115,2025-04-15,895215.56,8435.55,arms_length
T00001434,P0001098,2020-03-15,381036.8,5666.95,arms_length
T00001435,P0001098,2021-02-15,469692.86,6985.48,arms_length
T00001436,P0001098,2023-12-15,502925.04,7479.73,arms_length
T00001437,P0002108,2025-04-15,505861.72,8654.51,arms_length
T00001438,P0000408,2023-02-15,2162772.08,8687.73,arms_length
T00001439,P0002452,2020-06-15,300489.55,7959.44,arms_length
T00001440,P0002452,2021-07-15,212028.44,5616.26,arms_length
T00001441,P0002452,2023-08-15,232634.74,6162.08,arms_length
T00001442,P0001065,2019-10-15,385137.65,6002.3,arms_length
T00001443,P0001065,2021-05-15,533389.48,8312.78,arms_length
T00001444,P0001065,2023-01-15,444656.45,6929.89,arms_length
T00001445,P0002494,2022-03-15,1562130.5,6503.37,arms_length
T00001446,P0002494,2024-02-15,1692360.18,7045.53,arms_length
T00001447,P0002494,2025-02-15,1533294.26,6383.32,arms_length
T00001448,P0001537,2025-08-15,2071943.27,7590.6,arms_length
T00001449,P0001254,2019-10-15,569426.3,8601.61,arms_length
T00001450,P0003096,2020-07-15,620914.75,5325.07,arms_length
T00001451,P0003096,2021-03-15,585404.28,5020.53,arms_length
T00001452,P0003096,2025-11-15,889756.35,7630.7,arms_length
T00001453,P0001753,2019-06-15,2766627.32,8052.62,arms_length
T00001454,P0000008,2021-03-15,1571710.7,9602.38,arms_length
T00001455,P0000008,2022-08-15,963152.57,5884.39,arms_length
T00001456,P0000008,2025-05-15,1852525.46,11318.01,arms_length
T00001457,P0001175,2023-10-15,781874.98,8344.7,arms_length
T00001458,P0001175,2024-01-15,837771.22,8941.26,arms_length
T00001459,P0001392,2019-01-15,676370.89,6690.64,arms_length
T00001460,P0001392,2020-11-15,601023.95,5945.31,arms_length
T00001461,P0001897,2023-02-15,1194343.66,7260.4,arms_length
T00001462,P0000416,2023-10-15,351367.69,9445.51,arms_length
T00001463,P0000416,2024-04-15,283724.82,7627.12,arms_length
T00001464,P0000416,2025-12-15,371140.7,9977.05,arms_length
T00001465,P0001090,2020-05-15,1150649.49,6519.74,arms_length
T00001466,P0001090,2021-03-15,1244747.96,7052.92,arms_length
T00001467,P0002951,2020-11-15,566149.67,6478.44,arms_length
T00001468,P0002951,2023-12-15,790212.81,9042.39,arms_length
T00001469,P0002609,2019-12-15,693603.7,5847.17,arms_length
T00001470,P0002609,2024-11-15,915967.38,7721.73,arms_length
T00001471,P0002609,2025-01-15,796018.01,6710.54,arms_length
T00001472,P0001124,2022-05-15,1009986.51,7509.87,arms_length
T00001473,P0001124,2025-08-15,987694.08,7344.11,arms_length
T00001474,P0000200,2021-01-15,206423.95,5919.63,arms_length
T00001475,P0000200,2022-07-15,199876.91,5731.88,arms_length
T00001476,P0000200,2024-09-15,340449.45,9763.08,arms_length
T00001477,P0001111,2019-07-15,1433125.03,4673.99,arms_length
T00001478,P0001111,2022-01-15,2206299.99,7195.63,arms_length
T00001479,P0001111,2025-02-15,2393541.15,7806.3,arms_length
T00001480,P0001656,2019-12-15,1368631.09,6845.7,arms_length
T00001481,P0001656,2025-11-15,1454808.77,7276.74,arms_length
T00001482,P0000284,2023-01-15,1717887.06,8386.08,arms_length
T00001483,P0000232,2019-03-15,279861.8,8557.26,arms_length
T00001484,P0000806,2020-11-15,2168922.66,6086.23,arms_length
T00001485,P0002796,2020-08-15,580461.61,6490.41,arms_length
T00001486,P0002796,2023-10-15,865340.13,9675.77,arms_length
T00001487,P0000097,2019-11-15,627208.81,6542.32,arms_length
T00001488,P0000097,2020-03-15,659333.72,6877.41,arms_length
T00001489,P0000097,2022-03-15,678502.44,7077.35,arms_length
T00001490,P0001559,2021-07-15,1623537.84,6999.14,arms_length
T00001491,P0001559,2022-08-15,1658712.05,7150.78,arms_length
T00001492,P0001559,2023-10-15,1578294.79,6804.1,arms_length
T00001493,P0002742,2020-12-15,148783.95,6120.8,arms_length
T00001494,P0001594,2021-12-15,485993.0,9181.19,arms_length
T00001495,P0001594,2024-06-15,587879.18,11105.98,arms_length
T00001496,P0000882,2019-06-15,637311.04,4371.44,arms_length
T00001497,P0000882,2023-07-15,1184271.59,8123.15,arms_length
T00001498,P0001236,2019-02-15,444466.07,6538.27,arms_length
T00001499,P0001236,2021-03-15,501641.46,7379.34,arms_length
T00001500,P0001236,2024-03-15,708078.91,10416.12,arms_length
T00001501,P0001058,2019-12-15,981880.68,7441.29,arms_length
T00001502,P0001058,2023-08-15,1051091.47,7965.81,arms_length
T00001503,P0001058,2024-04-15,1402951.73,10632.42,arms_length
T00001504,P0003054,2023-12-15,1474526.11,5817.65,arms_length
T00001505,P0002760,2020-07-15,1349689.24,7138.15,arms_length
T00001506,P0002760,2023-10-15,1592836.8,8424.1,arms_length
T00001507,P0002760,2025-11-15,1886817.25,9978.88,arms_length
T00001508,P0001613,2019-03-15,1096292.35,6165.51,arms_length
T00001509,P0001613,2020-06-15,1100835.93,6191.06,arms_length
T00001510,P0001613,2024-09-15,1357160.33,7632.62,arms_length
T00001511,P0001993,2021-10-15,662493.26,5709.09,arms_length
T00001512,P0001993,2023-05-15,827936.21,7134.81,arms_length
T00001513,P0001993,2024-01-15,886736.54,7641.53,arms_length
T00001514,P0000105,2024-08-15,1479423.55,9196.95,arms_length
T00001515,P0002384,2020-07-15,635595.86,7254.26,arms_length
T00001516,P0002384,2022-08-15,720450.16,8222.73,arms_length
T00001517,P0002384,2025-10-15,711828.95,8124.33,arms_length
T00001518,P0001197,2020-07-15,410503.59,4763.49,arms_length
T00001519,P0001197,2021-10-15,572767.75,6646.41,arms_length
T00001520,P0001197,2023-06-15,656576.2,7618.92,arms_length
T00001521,P0001048,2020-07-15,2478890.74,8750.14,arms_length
T00001522,P0001048,2021-01-15,3091868.99,10913.87,arms_length
T00001523,P0001048,2025-12-15,3155045.56,11136.88,arms_length
T00001524,P0002333,2025-10-15,1990099.29,11226.46,arms_length
T00001525,P0002689,2019-09-15,571459.16,5847.74,arms_length
T00001526,P0002689,2021-09-15,624270.38,6388.16,arms_length
T00001527,P0002689,2025-02-15,787328.88,8056.73,arms_length
T00001528,P0000840,2020-12-15,443251.72,6540.44,arms_length
T00001529,P0000840,2022-09-15,667809.55,9853.92,arms_length
T00001530,P0001026,2020-06-15,583561.93,5306.2,arms_length
T00001531,P0002620,2021-02-15,214509.36,6248.37,arms_length
T00001532,P0002620,2022-02-15,245821.97,7160.46,arms_length
T00001533,P0002620,2024-11-15,257988.12,7514.85,arms_length
T00001534,P0000745,2022-12-15,517106.17,5840.06,arms_length
T00001535,P0000745,2023-05-15,625388.88,7062.98,arms_length
T00001536,P0000745,2025-08-15,916127.99,10346.51,arms_length
T00001537,P0000227,2023-01-15,611877.63,8315.29,arms_length
T00001538,P0001062,2021-08-15,256575.87,5954.78,arms_length
T00001539,P0001062,2025-03-15,419247.17,9730.17,arms_length
T00001540,P0002210,2021-12-15,360308.72,7677.54,arms_length
T00001541,P0002983,2022-07-15,476376.79,7005.84,arms_length
T00001542,P0002983,2025-03-15,459912.72,6763.71,arms_length
T00001543,P0002810,2019-08-15,424609.01,4442.89,arms_length
T00001544,P0002810,2020-08-15,562284.35,5883.46,arms_length
T00001545,P0002810,2023-11-15,661323.15,6919.75,arms_length
T00001546,P0003071,2019-07-15,924312.57,6063.18,arms_length
T00001547,P0002831,2025-09-15,623678.17,6405.02,arms_length
T00001548,P0001056,2021-04-15,751660.05,6793.21,arms_length
T00001549,P0001056,2024-12-15,787915.15,7120.86,arms_length
T00001550,P0001056,2025-05-15,716620.62,6476.53,arms_length
T00001551,P0001214,2022-05-15,1351178.51,7268.44,arms_length
T00001552,P0002046,2019-05-15,661056.19,9035.57,arms_length
T00001553,P0002046,2022-10-15,571873.76,7816.59,arms_length
T00001554,P0002003,2025-02-15,3514158.89,9806.47,arms_length
T00001555,P0000832,2022-02-15,96147.8,6479.84,arms_length
T00001556,P0000832,2024-01-15,142963.88,9634.99,arms_length
T00001557,P0001937,2022-04-15,683070.56,6854.25,arms_length
T00001558,P0001937,2025-09-15,831679.16,8345.45,arms_length
T00001559,P0002795,2021-02-15,763630.46,5696.58,arms_length
T00001560,P0002795,2022-06-15,817369.09,6097.46,arms_length
T00001561,P0002795,2025-07-15,765136.62,5707.81,arms_length
T00001562,P0001867,2019-06-15,980541.62,4886.13,arms_length
T00001563,P0001867,2020-02-15,1357396.16,6764.03,arms_length
T00001564,P0001867,2022-07-15,1602268.56,7984.26,arms_length
T00001565,P0001069,2021-01-15,1329522.96,7836.01,arms_length
T00001566,P0001069,2024-10-15,1047193.64,6172.0,arms_length
T00001567,P0001069,2025-01-15,1649812.11,9723.75,arms_length
T00001568,P0001834,2023-09-15,1424451.99,7201.41,arms_length
T00001569,P0000465,2023-06-15,551934.44,6857.77,arms_length
T00001570,P0000465,2024-06-15,793019.26,9853.24,arms_length
T00001571,P0001075,2021-09-15,284871.18,5302.43,arms_length
T00001572,P0001075,2023-12-15,392376.96,7303.49,arms_length
T00001573,P0001287,2020-07-15,300093.76,5618.12,arms_length
T00001574,P0002808,2019-06-15,359664.65,6556.99,arms_length
T00001575,P0002808,2022-03-15,457158.96,8334.39,arms_length
T00001576,P0002808,2023-07-15,433282.74,7899.11,arms_length
T00001577,P0002737,2019-05-15,527057.25,5622.63,arms_length
T00001578,P0002737,2021-01-15,604500.8,6448.8,arms_length
T00001579,P0001256,2024-12-15,472661.03,8465.95,arms_length
T00001580,P0001256,2025-09-15,582061.23,10425.45,arms_length
T00001581,P0002334,2021-02-15,837547.75,5661.5,arms_length
T00001582,P0002334,2024-09-15,1298717.65,8778.82,arms_length
T00001583,P0002579,2020-12-15,1123510.5,5895.96,arms_length
T00001584,P0002579,2024-05-15,2185625.28,11469.73,arms_length
T00001585,P0001091,2019-02-15,1656424.48,6480.82,arms_length
T00001586,P0001091,2022-07-15,1840451.66,7200.84,arms_length
T00001587,P0000213,2022-03-15,864732.07,9223.16,arms_length
T00001588,P0000013,2019-10-15,1220788.32,5568.2,arms_length
T00001589,P0000013,2020-01-15,1406943.32,6417.28,arms_length
T00001590,P0000013,2024-09-15,1516630.48,6917.58,arms_length
T00001591,P0003097,2019-08-15,1244612.48,5846.43,arms_length
T00001592,P0003097,2024-02-15,2295445.76,10782.6,arms_length
T00001593,P0003097,2025-04-15,1981596.06,9308.33,arms_length
T00001594,P0000423,2021-09-15,308361.17,5089.13,arms_length
T00001595,P0000423,2024-12-15,433759.63,7158.68,arms_length
T00001596,P0002116,2019-01-15,832350.73,4826.22,arms_length
T00001597,P0002116,2021-11-15,1542629.27,8944.62,arms_length
T00001598,P0002116,2025-03-15,1762619.14,10220.19,arms_length
T00001599,P0002391,2019-01-15,1215468.79,6972.78,arms_length
T00001600,P0002391,2022-05-15,1712335.36,9823.15,arms_length
T00001601,P0002391,2023-04-15,1409552.83,8086.18,arms_length
T00001602,P0001085,2019-06-15,587435.47,4755.0,arms_length
T00001603,P0001085,2023-09-15,1418067.85,11478.55,arms_length
T00001604,P0001085,2025-07-15,1053147.03,8524.7,arms_length
T00001605,P0001504,2020-07-15,621720.97,6081.66,arms_length
T00001606,P0001504,2024-01-15,702692.36,6873.72,arms_length
T00001607,P0000742,2019-05-15,1190362.23,7755.01,arms_length
T00001608,P0000742,2022-02-15,1540672.0,10037.22,arms_length
T00001609,P0000742,2025-05-15,1598619.88,10414.74,arms_length
T00001610,P0002818,2021-12-15,1797210.05,6314.75,arms_length
T00001611,P0001736,2025-06-15,442892.48,7461.25,arms_length
T00001612,P0001583,2024-01-15,330630.55,6390.18,arms_length
T00001613,P0001583,2025-04-15,507916.34,9816.62,arms_length
T00001614,P0001810,2020-03-15,3062625.98,7323.15,arms_length
T00001615,P0001810,2021-08-15,2759981.56,6599.48,arms_length
T00001616,P0003159,2023-04-15,2498231.76,8185.23,arms_length
T00001617,P0002258,2020-08-15,262054.14,6781.09,arms_length
T00001618,P0002258,2023-07-15,331802.29,8585.94,arms_length
T00001619,P0000510,2022-06-15,1137663.98,5524.57,arms_length
T00001620,P0000510,2023-09-15,1280296.48,6217.2,arms_length
T00001621,P0000510,2024-03-15,1757569.4,8534.87,arms_length
T00001622,P0000645,2022-08-15,111075.48,8953.21,arms_length
T00001623,P0000598,2021-11-15,831037.93,8030.53,arms_length
T00001624,P0000598,2022-04-15,646417.55,6246.49,arms_length
T00001625,P0002754,2020-02-15,1539151.56,7137.68,arms_length
T00001626,P0002754,2021-09-15,2137373.61,9911.88,arms_length
T00001627,P0001193,2025-06-15,385562.12,9750.94,arms_length
T00001628,P0001327,2020-07-15,1470914.42,11147.39,arms_length
T00001629,P0001327,2021-12-15,852340.18,6459.5,arms_length
T00001630,P0001327,2025-09-15,1149107.12,8708.56,arms_length
T00001631,P0002019,2020-03-15,589959.36,5613.49,arms_length
T00001632,P0002019,2024-08-15,783892.01,7458.77,arms_length
T00001633,P0002822,2023-05-15,555361.65,7281.1,arms_length
T00001634,P0000519,2021-11-15,13052273.61,8267.07,arms_length
T00001635,P0000519,2023-04-15,12642402.46,8007.47,arms_length
T00001636,P0002084,2019-06-15,1248159.51,6307.28,arms_length
T00001637,P0000928,2019-10-15,1746831.73,7103.61,arms_length
T00001638,P0000928,2022-04-15,1876566.0,7631.19,arms_length
T00001639,P0000928,2024-12-15,1848973.14,7518.98,arms_length
T00001640,P0000574,2025-06-15,2501816.08,10501.86,arms_length
T00001641,P0003123,2019-11-15,2545890.69,5887.76,arms_length
T00001642,P0003123,2021-10-15,2606088.14,6026.98,arms_length
T00001643,P0003123,2022-04-15,3119083.37,7213.35,arms_length
T00001644,P0002909,2019-10-15,717095.9,5947.66,arms_length
T00001645,P0002909,2023-03-15,1071326.08,8885.68,arms_length
T00001646,P0002909,2025-11-15,962180.71,7980.41,arms_length
T00001647,P0001585,2025-05-15,1100356.56,8183.37,arms_length
T00001648,P0002139,2024-12-15,385354.31,7420.83,arms_length
T00001649,P0000870,2021-01-15,624899.81,5637.02,arms_length
T00001650,P0000870,2025-03-15,1162776.81,10489.04,arms_length
T00001651,P0001314,2023-12-15,993650.84,8528.29,arms_length
T00001652,P0001314,2024-11-15,726017.21,6231.25,arms_length
T00001653,P0001314,2025-04-15,1069066.03,9175.56,arms_length
T00001654,P0003194,2019-02-15,1004972.26,7404.5,arms_length
T00001655,P0003194,2022-12-15,1034236.43,7620.11,arms_length
T00001656,P0003194,2025-11-15,1075680.34,7925.47,arms_length
T00001657,P0000124,2020-03-15,853446.41,8828.68,arms_length
T00001658,P0000124,2021-10-15,751730.6,7776.45,arms_length
T00001659,P0001603,2020-01-15,1134554.45,8156.53,arms_length
T00001660,P0001603,2022-11-15,1378994.59,9913.85,arms_length
T00001661,P0001603,2023-09-15,772209.29,5551.56,arms_length
T00001662,P0000845,2020-01-15,446902.58,6735.25,arms_length
T00001663,P0000845,2023-10-15,386891.05,5830.82,arms_length
T00001664,P0000221,2022-01-15,2665596.81,8319.04,arms_length
T00001665,P0000221,2023-12-15,2235281.63,6976.08,arms_length
T00001666,P0000820,2023-05-15,1017592.28,5789.05,arms_length
T00001667,P0000820,2025-11-15,1283901.15,7304.08,arms_length
T00001668,P0003101,2022-07-15,858221.85,8960.47,arms_length
T00001669,P0000359,2021-06-15,651568.75,7039.33,arms_length
T00001670,P0000359,2022-07-15,794113.0,8579.33,arms_length
T00001671,P0001845,2019-07-15,813592.58,5140.39,arms_length
T00001672,P0001845,2020-11-15,982063.89,6204.82,arms_length
T00001673,P0001845,2023-08-15,799509.73,5051.42,arms_length
T00001674,P0002819,2020-04-15,2572273.17,7940.63,arms_length
T00001675,P0002819,2021-05-15,2816143.6,8693.47,arms_length
T00001676,P0002819,2024-12-15,3250821.14,10035.32,arms_length
T00001677,P0000552,2020-07-15,1175300.85,4681.23,arms_length
T00001678,P0000552,2023-07-15,2026729.69,8072.47,arms_length
T00001679,P0000552,2024-01-15,2017112.79,8034.17,arms_length
T00001680,P0002752,2023-11-15,1173371.11,9758.62,arms_length
T00001681,P0002752,2025-11-15,1047413.7,8711.07,arms_length
T00001682,P0003157,2021-04-15,1249193.52,6277.59,arms_length
T00001683,P0000260,2019-06-15,1703387.18,7525.43,arms_length
T00001684,P0000260,2024-09-15,1964420.23,8678.66,arms_length
T00001685,P0000260,2025-05-15,2200912.82,9723.46,arms_length
T00001686,P0002959,2020-07-15,207733.29,6070.45,arms_length
T00001687,P0002959,2021-02-15,220247.48,6436.14,arms_length
T00001688,P0002959,2022-07-15,233991.0,6837.76,arms_length
T00001689,P0003122,2019-02-15,1391504.01,6905.55,arms_length
T00001690,P0003122,2021-01-15,1024049.74,5082.01,arms_length
T00001691,P0003122,2024-05-15,2385480.69,11838.32,arms_length
T00001692,P0001024,2020-10-15,563314.28,5542.65,arms_length
T00001693,P0001024,2022-11-15,787369.21,7747.2,arms_length
T00001694,P0002555,2019-10-15,327380.57,6241.84,arms_length
T00001695,P0001101,2021-09-15,1391303.07,8588.35,arms_length
T00001696,P0001101,2024-08-15,2373690.9,14652.51,arms_length
T00001697,P0001135,2019-10-15,458996.12,5139.32,arms_length
T00001698,P0002712,2019-05-15,6465436.09,8182.16,arms_length
T00001699,P0002272,2021-08-15,863041.18,6145.73,arms_length
T00001700,P0002272,2022-03-15,958207.22,6823.41,arms_length
T00001701,P0002272,2023-01-15,950359.36,6767.52,arms_length
T00001702,P0001710,2019-10-15,955159.29,6734.45,arms_length
T00001703,P0001710,2021-04-15,847694.38,5976.76,arms_length
T00001704,P0001710,2025-04-15,991225.06,6988.74,arms_length
T00001705,P0002288,2019-09-15,662359.59,6001.83,arms_length
T00001706,P0002288,2023-09-15,657360.09,5956.52,arms_length
T00001707,P0002900,2020-02-15,760211.4,6783.22,arms_length
T00001708,P0002900,2021-09-15,766428.79,6838.7,arms_length
T00001709,P0002900,2024-01-15,984458.32,8784.13,arms_length
T00001710,P0002485,2019-06-15,451948.39,5631.97,arms_length
T00001711,P0002485,2022-11-15,439491.07,5476.73,arms_length
T00001712,P0002485,2024-11-15,575226.49,7168.2,arms_length
T00001713,P0000457,2019-12-15,883118.3,7747.73,arms_length
T00001714,P0000457,2022-11-15,792872.26,6955.99,arms_length
T00001715,P0000457,2024-11-15,780798.85,6850.07,arms_length
T00001716,P0000463,2019-02-15,1095062.46,6477.12,arms_length
T00001717,P0000463,2020-06-15,1067286.31,6312.83,arms_length
T00001718,P0000463,2024-08-15,1299640.67,7687.17,arms_length
T00001719,P0002378,2023-04-15,840075.83,7849.12,arms_length
T00001720,P0002534,2019-05-15,1756255.63,7163.3,arms_length
T00001721,P0001721,2020-09-15,1702722.51,6088.63,arms_length
T00001722,P0001721,2023-04-15,2318783.92,8291.56,arms_length
T00001723,P0001460,2022-07-15,1279639.82,8613.9,arms_length
T00001724,P0001460,2024-03-15,1211766.14,8157.01,arms_length
T00001725,P0000382,2019-11-15,631685.16,7464.89,arms_length
T00001726,P0000382,2022-12-15,557063.01,6583.05,arms_length
T00001727,P0002986,2019-09-15,401950.97,5449.82,arms_length
T00001728,P0002986,2023-10-15,701859.13,9516.1,arms_length
T00001729,P0002986,2025-10-15,587973.0,7971.99,arms_length
T00001730,P0001588,2019-03-15,2083329.0,5051.18,arms_length
T00001731,P0001588,2023-03-15,2959274.43,7174.97,arms_length
T00001732,P0001588,2025-12-15,2787748.14,6759.09,arms_length
T00001733,P0001884,2019-03-15,1024350.22,5874.79,arms_length
T00001734,P0001884,2021-10-15,1253248.14,7187.55,arms_length
T00001735,P0002064,2020-05-15,1715986.08,8025.56,arms_length
T00001736,P0002064,2024-07-15,1591147.61,7441.7,arms_length
T00001737,P0002064,2025-08-15,1425651.73,6667.68,arms_length
T00001738,P0001011,2022-08-15,1190100.85,8951.19,arms_length
T00001739,P0001035,2019-08-15,271613.54,7298.35,arms_length
T00001740,P0001035,2022-12-15,270934.12,7280.09,arms_length
T00001741,P0001602,2021-01-15,884202.61,5874.16,arms_length
T00001742,P0001602,2023-09-15,897042.39,5959.46,arms_length
T00001743,P0001602,2025-03-15,1164864.92,7738.73,arms_length
T00001744,P0001507,2022-04-15,1180697.96,9579.07,arms_length
T00001745,P0001507,2024-10-15,1269667.49,10300.89,arms_length
T00001746,P0001507,2025-11-15,1022252.29,8293.59,arms_length
T00001747,P0000060,2020-07-15,224645.16,7279.01,arms_length
T00001748,P0000060,2025-05-15,217744.52,7055.41,arms_length
T00001749,P0000933,2023-05-15,3826702.49,9596.08,arms_length
T00001750,P0000933,2024-09-15,3313331.44,8308.72,arms_length
T00001751,P0000933,2025-10-15,3258777.47,8171.91,arms_length
T00001752,P0002903,2020-03-15,155439.44,4348.54,arms_length
T00001753,P0002903,2024-05-15,308298.88,8624.9,arms_length
T00001754,P0001162,2021-01-15,314074.01,6150.09,arms_length
T00001755,P0001162,2024-03-15,400346.76,7839.46,arms_length
T00001756,P0003199,2020-08-15,815129.91,7174.4,arms_length
T00001757,P0003199,2025-07-15,972108.37,8556.05,arms_length
T00001758,P0001628,2019-11-15,861931.8,5567.69,arms_length
T00001759,P0001628,2021-10-15,1382773.95,8932.09,arms_length
T00001760,P0001628,2023-03-15,999152.77,6454.07,arms_length
T00001761,P0002935,2022-12-15,285274.54,8651.5,arms_length
T00001762,P0002624,2020-05-15,1164243.33,7337.65,arms_length
T00001763,P0002624,2022-04-15,1096477.77,6910.56,arms_length
T00001764,P0002624,2024-10-15,1178804.89,7429.42,arms_length
T00001765,P0001054,2020-09-15,1520507.39,6399.57,arms_length
T00001766,P0001054,2022-12-15,1971040.92,8295.79,arms_length
T00001767,P0001054,2024-07-15,1701649.77,7161.97,arms_length
T00001768,P0000658,2023-12-15,335819.6,5244.77,arms_length
T00001769,P0003021,2022-01-15,527588.01,6014.21,arms_length
T00001770,P0003021,2023-09-15,597199.34,6807.74,arms_length
T00001771,P0000846,2020-06-15,313460.11,5924.31,arms_length
T00001772,P0000543,2022-04-15,1320061.79,6648.72,arms_length
T00001773,P0000543,2023-11-15,1704110.42,8583.05,arms_length
T00001774,P0001558,2021-02-15,600931.33,6674.86,arms_length
T00001775,P0001558,2023-08-15,661343.67,7345.89,arms_length
T00001776,P0001558,2024-11-15,792597.41,8803.79,arms_length
T00001777,P0002100,2022-04-15,1316346.73,7437.87,arms_length
T00001778,P0002100,2023-10-15,979587.91,5535.05,arms_length
T00001779,P0001351,2021-02-15,765659.57,7151.5,arms_length
T00001780,P0001351,2024-09-15,957403.5,8942.44,arms_length
T00001781,P0001351,2025-01-15,927056.79,8659.0,arms_length
T00001782,P0002030,2022-08-15,930383.45,9803.02,arms_length
T00001783,P0003116,2019-07-15,530198.55,7450.93,arms_length
T00001784,P0003116,2025-03-15,720736.31,10128.57,arms_length
T00001785,P0001053,2019-11-15,413437.14,7711.05,arms_length
T00001786,P0001053,2020-01-15,366056.11,6827.34,arms_length
T00001787,P0002585,2023-09-15,1170679.11,11680.02,arms_length
T00001788,P0002585,2024-07-15,1066477.5,10640.39,arms_length
T00001789,P0002000,2021-10-15,1028028.31,7856.45,arms_length
T00001790,P0002000,2022-03-15,1102519.11,8425.72,arms_length
T00001791,P0001555,2021-05-15,345763.25,8072.68,arms_length
T00001792,P0001555,2023-03-15,403206.6,9413.84,arms_length
T00001793,P0001555,2025-05-15,344566.51,8044.74,arms_length
T00001794,P0001792,2024-06-15,1970904.61,8860.47,arms_length
T00001795,P0003087,2025-10-15,1352279.53,12188.2,arms_length
T00001796,P0002528,2023-04-15,349405.88,6669.25,arms_length
T00001797,P0002528,2025-07-15,450037.96,8590.06,arms_length
T00001798,P0001481,2021-12-15,726967.72,7560.42,arms_length
T00001799,P0002584,2021-07-15,713872.14,6947.42,arms_length
T00001800,P0002584,2022-11-15,594284.33,5783.59,arms_length
T00001801,P0002584,2023-06-15,842928.24,8203.4,arms_length
T00001802,P0002697,2021-02-15,483723.64,5980.44,arms_length
T00001803,P0002697,2023-06-15,646738.82,7995.85,arms_length
T00001804,P0002697,2025-05-15,730446.43,9030.76,arms_length
T00001805,P0002280,2022-05-15,1080188.95,7476.97,arms_length
T00001806,P0002280,2025-04-15,980267.36,6785.32,arms_length
T00001807,P0001476,2023-07-15,899838.33,6422.88,arms_length
T00001808,P0001476,2024-11-15,1145447.2,8175.99,arms_length
T00001809,P0002997,2019-08-15,2301462.21,7085.79,arms_length
T00001810,P0002997,2021-05-15,2008695.49,6184.42,arms_length
T00001811,P0000436,2021-09-15,1208474.21,7990.37,arms_length
T00001812,P0001045,2024-06-15,928692.22,7195.98,arms_length
T00001813,P0000238,2021-08-15,774259.88,7886.87,arms_length
T00001814,P0000238,2023-10-15,650223.16,6623.39,arms_length
T00001815,P0002214,2023-06-15,1559530.83,6551.09,arms_length
T00001816,P0002214,2024-11-15,1551368.68,6516.8,arms_length
T00001817,P0002214,2025-10-15,1711736.84,7190.46,arms_length
T00001818,P0001150,2020-12-15,1579989.75,7922.35,arms_length
T00001819,P0000110,2019-04-15,821336.78,7023.75,arms_length
T00001820,P0000110,2020-04-15,907590.96,7761.36,arms_length
T00001821,P0000110,2023-05-15,748939.25,6404.64,arms_length
T00001822,P0002098,2025-11-15,602271.01,9043.82,arms_length
T00001823,P0000782,2019-10-15,709740.65,8705.02,arms_length
T00001824,P0000782,2020-04-15,642726.04,7883.08,arms_length
T00001825,P0000782,2023-08-15,674111.0,8268.02,arms_length
T00001826,P0002197,2020-01-15,461049.65,6133.47,arms_length
T00001827,P0002197,2023-01-15,667983.56,8886.36,arms_length
T00001828,P0000164,2021-08-15,6428496.49,8920.37,arms_length
T00001829,P0000164,2023-12-15,6966306.38,9666.65,arms_length
T00001830,P0000164,2025-09-15,7100905.01,9853.42,arms_length
T00001831,P0000289,2019-12-15,919999.18,6742.63,arms_length
T00001832,P0000289,2020-12-15,708631.42,5193.53,arms_length
T00001833,P0000289,2022-11-15,952965.39,6984.24,arms_length
T00001834,P0001642,2019-04-15,259922.59,7516.9,arms_length
T00001835,P0001642,2020-09-15,219711.79,6354.01,arms_length
T00001836,P0001642,2022-11-15,293872.38,8498.72,arms_length
T00001837,P0000253,2019-12-15,2552116.01,6398.14,arms_length
T00001838,P0000253,2021-04-15,2538022.01,6362.81,arms_length
T00001839,P0002535,2021-05-15,576046.73,5119.53,arms_length
T00001840,P0002535,2023-05-15,759913.34,6753.61,arms_length
T00001841,P0002342,2020-02-15,392393.87,5726.02,arms_length
T00001842,P0002125,2022-12-15,747420.12,9403.59,arms_length
T00001843,P0002125,2025-08-15,619157.45,7789.87,arms_length
T00001844,P0000768,2019-07-15,245144.87,5155.77,arms_length
T00001845,P0000768,2023-11-15,356067.34,7488.64,arms_length
T00001846,P0000788,2020-09-15,753046.48,5063.86,arms_length
T00001847,P0000788,2022-04-15,901557.82,6062.52,arms_length
T00001848,P0000788,2025-09-15,1405879.77,9453.83,arms_length
T00001849,P0001955,2019-03-15,929891.69,6103.46,arms_length
T00001850,P0001955,2021-08-15,1106888.45,7265.2,arms_length
T00001851,P0001955,2023-01-15,1459124.28,9577.15,arms_length
T00001852,P0001179,2019-10-15,745759.38,7596.13,arms_length
T00001853,P0001179,2022-07-15,576316.23,5870.22,arms_length
T00001854,P0000931,2019-02-15,475741.67,7202.5,arms_length
T00001855,P0000931,2022-09-15,631201.03,9556.08,arms_length
T00001856,P0000931,2024-11-15,652293.06,9875.41,arms_length
T00001857,P0002898,2025-11-15,3453416.34,6575.63,arms_length
T00001858,P0001437,2019-09-15,1074731.59,5746.71,arms_length
T00001859,P0001437,2021-01-15,1337662.69,7152.63,arms_length
T00001860,P0001437,2025-11-15,2145774.78,11473.7,arms_length
T00001861,P0001831,2025-05-15,1013872.56,7552.11,arms_length
T00001862,P0002393,2020-10-15,1312211.72,5301.57,arms_length
T00001863,P0002393,2025-11-15,2117999.76,8557.1,arms_length
T00001864,P0002592,2019-11-15,370591.52,6968.75,arms_length
T00001865,P0001147,2020-10-15,1870198.52,5899.93,arms_length
T00001866,P0003036,2025-05-15,1733373.65,9432.71,arms_length
T00001867,P0002830,2024-12-15,2505168.9,7981.3,arms_length
T00001868,P0002830,2025-10-15,2464479.18,7851.67,arms_length
T00001869,P0002068,2020-01-15,148599.59,4447.57,arms_length
T00001870,P0000848,2022-01-15,754671.74,7624.31,arms_length
T00001871,P0000848,2024-05-15,803124.14,8113.81,arms_length
T00001872,P0000848,2025-02-15,959242.16,9691.04,arms_length
T00001873,P0002235,2020-04-15,3354417.22,5031.36,arms_length
T00001874,P0002235,2022-03-15,4325023.28,6487.19,arms_length
T00001875,P0002235,2025-07-15,4376812.01,6564.87,arms_length
T00001876,P0002562,2019-05-15,842786.83,6538.65,arms_length
T00001877,P0002562,2025-07-15,1376590.61,10680.1,arms_length
T00001878,P0000462,2021-12-15,1643114.89,8048.33,arms_length
T00001879,P0000462,2024-06-15,1581781.46,7747.9,arms_length
T00001880,P0000462,2025-06-15,1838778.2,9006.73,arms_length
T00001881,P0002408,2024-12-15,1307802.33,9930.91,arms_length
T00001882,P0002360,2021-09-15,1026790.57,7148.96,arms_length
T00001883,P0002360,2023-02-15,1074271.46,7479.54,arms_length
T00001884,P0000158,2019-08-15,832779.41,7446.83,arms_length
T00001885,P0000158,2020-06-15,701268.2,6270.84,arms_length
T00001886,P0000158,2023-02-15,753075.05,6734.1,arms_length
T00001887,P0000803,2019-09-15,67404.14,6740.41,arms_length
T00001888,P0000803,2020-01-15,65316.84,6531.68,arms_length
T00001889,P0000803,2023-02-15,75646.5,7564.65,arms_length
T00001890,P0002119,2019-11-15,1966498.59,6473.46,arms_length
T00001891,P0002119,2020-09-15,1937696.18,6378.65,arms_length
T00001892,P0002119,2022-07-15,2464659.56,8113.34,arms_length
T00001893,P0001863,2021-10-15,1623766.18,9471.83,arms_length
T00001894,P0001863,2022-10-15,1049393.73,6121.37,arms_length
T00001895,P0000678,2021-10-15,1637457.73,5992.07,arms_length
T00001896,P0000678,2023-01-15,1495853.63,5473.89,arms_length
T00001897,P0002203,2022-10-15,626215.19,10175.47,arms_length
T00001898,P0002203,2024-06-15,506812.85,8235.28,arms_length
T00001899,P0001809,2019-02-15,2059526.8,8312.86,arms_length
T00001900,P0001809,2022-07-15,2009283.66,8110.07,arms_length
T00001901,P0000239,2025-01-15,756933.43,11487.8,arms_length
T00001902,P0002845,2019-10-15,481186.97,6586.06,arms_length
T00001903,P0002845,2020-03-15,432617.43,5921.29,arms_length
T00001904,P0002845,2024-09-15,469106.69,6420.72,arms_length
T00001905,P0003002,2019-11-15,396201.63,6635.48,arms_length
T00001906,P0003002,2025-04-15,512378.23,8581.18,arms_length
T00001907,P0000244,2019-04-15,609315.61,5897.74,arms_length
T00001908,P0000244,2023-12-15,686289.66,6642.79,arms_length
T00001909,P0000244,2024-12-15,765505.16,7409.54,arms_length
T00001910,P0000101,2024-09-15,389502.3,7371.94,arms_length
T00001911,P0000316,2019-04-15,1763569.99,6805.86,arms_length
T00001912,P0000316,2021-08-15,2091576.63,8071.69,arms_length
T00001913,P0000316,2025-09-15,1541894.17,5950.38,arms_length
T00001914,P0001043,2019-11-15,2041634.6,7400.02,arms_length
T00001915,P0001043,2023-05-15,2186536.81,7925.22,arms_length
T00001916,P0001188,2022-05-15,739090.95,8705.38,arms_length
T00001917,P0001765,2019-09-15,901709.27,6337.32,arms_length
T00001918,P0001765,2020-11-15,1197777.34,8418.12,arms_length
T00001919,P0001765,2022-09-15,1512185.45,10627.82,arms_length
T00001920,P0001000,2019-05-15,1201166.87,4469.77,arms_length
T00001921,P0002581,2021-10-15,1016542.3,5956.29,arms_length
T00001922,P0000262,2019-08-15,289183.21,4895.27,arms_length
T00001923,P0000262,2020-12-15,377686.96,6393.45,arms_length
T00001924,P0000262,2025-03-15,587855.38,9951.16,arms_length
T00001925,P0001033,2022-12-15,685116.83,8407.31,arms_length
T00001926,P0001033,2025-09-15,701452.44,8607.77,arms_length
T00001927,P0002668,2019-02-15,412117.74,5374.75,arms_length
T00001928,P0002668,2024-10-15,697364.23,9094.88,arms_length
T00001929,P0002668,2025-04-15,503972.47,6572.7,arms_length
T00001930,P0000196,2020-07-15,1423558.81,6209.65,arms_length
T00001931,P0000196,2021-03-15,1380679.29,6022.6,arms_length
T00001932,P0000196,2024-04-15,1681678.15,7335.58,arms_length
T00001933,P0002894,2020-10-15,1899200.72,7551.09,arms_length
T00001934,P0002894,2025-05-15,2487666.25,9890.79,arms_length
T00001935,P0003094,2021-06-15,745571.39,7205.33,arms_length
T00001936,P0003094,2023-10-15,606928.77,5865.46,arms_length
T00001937,P0003094,2025-03-15,1132102.72,10940.83,arms_length
T00001938,P0002723,2024-03-15,1951345.0,5775.05,arms_length
T00001939,P0000180,2019-10-15,507760.58,6112.68,arms_length
T00001940,P0000180,2023-09-15,628866.43,7570.61,arms_length
T00001941,P0000835,2019-10-15,333158.89,8011.06,arms_length
T00001942,P0000835,2021-10-15,303212.66,7290.98,arms_length
T00001943,P0000843,2021-01-15,301096.52,6390.93,arms_length
T00001944,P0000843,2023-01-15,457110.03,9702.4,arms_length
T00001945,P0000843,2025-08-15,372930.69,7915.65,arms_length
T00001946,P0002477,2020-08-15,1714737.12,7151.93,arms_length
T00001947,P0001079,2020-03-15,1161945.45,6975.44,arms_length
T00001948,P0001079,2024-02-15,2224113.38,13351.9,arms_length
T00001949,P0001633,2019-12-15,1030245.57,5535.73,arms_length
T00001950,P0001633,2024-10-15,1749162.01,9398.62,arms_length
T00001951,P0001581,2022-01-15,896205.26,5299.91,arms_length
T00001952,P0000341,2022-09-15,1389384.0,8507.05,arms_length
T00001953,P0002739,2020-03-15,372824.96,6020.84,arms_length
T00001954,P0002739,2021-06-15,538660.97,8698.96,arms_length
T00001955,P0002739,2023-08-15,480849.65,7765.35,arms_length
T00001956,P0001346,2023-07-15,1648375.89,9365.63,arms_length
T00001957,P0000749,2019-02-15,1392144.84,7699.16,arms_length
T00001958,P0000749,2022-07-15,1577165.76,8722.41,arms_length
T00001959,P0000749,2023-04-15,1178068.89,6515.23,arms_length
T00001960,P0001226,2019-07-15,1902435.04,8138.31,arms_length
T00001961,P0000663,2019-03-15,778160.05,6126.82,arms_length
T00001962,P0000481,2019-06-15,1535799.58,8805.01,arms_length
T00001963,P0000481,2021-09-15,1166403.24,6687.2,arms_length
T00001964,P0000804,2019-04-15,315465.16,7160.08,arms_length
T00001965,P0000804,2020-06-15,397649.79,9025.41,arms_length
T00001966,P0003182,2023-09-15,2347955.37,7740.72,arms_length
T00001967,P0002568,2021-02-15,1378672.91,7325.13,arms_length
T00001968,P0002568,2022-10-15,1229179.47,6530.85,arms_length
T00001969,P0001617,2020-05-15,1492652.69,6404.16,arms_length
T00001970,P0002600,2020-01-15,2466365.09,7164.85,arms_length
T00001971,P0002600,2021-04-15,3130728.87,9094.84,arms_length
T00001972,P0002600,2024-03-15,2458157.33,7141.0,arms_length
T00001973,P0000550,2019-04-15,654390.4,7790.05,arms_length
T00001974,P0001303,2019-11-15,372252.43,5787.18,arms_length
T00001975,P0001303,2023-08-15,455858.02,7086.95,arms_length
T00001976,P0000784,2020-08-15,747202.85,5338.98,arms_length
T00001977,P0002891,2020-08-15,321644.37,5901.27,arms_length
T00001978,P0002891,2023-11-15,385019.93,7064.04,arms_length
T00001979,P0002891,2025-03-15,548194.85,10057.84,arms_length
T00001980,P0002105,2020-06-15,663907.05,10953.62,arms_length
T00001981,P0002105,2022-08-15,518478.46,8554.23,arms_length
T00001982,P0002105,2024-01-15,472822.77,7800.97,arms_length
T00001983,P0000743,2020-05-15,578240.22,7884.3,arms_length
T00001984,P0000743,2022-08-15,458213.66,6247.74,arms_length
T00001985,P0000743,2023-10-15,465052.3,6340.98,arms_length
T00001986,P0002578,2021-02-15,1005661.77,6844.34,arms_length
T00001987,P0002578,2022-02-15,1013587.75,6898.29,arms_length
T00001988,P0002578,2024-04-15,1324043.67,9011.19,arms_length
T00001989,P0002792,2025-10-15,867574.99,9536.16,arms_length
T00001990,P0001963,2022-03-15,3584766.43,6242.3,arms_length
T00001991,P0000966,2025-02-15,1390334.67,8279.21,arms_length
T00001992,P0003089,2020-02-15,729369.1,6487.01,arms_length
T00001993,P0003089,2021-05-15,784006.7,6972.96,arms_length
T00001994,P0001049,2019-01-15,1442300.95,9161.51,arms_length
T00001995,P0001049,2020-06-15,1106572.64,7028.96,arms_length
T00001996,P0002231,2025-09-15,578217.82,8639.89,arms_length
T00001997,P0001028,2020-10-15,1599153.86,5727.75,arms_length
T00001998,P0002269,2020-05-15,121380.88,4724.32,arms_length
T00001999,P0002269,2025-09-15,175887.16,6845.78,arms_length
T00002000,P0001158,2021-08-15,674618.54,5599.94,arms_length
T00002001,P0001158,2024-11-15,872437.68,7242.02,arms_length
T00002002,P0001158,2025-11-15,867292.73,7199.31,arms_length
T00002003,P0000248,2021-02-15,899678.27,5693.1,arms_length
T00002004,P0000248,2023-06-15,1109980.85,7023.88,arms_length
T00002005,P0000872,2021-09-15,1215027.56,6145.37,arms_length
T00002006,P0003045,2024-02-15,558844.87,5999.31,arms_length
T00002007,P0003025,2020-01-15,1531340.2,7302.07,arms_length
T00002008,P0003025,2022-02-15,1672397.4,7974.69,arms_length
T00002009,P0003025,2023-02-15,1959556.75,9343.99,arms_length
T00002010,P0002296,2022-02-15,430514.11,6422.21,arms_length
T00002011,P0002904,2020-08-15,1322314.9,4999.94,arms_length
T00002012,P0002904,2021-12-15,2192710.82,8291.08,arms_length
T00002013,P0002904,2022-02-15,2378458.8,8993.43,arms_length
T00002014,P0000627,2022-10-15,514123.22,6413.84,arms_length
T00002015,P0000348,2020-12-15,1592521.29,7383.71,arms_length
T00002016,P0000348,2023-12-15,1746793.96,8099.0,arms_length
T00002017,P0000279,2021-09-15,1240363.19,5487.74,arms_length
T00002018,P0000279,2022-12-15,1408015.18,6229.49,arms_length
T00002019,P0000279,2023-07-15,1509441.71,6678.23,arms_length
T00002020,P0002289,2023-02-15,705983.85,9483.0,arms_length
T00002021,P0002439,2019-07-15,1159653.36,5017.19,arms_length
T00002022,P0002439,2022-08-15,1816568.17,7859.31,arms_length
T00002023,P0002439,2023-12-15,1537871.64,6653.54,arms_length
T00002024,P0000656,2023-11-15,1012155.29,6017.67,arms_length
T00002025,P0003014,2020-08-15,1037834.54,9432.2,arms_length
T00002026,P0003014,2024-07-15,986510.1,8965.75,arms_length
T00002027,P0003014,2025-06-15,944919.94,8587.76,arms_length
T00002028,P0000980,2023-11-15,862148.26,7561.53,arms_length
T00002029,P0001953,2023-06-15,1471826.93,5727.49,arms_length
T00002030,P0000908,2025-04-15,402366.82,7143.06,arms_length
T00002031,P0002802,2019-07-15,591597.26,7576.98,arms_length
T00002032,P0002802,2023-06-15,598137.37,7660.74,arms_length
T00002033,P0002802,2025-04-15,607766.86,7784.07,arms_length
T00002034,P0002761,2020-03-15,221638.25,5474.71,arms_length
T00002035,P0000912,2019-04-15,1543131.94,7863.73,arms_length
T00002036,P0000912,2023-10-15,1346665.38,6862.55,arms_length
T00002037,P0001967,2019-08-15,498145.48,4717.19,arms_length
T00002038,P0001967,2023-12-15,991925.98,9393.05,arms_length
T00002039,P0001967,2024-01-15,940071.1,8902.01,arms_length
T00002040,P0000633,2024-03-15,1207934.01,10086.12,arms_length
T00002041,P0001777,2023-04-15,419141.57,6338.28,arms_length
T00002042,P0000446,2020-04-15,1516245.8,7918.23,arms_length
T00002043,P0000618,2020-11-15,80217.28,6936.89,arms_length
T00002044,P0001407,2019-02-15,876664.34,6397.75,arms_length
T00002045,P0001407,2022-12-15,1330739.97,9711.52,arms_length
T00002046,P0001407,2025-05-15,1376693.95,10046.88,arms_length
T00002047,P0001229,2022-05-15,275286.87,5642.61,arms_length
T00002048,P0001229,2023-11-15,383966.95,7870.25,arms_length
T00002049,P0001229,2024-06-15,309767.76,6349.37,arms_length
T00002050,P0003062,2020-05-15,439629.92,5547.19,arms_length
T00002051,P0003062,2024-10-15,655974.39,8277.0,arms_length
T00002052,P0003062,2025-03-15,491820.21,6205.73,arms_length
T00002053,P0001300,2020-08-15,690654.01,8884.77,arms_length
T00002054,P0001300,2021-08-15,500543.99,6439.14,arms_length
T00002055,P0001300,2022-01-15,461842.16,5941.27,arms_length
T00002056,P0002725,2020-03-15,2054702.78,7014.46,arms_length
T00002057,P0002725,2021-04-15,2259066.31,7712.13,arms_length
T00002058,P0003196,2022-03-15,1343174.98,6638.68,arms_length
T00002059,P0003196,2024-11-15,1543196.13,7627.29,arms_length
T00002060,P0003061,2019-09-15,396910.14,5232.08,arms_length
T00002061,P0003061,2022-04-15,559302.61,7372.75,arms_length
T00002062,P0000354,2019-05-15,694461.12,5698.84,arms_length
T00002063,P0000354,2021-08-15,699967.54,5744.03,arms_length
T00002064,P0000354,2025-03-15,1046525.47,8587.93,arms_length
T00002065,P0000614,2019-08-15,131202.95,6843.87,arms_length
T00002066,P0000614,2022-12-15,139544.48,7278.98,arms_length
T00002067,P0000614,2025-04-15,149375.95,7791.82,arms_length
T00002068,P0001074,2022-02-15,513417.48,8382.73,arms_length
T00002069,P0002949,2019-10-15,1888857.0,8147.68,arms_length
T00002070,P0002949,2020-12-15,1357777.96,5856.84,arms_length
T00002071,P0002949,2025-02-15,2212871.31,9545.33,arms_length
T00002072,P0002014,2019-05-15,509692.47,4866.45,arms_length
T00002073,P0002014,2022-02-15,820444.65,7833.46,arms_length
T00002074,P0000058,2025-07-15,727633.1,11050.37,arms_length
T00002075,P0001317,2021-06-15,391854.57,4793.76,arms_length
T00002076,P0002660,2022-04-15,293024.76,6824.77,arms_length
T00002077,P0002346,2020-03-15,1462922.29,7788.87,arms_length
T00002078,P0002680,2025-10-15,1395507.57,9330.12,arms_length
T00002079,P0001980,2024-07-15,533812.48,7593.37,arms_length
T00002080,P0001715,2021-02-15,977463.85,6872.33,arms_length
T00002081,P0001715,2023-05-15,1027765.46,7225.99,arms_length
T00002082,P0001715,2024-10-15,1282248.12,9015.2,arms_length
T00002083,P0002404,2020-12-15,412511.29,5306.39,arms_length
T00002084,P0002404,2023-11-15,526674.94,6774.95,arms_length
T00002085,P0001233,2022-01-15,1305588.0,7143.43,arms_length
T00002086,P0001233,2024-05-15,1381383.29,7558.14,arms_length
T00002087,P0001233,2025-03-15,1623675.86,8883.83,arms_length
T00002088,P0001741,2020-09-15,670895.75,5447.83,arms_length
T00002089,P0001741,2022-01-15,892750.14,7249.34,arms_length
T00002090,P0001741,2024-06-15,1089699.26,8848.61,arms_length
T00002091,P0001743,2022-10-15,1600487.08,7347.42,arms_length
T00002092,P0000561,2019-03-15,1699329.9,6530.53,arms_length
T00002093,P0000708,2025-06-15,2885312.15,8800.9,arms_length
T00002094,P0002249,2019-02-15,2888524.34,8417.0,arms_length
T00002095,P0002249,2021-12-15,2563235.31,7469.12,arms_length
T00002096,P0002249,2024-06-15,3045795.38,8875.27,arms_length
T00002097,P0000425,2025-06-15,1949190.59,6736.27,arms_length
T00002098,P0000648,2022-06-15,274933.11,6426.93,arms_length
T00002099,P0000648,2023-06-15,206791.27,4834.02,arms_length
T00002100,P0001942,2020-09-15,1723310.4,6414.0,arms_length
T00002101,P0001942,2022-06-15,2082918.9,7752.43,arms_length
T00002102,P0001942,2023-01-15,1935081.33,7202.19,arms_length
T00002103,P0002601,2021-05-15,1124891.02,8187.38,arms_length
T00002104,P0002601,2022-04-15,1322001.46,9622.03,arms_length
T00002105,P0002601,2023-07-15,1048252.34,7629.58,arms_length
T00002106,P0001223,2019-07-15,800026.98,6861.22,arms_length
T00002107,P0001223,2021-11-15,951977.46,8164.38,arms_length
T00002108,P0001117,2019-10-15,1590223.76,5767.55,arms_length
T00002109,P0001117,2021-08-15,1431842.45,5193.12,arms_length
T00002110,P0001117,2024-07-15,1871114.8,6786.31,arms_length
T00002111,P0001006,2025-08-15,3201900.73,8608.39,arms_length
T00002112,P0000621,2019-09-15,3088283.64,8798.04,arms_length
T00002113,P0000621,2022-04-15,2971517.5,8465.39,arms_length
T00002114,P0000621,2025-04-15,2579741.72,7349.29,arms_length
T00002115,P0002977,2020-11-15,647614.43,7991.48,arms_length
T00002116,P0002977,2021-04-15,611557.53,7546.54,arms_length
T00002117,P0002977,2022-10-15,493984.08,6095.7,arms_length
T00002118,P0000554,2022-05-15,547153.98,5974.22,arms_length
T00002119,P0002844,2023-01-15,1288496.11,7469.74,arms_length
T00002120,P0002844,2024-11-15,1079877.67,6260.33,arms_length
T00002121,P0001609,2019-10-15,1002593.01,7591.82,arms_length
T00002122,P0001609,2021-09-15,908713.62,6880.95,arms_length
T00002123,P0001609,2022-09-15,1045708.32,7918.3,arms_length
T00002124,P0000999,2021-10-15,1252360.58,4789.09,arms_length
T00002125,P0000999,2022-11-15,1642318.36,6280.31,arms_length
T00002126,P0003015,2020-06-15,857072.47,8076.45,arms_length
T00002127,P0003015,2025-01-15,941836.71,8875.21,arms_length
T00002128,P0001339,2023-12-15,1051391.94,10160.73,arms_length
T00002129,P0001339,2025-05-15,743233.69,7182.66,arms_length
T00002130,P0002930,2020-04-15,1749869.05,8331.76,arms_length
T00002131,P0002930,2023-06-15,1400378.41,6667.71,arms_length
T00002132,P0002930,2024-10-15,1912932.83,9108.17,arms_length
T00002133,P0003183,2020-12-15,395844.27,9468.9,arms_length
T00002134,P0002910,2019-11-15,5112544.61,7224.97,arms_length
T00002135,P0002910,2020-07-15,4294149.83,6068.43,arms_length
T00002136,P0002910,2025-09-15,8230142.19,11630.72,arms_length
T00002137,P0000441,2024-06-15,700345.21,9871.74,arms_length
T00002138,P0000441,2025-10-15,545965.14,7695.67,arms_length
T00002139,P0000509,2025-05-15,382616.56,6920.82,arms_length
T00002140,P0000590,2020-01-15,1311692.57,5989.19,arms_length
T00002141,P0000590,2021-10-15,1456409.71,6649.97,arms_length
T00002142,P0000590,2023-12-15,1777023.84,8113.89,arms_length
T00002143,P0002209,2020-06-15,935198.46,5779.83,arms_length
T00002144,P0002209,2021-10-15,918895.99,5679.07,arms_length
T00002145,P0000650,2019-03-15,2232371.63,6300.02,arms_length
T00002146,P0000650,2022-04-15,3301866.18,9318.27,arms_length
T00002147,P0000650,2023-07-15,3288173.77,9279.63,arms_length
T00002148,P0002307,2024-05-15,2021968.98,10938.4,arms_length
T00002149,P0001722,2020-05-15,1677335.83,6609.14,arms_length
T00002150,P0001722,2023-12-15,2275296.1,8965.25,arms_length
T00002151,P0001722,2024-10-15,1996055.84,7864.98,arms_length
T00002152,P0001358,2020-08-15,958116.98,7389.89,arms_length
T00002153,P0001358,2022-12-15,833462.12,6428.43,arms_length
T00002154,P0001358,2023-08-15,1162337.11,8965.02,arms_length
T00002155,P0001378,2021-06-15,2078691.62,8978.45,arms_length
T00002156,P0001378,2022-10-15,1665553.99,7194.0,arms_length
T00002157,P0002911,2022-01-15,475526.23,5960.05,arms_length
T00002158,P0000631,2019-08-15,609474.59,8214.71,arms_length
T00002159,P0000631,2020-10-15,562660.18,7583.73,arms_length
T00002160,P0001462,2020-08-15,239453.1,5224.88,arms_length
T00002161,P0001462,2021-05-15,360431.43,7864.64,arms_length
T00002162,P0000483,2024-10-15,1145810.35,8129.79,arms_length
T00002163,P0001284,2019-01-15,354598.54,6740.85,arms_length
T00002164,P0001284,2020-03-15,364343.26,6926.1,arms_length
T00002165,P0001284,2024-08-15,368500.76,7005.13,arms_length
T00002166,P0002878,2021-06-15,766904.05,8967.47,arms_length
T00002167,P0002590,2023-01-15,350164.51,7527.23,arms_length
T00002168,P0002981,2024-07-15,957318.54,12335.54,arms_length
T00002169,P0002358,2019-09-15,457115.6,5746.36,arms_length
T00002170,P0002358,2021-12-15,295551.79,3715.35,arms_length
T00002171,P0001779,2019-12-15,292234.06,5032.34,arms_length
T00002172,P0001779,2023-07-15,345689.0,5952.85,arms_length
T00002173,P0001779,2025-03-15,683158.15,11764.14,arms_length
T00002174,P0000857,2024-08-15,546047.77,10193.25,arms_length
T00002175,P0000857,2025-11-15,372702.58,6957.36,arms_length
T00002176,P0001899,2023-05-15,281239.48,7595.5,arms_length
T00002177,P0001899,2025-05-15,344107.91,9293.4,arms_length
T00002178,P0000531,2021-06-15,9131639.4,6732.11,arms_length
T00002179,P0001965,2020-09-15,1106775.09,7119.48,arms_length
T00002180,P0000050,2019-08-15,457845.24,5710.38,arms_length
T00002181,P0000859,2019-12-15,457967.45,9202.59,arms_length
T00002182,P0000859,2022-05-15,443053.63,8902.9,arms_length
T00002183,P0000859,2023-12-15,402778.81,8093.6,arms_length
T00002184,P0001073,2021-08-15,1378893.34,7369.79,arms_length
T00002185,P0001073,2023-02-15,1792615.64,9581.01,arms_length
T00002186,P0000720,2019-01-15,1861196.88,8674.72,arms_length
T00002187,P0000720,2020-10-15,1188549.92,5539.63,arms_length
T00002188,P0000720,2024-03-15,1416187.96,6600.61,arms_length
T00002189,P0001353,2019-09-15,1405836.79,6862.93,arms_length
T00002190,P0001478,2019-10-15,843098.49,7946.01,arms_length
T00002191,P0001478,2022-05-15,513429.07,4838.95,arms_length
T00002192,P0001478,2024-01-15,646184.63,6090.14,arms_length
T00002193,P0002405,2022-10-15,1594651.35,8097.27,arms_length
T00002194,P0002901,2020-11-15,847217.75,8560.17,arms_length
T00002195,P0002901,2021-09-15,583830.67,5898.94,arms_length
T00002196,P0001685,2020-07-15,792117.32,6660.3,arms_length
T00002197,P0002277,2019-04-15,928127.72,6929.77,arms_length
T00002198,P0002277,2021-11-15,929623.78,6940.94,arms_length
T00002199,P0002277,2024-04-15,889189.67,6639.04,arms_length
T00002200,P0001692,2021-04-15,566270.45,7011.23,arms_length
T00002201,P0001692,2024-04-15,617313.9,7643.22,arms_length
T00002202,P0001692,2025-10-15,709178.91,8780.64,arms_length
T00002203,P0003029,2023-10-15,1259236.37,8455.57,arms_length
T00002204,P0001484,2019-03-15,889064.0,5563.69,arms_length
T00002205,P0001430,2019-04-15,372048.85,6941.1,arms_length
T00002206,P0001430,2021-10-15,254356.29,4745.38,arms_length
T00002207,P0001430,2023-12-15,323665.65,6038.44,arms_length
T00002208,P0002788,2019-05-15,574353.09,6273.44,arms_length
T00002209,P0002788,2024-02-15,763789.64,8342.59,arms_length
T00002210,P0002788,2025-02-15,948268.0,10357.57,arms_length
T00002211,P0003109,2019-11-15,797252.35,6674.76,arms_length
T00002212,P0003109,2021-10-15,839142.73,7025.47,arms_length
T00002213,P0003109,2022-08-15,864436.65,7237.24,arms_length
T00002214,P0002290,2021-12-15,445032.47,7242.53,arms_length
T00002215,P0002290,2023-05-15,504514.23,8210.55,arms_length
T00002216,P0001657,2020-09-15,2125757.57,7538.07,arms_length
T00002217,P0003058,2020-06-15,2021108.44,6609.9,arms_length
T00002218,P0001704,2021-08-15,1031722.88,10627.83,arms_length
T00002219,P0001704,2022-12-15,853606.53,8793.04,arms_length
T00002220,P0001704,2023-02-15,853457.58,8791.51,arms_length
T00002221,P0000298,2024-12-15,1887010.51,10099.89,arms_length
T00002222,P0001643,2020-06-15,546198.09,6177.89,arms_length
T00002223,P0001643,2021-07-15,652352.21,7378.57,arms_length
T00002224,P0001643,2023-02-15,688943.96,7792.45,arms_length
T00002225,P0001375,2020-12-15,685504.07,7124.89,arms_length
T00002226,P0001375,2023-12-15,871218.99,9055.15,arms_length
T00002227,P0000959,2025-06-15,461439.15,7482.6,arms_length
T00002228,P0001362,2020-04-15,2879426.05,9369.21,arms_length
T00002229,P0001362,2024-01-15,2288641.57,7446.89,arms_length
T00002230,P0002635,2021-03-15,792352.22,7570.94,arms_length
T00002231,P0003184,2022-05-15,1711605.63,7419.07,arms_length
T00002232,P0000350,2020-08-15,911134.21,7190.56,arms_length
T00002233,P0000350,2022-03-15,1263294.06,9969.76,arms_length
T00002234,P0000350,2025-09-15,1101263.56,8691.03,arms_length
T00002235,P0003005,2023-08-15,675367.73,9981.18,arms_length
T00002236,P0003005,2024-09-15,498364.52,7365.27,arms_length
T00002237,P0003005,2025-07-15,607858.38,8983.47,arms_length
T00002238,P0000644,2023-05-15,1428992.66,6435.42,arms_length
T00002239,P0000644,2024-12-15,2012939.78,9065.21,arms_length
T00002240,P0002976,2022-07-15,741863.77,8136.9,arms_length
T00002241,P0001324,2019-12-15,2004565.17,8091.66,arms_length
T00002242,P0001324,2020-07-15,2120301.26,8558.85,arms_length
T00002243,P0001324,2021-07-15,1679095.07,6777.87,arms_length
T00002244,P0000670,2020-06-15,762001.85,6039.88,arms_length
T00002245,P0002173,2019-08-15,512940.81,6909.75,arms_length
T00002246,P0002173,2020-10-15,441260.93,5944.16,arms_length
T00002247,P0002173,2023-02-15,545707.23,7351.15,arms_length
T00002248,P0001182,2025-12-15,1856769.17,8161.88,arms_length
T00002249,P0001957,2020-09-15,1113978.42,7230.62,arms_length
T00002250,P0001957,2021-04-15,885809.91,5749.62,arms_length
T00002251,P0001367,2023-12-15,2077586.94,8765.69,arms_length
T00002252,P0002537,2020-12-15,3340969.65,6819.65,arms_length
T00002253,P0002537,2022-08-15,4082912.84,8334.12,arms_length
T00002254,P0002347,2024-07-15,228425.78,9663.8,arms_length
T00002255,P0002848,2022-04-15,908647.51,5759.82,arms_length
T00002256,P0002848,2024-04-15,1169278.89,7411.93,arms_length
T00002257,P0002848,2025-12-15,1311117.21,8311.03,arms_length
T00002258,P0000787,2019-04-15,239800.74,6690.99,arms_length
T00002259,P0000787,2025-01-15,309227.72,8628.16,arms_length
T00002260,P0002875,2020-09-15,672906.47,5748.22,arms_length
T00002261,P0000141,2019-08-15,881482.78,6300.21,arms_length
T00002262,P0000141,2022-04-15,953471.41,6814.74,arms_length
T00002263,P0000141,2024-06-15,1086199.67,7763.39,arms_length
T00002264,P0000789,2019-02-15,844083.0,8049.73,arms_length
T00002265,P0000789,2023-02-15,755996.73,7209.68,arms_length
T00002266,P0001780,2019-10-15,570223.29,5553.52,arms_length
T00002267,P0002426,2023-07-15,621880.6,6437.83,arms_length
T00002268,P0000715,2021-11-15,180329.26,5964.19,arms_length
T00002269,P0000715,2024-06-15,210984.79,6978.09,arms_length
T00002270,P0003033,2019-12-15,317922.07,7170.35,arms_length
T00002271,P0003033,2023-08-15,283653.88,6397.47,arms_length
T00002272,P0003033,2024-10-15,302512.53,6822.81,arms_length
T00002273,P0001796,2021-08-15,1502043.92,6311.16,arms_length
T00002274,P0001796,2022-03-15,2200167.45,9244.48,arms_length
T00002275,P0001796,2023-05-15,1627858.34,6839.8,arms_length
T00002276,P0001748,2022-07-15,1983940.38,7715.0,arms_length
T00002277,P0001584,2022-08-15,384282.26,6320.58,arms_length
T00002278,P0001584,2025-11-15,348349.6,5729.57,arms_length
T00002279,P0002016,2020-12-15,1789957.68,5170.63,arms_length
T00002280,P0002016,2022-06-15,2306742.93,6663.47,arms_length
T00002281,P0001235,2025-05-15,688798.44,9801.01,arms_length
T00002282,P0000619,2020-05-15,285282.16,7317.12,arms_length
T00002283,P0000619,2024-06-15,285501.99,7322.75,arms_length
T00002284,P0000407,2019-05-15,458299.03,5718.22,arms_length
T00002285,P0000407,2021-02-15,586027.42,7311.9,arms_length
T00002286,P0000407,2025-03-15,590109.05,7362.82,arms_length
T00002287,P0001335,2021-07-15,324283.08,6199.87,arms_length
T00002288,P0001335,2023-09-15,422031.91,8068.7,arms_length
T00002289,P0001978,2019-06-15,344216.18,6976.89,arms_length
T00002290,P0001978,2020-12-15,275832.58,5590.83,arms_length
T00002291,P0001227,2023-09-15,1144505.16,6823.95,arms_length
T00002292,P0001227,2024-09-15,1088618.25,6490.73,arms_length
T00002293,P0002270,2019-07-15,1539409.84,7306.15,arms_length
T00002294,P0002270,2021-08-15,1067258.77,5065.28,arms_length
T00002295,P0002270,2023-07-15,1880847.54,8926.63,arms_length
T00002296,P0001989,2022-06-15,1054417.33,8480.31,arms_length
T00002297,P0001989,2023-02-15,915404.18,7362.28,arms_length
T00002298,P0000498,2021-11-15,1922585.76,10276.29,arms_length
T00002299,P0000498,2023-12-15,1895861.98,10133.45,arms_length
T00002300,P0000498,2025-06-15,1942844.7,10384.57,arms_length
T00002301,P0000343,2019-09-15,278619.55,6365.64,arms_length
T00002302,P0000343,2023-07-15,272267.85,6220.52,arms_length
T00002303,P0002338,2020-12-15,573481.32,6381.55,arms_length
T00002304,P0002338,2025-10-15,719949.14,8011.41,arms_length
T00002305,P0002425,2020-03-15,673905.56,5604.47,arms_length
T00002306,P0002425,2021-04-15,826465.69,6873.22,arms_length
T00002307,P0002425,2023-02-15,929049.96,7726.35,arms_length
T00002308,P0000783,2021-08-15,895447.96,6015.62,arms_length
T00002309,P0002550,2019-01-15,1082384.43,6581.29,arms_length
T00002310,P0002550,2021-02-15,1012610.9,6157.04,arms_length
T00002311,P0002550,2022-03-15,1169257.73,7109.51,arms_length
T00002312,P0000304,2020-10-15,642333.41,5405.68,arms_length
T00002313,P0002622,2020-07-15,493774.71,7527.54,arms_length
T00002314,P0002622,2025-01-15,480571.83,7326.26,arms_length
T00002315,P0001908,2020-12-15,374849.59,5799.4,arms_length
T00002316,P0001908,2021-02-15,463248.89,7167.05,arms_length
T00002317,P0001908,2025-06-15,544277.39,8420.66,arms_length
T00002318,P0000665,2023-03-15,358335.73,5830.75,arms_length
T00002319,P0001951,2022-12-15,493045.99,9099.88,arms_length
T00002320,P0001676,2021-04-15,1771462.34,6385.79,arms_length
T00002321,P0001676,2024-01-15,1731738.08,6242.59,arms_length
T00002322,P0002273,2024-05-15,5627908.06,11102.06,arms_length
T00002323,P0002273,2025-10-15,4085349.4,8059.08,arms_length
T00002324,P0003050,2022-03-15,780285.1,8030.57,arms_length
T00002325,P0000085,2019-07-15,648718.2,5911.4,arms_length
T00002326,P0000085,2021-03-15,736825.14,6714.27,arms_length
T00002327,P0000085,2024-11-15,801407.35,7302.77,arms_length
T00002328,P0002367,2022-12-15,237800.26,5855.58,arms_length
T00002329,P0002367,2024-07-15,334305.51,8231.92,arms_length
T00002330,P0000942,2021-10-15,374532.74,5681.81,arms_length
T00002331,P0000942,2025-02-15,570398.35,8653.17,arms_length
T00002332,P0000962,2021-02-15,781388.34,7328.59,arms_length
T00002333,P0000962,2024-09-15,970894.96,9105.96,arms_length
T00002334,P0000842,2019-10-15,1265216.85,7358.86,arms_length
T00002335,P0000842,2024-09-15,1157285.2,6731.1,arms_length
T00002336,P0000842,2025-05-15,1359962.49,7909.93,arms_length
T00002337,P0002948,2023-07-15,1105847.93,7551.1,arms_length
T00002338,P0002616,2022-01-15,725377.9,6937.52,arms_length
T00002339,P0002616,2024-01-15,796316.53,7615.97,arms_length
T00002340,P0002616,2025-02-15,838629.54,8020.65,arms_length
T00002341,P0002507,2022-04-15,1721900.39,6832.64,arms_length
T00002342,P0002507,2023-07-15,2134582.07,8470.19,arms_length
T00002343,P0001463,2021-01-15,595920.49,9254.89,arms_length
T00002344,P0001463,2023-01-15,531019.69,8246.95,arms_length
T00002345,P0001463,2025-05-15,493811.16,7669.09,arms_length
T00002346,P0000291,2021-02-15,576873.33,7811.44,arms_length
T00002347,P0000291,2024-09-15,622419.5,8428.18,arms_length
T00002348,P0000291,2025-05-15,643867.73,8718.61,arms_length
T00002349,P0002051,2021-05-15,2857483.13,9383.33,arms_length
T00002350,P0002051,2022-01-15,1847889.67,6068.06,arms_length
T00002351,P0001293,2020-01-15,2455462.68,8324.26,arms_length
T00002352,P0001293,2023-02-15,2008091.11,6807.63,arms_length
T00002353,P0001293,2024-09-15,2268765.02,7691.34,arms_length
T00002354,P0000605,2019-01-15,1358286.04,7784.13,arms_length
T00002355,P0000605,2023-04-15,1533376.94,8787.55,arms_length
T00002356,P0002182,2020-01-15,698653.66,6677.72,arms_length
T00002357,P0002182,2022-02-15,794304.17,7591.95,arms_length
T00002358,P0000917,2019-04-15,953240.28,7555.11,arms_length
T00002359,P0000917,2023-06-15,1136557.33,9008.03,arms_length
T00002360,P0000917,2024-07-15,1079812.71,8558.29,arms_length
T00002361,P0001433,2020-02-15,715246.38,6773.19,arms_length
T00002362,P0001433,2025-01-15,725788.85,6873.02,arms_length
T00002363,P0002587,2019-02-15,204037.04,5148.7,arms_length
T00002364,P0002587,2022-08-15,255643.83,6450.95,arms_length
T00002365,P0002587,2025-09-15,282591.85,7130.96,arms_length
T00002366,P0001100,2021-06-15,1706836.09,6185.34,arms_length
T00002367,P0001100,2024-05-15,1782599.21,6459.9,arms_length
T00002368,P0001089,2020-05-15,835017.5,5675.47,arms_length
T00002369,P0001089,2021-09-15,1276884.48,8678.77,arms_length
T00002370,P0001089,2025-08-15,1025414.97,6969.57,arms_length
T00002371,P0002247,2022-11-15,228025.87,6725.49,arms_length
T00002372,P0002247,2023-01-15,269669.49,7953.75,arms_length
T00002373,P0002247,2025-07-15,312900.68,9228.83,arms_length
T00002374,P0002407,2021-05-15,835954.19,9496.2,arms_length
T00002375,P0002407,2023-12-15,712223.01,8090.65,arms_length
T00002376,P0000822,2019-11-15,317912.05,7234.11,arms_length
T00002377,P0000822,2020-03-15,195356.52,4445.35,arms_length
T00002378,P0002636,2025-02-15,1833271.68,9988.66,arms_length
T00002379,P0001001,2019-04-15,368333.96,5624.52,arms_length
T00002380,P0001001,2020-02-15,602450.34,9199.51,arms_length
T00002381,P0001001,2025-12-15,548221.97,8371.44,arms_length
T00002382,P0001727,2020-09-15,533239.56,8036.05,arms_length
T00002383,P0001727,2022-04-15,370353.02,5581.31,arms_length
T00002384,P0001727,2024-12-15,541971.88,8167.65,arms_length
T00002385,P0000019,2021-01-15,2485644.16,6955.35,arms_length
T00002386,P0000019,2023-05-15,2934898.71,8212.46,arms_length
T00002387,P0003143,2021-08-15,640381.55,5557.18,arms_length
T00002388,P0001126,2021-06-15,1570030.16,8384.64,arms_length
T00002389,P0001126,2022-08-15,1305619.21,6972.57,arms_length
T00002390,P0001126,2023-05-15,1143833.97,6108.57,arms_length
T00002391,P0001396,2022-09-15,889248.52,5925.54,arms_length
T00002392,P0002414,2021-09-15,423821.38,9809.7,arms_length
T00002393,P0002414,2023-06-15,325821.42,7541.41,arms_length
T00002394,P0001851,2020-01-15,1153614.25,7104.65,arms_length
T00002395,P0001442,2019-12-15,360241.39,5600.57,arms_length
T00002396,P0002004,2022-01-15,1386457.45,6374.44,arms_length
T00002397,P0002004,2023-08-15,1530711.19,7037.67,arms_length
T00002398,P0003193,2021-03-15,545119.79,7762.34,arms_length
T00002399,P0003193,2022-02-15,466160.6,6637.98,arms_length
T00002400,P0003193,2023-10-15,524750.14,7472.28,arms_length
T00002401,P0001869,2020-09-15,1486560.0,7420.08,arms_length
T00002402,P0001869,2021-09-15,1508151.41,7527.85,arms_length
T00002403,P0001711,2020-08-15,431218.28,7574.59,arms_length
T00002404,P0002955,2021-07-15,1377251.64,8695.92,arms_length
T00002405,P0002955,2023-09-15,1257628.0,7940.62,arms_length
T00002406,P0002160,2024-03-15,1937277.52,8172.74,arms_length
T00002407,P0002695,2019-05-15,295118.71,5195.3,arms_length
T00002408,P0002695,2020-09-15,403381.52,7101.17,arms_length
T00002409,P0002695,2025-11-15,604087.68,10634.42,arms_length
T00002410,P0001010,2023-06-15,1443374.7,10300.53,arms_length
T00002411,P0000361,2023-03-15,553604.89,8434.52,arms_length
T00002412,P0003030,2020-07-15,1494300.7,6498.49,arms_length
T00002413,P0002058,2024-09-15,307100.29,7285.03,arms_length
T00002414,P0002058,2025-07-15,332567.87,7889.17,arms_length
T00002415,P0001988,2022-03-15,1945890.04,8483.18,arms_length
T00002416,P0001988,2024-01-15,1483383.87,6466.86,arms_length
T00002417,P0001988,2025-03-15,1707224.91,7442.71,arms_length
T00002418,P0002274,2021-07-15,1572257.87,5714.11,arms_length
T00002419,P0002274,2022-08-15,1776529.66,6456.51,arms_length
T00002420,P0002274,2023-05-15,1604342.98,5830.72,arms_length
T00002421,P0001443,2023-05-15,2730467.51,9511.56,arms_length
T00002422,P0001875,2019-02-15,429816.64,5508.49,arms_length
T00002423,P0001875,2024-12-15,622435.59,7977.08,arms_length
T00002424,P0001875,2025-04-15,627251.56,8038.8,arms_length
T00002425,P0000345,2025-11-15,117816.62,6863.21,arms_length
T00002426,P0000987,2021-08-15,1458529.07,7220.74,arms_length
T00002427,P0000987,2024-07-15,1745129.58,8639.61,arms_length
T00002428,P0000987,2025-08-15,1539466.11,7621.43,arms_length
T00002429,P0001456,2021-12-15,387799.88,7390.52,arms_length
T00002430,P0001456,2022-07-15,384960.18,7336.4,arms_length
T00002431,P0001456,2025-08-15,450876.04,8592.6,arms_length
T00002432,P0002504,2021-06-15,2743746.08,7205.58,arms_length
T00002433,P0002504,2023-05-15,2720782.75,7145.27,arms_length
T00002434,P0002275,2019-10-15,1029342.34,9912.9,arms_length
T00002435,P0002275,2020-01-15,951413.6,9162.42,arms_length
T00002436,P0002275,2022-08-15,971096.29,9351.97,arms_length
T00002437,P0001310,2021-12-15,2405762.99,8582.42,arms_length
T00002438,P0000114,2024-07-15,415823.86,7027.14,arms_length
T00002439,P0001660,2022-07-15,529443.92,4753.9,arms_length
T00002440,P0001143,2021-06-15,1103391.03,7257.04,arms_length
T00002441,P0001143,2023-11-15,1059143.58,6966.03,arms_length
T00002442,P0002638,2019-09-15,1297347.99,5954.63,arms_length
T00002443,P0002638,2023-09-15,1354406.25,6216.52,arms_length
T00002444,P0001217,2023-09-15,1522416.89,8024.86,arms_length
T00002445,P0001217,2024-07-15,1875838.62,9887.79,arms_length
T00002446,P0001217,2025-03-15,1732614.44,9132.84,arms_length
T00002447,P0001199,2021-12-15,626150.92,8357.34,arms_length
T00002448,P0001199,2024-08-15,498483.61,6653.34,arms_length
T00002449,P0001199,2025-09-15,713428.31,9522.24,arms_length
T00002450,P0000086,2020-12-15,4253805.86,9201.46,arms_length
T00002451,P0000086,2025-11-15,3081982.07,6666.67,arms_length
T00002452,P0002207,2019-01-15,2558420.44,5634.39,arms_length
T00002453,P0000669,2022-02-15,606408.91,8047.67,arms_length
T00002454,P0001015,2021-11-15,2460648.65,7161.09,arms_length
T00002455,P0001015,2024-06-15,2885120.78,8396.41,arms_length
T00002456,P0001015,2025-11-15,3030833.91,8820.47,arms_length
T00002457,P0000129,2021-12-15,1562778.83,6243.78,arms_length
T00002458,P0000129,2022-12-15,2531421.36,10113.81,arms_length
T00002459,P0000129,2025-02-15,1647224.06,6581.17,arms_length
T00002460,P0002536,2020-08-15,754652.99,6718.06,arms_length
T00002461,P0002536,2023-01-15,933675.19,8311.75,arms_length
T00002462,P0002536,2025-12-15,1216113.05,10826.07,arms_length
T00002463,P0001323,2021-08-15,358655.98,7879.04,arms_length
T00002464,P0001323,2024-09-15,404643.83,8889.32,arms_length
T00002465,P0000892,2024-10-15,348165.08,6263.35,arms_length
T00002466,P0000892,2025-04-15,513677.66,9240.86,arms_length
T00002467,P0003152,2020-05-15,379869.74,5665.56,arms_length
T00002468,P0003152,2024-05-15,562192.89,8384.82,arms_length
T00002469,P0000308,2020-07-15,901559.16,7817.41,arms_length
T00002470,P0000308,2021-07-15,880952.64,7638.73,arms_length
T00002471,P0000308,2022-03-15,741664.87,6430.97,arms_length
T00002472,P0000384,2019-11-15,251765.64,5861.41,arms_length
T00002473,P0000384,2023-11-15,380154.58,8850.45,arms_length
T00002474,P0000151,2020-02-15,752004.82,7527.01,arms_length
T00002475,P0002887,2021-02-15,261456.21,6258.49,arms_length
T00002476,P0002887,2022-10-15,287994.92,6893.74,arms_length
T00002477,P0002099,2019-02-15,747624.54,5775.47,arms_length
T00002478,P0000427,2020-04-15,2220499.15,7386.83,arms_length
T00002479,P0000495,2019-01-15,1324812.57,6722.2,arms_length
T00002480,P0000495,2020-01-15,1458799.28,7402.06,arms_length
T00002481,P0000495,2025-09-15,1715865.43,8706.43,arms_length
T00002482,P0001208,2020-06-15,688880.9,7618.28,arms_length
T00002483,P0001208,2023-05-15,959971.91,10616.25,arms_length
T00002484,P0001611,2022-04-15,2554749.08,7470.38,arms_length
T00002485,P0001611,2023-04-15,3083110.79,9015.38,arms_length
T00002486,P0003163,2022-03-15,506586.78,5922.48,arms_length
T00002487,P0003163,2024-06-15,643668.68,7525.1,arms_length
T00002488,P0003163,2025-12-15,436894.66,5107.71,arms_length
T00002489,P0001209,2024-04-15,694534.85,7293.93,arms_length
T00002490,P0001209,2025-09-15,721034.37,7572.22,arms_length
T00002491,P0002597,2020-05-15,1510076.49,6332.15,arms_length
T00002492,P0002597,2021-01-15,1827518.15,7663.26,arms_length
T00002493,P0002597,2023-12-15,1850161.08,7758.21,arms_length
T00002494,P0002351,2019-06-15,2217574.86,5770.24,arms_length
T00002495,P0002351,2021-08-15,3298540.97,8582.97,arms_length
T00002496,P0001240,2020-09-15,193079.93,6631.15,arms_length
T00002497,P0001240,2021-09-15,150128.39,5156.02,arms_length
T00002498,P0001240,2022-03-15,200738.77,6894.19,arms_length
T00002499,P0002606,2019-07-15,560801.1,6459.95,arms_length
T00002500,P0002606,2020-01-15,435082.54,5011.78,arms_length
T00002501,P0002606,2022-02-15,755256.11,8699.91,arms_length
T00002502,P0001498,2022-04-15,2079987.73,7769.42,arms_length
T00002503,P0000276,2023-09-15,990456.32,6550.51,arms_length
T00002504,P0000276,2024-08-15,1491473.54,9864.05,arms_length
T00002505,P0000490,2019-10-15,785138.32,5602.57,arms_length
T00002506,P0000490,2020-09-15,1145190.55,8171.82,arms_length
T00002507,P0001393,2019-08-15,4855588.24,5001.02,arms_length
T00002508,P0001393,2021-10-15,7592832.33,7820.24,arms_length
T00002509,P0001393,2023-05-15,7757758.18,7990.11,arms_length
T00002510,P0001230,2019-11-15,1473565.8,7217.64,arms_length
T00002511,P0001230,2021-04-15,1378987.89,6754.39,arms_length
T00002512,P0001230,2024-10-15,1709484.33,8373.18,arms_length
T00002513,P0000691,2022-01-15,240546.72,7621.6,arms_length
T00002514,P0001952,2020-04-15,381076.65,5804.53,arms_length
T00002515,P0001952,2025-11-15,387622.63,5904.24,arms_length
T00002516,P0001930,2019-10-15,189395.61,6503.48,arms_length
T00002517,P0001930,2020-08-15,189754.57,6515.81,arms_length
T00002518,P0001321,2019-11-15,247194.58,5505.62,arms_length
T00002519,P0001321,2024-06-15,391355.57,8716.44,arms_length
T00002520,P0001321,2025-09-15,270834.3,6032.14,arms_length
T00002521,P0001832,2020-01-15,1350314.75,6915.25,arms_length
T00002522,P0002359,2022-10-15,1345322.81,8539.64,arms_length
T00002523,P0002359,2025-07-15,1332932.89,8460.99,arms_length
T00002524,P0002224,2020-04-15,440933.33,6291.77,arms_length
T00002525,P0002224,2023-04-15,382174.68,5453.33,arms_length
T00002526,P0001059,2019-09-15,429381.18,5045.56,arms_length
T00002527,P0001059,2020-04-15,570886.76,6708.36,arms_length
T00002528,P0001059,2021-04-15,611046.09,7180.26,arms_length
T00002529,P0000119,2019-07-15,402710.96,7530.02,arms_length
T00002530,P0000119,2024-07-15,349474.73,6534.6,arms_length
T00002531,P0001025,2019-03-15,2953260.88,7621.41,arms_length
T00002532,P0001025,2022-01-15,2822313.49,7283.48,arms_length
T00002533,P0001833,2024-07-15,684653.78,7505.47,arms_length
T00002534,P0000282,2019-02-15,455165.1,6395.94,arms_length
T00002535,P0000282,2022-08-15,453962.17,6379.04,arms_length
T00002536,P0000282,2023-05-15,530507.04,7454.64,arms_length
T00002537,P0002128,2020-05-15,2157228.95,6958.47,arms_length
T00002538,P0002128,2024-10-15,1740659.48,5614.76,arms_length
T00002539,P0002495,2019-04-15,1206364.17,7453.04,arms_length
T00002540,P0002495,2024-07-15,1244940.32,7691.36,arms_length
T00002541,P0000969,2019-03-15,1247448.78,7203.8,arms_length
T00002542,P0000969,2020-09-15,1021557.53,5899.31,arms_length
T00002543,P0000969,2023-11-15,1090381.37,6296.76,arms_length
T00002544,P0002478,2019-02-15,332644.53,5298.45,arms_length
T00002545,P0002478,2023-07-15,464598.45,7400.25,arms_length
T00002546,P0002478,2025-01-15,650661.81,10363.91,arms_length
T00002547,P0001361,2025-02-15,1073778.02,7815.77,arms_length
T00002548,P0002733,2019-02-15,1132826.84,6810.1,arms_length
T00002549,P0002733,2022-12-15,1198189.51,7203.04,arms_length
T00002550,P0002733,2024-10-15,1589548.73,9555.73,arms_length
T00002551,P0001848,2024-05-15,1750001.0,6750.22,arms_length
T00002552,P0000156,2019-01-15,617612.59,5387.78,arms_length
T00002553,P0000156,2020-08-15,518508.96,4523.24,arms_length
T00002554,P0000156,2023-05-15,979568.94,8545.32,arms_length
T00002555,P0000305,2019-11-15,444225.91,5978.66,arms_length
T00002556,P0002871,2022-07-15,1566054.88,6581.61,arms_length
T00002557,P0002871,2024-09-15,2610455.66,10970.89,arms_length
T00002558,P0002724,2020-12-15,137530.29,5827.44,arms_length
T00002559,P0001568,2025-04-15,773959.31,11022.01,arms_length
T00002560,P0001740,2020-07-15,2446476.62,5213.24,arms_length
T00002561,P0002401,2022-11-15,705231.03,7444.11,arms_length
T00002562,P0002401,2024-08-15,723316.02,7635.01,arms_length
T00002563,P0001577,2019-10-15,585367.73,6823.82,arms_length
T00002564,P0001577,2020-01-15,653605.05,7619.28,arms_length
T00002565,P0001577,2023-05-15,646482.32,7536.25,arms_length
T00002566,P0000576,2021-11-15,1262065.33,5338.51,arms_length
T00002567,P0002097,2023-02-15,1002461.39,7985.78,arms_length
T00002568,P0002097,2025-02-15,1232080.32,9814.96,arms_length
T00002569,P0002745,2019-02-15,661771.88,6605.48,arms_length
T00002570,P0002961,2025-01-15,820249.46,7214.05,arms_length
T00002571,P0002644,2021-09-15,1434204.02,9819.5,arms_length
T00002572,P0002604,2019-05-15,442676.62,6314.23,arms_length
T00002573,P0002604,2021-07-15,506472.58,7224.2,arms_length
T00002574,P0002604,2022-06-15,502277.42,7164.36,arms_length
T00002575,P0001363,2024-07-15,2224660.04,6740.94,arms_length
T00002576,P0000844,2019-08-15,565666.01,5322.85,arms_length
T00002577,P0000844,2020-07-15,714521.36,6723.56,arms_length
T00002578,P0000844,2022-08-15,737816.94,6942.77,arms_length
T00002579,P0001784,2019-11-15,621344.46,6061.6,arms_length
T00002580,P0001784,2022-10-15,945672.68,9225.62,arms_length
T00002581,P0001784,2023-02-15,920044.43,8975.6,arms_length
T00002582,P0000270,2022-10-15,1026776.13,6579.96,arms_length
T00002583,P0000630,2020-10-15,612779.37,7481.29,arms_length
T00002584,P0000630,2021-02-15,722058.71,8815.46,arms_length
T00002585,P0001034,2021-11-15,452967.91,8359.98,arms_length
T00002586,P0001034,2023-05-15,492733.9,9093.9,arms_length
T00002587,P0000287,2020-11-15,320703.99,5556.15,arms_length
T00002588,P0002365,2021-08-15,252899.77,6034.36,arms_length
T00002589,P0000301,2021-05-15,993611.09,8146.44,arms_length
T00002590,P0000301,2022-12-15,1034668.2,8483.06,arms_length
T00002591,P0001690,2019-01-15,175912.71,6551.47,arms_length
T00002592,P0001690,2021-11-15,117834.45,4388.47,arms_length
T00002593,P0002341,2020-07-15,481863.19,7854.29,arms_length
T00002594,P0002341,2022-02-15,544449.55,8874.44,arms_length
T00002595,P0002341,2024-03-15,401016.76,6536.51,arms_length
T00002596,P0001927,2022-04-15,883759.05,7010.69,arms_length
T00002597,P0003181,2020-08-15,1364954.31,8368.21,arms_length
T00002598,P0003181,2022-07-15,1583715.55,9709.38,arms_length
T00002599,P0003181,2024-11-15,1015674.79,6226.86,arms_length
T00002600,P0000066,2021-01-15,449277.53,6622.88,arms_length
T00002601,P0002374,2022-01-15,1040612.61,7732.91,arms_length
T00002602,P0000891,2022-08-15,2401019.24,8112.38,arms_length
T00002603,P0000891,2023-11-15,1962673.47,6631.33,arms_length
T00002604,P0000891,2024-08-15,2470908.26,8348.52,arms_length
T00002605,P0001718,2019-12-15,777110.98,5988.5,arms_length
T00002606,P0001718,2022-08-15,954792.45,7357.73,arms_length
T00002607,P0001718,2023-12-15,948809.14,7311.62,arms_length
T00002608,P0002032,2019-06-15,480331.99,6852.93,arms_length
T00002609,P0002032,2022-08-15,420808.74,6003.71,arms_length
T00002610,P0002032,2023-06-15,600443.78,8566.57,arms_length
T00002611,P0002145,2019-09-15,2171424.52,8056.46,arms_length
T00002612,P0002145,2023-08-15,1697259.46,6297.21,arms_length
T00002613,P0001408,2022-06-15,430953.56,4995.2,arms_length
T00002614,P0001408,2023-06-15,651256.96,7548.75,arms_length
T00002615,P0001408,2024-10-15,702404.26,8141.6,arms_length
T00002616,P0000231,2020-08-15,1905688.61,7405.51,arms_length
T00002617,P0000231,2022-09-15,1825346.28,7093.3,arms_length
T00002618,P0000231,2025-07-15,3518453.27,13672.71,arms_length
T00002619,P0000504,2025-05-15,294872.66,7953.71,arms_length
T00002620,P0002544,2019-11-15,583558.3,6564.7,arms_length
T00002621,P0001887,2020-03-15,685040.87,6176.99,arms_length
T00002622,P0001887,2022-03-15,577130.06,5203.96,arms_length
T00002623,P0001887,2023-06-15,772022.81,6961.31,arms_length
T00002624,P0001938,2019-03-15,570285.17,5801.89,arms_length
T00002625,P0001938,2021-08-15,722987.72,7355.43,arms_length
T00002626,P0001420,2021-10-15,647734.62,6160.66,arms_length
T00002627,P0001005,2020-10-15,2261236.42,7173.32,arms_length
T00002628,P0001005,2023-03-15,2485633.78,7885.18,arms_length
T00002629,P0000837,2021-06-15,477078.34,7034.74,arms_length
T00002630,P0000837,2023-07-15,429144.02,6327.92,arms_length
T00002631,P0001778,2020-12-15,370041.0,5784.48,arms_length
T00002632,P0001778,2023-04-15,619023.12,9676.57,arms_length
T00002633,P0000375,2024-11-15,247948.75,8912.99,arms_length
T00002634,P0001445,2020-04-15,6296818.42,7425.62,arms_length
T00002635,P0001445,2021-07-15,6652730.75,7845.34,arms_length
T00002636,P0001445,2022-11-15,5161220.52,6086.45,arms_length
T00002637,P0002259,2020-01-15,285786.25,4530.06,arms_length
T00002638,P0002259,2025-02-15,542384.74,8597.46,arms_length
T00002639,P0002371,2019-10-15,661854.69,8074.43,arms_length
T00002640,P0002371,2022-07-15,876552.94,10693.68,arms_length
T00002641,P0002371,2024-07-15,684967.47,8356.4,arms_length
T00002642,P0000940,2020-10-15,871975.09,6913.24,arms_length
T00002643,P0001322,2020-04-15,904468.47,6445.85,arms_length
T00002644,P0001322,2024-02-15,1119715.08,7979.84,arms_length
T00002645,P0002216,2022-09-15,2715301.05,5329.76,arms_length
T00002646,P0002216,2024-03-15,3175045.37,6232.18,arms_length
T00002647,P0000752,2021-03-15,565008.93,8144.98,arms_length
T00002648,P0000752,2024-05-15,782193.15,11275.84,arms_length
T00002649,P0000100,2019-12-15,643641.22,5913.09,arms_length
T00002650,P0000100,2023-10-15,779760.47,7163.61,arms_length
T00002651,P0000100,2025-02-15,1266786.76,11637.9,arms_length
T00002652,P0003022,2019-09-15,1524026.22,7164.17,arms_length
T00002653,P0003022,2024-02-15,1876894.26,8822.94,arms_length
T00002654,P0003022,2025-10-15,1725002.84,8108.92,arms_length
T00002655,P0000867,2024-04-15,772915.34,7630.83,arms_length
T00002656,P0000911,2019-03-15,246876.74,5018.19,arms_length
T00002657,P0000911,2021-11-15,306163.8,6223.3,arms_length
T00002658,P0001526,2021-08-15,1125077.53,6386.94,arms_length
T00002659,P0001526,2024-04-15,1577831.78,8957.18,arms_length
T00002660,P0000530,2021-01-15,3219726.57,6103.13,arms_length
T00002661,P0001261,2020-05-15,467760.63,7237.15,arms_length
T00002662,P0001261,2023-01-15,412274.99,6378.68,arms_length
T00002663,P0001261,2025-10-15,789449.15,12214.28,arms_length
T00002664,P0002918,2024-02-15,895568.16,7304.04,arms_length
T00002665,P0000637,2021-09-15,3644523.46,8024.31,arms_length
T00002666,P0000637,2022-08-15,3161350.25,6960.48,arms_length
T00002667,P0000637,2025-05-15,3649316.15,8034.86,arms_length
T00002668,P0001270,2023-06-15,2102069.56,7215.17,arms_length
T00002669,P0001270,2025-06-15,2549027.69,8749.32,arms_length
T00002670,P0000186,2022-01-15,900326.29,7335.76,arms_length
T00002671,P0001371,2019-02-15,1233903.9,6164.96,arms_length
T00002672,P0001619,2023-11-15,569503.12,6173.65,arms_length
T00002673,P0000932,2019-06-15,917458.33,4582.08,arms_length
T00002674,P0000932,2023-07-15,2115004.29,10563.01,arms_length
T00002675,P0001912,2021-06-15,1048674.83,5761.25,arms_length
T00002676,P0002454,2023-04-15,1400670.16,7781.75,arms_length
T00002677,P0002454,2025-11-15,2049586.28,11386.95,arms_length
T00002678,P0001610,2019-10-15,457916.08,5615.07,arms_length
T00002679,P0001610,2021-05-15,484175.18,5937.07,arms_length
T00002680,P0002563,2019-03-15,598206.34,6701.64,arms_length
T00002681,P0002563,2022-12-15,699639.73,7837.98,arms_length
T00002682,P0002563,2024-06-15,888893.63,9958.17,arms_length
T00002683,P0001274,2022-02-15,514290.01,6554.88,arms_length
T00002684,P0002213,2021-12-15,573931.94,7404.23,arms_length
T00002685,P0002213,2022-02-15,604521.26,7798.86,arms_length
T00002686,P0002213,2025-02-15,637678.76,8226.62,arms_length
T00002687,P0000608,2023-06-15,1881263.2,7353.38,arms_length
T00002688,P0000608,2024-02-15,1772708.32,6929.06,arms_length
T00002689,P0001554,2021-09-15,1439306.39,6739.77,arms_length
T00002690,P0000152,2019-12-15,449738.31,5250.31,arms_length
T00002691,P0002515,2019-01-15,853930.89,5494.33,arms_length
T00002692,P0002515,2020-10-15,839272.19,5400.01,arms_length
T00002693,P0002515,2024-01-15,1369189.83,8809.59,arms_length
T00002694,P0002293,2024-03-15,1062937.31,8817.25,arms_length
T00002695,P0000732,2021-07-15,657352.14,6357.88,arms_length
T00002696,P0000732,2023-12-15,943442.9,9124.93,arms_length
T00002697,P0000732,2024-02-15,665027.91,6432.12,arms_length
T00002698,P0001547,2020-01-15,639573.85,7187.08,arms_length
T00002699,P0001547,2021-01-15,640813.16,7201.0,arms_length
T00002700,P0001843,2019-07-15,369496.6,5146.79,arms_length
T00002701,P0001843,2022-10-15,403906.91,5626.1,arms_length
T00002702,P0001843,2024-05-15,545439.85,7597.54,arms_length
T00002703,P0002913,2021-05-15,1138352.64,9025.31,arms_length
T00002704,P0002913,2022-03-15,983424.3,7796.98,arms_length
T00002705,P0000024,2019-08-15,1047173.68,5828.92,arms_length
T00002706,P0000024,2024-10-15,1992719.87,11092.16,arms_length
T00002707,P0001915,2019-01-15,881213.17,6193.8,arms_length
T00002708,P0001915,2022-07-15,1218157.46,8562.08,arms_length
T00002709,P0000159,2024-06-15,1286911.2,7132.06,arms_length
T00002710,P0000159,2025-09-15,1088164.35,6030.61,arms_length
T00002711,P0000862,2021-02-15,5976960.56,10216.74,arms_length
T00002712,P0000862,2024-05-15,4402925.91,7526.16,arms_length
T00002713,P0001695,2020-06-15,902664.55,5877.82,arms_length
T00002714,P0001695,2021-10-15,1484352.78,9665.56,arms_length
T00002715,P0001695,2024-05-15,1078044.47,7019.83,arms_length
T00002716,P0000903,2019-12-15,226350.82,5570.16,arms_length
T00002717,P0000903,2021-03-15,417889.61,10283.64,arms_length
T00002718,P0000903,2023-05-15,281236.49,6920.81,arms_length
T00002719,P0002673,2019-09-15,668506.15,5784.07,arms_length
T00002720,P0002673,2022-02-15,724528.69,6268.79,arms_length
T00002721,P0002673,2025-07-15,1161112.68,10046.21,arms_length
T00002722,P0001231,2022-10-15,1751516.3,8489.49,arms_length
T00002723,P0001231,2025-10-15,1426629.14,6914.78,arms_length
T00002724,P0002412,2024-12-15,2016197.95,7648.45,arms_length
T00002725,P0002412,2025-02-15,1825494.95,6925.02,arms_length
T00002726,P0000445,2019-05-15,933323.29,8967.15,arms_length
T00002727,P0000445,2025-04-15,949473.66,9122.32,arms_length
T00002728,P0003132,2023-03-15,825428.83,7361.08,arms_length
T00002729,P0000755,2023-04-15,3213085.83,6583.17,arms_length
T00002730,P0000755,2024-12-15,4353132.61,8918.96,arms_length
T00002731,P0000755,2025-05-15,4422904.79,9061.92,arms_length
T00002732,P0000924,2025-08-15,805011.29,7770.79,arms_length
T00002733,P0003168,2023-10-15,2955768.08,7777.02,arms_length
T00002734,P0003168,2025-04-15,3620486.33,9525.98,arms_length
T00002735,P0002251,2021-03-15,252388.14,7876.65,arms_length
T00002736,P0002251,2025-01-15,301308.62,9403.38,arms_length
T00002737,P0000312,2024-10-15,965151.2,7968.71,arms_length
T00002738,P0001376,2019-12-15,1149163.43,7789.67,arms_length
T00002739,P0001376,2020-05-15,654875.01,4439.11,arms_length
T00002740,P0000549,2019-11-15,429732.5,5973.5,arms_length
T00002741,P0000549,2022-08-15,414902.83,5767.36,arms_length
T00002742,P0000549,2023-12-15,618966.45,8603.95,arms_length
T00002743,P0002666,2022-11-15,765308.18,10083.9,arms_length
T00002744,P0003141,2024-02-15,702413.76,10160.81,arms_length
T00002745,P0000307,2020-09-15,301241.01,4194.85,arms_length
T00002746,P0000307,2022-10-15,386944.83,5388.29,arms_length
T00002747,P0000307,2024-03-15,601998.87,8382.96,arms_length
T00002748,P0000288,2022-04-15,606282.71,5592.91,arms_length
T00002749,P0000695,2025-12-15,701672.4,6693.25,arms_length
T00002750,P0000309,2020-02-15,1446120.79,7929.27,arms_length
T00002751,P0002721,2019-09-15,837372.61,7954.67,arms_length
T00002752,P0002721,2020-08-15,898490.78,8535.27,arms_length
T00002753,P0002721,2023-08-15,1075689.77,10218.58,arms_length
T00002754,P0002403,2022-05-15,1669679.02,8856.63,arms_length
T00002755,P0000750,2019-03-15,785026.39,7514.23,arms_length
T00002756,P0000750,2021-11-15,720884.87,6900.27,arms_length
T00002757,P0000750,2025-09-15,854931.3,8183.35,arms_length
T00002758,P0001654,2019-01-15,1018735.37,5475.44,arms_length
T00002759,P0001654,2023-06-15,1351885.21,7266.04,arms_length
T00002760,P0001654,2025-11-15,1524446.0,8193.51,arms_length
T00002761,P0002298,2022-05-15,1718626.78,8316.03,arms_length
T00002762,P0002298,2025-01-15,2230047.13,10790.67,arms_length
T00002763,P0001744,2024-12-15,83243.09,6940.79,arms_length
T00002764,P0001466,2024-08-15,617901.45,8653.4,arms_length
T00002765,P0001466,2025-08-15,519677.89,7277.83,arms_length
T00002766,P0000909,2020-11-15,1021240.97,6978.88,arms_length
T00002767,P0000087,2021-02-15,272420.4,6996.13,arms_length
T00002768,P0000087,2024-06-15,242646.79,6231.5,arms_length
T00002769,P0000087,2025-07-15,311143.65,7990.59,arms_length
T00002770,P0002542,2021-10-15,971405.87,5768.24,arms_length
T00002771,P0002542,2023-01-15,1553494.48,9224.7,arms_length
T00002772,P0002363,2021-02-15,1061432.3,7512.25,arms_length
T00002773,P0002363,2023-03-15,1024376.84,7249.99,arms_length
T00002774,P0002363,2024-04-15,1633947.85,11564.21,arms_length
T00002775,P0002663,2021-10-15,280369.88,6597.03,arms_length
T00002776,P0002663,2022-07-15,342010.4,8047.41,arms_length
T00002777,P0000971,2021-11-15,1806314.53,7305.37,arms_length
T00002778,P0000014,2022-08-15,2416327.43,7478.38,arms_length
T00002779,P0000014,2023-06-15,2210147.56,6840.27,arms_length
T00002780,P0000014,2025-11-15,2255756.82,6981.42,arms_length
T00002781,P0000874,2022-05-15,720665.93,5614.56,arms_length
T00002782,P0000809,2021-07-15,356917.76,6475.68,arms_length
T00002783,P0000809,2025-05-15,479943.71,8707.78,arms_length
T00002784,P0002751,2023-07-15,2635055.35,9777.87,arms_length
T00002785,P0000515,2020-09-15,2065043.34,5008.43,arms_length
T00002786,P0000515,2021-05-15,2167809.14,5257.67,arms_length
T00002787,P0000515,2025-05-15,3235249.82,7846.58,arms_length
T00002788,P0002576,2024-10-15,4822935.81,8425.68,arms_length
T00002789,P0000410,2019-02-15,445134.25,5164.21,arms_length
T00002790,P0000410,2024-05-15,616369.62,7150.79,arms_length
T00002791,P0000410,2025-08-15,926039.85,10743.42,arms_length
T00002792,P0001625,2019-06-15,2228966.17,5520.38,arms_length
T00002793,P0001625,2024-08-15,3471318.15,8597.26,arms_length
T00002794,P0001625,2025-03-15,3242969.81,8031.72,arms_length
T00002795,P0001338,2020-03-15,347183.97,7976.31,arms_length
T00002796,P0001338,2022-06-15,429258.54,9861.91,arms_length
T00002797,P0001338,2025-03-15,328191.73,7539.97,arms_length
T00002798,P0002418,2020-08-15,441178.52,7552.29,arms_length
T00002799,P0002418,2024-12-15,404213.11,6919.5,arms_length
T00002800,P0001510,2023-03-15,1424950.02,8656.71,arms_length
T00002801,P0001510,2025-07-15,1458082.49,8858.0,arms_length
T00002802,P0001415,2019-06-15,1102752.02,6796.91,arms_length
T00002803,P0001415,2022-11-15,1309010.26,8068.2,arms_length
T00002804,P0001415,2023-06-15,1302956.11,8030.88,arms_length
T00002805,P0001553,2019-10-15,327514.35,7458.49,arms_length
T00002806,P0001553,2022-10-15,410578.82,9350.12,arms_length
T00002807,P0001553,2024-03-15,345558.88,7869.42,arms_length
T00002808,P0002283,2023-09-15,466651.76,6762.02,arms_length
T00002809,P0000383,2019-11-15,322062.57,5645.83,arms_length
T00002810,P0000383,2020-03-15,387132.07,6786.51,arms_length
T00002811,P0000383,2025-07-15,542708.32,9513.8,arms_length
T00002812,P0001815,2019-06-15,481937.16,5423.52,arms_length
T00002813,P0001815,2021-01-15,574811.74,6468.69,arms_length
T00002814,P0001815,2025-01-15,707320.66,7959.89,arms_length
T00002815,P0002340,2023-04-15,1260787.54,10918.94,arms_length
T00002816,P0002340,2025-07-15,1100777.06,9533.18,arms_length
T00002817,P0001678,2020-11-15,704854.14,6563.97,arms_length
T00002818,P0001678,2023-06-15,830484.94,7733.91,arms_length
T00002819,P0001534,2021-11-15,1778523.97,6713.19,arms_length
T00002820,P0001534,2023-10-15,2343587.16,8846.07,arms_length
T00002821,P0001534,2025-05-15,1966275.26,7421.87,arms_length
T00002822,P0002786,2019-08-15,454532.65,6635.48,arms_length
T00002823,P0002786,2023-08-15,605525.69,8839.74,arms_length
T00002824,P0002091,2019-12-15,495774.95,6888.14,arms_length
T00002825,P0001566,2020-02-15,478260.15,5583.19,arms_length
T00002826,P0001566,2021-01-15,794081.54,9270.08,arms_length
T00002827,P0001394,2022-06-15,1895148.56,7583.76,arms_length
T00002828,P0001394,2024-09-15,1467344.09,5871.83,arms_length
T00002829,P0000553,2022-12-15,622947.2,5584.35,arms_length
T00002830,P0000223,2020-05-15,1700857.53,9024.78,arms_length
T00002831,P0001790,2020-06-15,1265548.11,6153.79,arms_length
T00002832,P0001790,2021-04-15,1203818.33,5853.63,arms_length
T00002833,P0001097,2021-08-15,190951.29,6616.41,arms_length
T00002834,P0001097,2022-04-15,201002.54,6964.68,arms_length
T00002835,P0002772,2020-08-15,816986.13,7933.62,arms_length
T00002836,P0002772,2022-04-15,705169.77,6847.79,arms_length
T00002837,P0000009,2022-09-15,664477.73,6208.39,arms_length
T00002838,P0002652,2021-02-15,375556.19,9719.6,arms_length
T00002839,P0002652,2023-02-15,326799.7,8457.76,arms_length
T00002840,P0002652,2025-04-15,391762.1,10139.02,arms_length
T00002841,P0000317,2021-11-15,1231505.48,11818.52,arms_length
T00002842,P0000317,2023-09-15,819149.22,7861.22,arms_length
T00002843,P0000317,2025-07-15,961158.72,9224.05,arms_length
T00002844,P0001329,2019-01-15,761216.2,6584.44,arms_length
T00002845,P0001329,2021-05-15,783957.23,6781.15,arms_length
T00002846,P0001329,2025-04-15,1019377.58,8817.51,arms_length
T00002847,P0000428,2020-12-15,711718.68,6914.23,arms_length
T00002848,P0000428,2021-10-15,945998.53,9190.23,arms_length
T00002849,P0000428,2025-02-15,1325707.45,12879.04,arms_length
T00002850,P0001732,2019-05-15,743661.21,5746.98,arms_length
T00002851,P0001732,2024-02-15,1075456.6,8311.08,arms_length
T00002852,P0000106,2021-09-15,373082.07,7152.81,arms_length
T00002853,P0002776,2020-12-15,320444.51,7122.29,arms_length
T00002854,P0002776,2022-11-15,315022.56,7001.78,arms_length
T00002855,P0002776,2025-03-15,295939.46,6577.63,arms_length
T00002856,P0000143,2020-01-15,715692.47,7002.2,arms_length
T00002857,P0000143,2024-03-15,739746.6,7237.54,arms_length
T00002858,P0000122,2020-02-15,1659119.21,6036.62,arms_length
T00002859,P0003041,2019-05-15,1101609.17,8110.15,arms_length
T00002860,P0003056,2020-08-15,2478775.77,5934.17,arms_length
T00002861,P0003056,2022-01-15,3242395.99,7762.26,arms_length
T00002862,P0003056,2023-10-15,3372754.79,8074.34,arms_length
T00002863,P0001190,2021-07-15,197134.51,6357.76,arms_length
T00002864,P0001190,2022-10-15,300002.99,9675.36,arms_length
T00002865,P0001190,2023-11-15,324467.59,10464.37,arms_length
T00002866,P0002113,2022-08-15,1041698.01,6192.07,arms_length
T00002867,P0002113,2024-09-15,1436672.22,8539.88,arms_length
T00002868,P0003080,2021-01-15,792730.35,6600.2,arms_length
T00002869,P0003080,2023-07-15,1045780.78,8707.08,arms_length
T00002870,P0003080,2025-06-15,965604.94,8039.54,arms_length
T00002871,P0001579,2025-03-15,1497677.2,6359.12,arms_length
T00002872,P0000116,2025-11-15,4988443.86,8470.0,arms_length
T00002873,P0001621,2024-02-15,527664.18,6301.06,arms_length
T00002874,P0001621,2025-10-15,757049.31,9040.24,arms_length
T00002875,P0002885,2023-04-15,838514.11,9344.6,arms_length
T00002876,P0002885,2024-08-15,811024.87,9038.25,arms_length
T00002877,P0002885,2025-10-15,850423.81,9477.33,arms_length
T00002878,P0002294,2019-12-15,371433.96,6922.65,arms_length
T00002879,P0002294,2024-11-15,464264.34,8652.79,arms_length
T00002880,P0002987,2020-08-15,801220.37,5738.09,arms_length
T00002881,P0003144,2019-02-15,1192128.99,5674.06,arms_length
T00002882,P0003144,2021-07-15,1459161.11,6945.02,arms_length
T00002883,P0003144,2024-03-15,1511512.01,7194.19,arms_length
T00002884,P0001841,2019-10-15,1284983.65,5946.97,arms_length
T00002885,P0002357,2023-09-15,936622.12,10524.67,arms_length
T00002886,P0000673,2022-12-15,3805232.86,8154.8,arms_length
T00002887,P0001651,2019-07-15,633323.58,7668.43,arms_length
T00002888,P0001651,2021-04-15,562816.62,6814.71,arms_length
T00002889,P0001651,2025-04-15,565799.92,6850.83,arms_length
T00002890,P0001878,2022-05-15,98055.65,7916.25,arms_length
T00002891,P0001746,2020-08-15,818905.5,6077.12,arms_length
T00002892,P0001746,2022-10-15,1315725.76,9764.04,arms_length
T00002893,P0001746,2025-04-15,1325117.45,9833.74,arms_length
T00002894,P0000592,2023-06-15,1798606.41,8100.75,arms_length
T00002895,P0001906,2019-07-15,505878.18,6868.7,arms_length
T00002896,P0001906,2021-09-15,431709.12,5861.65,arms_length
T00002897,P0001906,2024-01-15,420809.63,5713.66,arms_length
T00002898,P0000889,2022-08-15,1095905.43,6259.66,arms_length
T00002899,P0000889,2023-08-15,1194110.11,6820.6,arms_length
T00002900,P0000889,2025-11-15,1745293.33,9968.88,arms_length
T00002901,P0002687,2021-11-15,1155733.49,7234.32,arms_length
T00002902,P0001578,2021-12-15,1970899.3,12037.09,arms_length
T00002903,P0001578,2024-06-15,1399740.73,8548.79,arms_length
T00002904,P0002090,2019-05-15,825256.46,6828.9,arms_length
T00002905,P0002090,2022-01-15,860464.13,7120.24,arms_length
T00002906,P0002090,2024-04-15,1051156.64,8698.2,arms_length
T00002907,P0000214,2023-08-15,4459331.23,9275.86,arms_length
T00002908,P0000779,2019-10-15,460111.77,7146.43,arms_length
T00002909,P0000779,2020-03-15,594645.44,9236.0,arms_length
T00002910,P0002921,2019-05-15,765700.49,5858.77,arms_length
T00002911,P0002921,2022-08-15,507969.59,3886.74,arms_length
T00002912,P0002921,2025-09-15,1027337.41,7860.69,arms_length
T00002913,P0001449,2019-04-15,763466.14,5045.77,arms_length
T00002914,P0001449,2023-03-15,1233262.09,8150.67,arms_length
T00002915,P0001449,2025-10-15,1159793.48,7665.11,arms_length
T00002916,P0001922,2019-11-15,447857.63,6898.96,arms_length
T00002917,P0001922,2021-02-15,436287.3,6720.73,arms_length
T00002918,P0000801,2019-07-15,559978.75,5733.63,arms_length
T00002919,P0000801,2021-03-15,789857.66,8087.37,arms_length
T00002920,P0002649,2019-03-15,783842.03,6908.86,arms_length
T00002921,P0002649,2020-10-15,528789.94,4660.81,arms_length
T00002922,P0001667,2020-07-15,535152.41,8293.82,arms_length
T00002923,P0001667,2025-01-15,567952.73,8802.16,arms_length
T00002924,P0001757,2019-11-15,1184696.43,4726.38,arms_length
T00002925,P0002442,2020-10-15,345329.33,6280.81,arms_length
T00002926,P0002442,2023-10-15,312216.56,5678.56,arms_length
T00002927,P0002442,2025-09-15,340895.62,6200.17,arms_length
T00002928,P0002842,2024-04-15,1297755.97,7528.64,arms_length
T00002929,P0001742,2021-02-15,2413698.1,6083.07,arms_length
T00002930,P0002895,2019-06-15,228757.71,6056.35,arms_length
T00002931,P0002895,2024-11-15,279183.05,7391.36,arms_length
T00002932,P0001344,2020-05-15,373370.11,5972.21,arms_length
T00002933,P0001344,2021-10-15,530172.75,8480.33,arms_length
T00002934,P0001344,2022-05-15,476296.29,7618.55,arms_length
T00002935,P0000274,2025-02-15,693597.0,11102.6,arms_length
T00002936,P0000072,2022-10-15,1087691.61,7911.64,arms_length
T00002937,P0000721,2019-06-15,4103860.7,6904.64,arms_length
T00002938,P0000721,2021-06-15,4068059.55,6844.41,arms_length
T00002939,P0000721,2022-08-15,3949611.19,6645.12,arms_length
T00002940,P0001088,2019-05-15,276299.98,8498.44,arms_length
T00002941,P0001088,2020-06-15,208292.29,6406.66,arms_length
T00002942,P0000395,2023-04-15,302150.67,7318.39,arms_length
T00002943,P0000395,2025-12-15,389592.01,9436.31,arms_length
T00002944,P0000584,2020-01-15,723994.87,5135.23,arms_length
T00002945,P0002060,2023-10-15,5011650.08,11636.74,arms_length
T00002946,P0002156,2020-10-15,123717.55,5345.78,arms_length
T00002947,P0002156,2022-11-15,125656.48,5429.56,arms_length
T00002948,P0002162,2022-02-15,2034166.38,6373.64,arms_length
T00002949,P0002162,2025-08-15,2472855.55,7748.18,arms_length
T00002950,P0000501,2019-06-15,1113433.65,6126.09,arms_length
T00002951,P0000501,2024-11-15,1887354.13,10384.19,arms_length
T00002952,P0002175,2022-08-15,1311659.69,6769.68,arms_length
T00002953,P0002377,2019-03-15,3597077.77,5477.17,arms_length
T00002954,P0002377,2025-06-15,4957657.13,7548.88,arms_length
T00002955,P0003177,2023-10-15,675177.05,8298.88,arms_length
T00002956,P0002925,2019-04-15,462685.0,5513.8,arms_length
T00002957,P0002219,2019-12-15,740888.04,8048.37,arms_length
T00002958,P0002219,2021-10-15,920351.64,9997.91,arms_length
T00002959,P0002219,2025-02-15,799034.97,8680.03,arms_length
T00002960,P0001260,2023-05-15,393327.99,8928.64,arms_length
T00002961,P0001260,2025-05-15,446224.28,10129.4,arms_length
T00002962,P0002902,2019-06-15,691264.19,7074.41,arms_length
T00002963,P0002902,2022-05-15,629826.08,6445.65,arms_length
T00002964,P0002081,2023-07-15,2702641.52,6297.86,arms_length
T00002965,P0000206,2023-04-15,649357.58,6186.82,arms_length
T00002966,P0000734,2020-09-15,5086047.39,6072.38,arms_length
T00002967,P0000734,2021-09-15,5680312.12,6781.89,arms_length
T00002968,P0002398,2025-07-15,1303852.92,9159.52,arms_length
T00002969,P0000527,2020-12-15,3081786.33,7909.98,arms_length
T00002970,P0000527,2025-04-15,3742940.89,9606.95,arms_length
T00002971,P0001587,2023-04-15,1552421.73,6788.8,arms_length
T00002972,P0001587,2025-06-15,1585563.03,6933.73,arms_length
T00002973,P0000899,2022-01-15,871055.4,11560.19,arms_length
T00002974,P0000378,2023-01-15,1362373.25,8804.56,arms_length
T00002975,P0002463,2022-03-15,1289284.27,6994.37,arms_length
T00002976,P0002862,2019-10-15,373551.59,5903.77,arms_length
T00002977,P0002862,2024-09-15,444843.4,7030.5,arms_length
T00002978,P0002862,2025-07-15,579776.03,9163.03,arms_length
T00002979,P0002941,2023-03-15,492010.09,7344.97,arms_length
T00002980,P0002941,2024-07-15,482159.51,7197.91,arms_length
T00002981,P0000387,2019-07-15,185328.2,5790.54,arms_length
T00002982,P0000387,2021-07-15,229769.85,7179.11,arms_length
T00002983,P0000387,2025-06-15,274556.38,8578.45,arms_length
T00002984,P0000199,2021-11-15,756557.69,9502.36,arms_length
T00002985,P0000199,2022-01-15,587344.97,7377.05,arms_length
T00002986,P0000199,2023-06-15,626429.05,7867.95,arms_length
T00002987,P0001051,2020-04-15,710079.36,6374.35,arms_length
T00002988,P0000591,2019-07-15,1853877.72,5519.08,arms_length
T00002989,P0000591,2023-03-15,2271198.94,6761.46,arms_length
T00002990,P0000520,2025-06-15,511188.38,7015.19,arms_length
T00002991,P0002164,2023-01-15,1107351.7,8699.41,arms_length
T00002992,P0002164,2025-06-15,920979.06,7235.25,arms_length
T00002993,P0002184,2025-11-15,1142583.31,11475.89,arms_length
T00002994,P0000430,2021-01-15,481022.36,5942.45,arms_length
T00002995,P0001084,2020-09-15,793093.17,7791.22,arms_length
T00002996,P0001084,2021-02-15,814406.12,8000.6,arms_length
T00002997,P0000208,2022-02-15,349675.09,9584.36,arms_length
T00002998,P0000208,2024-09-15,295895.47,8110.29,arms_length
T00002999,P0000208,2025-07-15,463936.07,12716.17,arms_length
T00003000,P0000492,2020-10-15,767133.18,6960.64,arms_length
T00003001,P0000492,2022-12-15,936984.51,8501.8,arms_length
T00003002,P0000492,2023-03-15,834260.38,7569.72,arms_length
T00003003,P0002336,2020-07-15,1080608.87,8432.48,arms_length
T00003004,P0002336,2023-11-15,933312.92,7283.06,arms_length
T00003005,P0003105,2025-12-15,323596.47,9195.72,arms_length
T00003006,P0000793,2021-03-15,1427696.21,7475.13,arms_length
T00003007,P0000793,2022-12-15,1402194.66,7341.61,arms_length
T00003008,P0002662,2020-10-15,563567.44,6615.67,arms_length
T00003009,P0002662,2021-03-15,815875.91,9577.5,arms_length
T00003010,P0002662,2024-10-15,646916.24,7594.09,arms_length
T00003011,P0001187,2023-01-15,1113149.22,8719.76,arms_length
T00003012,P0001187,2024-05-15,954401.01,7476.22,arms_length
T00003013,P0001186,2020-10-15,803677.88,7629.35,arms_length
T00003014,P0001186,2024-04-15,759941.15,7214.15,arms_length
T00003015,P0002025,2023-10-15,627948.73,7813.15,arms_length
T00003016,P0002025,2025-01-15,676123.31,8412.55,arms_length
T00003017,P0001552,2019-02-15,364082.08,6726.09,arms_length
T00003018,P0002939,2022-02-15,1012537.26,7635.17,arms_length
T00003019,P0002939,2025-01-15,1320791.96,9959.6,arms_length
T00003020,P0001411,2021-05-15,1379465.68,7095.37,arms_length
T00003021,P0001411,2025-02-15,1945278.91,10005.66,arms_length
T00003022,P0001477,2019-01-15,1410134.06,6657.15,arms_length
T00003023,P0001477,2023-08-15,1829856.71,8638.63,arms_length
T00003024,P0001477,2024-02-15,1416346.16,6686.47,arms_length
T00003025,P0000084,2019-03-15,292720.22,6089.9,arms_length
T00003026,P0000084,2025-04-15,496540.58,10330.29,arms_length
T00003027,P0002531,2020-10-15,584754.16,5835.63,arms_length
T00003028,P0002380,2022-06-15,1527355.43,6154.4,arms_length
T00003029,P0002380,2024-05-15,2001758.0,8065.99,arms_length
T00003030,P0002380,2025-02-15,1555663.84,6268.47,arms_length
T00003031,P0000021,2022-12-15,694597.92,8509.39,arms_length
T00003032,P0002984,2021-10-15,612388.63,6318.85,arms_length
T00003033,P0002984,2022-12-15,821094.49,8472.35,arms_length
T00003034,P0002984,2024-05-15,705357.76,7278.14,arms_length
T00003035,P0001761,2025-12-15,3869497.57,8979.19,arms_length
T00003036,P0001903,2021-07-15,638617.21,7988.69,arms_length
T00003037,P0001903,2022-11-15,439275.98,5495.06,arms_length
T00003038,P0001903,2025-06-15,553606.77,6925.27,arms_length
T00003039,P0001406,2021-08-15,2396578.95,7756.03,arms_length
T00003040,P0002352,2021-06-15,614283.5,6938.74,arms_length
T00003041,P0002352,2024-05-15,907459.0,10250.35,arms_length
T00003042,P0002352,2025-09-15,1070600.87,12093.14,arms_length
T00003043,P0003189,2020-11-15,1042774.94,7187.72,arms_length
T00003044,P0003189,2022-11-15,934055.86,6438.33,arms_length
T00003045,P0002874,2019-04-15,536959.42,7248.86,arms_length
T00003046,P0002133,2021-05-15,2715409.03,7389.77,arms_length
T00003047,P0002133,2022-03-15,2056934.29,5597.78,arms_length
T00003048,P0000974,2019-01-15,476837.31,7693.0,arms_length
T00003049,P0000974,2022-02-15,466130.59,7520.27,arms_length
T00003050,P0002979,2023-01-15,2086725.24,8621.21,arms_length
T00003051,P0000884,2019-08-15,543789.97,6926.3,arms_length
T00003052,P0001099,2020-09-15,796381.18,4122.84,arms_length
T00003053,P0001099,2025-11-15,1230075.81,6368.06,arms_length
T00003054,P0000157,2020-02-15,161659.41,7243.62,arms_length
T00003055,P0000157,2021-09-15,121526.97,5445.37,arms_length
T00003056,P0000157,2022-03-15,195631.24,8765.82,arms_length
T00003057,P0003035,2019-09-15,830208.63,7828.97,arms_length
T00003058,P0003035,2023-09-15,676623.76,6380.65,arms_length
T00003059,P0000887,2022-03-15,503461.78,7180.56,arms_length
T00003060,P0003198,2024-09-15,1644078.36,9080.25,arms_length
T00003061,P0001836,2019-12-15,563829.92,8212.87,arms_length
T00003062,P0001836,2022-04-15,573177.53,8349.03,arms_length
T00003063,P0001836,2025-04-15,532145.84,7751.36,arms_length
T00003064,P0001513,2019-10-15,1654547.21,7161.57,arms_length
T00003065,P0001513,2020-02-15,1532217.74,6632.07,arms_length
T00003066,P0002647,2020-02-15,508115.56,6243.71,arms_length
T00003067,P0001726,2020-03-15,944321.96,5249.31,arms_length
T00003068,P0001726,2021-03-15,1255564.9,6979.45,arms_length
T00003069,P0001726,2022-01-15,1503891.02,8359.84,arms_length
T00003070,P0002706,2023-04-15,1756069.6,8165.9,arms_length
T00003071,P0002706,2025-03-15,1912603.25,8893.8,arms_length
T00003072,P0002074,2020-06-15,2748157.27,7030.3,arms_length
T00003073,P0002074,2021-02-15,2599547.75,6650.13,arms_length
T00003074,P0002074,2022-03-15,2662137.22,6810.25,arms_length
T00003075,P0002975,2022-07-15,185387.49,7764.84,arms_length
T00003076,P0001454,2020-09-15,636948.45,5784.53,arms_length
T00003077,P0001454,2022-04-15,688530.55,6252.98,arms_length
T00003078,P0001454,2023-09-15,739376.96,6714.75,arms_length
T00003079,P0001506,2024-02-15,447771.83,6369.37,arms_length
T00003080,P0002828,2025-07-15,2015138.49,6785.98,arms_length
T00003081,P0000459,2022-11-15,2174947.78,5888.72,arms_length
T00003082,P0002109,2023-12-15,598346.92,8764.07,arms_length
T00003083,P0000079,2020-02-15,702479.66,6990.97,arms_length
T00003084,P0000079,2023-11-15,742859.97,7392.83,arms_length
T00003085,P0000079,2024-08-15,666785.98,6635.75,arms_length
T00003086,P0003107,2019-08-15,1191106.41,9888.94,arms_length
T00003087,P0003107,2024-04-15,860830.3,7146.88,arms_length
T00003088,P0001057,2022-04-15,706293.52,5844.77,arms_length
T00003089,P0001057,2023-08-15,943711.11,7809.47,arms_length
T00003090,P0000907,2020-08-15,355346.76,7119.26,arms_length
T00003091,P0000907,2024-07-15,366087.37,7334.45,arms_length
T00003092,P0001813,2022-06-15,609344.25,6435.42,arms_length
T00003093,P0002368,2020-12-15,2243394.69,8129.46,arms_length
T00003094,P0002368,2022-04-15,1784347.63,6466.0,arms_length
T00003095,P0002877,2022-07-15,1157674.53,7731.05,arms_length
T00003096,P0000381,2022-11-15,1591975.02,8587.34,arms_length
T00003097,P0000948,2019-08-15,1398910.95,6102.85,arms_length
T00003098,P0000948,2023-02-15,1965975.39,8576.7,arms_length
T00003099,P0000948,2024-08-15,1753946.06,7651.71,arms_length
T00003100,P0002260,2022-08-15,840228.91,6891.77,arms_length
T00003101,P0002260,2023-11-15,1331718.36,10923.09,arms_length
T00003102,P0002260,2024-02-15,780883.01,6405.0,arms_length
T00003103,P0002150,2021-08-15,2226869.42,8743.33,arms_length
T00003104,P0000716,2020-11-15,680482.49,4864.17,arms_length
T00003105,P0000716,2021-03-15,973769.42,6960.62,arms_length
T00003106,P0000716,2022-11-15,881481.49,6300.93,arms_length
T00003107,P0003138,2022-01-15,728264.35,8778.43,arms_length
T00003108,P0003138,2023-07-15,729625.61,8794.84,arms_length
T00003109,P0000687,2020-07-15,178867.16,7025.06,arms_length
T00003110,P0000687,2022-02-15,197927.03,7773.65,arms_length
T00003111,P0002738,2019-04-15,481201.49,6384.68,arms_length
T00003112,P0002738,2025-07-15,663454.12,8802.84,arms_length
T00003113,P0001294,2019-02-15,651978.08,4538.86,arms_length
T00003114,P0001294,2021-07-15,930011.62,6474.45,arms_length
T00003115,P0001294,2023-05-15,1042721.45,7259.1,arms_length
T00003116,P0000306,2020-03-15,1521587.56,8678.91,arms_length
T00003117,P0000306,2022-07-15,1692343.67,9652.88,arms_length
T00003118,P0000210,2022-03-15,1215404.73,6724.61,arms_length
T00003119,P0002574,2023-12-15,490477.07,8536.47,arms_length
T00003120,P0002574,2025-01-15,320674.18,5581.15,arms_length
T00003121,P0002375,2020-01-15,1878868.63,6813.04,arms_length
T00003122,P0002375,2021-07-15,2180318.77,7906.14,arms_length
T00003123,P0002375,2022-05-15,2430645.01,8813.86,arms_length
T00003124,P0003173,2020-02-15,479160.57,7738.39,arms_length
T00003125,P0003173,2022-12-15,572759.55,9250.0,arms_length
T00003126,P0003173,2024-06-15,648049.8,10465.93,arms_length
T00003127,P0003146,2021-05-15,3560036.61,9734.05,arms_length
T00003128,P0003146,2022-12-15,2696276.11,7372.3,arms_length
T00003129,P0003146,2025-01-15,2909812.24,7956.17,arms_length
T00003130,P0000886,2020-07-15,1306725.17,7450.93,arms_length
T00003131,P0000886,2025-10-15,1432964.64,8170.75,arms_length
T00003132,P0001881,2021-08-15,2451957.94,5194.53,arms_length
T00003133,P0001881,2022-01-15,4466307.14,9461.98,arms_length
T00003134,P0001881,2024-09-15,5483708.58,11617.37,arms_length
T00003135,P0000918,2019-11-15,3530565.54,5792.63,arms_length
T00003136,P0000918,2023-11-15,4817468.43,7904.06,arms_length
T00003137,P0002884,2025-05-15,1988792.39,10473.39,arms_length
T00003138,P0001914,2021-11-15,378361.99,7665.69,arms_length
T00003139,P0001914,2022-07-15,332871.65,6744.05,arms_length
T00003140,P0001914,2023-12-15,318474.65,6452.36,arms_length
T00003141,P0000192,2022-12-15,1498009.48,5489.07,arms_length
T00003142,P0002933,2019-07-15,937070.31,7195.01,arms_length
T00003143,P0002933,2022-04-15,773585.62,5939.74,arms_length
T00003144,P0002180,2021-03-15,796605.88,7171.43,arms_length
T00003145,P0002180,2023-11-15,868782.19,7821.19,arms_length
T00003146,P0002180,2025-08-15,1035504.85,9322.11,arms_length
T00003147,P0001266,2019-07-15,410824.39,5392.11,arms_length
T00003148,P0001266,2020-06-15,537296.06,7052.06,arms_length
T00003149,P0001266,2023-01-15,539246.96,7077.67,arms_length
T00003150,P0000484,2019-06-15,205475.43,4634.84,arms_length
T00003151,P0000484,2024-08-15,367557.81,8290.87,arms_length
T00003152,P0000484,2025-06-15,350948.17,7916.21,arms_length
T00003153,P0000916,2021-03-15,845130.75,8929.81,arms_length
T00003154,P0000916,2023-02-15,800930.16,8462.78,arms_length
T00003155,P0000916,2025-11-15,919406.95,9714.63,arms_length
T00003156,P0002773,2020-11-15,1946465.21,7041.04,arms_length
T00003157,P0002773,2022-06-15,2043502.65,7392.06,arms_length
T00003158,P0000278,2019-09-15,3460530.95,7870.44,arms_length
T00003159,P0000278,2022-01-15,3481743.12,7918.68,arms_length
T00003160,P0000278,2023-10-15,3924914.85,8926.61,arms_length
T00003161,P0000989,2023-09-15,585792.89,6055.97,arms_length
T00003162,P0001675,2020-10-15,910753.83,6323.55,arms_length
T00003163,P0001675,2025-09-15,1342525.06,9321.42,arms_length
T00003164,P0001246,2022-11-15,2157773.18,8727.61,arms_length
T00003165,P0001874,2022-11-15,364199.4,6318.79,arms_length
T00003166,P0000572,2019-09-15,1246054.62,4749.32,arms_length
T00003167,P0001436,2020-03-15,1229878.24,6648.64,arms_length
T00003168,P0001436,2023-01-15,1180447.32,6381.42,arms_length
T00003169,P0001436,2024-06-15,1291664.88,6982.65,arms_length
T00003170,P0000994,2019-07-15,697966.77,5743.04,arms_length
T00003171,P0002520,2024-01-15,1488696.95,9715.28,arms_length
T00003172,P0001614,2020-01-15,1129393.05,6034.5,arms_length
T00003173,P0001614,2021-10-15,1207343.36,6451.0,arms_length
T00003174,P0001614,2022-10-15,1047933.63,5599.25,arms_length
T00003175,P0000586,2024-06-15,808571.69,7147.49,arms_length
T00003176,P0003135,2024-02-15,2756331.6,10060.62,arms_length
T00003177,P0001816,2021-04-15,261399.52,8741.57,arms_length
T00003178,P0001816,2022-02-15,194781.09,6513.76,arms_length
T00003179,P0001816,2024-09-15,228863.01,7653.51,arms_length
T00003180,P0003192,2022-10-15,226610.13,5488.68,arms_length
T00003181,P0003192,2024-12-15,375303.61,9090.15,arms_length
T00003182,P0003192,2025-08-15,251217.03,6084.68,arms_length
T00003183,P0001350,2021-06-15,702422.83,7510.68,arms_length
T00003184,P0001008,2021-05-15,1388666.75,8747.86,arms_length
T00003185,P0001008,2024-10-15,1694510.0,10674.51,arms_length
T00003186,P0001008,2025-10-15,1469519.23,9257.19,arms_length
T00003187,P0000675,2021-10-15,536007.71,8328.99,arms_length
T00003188,P0000675,2025-05-15,743545.34,11553.9,arms_length
T00003189,P0001948,2021-06-15,728584.76,6908.77,arms_length
T00003190,P0001948,2024-06-15,708367.68,6717.06,arms_length
T00003191,P0000856,2024-01-15,671274.34,9254.53,arms_length
T00003192,P0000856,2025-03-15,823402.32,11351.84,arms_length
T00003193,P0000448,2021-07-15,3389026.97,5982.14,arms_length
T00003194,P0000448,2025-02-15,4202165.87,7417.45,arms_length
T00003195,P0001638,2019-01-15,552688.55,6218.97,arms_length
T00003196,P0001638,2025-11-15,661494.92,7443.29,arms_length
T00003197,P0002291,2020-07-15,445838.44,4753.55,arms_length
T00003198,P0002291,2021-04-15,625199.18,6665.91,arms_length
T00003199,P0001862,2024-03-15,3248709.64,6772.34,arms_length
T00003200,P0002417,2025-01-15,721180.0,6355.73,arms_length
T00003201,P0002855,2022-07-15,708967.93,8399.55,arms_length
T00003202,P0002684,2024-04-15,1406047.08,9676.82,arms_length
T00003203,P0001974,2025-12-15,1301361.22,5275.15,arms_length
T00003204,P0002851,2022-04-15,372831.51,5505.25,arms_length
T00003205,P0002851,2025-01-15,481184.47,7105.2,arms_length
T00003206,P0002658,2023-09-15,814832.59,7995.78,arms_length
T00003207,P0001248,2022-06-15,732262.59,8063.81,arms_length
T00003208,P0000295,2022-10-15,1407915.5,8743.65,arms_length
T00003209,P0000295,2023-03-15,1218832.69,7569.38,arms_length
T00003210,P0000295,2024-01-15,1516566.28,9418.4,arms_length
T00003211,P0001548,2021-06-15,1103372.08,8893.83,arms_length
T00003212,P0000589,2019-02-15,1366940.35,6499.04,arms_length
T00003213,P0000589,2024-10-15,1688809.38,8029.35,arms_length
T00003214,P0000589,2025-12-15,1577285.66,7499.11,arms_length
T00003215,P0001282,2020-09-15,1231972.66,8483.36,arms_length
T00003216,P0001282,2022-11-15,863499.58,5946.05,arms_length
T00003217,P0002892,2025-01-15,1183458.68,6613.39,arms_length
T00003218,P0002348,2020-11-15,1002722.79,5842.63,arms_length
T00003219,P0002348,2023-06-15,1238025.28,7213.68,arms_length
T00003220,P0002348,2024-01-15,1650406.01,9616.52,arms_length
T00003221,P0002471,2022-12-15,510468.93,8136.1,arms_length
T00003222,P0002471,2023-10-15,504514.93,8041.2,arms_length
T00003223,P0002471,2024-08-15,355414.76,5664.77,arms_length
T00003224,P0002329,2021-04-15,506136.02,4651.52,arms_length
T00003225,P0001645,2021-10-15,1106207.72,5421.21,arms_length
T00003226,P0002411,2023-02-15,819170.15,5923.11,arms_length
T00003227,P0001418,2021-01-15,2685654.42,9175.49,arms_length
T00003228,P0001418,2023-05-15,2762698.88,9438.72,arms_length
T00003229,P0000426,2019-04-15,507647.26,6854.54,arms_length
T00003230,P0000426,2021-10-15,446971.55,6035.26,arms_length
T00003231,P0000535,2021-03-15,530182.76,6781.78,arms_length
T00003232,P0001055,2021-12-15,1522159.81,7668.75,arms_length
T00003233,P0001055,2022-10-15,1581217.56,7966.29,arms_length
T00003234,P0001055,2024-07-15,2187991.0,11023.25,arms_length
T00003235,P0002422,2021-03-15,495753.37,6205.82,arms_length
T00003236,P0002422,2022-02-15,664611.44,8319.57,arms_length
T00003237,P0002422,2023-05-15,531938.26,6658.78,arms_length
T00003238,P0002674,2019-08-15,368570.47,5771.95,arms_length
T00003239,P0002674,2020-03-15,439190.77,6877.89,arms_length
T00003240,P0002674,2023-04-15,447824.72,7013.1,arms_length
T00003241,P0003024,2021-02-15,732807.46,9236.0,arms_length
T00003242,P0003024,2022-08-15,765954.35,9653.77,arms_length
T00003243,P0003024,2023-05-15,569279.53,7174.96,arms_length
T00003244,P0000133,2019-05-15,555230.74,8268.53,arms_length
T00003245,P0000133,2021-04-15,509792.26,7591.86,arms_length
T00003246,P0000133,2025-12-15,680097.48,10128.05,arms_length
T00003247,P0000007,2021-08-15,1069465.95,9371.17,arms_length
T00003248,P0002841,2024-08-15,2601933.91,9042.0,arms_length
T00003249,P0000422,2021-09-15,1238689.0,6123.1,arms_length
T00003250,P0000422,2022-06-15,1214066.05,6001.39,arms_length
T00003251,P0000422,2023-06-15,1459039.81,7212.34,arms_length
T00003252,P0002838,2019-07-15,217896.48,7915.21,arms_length
T00003253,P0002838,2021-02-15,176018.18,6393.96,arms_length
T00003254,P0003148,2019-06-15,1781883.12,5770.83,arms_length
T00003255,P0003148,2021-10-15,2133993.55,6911.18,arms_length
T00003256,P0003148,2025-04-15,3195894.01,10350.26,arms_length
T00003257,P0002728,2019-08-15,818330.8,7267.38,arms_length
T00003258,P0002728,2021-05-15,721682.04,6409.07,arms_length
T00003259,P0002728,2023-03-15,695238.78,6174.23,arms_length
T00003260,P0001369,2021-08-15,616601.98,11149.05,arms_length
T00003261,P0001369,2022-06-15,496965.09,8985.84,arms_length
T00003262,P0000557,2022-08-15,1072438.14,5612.15,arms_length
T00003263,P0000557,2024-11-15,1397127.96,7311.28,arms_length
T00003264,P0002185,2019-10-15,961694.04,6278.25,arms_length
T00003265,P0002185,2023-02-15,1142584.76,7459.16,arms_length
T00003266,P0002185,2024-02-15,1406817.05,9184.15,arms_length
T00003267,P0001714,2021-05-15,4608397.24,8269.01,arms_length
T00003268,P0001714,2024-05-15,4504150.84,8081.96,arms_length
T00003269,P0001714,2025-02-15,4139616.56,7427.86,arms_length
T00003270,P0002859,2020-04-15,723996.63,4866.69,arms_length
T00003271,P0001750,2022-07-15,1024674.8,8847.96,arms_length
T00003272,P0001750,2025-05-15,1039494.37,8975.93,arms_length
T00003273,P0000571,2020-04-15,1177187.96,8224.0,arms_length
T00003274,P0000571,2022-02-15,712484.34,4977.52,arms_length
T00003275,P0000353,2019-05-15,473162.86,7047.77,arms_length
T00003276,P0000353,2022-04-15,651076.78,9697.81,arms_length
T00003277,P0000092,2019-05-15,875018.24,8125.17,arms_length
T00003278,P0000092,2023-01-15,810850.02,7529.32,arms_length
T00003279,P0000092,2024-03-15,908749.36,8438.38,arms_length
T00003280,P0002271,2022-06-15,1987510.37,7215.32,arms_length
T00003281,P0002705,2020-04-15,1978935.64,6672.36,arms_length
T00003282,P0002705,2021-08-15,2865903.95,9662.94,arms_length
T00003283,P0002705,2022-05-15,2593034.87,8742.91,arms_length
T00003284,P0001171,2020-08-15,1009962.07,9282.53,arms_length
T00003285,P0001171,2024-06-15,1123653.82,10327.47,arms_length
T00003286,P0001171,2025-02-15,887858.97,8160.29,arms_length
T00003287,P0001717,2020-11-15,367898.96,7112.22,arms_length
T00003288,P0001717,2023-05-15,495644.34,9581.8,arms_length
T00003289,P0001717,2025-12-15,448792.55,8676.06,arms_length
T00003290,P0001286,2021-07-15,332812.84,8427.66,arms_length
T00003291,P0001286,2023-09-15,358847.57,9086.92,arms_length
T00003292,P0002942,2023-05-15,1493427.01,6864.69,arms_length
T00003293,P0002942,2024-09-15,2407188.43,11064.88,arms_length
T00003294,P0001691,2020-12-15,685580.74,7298.62,arms_length
T00003295,P0001691,2021-08-15,665625.29,7086.18,arms_length
T00003296,P0001691,2025-10-15,955656.95,10173.82,arms_length
T00003297,P0001668,2020-11-15,1012100.44,8477.71,arms_length
T00003298,P0001668,2024-12-15,889465.21,7450.47,arms_length
T00003299,P0001592,2023-09-15,1488695.4,7486.82,arms_length
T00003300,P0001703,2019-02-15,256472.18,5869.76,arms_length
T00003301,P0000698,2019-11-15,223713.57,4984.57,arms_length
T00003302,P0000698,2023-10-15,327041.93,7286.83,arms_length
T00003303,P0000698,2025-11-15,309176.66,6888.77,arms_length
T00003304,P0003011,2021-08-15,802801.2,7212.41,arms_length
T00003305,P0000349,2021-05-15,766668.1,8961.93,arms_length
T00003306,P0000349,2023-12-15,652248.53,7624.43,arms_length
T00003307,P0000349,2025-10-15,667624.48,7804.16,arms_length
T00003308,P0001802,2019-09-15,1975890.44,5089.98,arms_length
T00003309,P0001802,2023-11-15,3163327.25,8148.87,arms_length
T00003310,P0001802,2024-07-15,2932061.21,7553.12,arms_length
T00003311,P0002506,2022-05-15,1616533.96,7983.26,arms_length
T00003312,P0002596,2019-06-15,436150.99,6436.98,arms_length
T00003313,P0002596,2022-05-15,622402.3,9185.8,arms_length
T00003314,P0002320,2021-03-15,466419.81,9056.63,arms_length
T00003315,P0002320,2022-06-15,408494.07,7931.87,arms_length
T00003316,P0001138,2025-12-15,1877823.58,10823.49,arms_length
T00003317,P0002246,2021-03-15,715948.75,7745.6,arms_length
T00003318,P0002246,2024-05-15,769468.1,8324.61,arms_length
T00003319,P0003086,2020-08-15,1560023.9,6642.75,arms_length
T00003320,P0003026,2019-12-15,786615.35,7591.06,arms_length
T00003321,P0003026,2025-03-15,996184.68,9613.47,arms_length
T00003322,P0003010,2023-03-15,995541.66,7264.17,arms_length
T00003323,P0001340,2022-05-15,776727.62,6614.52,arms_length
T00003324,P0001340,2023-04-15,639905.11,5449.35,arms_length
T00003325,P0002659,2023-06-15,571366.94,9670.05,arms_length
T00003326,P0000454,2019-06-15,1992807.15,7331.52,arms_length
T00003327,P0000454,2022-01-15,1782129.19,6556.44,arms_length
T00003328,P0000454,2024-06-15,2488592.59,9155.51,arms_length
T00003329,P0000914,2022-12-15,384949.07,6072.39,arms_length
T00003330,P0000914,2025-01-15,695831.76,10976.41,arms_length
T00003331,P0002158,2024-01-15,1134215.52,11547.87,arms_length
T00003332,P0001200,2022-10-15,252181.7,8046.35,arms_length
T00003333,P0001275,2020-09-15,1130978.04,9475.86,arms_length
T00003334,P0001275,2024-12-15,1063588.15,8911.24,arms_length
T00003335,P0001275,2025-04-15,1132011.32,9484.52,arms_length
T00003336,P0002092,2020-11-15,1728712.61,4586.79,arms_length
T00003337,P0002092,2021-01-15,3650693.07,9686.38,arms_length
T00003338,P0002092,2022-09-15,1996751.26,5297.98,arms_length
T00003339,P0000038,2019-09-15,931216.8,7033.66,arms_length
T00003340,P0000038,2021-05-15,922434.43,6967.32,arms_length
T00003341,P0000038,2024-09-15,1023947.82,7734.07,arms_length
T00003342,P0000975,2022-01-15,328433.28,5297.92,arms_length
T00003343,P0002958,2021-01-15,326879.96,7514.06,arms_length
T00003344,P0002958,2022-05-15,273231.07,6280.82,arms_length
T00003345,P0002958,2024-03-15,338489.3,7780.93,arms_length
T00003346,P0000984,2024-12-15,473769.84,11353.43,arms_length
T00003347,P0001250,2019-11-15,706505.53,7088.02,arms_length
T00003348,P0001250,2022-08-15,567959.38,5698.06,arms_length
T00003349,P0001250,2023-08-15,915088.09,9180.63,arms_length
T00003350,P0002226,2022-09-15,240417.49,6643.4,arms_length
T00003351,P0002226,2025-08-15,336345.17,9294.15,arms_length
T00003352,P0001419,2022-11-15,317958.68,5619.34,arms_length
T00003353,P0001419,2023-06-15,460221.82,8133.58,arms_length
T00003354,P0001285,2021-10-15,394896.21,8125.78,arms_length
T00003355,P0001285,2025-11-15,337544.6,6945.66,arms_length
T00003356,P0002488,2020-03-15,982694.07,8581.28,arms_length
T00003357,P0000040,2019-10-15,629170.42,5665.96,arms_length
T00003358,P0001487,2020-03-15,1541118.63,7726.59,arms_length
T00003359,P0001487,2024-07-15,1825006.86,9149.9,arms_length
T00003360,P0002923,2025-10-15,486317.02,6427.81,arms_length
T00003361,P0000170,2020-08-15,318320.09,6208.34,arms_length
T00003362,P0000170,2021-01-15,388499.95,7577.09,arms_length
T00003363,P0000170,2022-02-15,356094.92,6945.08,arms_length
T00003364,P0001356,2023-04-15,729304.91,6153.69,arms_length
T00003365,P0000738,2019-07-15,1508246.3,6422.5,arms_length
T00003366,P0002093,2019-03-15,545923.1,5883.82,arms_length
T00003367,P0002093,2022-01-15,699999.64,7544.41,arms_length
T00003368,P0002093,2024-11-15,748058.33,8062.38,arms_length
T00003369,P0002881,2020-11-15,635201.32,7548.97,arms_length
T00003370,P0002881,2025-06-15,746953.65,8877.07,arms_length
T00003371,P0001673,2021-03-15,5269433.19,7111.49,arms_length
T00003372,P0001673,2022-03-15,5447413.79,7351.69,arms_length
T00003373,P0001565,2023-02-15,4124710.76,6404.95,arms_length
T00003374,P0002112,2022-04-15,227824.35,9072.66,arms_length
T00003375,P0000635,2022-07-15,839085.03,6854.43,arms_length
T00003376,P0000635,2025-02-15,1063868.84,8690.67,arms_length
T00003377,P0002827,2020-11-15,1197217.02,6655.96,arms_length
T00003378,P0002122,2020-04-15,1193526.65,5831.36,arms_length
T00003379,P0002122,2021-04-15,931613.15,4551.7,arms_length
T00003380,P0002122,2023-08-15,1469875.33,7181.55,arms_length
T00003381,P0001641,2020-10-15,3162026.09,6512.38,arms_length
T00003382,P0001641,2021-10-15,2939311.64,6053.69,arms_length
T00003383,P0001641,2023-03-15,2800865.16,5768.55,arms_length
T00003384,P0001291,2021-08-15,197165.31,7138.99,arms_length
T00003385,P0001291,2024-02-15,322530.51,11678.23,arms_length
T00003386,P0001291,2025-03-15,195582.2,7081.67,arms_length
T00003387,P0002497,2019-01-15,469392.27,10092.42,arms_length
T00003388,P0002497,2023-09-15,259673.44,5583.25,arms_length
T00003389,P0001381,2019-05-15,1004367.11,6341.73,arms_length
T00003390,P0000580,2025-11-15,2888453.92,8548.5,arms_length
T00003391,P0000329,2021-05-15,560472.25,6644.53,arms_length
T00003392,P0001892,2019-02-15,421720.87,7320.18,arms_length
T00003393,P0001892,2024-04-15,626223.32,10869.9,arms_length
T00003394,P0000893,2019-01-15,480076.15,5078.06,arms_length
T00003395,P0001144,2023-06-15,1438678.54,7300.2,arms_length
T00003396,P0000781,2024-05-15,667537.43,8197.31,arms_length
T00003397,P0000160,2023-01-15,1316403.0,6017.23,arms_length
T00003398,P0000160,2024-08-15,1980381.9,9052.26,arms_length
T00003399,P0000160,2025-02-15,1579300.3,7218.93,arms_length
T00003400,P0001785,2020-06-15,572765.93,6357.53,arms_length
T00003401,P0001905,2024-08-15,809424.79,5314.75,arms_length
T00003402,P0001905,2025-11-15,939172.44,6166.68,arms_length
T00003403,P0002484,2019-08-15,298752.33,5753.4,arms_length
T00003404,P0002484,2021-01-15,386945.33,7451.82,arms_length
T00003405,P0000062,2019-07-15,1804403.72,7279.19,arms_length
T00003406,P0000062,2024-01-15,1913746.46,7720.29,arms_length
T00003407,P0000850,2024-06-15,433313.13,8019.61,arms_length
T00003408,P0003040,2020-01-15,947005.32,7748.92,arms_length
T00003409,P0003040,2021-11-15,768743.68,6290.29,arms_length
T00003410,P0003040,2025-10-15,939468.41,7687.25,arms_length
T00003411,P0003085,2020-08-15,1492993.11,6748.35,arms_length
T00003412,P0002168,2019-11-15,1414948.71,7456.49,arms_length
T00003413,P0002168,2023-05-15,1633945.17,8610.56,arms_length
T00003414,P0001597,2022-02-15,1691807.95,6945.02,arms_length
T00003415,P0001597,2024-10-15,1485869.43,6099.62,arms_length
T00003416,P0001044,2022-06-15,1506866.23,6225.06,arms_length
T00003417,P0001044,2025-10-15,1813106.73,7490.17,arms_length
T00003418,P0002665,2022-10-15,1496344.39,7834.02,arms_length
T00003419,P0002665,2024-03-15,1368541.43,7164.91,arms_length
T00003420,P0002665,2025-07-15,1544932.71,8088.4,arms_length
T00003421,P0001545,2019-01-15,3838977.87,5434.5,arms_length
T00003422,P0001545,2022-05-15,5440775.65,7702.02,arms_length
T00003423,P0001545,2025-08-15,9559625.37,13532.71,arms_length
T00003424,P0002132,2019-03-15,584961.59,5752.35,arms_length
T00003425,P0002132,2023-02-15,582223.53,5725.43,arms_length
T00003426,P0002132,2024-05-15,704543.9,6928.29,arms_length
T00003427,P0001865,2022-08-15,1981771.9,8607.04,arms_length
T00003428,P0001865,2024-03-15,2310019.82,10032.65,arms_length
T00003429,P0001865,2025-01-15,2603085.36,11305.46,arms_length
T00003430,P0001071,2019-10-15,232942.02,4864.26,arms_length
T00003431,P0001071,2024-11-15,382114.16,7979.25,arms_length
T00003432,P0001071,2025-06-15,432537.95,9032.19,arms_length
T00003433,P0000054,2021-08-15,1018041.6,7858.7,arms_length
T00003434,P0000054,2023-04-15,1000153.55,7720.61,arms_length
T00003435,P0002608,2019-02-15,2109906.61,5995.26,arms_length
T00003436,P0002608,2022-09-15,2293909.44,6518.1,arms_length
T00003437,P0002608,2025-07-15,3049818.12,8666.0,arms_length
T00003438,P0000259,2020-09-15,289543.21,5334.63,arms_length
T00003439,P0000259,2021-09-15,408224.77,7521.26,arms_length
T00003440,P0000259,2022-09-15,369554.5,6808.78,arms_length
T00003441,P0000506,2021-02-15,1133113.08,5334.17,arms_length
T00003442,P0000506,2023-05-15,1280938.82,6030.06,arms_length
T00003443,P0000753,2020-03-15,893744.79,4562.47,arms_length
T00003444,P0000753,2022-04-15,1204960.21,6151.19,arms_length
T00003445,P0000753,2025-11-15,2087550.64,10656.72,arms_length
T00003446,P0002988,2021-03-15,2886340.13,8240.17,arms_length
T00003447,P0000218,2020-07-15,5084503.98,6886.93,arms_length
T00003448,P0000218,2024-12-15,5780846.35,7830.12,arms_length
T00003449,P0000825,2019-10-15,2400204.88,5926.67,arms_length
T00003450,P0000825,2020-10-15,2819946.1,6963.11,arms_length
T00003451,P0001755,2019-02-15,613045.63,7939.59,arms_length
T00003452,P0003197,2023-12-15,1860176.71,6812.28,arms_length
T00003453,P0002432,2025-06-15,375419.75,5770.43,arms_length
T00003454,P0001390,2021-11-15,1283750.98,8090.35,arms_length
T00003455,P0001390,2023-09-15,1195552.39,7534.51,arms_length
T00003456,P0002672,2023-03-15,235478.25,7619.38,arms_length
T00003457,P0001267,2021-05-15,2497376.52,6208.28,arms_length
T00003458,P0001267,2024-04-15,2864601.74,7121.17,arms_length
T00003459,P0002633,2022-09-15,805750.43,7949.61,arms_length
T00003460,P0002400,2023-06-15,318610.74,7068.96,arms_length
T00003461,P0001599,2020-05-15,1770012.54,8734.31,arms_length
T00003462,P0001599,2021-09-15,1459800.61,7203.54,arms_length
T00003463,P0001599,2024-09-15,1782419.48,8795.54,arms_length
T00003464,P0002928,2021-08-15,1569809.98,9632.2,arms_length
T00003465,P0002928,2022-07-15,1257843.29,7718.0,arms_length
T00003466,P0001608,2022-07-15,1290918.34,8791.91,arms_length
T00003467,P0003102,2019-11-15,227763.03,7567.42,arms_length
T00003468,P0003102,2020-04-15,185996.99,6179.75,arms_length
T00003469,P0003102,2025-09-15,265311.28,8814.96,arms_length
T00003470,P0000772,2021-09-15,822316.47,8243.87,arms_length
T00003471,P0000772,2025-03-15,629135.0,6307.19,arms_length
T00003472,P0002992,2021-03-15,1060943.91,8059.03,arms_length
T00003473,P0002992,2022-05-15,1264525.37,9605.46,arms_length
T00003474,P0002992,2024-09-15,1107297.26,8411.14,arms_length
T00003475,P0002945,2020-01-15,853758.52,5521.08,arms_length
T00003476,P0002945,2022-03-15,892760.65,5773.3,arms_length
T00003477,P0002945,2024-06-15,1097888.09,7099.81,arms_length
T00003478,P0002021,2021-08-15,210462.06,4380.46,arms_length
T00003479,P0002021,2024-03-15,479897.0,9988.36,arms_length
T00003480,P0002021,2025-05-15,427669.42,8901.32,arms_length
T00003481,P0002865,2024-11-15,2870824.48,10233.2,arms_length
T00003482,P0001086,2021-02-15,1031234.51,6322.47,arms_length
T00003483,P0001086,2023-01-15,1031161.27,6322.02,arms_length
T00003484,P0001086,2024-12-15,1270309.0,7788.23,arms_length
T00003485,P0002355,2021-07-15,1267164.66,5616.94,arms_length
T00003486,P0002355,2022-01-15,1955648.09,8668.77,arms_length
T00003487,P0002355,2023-04-15,2217106.11,9827.73,arms_length
T00003488,P0001770,2022-01-15,2110570.7,8958.5,arms_length
T00003489,P0001770,2023-01-15,2287759.75,9710.59,arms_length
T00003490,P0001770,2024-03-15,2370701.93,10062.65,arms_length
T00003491,P0001326,2021-12-15,517212.84,7593.61,arms_length
T00003492,P0001326,2022-12-15,528182.4,7754.66,arms_length
T00003493,P0001326,2023-02-15,631065.39,9265.17,arms_length
T00003494,P0002985,2019-11-15,1511869.9,5872.59,arms_length
T00003495,P0002985,2021-05-15,2434262.5,9455.46,arms_length
T00003496,P0002985,2022-11-15,1628958.59,6327.4,arms_length
